timestamp,open,high,low,close
2000-01-01T00:00:00.000000000+0000,0.6581,0.6581,0.6581,0.6581
2000-01-02T00:00:00.000000000+0000,0.6581,0.6581,0.6581,0.6581
2000-01-03T00:00:00.000000000+0000,0.6563,0.6612,0.6555,0.6581
2000-01-04T00:00:00.000000000+0000,0.6582,0.6605,0.6544,0.6542
2000-01-05T00:00:00.000000000+0000,0.6546,0.6595,0.6538,0.6583
2000-01-06T00:00:00.000000000+0000,0.6582,0.6587,0.6528,0.6527
2000-01-07T00:00:00.000000000+0000,0.6526,0.6565,0.6525,0.6545
2000-01-08T00:00:00.000000000+0000,0.6545,0.6545,0.6545,0.6545
2000-01-09T00:00:00.000000000+0000,0.6545,0.6545,0.6545,0.6545
2000-01-10T00:00:00.000000000+0000,0.6539,0.6572,0.6539,0.6558
2000-01-11T00:00:00.000000000+0000,0.6555,0.6587,0.653,0.6575
2000-01-12T00:00:00.000000000+0000,0.6576,0.6594,0.657,0.6584
2000-01-13T00:00:00.000000000+0000,0.6584,0.6685,0.6584,0.668
2000-01-14T00:00:00.000000000+0000,0.668,0.6685,0.665,0.6659
2000-01-15T00:00:00.000000000+0000,0.6659,0.6659,0.6659,0.6659
2000-01-16T00:00:00.000000000+0000,0.6659,0.6659,0.6659,0.6659
2000-01-17T00:00:00.000000000+0000,0.6649,0.6663,0.6627,0.6643
2000-01-18T00:00:00.000000000+0000,0.6644,0.6663,0.6625,0.6658
2000-01-19T00:00:00.000000000+0000,0.6655,0.6658,0.6627,0.6635
2000-01-20T00:00:00.000000000+0000,0.6637,0.6674,0.6618,0.6654
2000-01-21T00:00:00.000000000+0000,0.6657,0.6663,0.6616,0.6625
2000-01-22T00:00:00.000000000+0000,0.6625,0.6625,0.6625,0.6625
2000-01-23T00:00:00.000000000+0000,0.6625,0.6625,0.6625,0.6625
2000-01-24T00:00:00.000000000+0000,0.6583,0.661,0.6527,0.6545
2000-01-25T00:00:00.000000000+0000,0.6545,0.657,0.6536,0.6553
2000-01-26T00:00:00.000000000+0000,0.6551,0.657,0.65,0.6519
2000-01-27T00:00:00.000000000+0000,0.6516,0.6556,0.6512,0.6532
2000-01-28T00:00:00.000000000+0000,0.6537,0.6559,0.6232,0.6333
2000-01-29T00:00:00.000000000+0000,0.6333,0.6333,0.6333,0.6333
2000-01-30T00:00:00.000000000+0000,0.6333,0.6333,0.6333,0.6333
2000-01-31T00:00:00.000000000+0000,0.6384,0.6397,0.6335,0.6366
2000-02-01T00:00:00.000000000+0000,0.637,0.6381,0.6298,0.6322
2000-02-02T00:00:00.000000000+0000,0.6323,0.641,0.6319,0.6377
2000-02-03T00:00:00.000000000+0000,0.638,0.6402,0.6307,0.6366
2000-02-04T00:00:00.000000000+0000,0.6357,0.6383,0.629,0.6371
2000-02-05T00:00:00.000000000+0000,0.6371,0.6371,0.6371,0.6371
2000-02-06T00:00:00.000000000+0000,0.6371,0.6371,0.6371,0.6371
2000-02-07T00:00:00.000000000+0000,0.6373,0.6427,0.6326,0.6333
2000-02-08T00:00:00.000000000+0000,0.6336,0.637,0.6314,0.6333
2000-02-09T00:00:00.000000000+0000,0.6324,0.638,0.6308,0.6357
2000-02-10T00:00:00.000000000+0000,0.6354,0.6363,0.6286,0.6309
2000-02-11T00:00:00.000000000+0000,0.6305,0.6332,0.6256,0.6303
2000-02-12T00:00:00.000000000+0000,0.6303,0.6303,0.6303,0.6303
2000-02-13T00:00:00.000000000+0000,0.6303,0.6303,0.6303,0.6303
2000-02-14T00:00:00.000000000+0000,0.6324,0.6327,0.6263,0.6273
2000-02-15T00:00:00.000000000+0000,0.6264,0.631,0.6241,0.628
2000-02-16T00:00:00.000000000+0000,0.6281,0.6331,0.6281,0.6319
2000-02-17T00:00:00.000000000+0000,0.6322,0.635,0.6296,0.6319
2000-02-18T00:00:00.000000000+0000,0.6316,0.6336,0.6285,0.629
2000-02-19T00:00:00.000000000+0000,0.629,0.629,0.629,0.629
2000-02-20T00:00:00.000000000+0000,0.629,0.629,0.629,0.629
2000-02-21T00:00:00.000000000+0000,0.6289,0.6294,0.6253,0.6256
2000-02-22T00:00:00.000000000+0000,0.6258,0.6275,0.6237,0.624
2000-02-23T00:00:00.000000000+0000,0.6236,0.6238,0.6185,0.6212
2000-02-24T00:00:00.000000000+0000,0.6204,0.6223,0.6135,0.6142
2000-02-25T00:00:00.000000000+0000,0.6143,0.6218,0.6143,0.6148
2000-02-26T00:00:00.000000000+0000,0.6148,0.6148,0.6148,0.6148
2000-02-27T00:00:00.000000000+0000,0.6148,0.6148,0.6148,0.6148
2000-02-28T00:00:00.000000000+0000,0.614,0.6155,0.6105,0.6147
2000-02-29T00:00:00.000000000+0000,0.6145,0.6191,0.613,0.6178
2000-03-01T00:00:00.000000000+0000,0.6176,0.6185,0.6033,0.6057
2000-03-02T00:00:00.000000000+0000,0.6053,0.6113,0.6025,0.6068
2000-03-03T00:00:00.000000000+0000,0.6069,0.6103,0.6054,0.6083
2000-03-04T00:00:00.000000000+0000,0.6083,0.6083,0.6083,0.6083
2000-03-05T00:00:00.000000000+0000,0.6083,0.6083,0.6083,0.6083
2000-03-06T00:00:00.000000000+0000,0.6083,0.6085,0.6012,0.602
2000-03-07T00:00:00.000000000+0000,0.601,0.6059,0.601,0.6047
2000-03-08T00:00:00.000000000+0000,0.6049,0.61,0.6029,0.6091
2000-03-09T00:00:00.000000000+0000,0.6093,0.6164,0.6088,0.6151
2000-03-10T00:00:00.000000000+0000,0.6147,0.616,0.6127,0.6144
2000-03-11T00:00:00.000000000+0000,0.6144,0.6144,0.6144,0.6144
2000-03-12T00:00:00.000000000+0000,0.6144,0.6144,0.6144,0.6144
2000-03-13T00:00:00.000000000+0000,0.6125,0.6174,0.6116,0.6166
2000-03-14T00:00:00.000000000+0000,0.616,0.6191,0.6125,0.6142
2000-03-15T00:00:00.000000000+0000,0.6142,0.6171,0.612,0.6132
2000-03-16T00:00:00.000000000+0000,0.6135,0.6146,0.6085,0.6106
2000-03-17T00:00:00.000000000+0000,0.6106,0.6126,0.6051,0.6062
2000-03-18T00:00:00.000000000+0000,0.6062,0.6062,0.6062,0.6062
2000-03-19T00:00:00.000000000+0000,0.6062,0.6062,0.6062,0.6062
2000-03-20T00:00:00.000000000+0000,0.6068,0.6086,0.605,0.6081
2000-03-21T00:00:00.000000000+0000,0.6078,0.6115,0.6068,0.6098
2000-03-22T00:00:00.000000000+0000,0.6098,0.6101,0.6038,0.604
2000-03-23T00:00:00.000000000+0000,0.6036,0.6065,0.6015,0.6056
2000-03-24T00:00:00.000000000+0000,0.6056,0.6089,0.6048,0.608
2000-03-25T00:00:00.000000000+0000,0.608,0.608,0.608,0.608
2000-03-26T00:00:00.000000000+0000,0.608,0.608,0.608,0.608
2000-03-27T00:00:00.000000000+0000,0.6085,0.615,0.6077,0.6127
2000-03-28T00:00:00.000000000+0000,0.6126,0.6157,0.612,0.6153
2000-03-29T00:00:00.000000000+0000,0.6141,0.6164,0.6075,0.6105
2000-03-30T00:00:00.000000000+0000,0.6105,0.6135,0.609,0.613
2000-03-31T00:00:00.000000000+0000,0.6132,0.6135,0.6024,0.6073
2000-04-01T00:00:00.000000000+0000,0.6073,0.6073,0.6073,0.6073
2000-04-02T00:00:00.000000000+0000,0.6073,0.6073,0.6073,0.6073
2000-04-03T00:00:00.000000000+0000,0.6067,0.609,0.606,0.609
2000-04-04T00:00:00.000000000+0000,0.609,0.6099,0.6005,0.6045
2000-04-05T00:00:00.000000000+0000,0.609,0.6076,0.6012,0.6041
2000-04-06T00:00:00.000000000+0000,0.6045,0.6067,0.5995,0.6011
2000-04-07T00:00:00.000000000+0000,0.6009,0.6017,0.5963,0.5968
2000-04-08T00:00:00.000000000+0000,0.5968,0.5968,0.5968,0.5968
2000-04-09T00:00:00.000000000+0000,0.5968,0.5968,0.5968,0.5968
2000-04-10T00:00:00.000000000+0000,0.5971,0.6001,0.594,0.5956
2000-04-11T00:00:00.000000000+0000,0.5965,0.599,0.594,0.5955
2000-04-12T00:00:00.000000000+0000,0.5954,0.5984,0.594,0.5967
2000-04-13T00:00:00.000000000+0000,0.598,0.6004,0.5963,0.5978
2000-04-14T00:00:00.000000000+0000,0.5979,0.5986,0.596,0.5972
2000-04-15T00:00:00.000000000+0000,0.5972,0.5972,0.5972,0.5972
2000-04-16T00:00:00.000000000+0000,0.5972,0.5972,0.5972,0.5972
2000-04-17T00:00:00.000000000+0000,0.6025,0.6037,0.589,0.5907
2000-04-18T00:00:00.000000000+0000,0.5908,0.5963,0.5897,0.5936
2000-04-19T00:00:00.000000000+0000,0.5934,0.5985,0.5928,0.5954
2000-04-20T00:00:00.000000000+0000,0.5954,0.5975,0.5921,0.592
2000-04-21T00:00:00.000000000+0000,0.5923,0.5953,0.592,0.5926
2000-04-22T00:00:00.000000000+0000,0.5926,0.5926,0.5926,0.5926
2000-04-23T00:00:00.000000000+0000,0.5926,0.5926,0.5926,0.5926
2000-04-24T00:00:00.000000000+0000,0.5922,0.5955,0.5921,0.5944
2000-04-25T00:00:00.000000000+0000,0.5944,0.597,0.5925,0.5932
2000-04-26T00:00:00.000000000+0000,0.5932,0.5932,0.5868,0.5888
2000-04-27T00:00:00.000000000+0000,0.5887,0.5907,0.5864,0.586
2000-04-28T00:00:00.000000000+0000,0.6009,0.5909,0.5825,0.5835
2000-04-29T00:00:00.000000000+0000,0.5835,0.5835,0.5835,0.5835
2000-04-30T00:00:00.000000000+0000,0.5835,0.5835,0.5835,0.5835
2000-05-01T00:00:00.000000000+0000,0.5846,0.585,0.5792,0.5816
2000-05-02T00:00:00.000000000+0000,0.582,0.5872,0.582,0.5845
2000-05-03T00:00:00.000000000+0000,0.5845,0.594,0.584,0.5912
2000-05-04T00:00:00.000000000+0000,0.5907,0.5925,0.5865,0.5906
2000-05-05T00:00:00.000000000+0000,0.5907,0.5971,0.59,0.5971
2000-05-06T00:00:00.000000000+0000,0.5971,0.5971,0.5971,0.5971
2000-05-07T00:00:00.000000000+0000,0.5971,0.5971,0.5971,0.5971
2000-05-08T00:00:00.000000000+0000,0.596,0.5965,0.5808,0.5808
2000-05-09T00:00:00.000000000+0000,0.5802,0.5857,0.577,0.5852
2000-05-10T00:00:00.000000000+0000,0.5845,0.5856,0.5805,0.5808
2000-05-11T00:00:00.000000000+0000,0.5797,0.5845,0.575,0.5807
2000-05-12T00:00:00.000000000+0000,0.5805,0.5813,0.5775,0.5798
2000-05-13T00:00:00.000000000+0000,0.5798,0.5798,0.5798,0.5798
2000-05-14T00:00:00.000000000+0000,0.5798,0.5798,0.5798,0.5798
2000-05-15T00:00:00.000000000+0000,0.5833,0.5833,0.5715,0.5719
2000-05-16T00:00:00.000000000+0000,0.5719,0.5784,0.5715,0.5757
2000-05-17T00:00:00.000000000+0000,0.5749,0.576,0.566,0.569
2000-05-18T00:00:00.000000000+0000,0.5693,0.5743,0.565,0.5715
2000-05-19T00:00:00.000000000+0000,0.5728,0.5746,0.5674,0.5734
2000-05-20T00:00:00.000000000+0000,0.5734,0.5734,0.5734,0.5734
2000-05-21T00:00:00.000000000+0000,0.5734,0.5734,0.5734,0.5734
2000-05-22T00:00:00.000000000+0000,0.5722,0.576,0.5687,0.5718
2000-05-23T00:00:00.000000000+0000,0.5717,0.5779,0.5717,0.5732
2000-05-24T00:00:00.000000000+0000,0.5731,0.5735,0.5695,0.5712
2000-05-25T00:00:00.000000000+0000,0.571,0.5732,0.567,0.5682
2000-05-26T00:00:00.000000000+0000,0.5683,0.575,0.5664,0.574
2000-05-27T00:00:00.000000000+0000,0.574,0.574,0.574,0.574
2000-05-28T00:00:00.000000000+0000,0.574,0.574,0.574,0.574
2000-05-29T00:00:00.000000000+0000,0.5741,0.5756,0.5712,0.5719
2000-05-30T00:00:00.000000000+0000,0.5717,0.5802,0.5717,0.5749
2000-05-31T00:00:00.000000000+0000,0.5743,0.577,0.5696,0.5724
2000-06-01T00:00:00.000000000+0000,0.5719,0.5743,0.5687,0.5725
2000-06-02T00:00:00.000000000+0000,0.5721,0.5825,0.5697,0.5784
2000-06-03T00:00:00.000000000+0000,0.5784,0.5784,0.5784,0.5784
2000-06-04T00:00:00.000000000+0000,0.5784,0.5784,0.5784,0.5784
2000-06-05T00:00:00.000000000+0000,0.581,0.5849,0.578,0.5822
2000-06-06T00:00:00.000000000+0000,0.5824,0.5915,0.5792,0.5879
2000-06-07T00:00:00.000000000+0000,0.5875,0.5936,0.5875,0.593
2000-06-08T00:00:00.000000000+0000,0.5922,0.5935,0.5858,0.5874
2000-06-09T00:00:00.000000000+0000,0.5876,0.589,0.585,0.5877
2000-06-10T00:00:00.000000000+0000,0.5877,0.5877,0.5877,0.5877
2000-06-11T00:00:00.000000000+0000,0.5877,0.5877,0.5877,0.5877
2000-06-12T00:00:00.000000000+0000,0.5869,0.5921,0.586,0.5914
2000-06-13T00:00:00.000000000+0000,0.5913,0.5995,0.5883,0.5965
2000-06-14T00:00:00.000000000+0000,0.5972,0.6036,0.5957,0.599
2000-06-15T00:00:00.000000000+0000,0.5994,0.6035,0.5978,0.6021
2000-06-16T00:00:00.000000000+0000,0.6017,0.6101,0.6017,0.6049
2000-06-17T00:00:00.000000000+0000,0.6049,0.6049,0.6049,0.6049
2000-06-18T00:00:00.000000000+0000,0.6049,0.6049,0.6049,0.6049
2000-06-19T00:00:00.000000000+0000,0.6056,0.6075,0.6005,0.601
2000-06-20T00:00:00.000000000+0000,0.6005,0.6064,0.6005,0.6023
2000-06-21T00:00:00.000000000+0000,0.6033,0.6033,0.5985,0.602
2000-06-22T00:00:00.000000000+0000,0.6015,0.6022,0.5944,0.5964
2000-06-23T00:00:00.000000000+0000,0.5964,0.5977,0.594,0.5945
2000-06-24T00:00:00.000000000+0000,0.5945,0.5945,0.5945,0.5945
2000-06-25T00:00:00.000000000+0000,0.5945,0.5945,0.5945,0.5945
2000-06-26T00:00:00.000000000+0000,0.5943,0.5975,0.592,0.5965
2000-06-27T00:00:00.000000000+0000,0.5962,0.6024,0.5962,0.6009
2000-06-28T00:00:00.000000000+0000,0.6013,0.6035,0.6004,0.6022
2000-06-29T00:00:00.000000000+0000,0.6022,0.6051,0.6,0.6015
2000-06-30T00:00:00.000000000+0000,0.6009,0.603,0.5935,0.5948
2000-07-01T00:00:00.000000000+0000,0.5948,0.5948,0.5948,0.5948
2000-07-02T00:00:00.000000000+0000,0.5948,0.5948,0.5948,0.5948
2000-07-03T00:00:00.000000000+0000,0.5968,0.602,0.5968,0.5982
2000-07-04T00:00:00.000000000+0000,0.5983,0.6,0.5969,0.5974
2000-07-05T00:00:00.000000000+0000,0.5975,0.5984,0.5885,0.5887
2000-07-06T00:00:00.000000000+0000,0.5889,0.5925,0.5888,0.5906
2000-07-07T00:00:00.000000000+0000,0.5909,0.5921,0.5865,0.5921
2000-07-08T00:00:00.000000000+0000,0.5921,0.5921,0.5921,0.5921
2000-07-09T00:00:00.000000000+0000,0.5921,0.5921,0.5921,0.5921
2000-07-10T00:00:00.000000000+0000,0.5914,0.5952,0.5905,0.5925
2000-07-11T00:00:00.000000000+0000,0.5922,0.5927,0.5872,0.5875
2000-07-12T00:00:00.000000000+0000,0.5876,0.5915,0.5865,0.5885
2000-07-13T00:00:00.000000000+0000,0.5891,0.5915,0.5825,0.584
2000-07-14T00:00:00.000000000+0000,0.5849,0.5868,0.5835,0.5839
2000-07-15T00:00:00.000000000+0000,0.5839,0.5839,0.5839,0.5839
2000-07-16T00:00:00.000000000+0000,0.5839,0.5839,0.5839,0.5839
2000-07-17T00:00:00.000000000+0000,0.5838,0.5893,0.5818,0.5874
2000-07-18T00:00:00.000000000+0000,0.5874,0.5886,0.5805,0.5812
2000-07-19T00:00:00.000000000+0000,0.5814,0.5833,0.575,0.5761
2000-07-20T00:00:00.000000000+0000,0.5763,0.5841,0.5758,0.5832
2000-07-21T00:00:00.000000000+0000,0.5763,0.5886,0.5814,0.5862
2000-07-22T00:00:00.000000000+0000,0.5862,0.5862,0.5862,0.5862
2000-07-23T00:00:00.000000000+0000,0.5862,0.5862,0.5862,0.5862
2000-07-24T00:00:00.000000000+0000,0.586,0.5892,0.5839,0.5834
2000-07-25T00:00:00.000000000+0000,0.5845,0.5874,0.583,0.585
2000-07-26T00:00:00.000000000+0000,0.5852,0.5921,0.5823,0.5913
2000-07-27T00:00:00.000000000+0000,0.591,0.5935,0.5873,0.5879
2000-07-28T00:00:00.000000000+0000,0.5879,0.5923,0.586,0.5877
2000-07-29T00:00:00.000000000+0000,0.5877,0.5877,0.5877,0.5877
2000-07-30T00:00:00.000000000+0000,0.5877,0.5877,0.5877,0.5877
2000-07-31T00:00:00.000000000+0000,0.587,0.5872,0.5774,0.5805
2000-08-01T00:00:00.000000000+0000,0.5807,0.5821,0.5781,0.579
2000-08-02T00:00:00.000000000+0000,0.5792,0.5849,0.5763,0.5846
2000-08-03T00:00:00.000000000+0000,0.5846,0.5873,0.581,0.5855
2000-08-04T00:00:00.000000000+0000,0.5848,0.5863,0.5812,0.5854
2000-08-05T00:00:00.000000000+0000,0.5854,0.5854,0.5854,0.5854
2000-08-06T00:00:00.000000000+0000,0.5854,0.5854,0.5854,0.5854
2000-08-07T00:00:00.000000000+0000,0.5864,0.588,0.5845,0.5864
2000-08-08T00:00:00.000000000+0000,0.5863,0.589,0.5825,0.5833
2000-08-09T00:00:00.000000000+0000,0.5835,0.585,0.5768,0.5785
2000-08-10T00:00:00.000000000+0000,0.5785,0.5832,0.578,0.5831
2000-08-11T00:00:00.000000000+0000,0.583,0.5843,0.5779,0.578
2000-08-12T00:00:00.000000000+0000,0.578,0.578,0.578,0.578
2000-08-13T00:00:00.000000000+0000,0.578,0.578,0.578,0.578
2000-08-14T00:00:00.000000000+0000,0.579,0.5834,0.5773,0.5832
2000-08-15T00:00:00.000000000+0000,0.583,0.5847,0.5815,0.5826
2000-08-16T00:00:00.000000000+0000,0.5822,0.5916,0.5822,0.591
2000-08-17T00:00:00.000000000+0000,0.5913,0.5945,0.589,0.5926
2000-08-18T00:00:00.000000000+0000,0.5928,0.5945,0.5891,0.59
2000-08-19T00:00:00.000000000+0000,0.59,0.59,0.59,0.59
2000-08-20T00:00:00.000000000+0000,0.59,0.59,0.59,0.59
2000-08-21T00:00:00.000000000+0000,0.5907,0.5913,0.5865,0.5876
2000-08-22T00:00:00.000000000+0000,0.588,0.5903,0.5788,0.5796
2000-08-23T00:00:00.000000000+0000,0.5796,0.5802,0.567,0.572
2000-08-24T00:00:00.000000000+0000,0.5722,0.5742,0.5709,0.5721
2000-08-25T00:00:00.000000000+0000,0.5733,0.5755,0.5707,0.5736
2000-08-26T00:00:00.000000000+0000,0.5736,0.5736,0.5736,0.5736
2000-08-27T00:00:00.000000000+0000,0.5736,0.5736,0.5736,0.5736
2000-08-28T00:00:00.000000000+0000,0.573,0.5743,0.571,0.5714
2000-08-29T00:00:00.000000000+0000,0.5714,0.5753,0.5689,0.5689
2000-08-30T00:00:00.000000000+0000,0.5695,0.5765,0.5684,0.5759
2000-08-31T00:00:00.000000000+0000,0.576,0.5783,0.5731,0.5762
2000-09-01T00:00:00.000000000+0000,0.5764,0.5792,0.571,0.576
2000-09-02T00:00:00.000000000+0000,0.576,0.576,0.576,0.576
2000-09-03T00:00:00.000000000+0000,0.576,0.576,0.576,0.576
2000-09-04T00:00:00.000000000+0000,0.5765,0.5785,0.5742,0.5745
2000-09-05T00:00:00.000000000+0000,0.5745,0.5757,0.5685,0.5688
2000-09-06T00:00:00.000000000+0000,0.569,0.57,0.5614,0.5635
2000-09-07T00:00:00.000000000+0000,0.5644,0.5655,0.5528,0.5571
2000-09-08T00:00:00.000000000+0000,0.5558,0.5615,0.5555,0.555
2000-09-09T00:00:00.000000000+0000,0.555,0.555,0.555,0.555
2000-09-10T00:00:00.000000000+0000,0.555,0.555,0.555,0.555
2000-09-11T00:00:00.000000000+0000,0.5555,0.5621,0.5555,0.5585
2000-09-12T00:00:00.000000000+0000,0.5592,0.5617,0.556,0.5581
2000-09-13T00:00:00.000000000+0000,0.5584,0.5591,0.5526,0.5538
2000-09-14T00:00:00.000000000+0000,0.5538,0.5545,0.5485,0.5492
2000-09-15T00:00:00.000000000+0000,0.5495,0.5516,0.5445,0.5443
2000-09-16T00:00:00.000000000+0000,0.5443,0.5443,0.5443,0.5443
2000-09-17T00:00:00.000000000+0000,0.5443,0.5443,0.5443,0.5443
2000-09-18T00:00:00.000000000+0000,0.5452,0.5457,0.5407,0.5421
2000-09-19T00:00:00.000000000+0000,0.5423,0.5451,0.541,0.5447
2000-09-20T00:00:00.000000000+0000,0.5447,0.5447,0.5366,0.5383
2000-09-21T00:00:00.000000000+0000,0.5382,0.5457,0.5375,0.5442
2000-09-22T00:00:00.000000000+0000,0.5439,0.5599,0.5422,0.5435
2000-09-23T00:00:00.000000000+0000,0.5435,0.5435,0.5435,0.5435
2000-09-24T00:00:00.000000000+0000,0.5435,0.5435,0.5435,0.5435
2000-09-25T00:00:00.000000000+0000,0.549,0.5507,0.5434,0.5476
2000-09-26T00:00:00.000000000+0000,0.5477,0.5516,0.5467,0.5503
2000-09-27T00:00:00.000000000+0000,0.5507,0.5517,0.5473,0.5502
2000-09-28T00:00:00.000000000+0000,0.5508,0.5512,0.5426,0.5442
2000-09-29T00:00:00.000000000+0000,0.5442,0.545,0.5392,0.5433
2000-09-30T00:00:00.000000000+0000,0.5433,0.5433,0.5433,0.5433
2000-10-01T00:00:00.000000000+0000,0.5433,0.5433,0.5433,0.5433
2000-10-02T00:00:00.000000000+0000,0.5427,0.5478,0.5405,0.546
2000-10-03T00:00:00.000000000+0000,0.5461,0.5463,0.5395,0.541
2000-10-04T00:00:00.000000000+0000,0.5405,0.5408,0.5344,0.5374
2000-10-05T00:00:00.000000000+0000,0.5373,0.5387,0.5295,0.5305
2000-10-06T00:00:00.000000000+0000,0.531,0.5361,0.5305,0.5325
2000-10-07T00:00:00.000000000+0000,0.5325,0.5325,0.5325,0.5325
2000-10-08T00:00:00.000000000+0000,0.5325,0.5325,0.5325,0.5325
2000-10-09T00:00:00.000000000+0000,0.5337,0.5373,0.5333,0.5369
2000-10-10T00:00:00.000000000+0000,0.5366,0.5366,0.53,0.5342
2000-10-11T00:00:00.000000000+0000,0.5342,0.5373,0.532,0.5321
2000-10-12T00:00:00.000000000+0000,0.5315,0.5338,0.5293,0.5315
2000-10-13T00:00:00.000000000+0000,0.5316,0.5332,0.5268,0.5272
2000-10-14T00:00:00.000000000+0000,0.5272,0.5272,0.5272,0.5272
2000-10-15T00:00:00.000000000+0000,0.5272,0.5272,0.5272,0.5272
2000-10-16T00:00:00.000000000+0000,0.5281,0.5293,0.522,0.5231
2000-10-17T00:00:00.000000000+0000,0.5235,0.5242,0.5168,0.5207
2000-10-18T00:00:00.000000000+0000,0.521,0.5225,0.5156,0.5213
2000-10-19T00:00:00.000000000+0000,0.521,0.5224,0.5179,0.5212
2000-10-20T00:00:00.000000000+0000,0.5211,0.5299,0.5211,0.5293
2000-10-21T00:00:00.000000000+0000,0.5293,0.5293,0.5293,0.5293
2000-10-22T00:00:00.000000000+0000,0.5293,0.5293,0.5293,0.5293
2000-10-23T00:00:00.000000000+0000,0.5314,0.532,0.5255,0.5257
2000-10-24T00:00:00.000000000+0000,0.5261,0.531,0.5243,0.5246
2000-10-25T00:00:00.000000000+0000,0.5366,0.5282,0.517,0.5195
2000-10-26T00:00:00.000000000+0000,0.5198,0.5217,0.5149,0.519
2000-10-27T00:00:00.000000000+0000,0.5203,0.5246,0.5186,0.5229
2000-10-28T00:00:00.000000000+0000,0.5229,0.5229,0.5229,0.5229
2000-10-29T00:00:00.000000000+0000,0.5229,0.5229,0.5229,0.5229
2000-10-30T00:00:00.000000000+0000,0.5224,0.5275,0.5224,0.523
2000-10-31T00:00:00.000000000+0000,0.5197,0.5225,0.5114,0.5185
2000-11-01T00:00:00.000000000+0000,0.5188,0.527,0.5168,0.5248
2000-11-02T00:00:00.000000000+0000,0.5243,0.5336,0.518,0.5205
2000-11-03T00:00:00.000000000+0000,0.5221,0.5305,0.5212,0.5259
2000-11-04T00:00:00.000000000+0000,0.5259,0.5259,0.5259,0.5259
2000-11-05T00:00:00.000000000+0000,0.5259,0.5259,0.5259,0.5259
2000-11-06T00:00:00.000000000+0000,0.527,0.5296,0.5259,0.5273
2000-11-07T00:00:00.000000000+0000,0.5266,0.5297,0.5253,0.5287
2000-11-08T00:00:00.000000000+0000,0.5293,0.5325,0.5262,0.5265
2000-11-09T00:00:00.000000000+0000,0.5265,0.5284,0.5224,0.527
2000-11-10T00:00:00.000000000+0000,0.5266,0.5292,0.5189,0.5191
2000-11-11T00:00:00.000000000+0000,0.5191,0.5191,0.5191,0.5191
2000-11-12T00:00:00.000000000+0000,0.5191,0.5191,0.5191,0.5191
2000-11-13T00:00:00.000000000+0000,0.5191,0.5217,0.5191,0.5194
2000-11-14T00:00:00.000000000+0000,0.5203,0.5221,0.5185,0.519
2000-11-15T00:00:00.000000000+0000,0.5191,0.524,0.5177,0.5209
2000-11-16T00:00:00.000000000+0000,0.5204,0.5215,0.5176,0.521
2000-11-17T00:00:00.000000000+0000,0.5209,0.5214,0.5178,0.5185
2000-11-18T00:00:00.000000000+0000,0.5185,0.5185,0.5185,0.5185
2000-11-19T00:00:00.000000000+0000,0.5185,0.5185,0.5185,0.5185
2000-11-20T00:00:00.000000000+0000,0.5183,0.5195,0.5122,0.5132
2000-11-21T00:00:00.000000000+0000,0.513,0.5174,0.5066,0.508
2000-11-22T00:00:00.000000000+0000,0.5074,0.5277,0.5074,0.5252
2000-11-23T00:00:00.000000000+0000,0.5267,0.5287,0.5195,0.5222
2000-11-24T00:00:00.000000000+0000,0.5223,0.5245,0.5186,0.5231
2000-11-25T00:00:00.000000000+0000,0.5231,0.5231,0.5231,0.5231
2000-11-26T00:00:00.000000000+0000,0.5231,0.5231,0.5231,0.5231
2000-11-27T00:00:00.000000000+0000,0.521,0.5276,0.5192,0.5262
2000-11-28T00:00:00.000000000+0000,0.5252,0.5277,0.5215,0.5217
2000-11-29T00:00:00.000000000+0000,0.5217,0.5277,0.5208,0.5215
2000-11-30T00:00:00.000000000+0000,0.5218,0.5295,0.5204,0.5284
2000-12-01T00:00:00.000000000+0000,0.5276,0.5395,0.5276,0.5384
2000-12-02T00:00:00.000000000+0000,0.5384,0.5384,0.5384,0.5384
2000-12-03T00:00:00.000000000+0000,0.5384,0.5384,0.5384,0.5384
2000-12-04T00:00:00.000000000+0000,0.5365,0.5476,0.5365,0.5432
2000-12-05T00:00:00.000000000+0000,0.5425,0.5444,0.5394,0.5394
2000-12-06T00:00:00.000000000+0000,0.541,0.549,0.5403,0.5481
2000-12-07T00:00:00.000000000+0000,0.5482,0.5511,0.5464,0.5469
2000-12-08T00:00:00.000000000+0000,0.5464,0.5487,0.5437,0.5478
2000-12-09T00:00:00.000000000+0000,0.5478,0.5478,0.5478,0.5478
2000-12-10T00:00:00.000000000+0000,0.5478,0.5478,0.5478,0.5478
2000-12-11T00:00:00.000000000+0000,0.5442,0.5452,0.5396,0.5403
2000-12-12T00:00:00.000000000+0000,0.5407,0.5435,0.5394,0.5415
2000-12-13T00:00:00.000000000+0000,0.542,0.5442,0.5375,0.54
2000-12-14T00:00:00.000000000+0000,0.541,0.5434,0.5395,0.5434
2000-12-15T00:00:00.000000000+0000,0.5452,0.5476,0.5433,0.5452
2000-12-16T00:00:00.000000000+0000,0.5452,0.5452,0.5452,0.5452
2000-12-17T00:00:00.000000000+0000,0.5452,0.5452,0.5452,0.5452
2000-12-18T00:00:00.000000000+0000,0.5436,0.546,0.5405,0.5417
2000-12-19T00:00:00.000000000+0000,0.542,0.5457,0.5405,0.5449
2000-12-20T00:00:00.000000000+0000,0.544,0.5546,0.544,0.5533
2000-12-21T00:00:00.000000000+0000,0.5525,0.5555,0.5515,0.5548
2000-12-22T00:00:00.000000000+0000,0.5545,0.5576,0.5534,0.5569
2000-12-23T00:00:00.000000000+0000,0.5569,0.5569,0.5569,0.5569
2000-12-24T00:00:00.000000000+0000,0.5569,0.5569,0.5569,0.5569
2000-12-25T00:00:00.000000000+0000,0.5567,0.5585,0.5554,0.5567
2000-12-26T00:00:00.000000000+0000,0.5566,0.5597,0.5554,0.5577
2000-12-27T00:00:00.000000000+0000,0.5573,0.5595,0.5555,0.5587
2000-12-28T00:00:00.000000000+0000,0.557,0.5587,0.552,0.5532
2000-12-29T00:00:00.000000000+0000,0.5542,0.5589,0.5532,0.5585
2001-01-01T00:00:00.000000000+0000,0.5601,0.5601,0.5601,0.5601
2001-01-02T00:00:00.000000000+0000,0.558,0.5603,0.5567,0.5601
2001-01-03T00:00:00.000000000+0000,0.5615,0.5653,0.5549,0.5558
2001-01-04T00:00:00.000000000+0000,0.5568,0.5675,0.5558,0.5664
2001-01-05T00:00:00.000000000+0000,0.567,0.5724,0.567,0.5716
2001-01-06T00:00:00.000000000+0000,0.5716,0.5716,0.5716,0.5716
2001-01-07T00:00:00.000000000+0000,0.5716,0.5716,0.5716,0.5716
2001-01-08T00:00:00.000000000+0000,0.5712,0.5722,0.5654,0.5675
2001-01-09T00:00:00.000000000+0000,0.5676,0.5687,0.5598,0.5628
2001-01-10T00:00:00.000000000+0000,0.5626,0.5637,0.5554,0.5551
2001-01-11T00:00:00.000000000+0000,0.5538,0.5631,0.5532,0.5606
2001-01-12T00:00:00.000000000+0000,0.5612,0.5626,0.5548,0.557
2001-01-13T00:00:00.000000000+0000,0.557,0.557,0.557,0.557
2001-01-14T00:00:00.000000000+0000,0.557,0.557,0.557,0.557
2001-01-15T00:00:00.000000000+0000,0.5568,0.5569,0.5503,0.5553
2001-01-16T00:00:00.000000000+0000,0.5551,0.5583,0.5535,0.5551
2001-01-17T00:00:00.000000000+0000,0.5546,0.5567,0.5492,0.5536
2001-01-18T00:00:00.000000000+0000,0.553,0.5593,0.5524,0.5581
2001-01-19T00:00:00.000000000+0000,0.5592,0.5626,0.5559,0.5556
2001-01-20T00:00:00.000000000+0000,0.5556,0.5556,0.5556,0.5556
2001-01-21T00:00:00.000000000+0000,0.5556,0.5556,0.5556,0.5556
2001-01-22T00:00:00.000000000+0000,0.5552,0.5574,0.5523,0.556
2001-01-23T00:00:00.000000000+0000,0.5551,0.5577,0.5513,0.5512
2001-01-24T00:00:00.000000000+0000,0.5513,0.555,0.5425,0.5424
2001-01-25T00:00:00.000000000+0000,0.5439,0.5467,0.5421,0.5454
2001-01-26T00:00:00.000000000+0000,0.546,0.5465,0.5419,0.5443
2001-01-27T00:00:00.000000000+0000,0.5443,0.5443,0.5443,0.5443
2001-01-28T00:00:00.000000000+0000,0.5443,0.5443,0.5443,0.5443
2001-01-29T00:00:00.000000000+0000,0.5439,0.5453,0.542,0.5428
2001-01-30T00:00:00.000000000+0000,0.5428,0.5489,0.5412,0.5482
2001-01-31T00:00:00.000000000+0000,0.5476,0.5516,0.5445,0.551
2001-02-01T00:00:00.000000000+0000,0.5507,0.5556,0.5497,0.5526
2001-02-02T00:00:00.000000000+0000,0.5529,0.5564,0.5514,0.5528
2001-02-03T00:00:00.000000000+0000,0.5528,0.5528,0.5528,0.5528
2001-02-04T00:00:00.000000000+0000,0.5528,0.5528,0.5528,0.5528
2001-02-05T00:00:00.000000000+0000,0.5507,0.5531,0.5495,0.5499
2001-02-06T00:00:00.000000000+0000,0.5499,0.5515,0.5477,0.5486
2001-02-07T00:00:00.000000000+0000,0.5484,0.5506,0.5449,0.5451
2001-02-08T00:00:00.000000000+0000,0.546,0.5463,0.534,0.5362
2001-02-09T00:00:00.000000000+0000,0.5365,0.5383,0.5325,0.536
2001-02-10T00:00:00.000000000+0000,0.536,0.536,0.536,0.536
2001-02-11T00:00:00.000000000+0000,0.536,0.536,0.536,0.536
2001-02-12T00:00:00.000000000+0000,0.5362,0.5396,0.5358,0.5388
2001-02-13T00:00:00.000000000+0000,0.5385,0.5399,0.533,0.5339
2001-02-14T00:00:00.000000000+0000,0.534,0.5341,0.5272,0.5285
2001-02-15T00:00:00.000000000+0000,0.5284,0.5289,0.5233,0.5232
2001-02-16T00:00:00.000000000+0000,0.5284,0.5312,0.5232,0.5277
2001-02-17T00:00:00.000000000+0000,0.5277,0.5277,0.5277,0.5277
2001-02-18T00:00:00.000000000+0000,0.5277,0.5277,0.5277,0.5277
2001-02-19T00:00:00.000000000+0000,0.5278,0.5306,0.5268,0.5297
2001-02-20T00:00:00.000000000+0000,0.5296,0.5316,0.5215,0.5236
2001-02-21T00:00:00.000000000+0000,0.5234,0.5282,0.5225,0.5242
2001-02-22T00:00:00.000000000+0000,0.5248,0.5269,0.5209,0.524
2001-02-23T00:00:00.000000000+0000,0.524,0.5265,0.5211,0.5263
2001-02-24T00:00:00.000000000+0000,0.5263,0.5263,0.5263,0.5263
2001-02-25T00:00:00.000000000+0000,0.5263,0.5263,0.5263,0.5263
2001-02-26T00:00:00.000000000+0000,0.5265,0.5274,0.5214,0.5224
2001-02-27T00:00:00.000000000+0000,0.5218,0.5262,0.5214,0.5256
2001-02-28T00:00:00.000000000+0000,0.5252,0.5271,0.5227,0.5255
2001-03-01T00:00:00.000000000+0000,0.5257,0.5292,0.5253,0.5273
2001-03-02T00:00:00.000000000+0000,0.5271,0.5302,0.5255,0.53
2001-03-03T00:00:00.000000000+0000,0.53,0.53,0.53,0.53
2001-03-04T00:00:00.000000000+0000,0.53,0.53,0.53,0.53
2001-03-05T00:00:00.000000000+0000,0.5293,0.5293,0.5207,0.522
2001-03-06T00:00:00.000000000+0000,0.522,0.5225,0.5167,0.52
2001-03-07T00:00:00.000000000+0000,0.52,0.5208,0.508,0.5095
2001-03-08T00:00:00.000000000+0000,0.5098,0.5125,0.5066,0.5117
2001-03-09T00:00:00.000000000+0000,0.5121,0.5138,0.5078,0.5086
2001-03-10T00:00:00.000000000+0000,0.5086,0.5086,0.5086,0.5086
2001-03-11T00:00:00.000000000+0000,0.5086,0.5086,0.5086,0.5086
2001-03-12T00:00:00.000000000+0000,0.5093,0.5111,0.5074,0.5094
2001-03-13T00:00:00.000000000+0000,0.5093,0.5102,0.5023,0.5033
2001-03-14T00:00:00.000000000+0000,0.503,0.5047,0.4939,0.4957
2001-03-15T00:00:00.000000000+0000,0.4968,0.4975,0.4905,0.4914
2001-03-16T00:00:00.000000000+0000,0.4914,0.4968,0.4914,0.494
2001-03-17T00:00:00.000000000+0000,0.494,0.494,0.494,0.494
2001-03-18T00:00:00.000000000+0000,0.494,0.494,0.494,0.494
2001-03-19T00:00:00.000000000+0000,0.494,0.5042,0.494,0.498
2001-03-20T00:00:00.000000000+0000,0.4985,0.5027,0.4976,0.5011
2001-03-21T00:00:00.000000000+0000,0.5007,0.504,0.4927,0.4934
2001-03-22T00:00:00.000000000+0000,0.4935,0.4945,0.4896,0.4933
2001-03-23T00:00:00.000000000+0000,0.4936,0.499,0.4927,0.4964
2001-03-24T00:00:00.000000000+0000,0.4964,0.4964,0.4964,0.4964
2001-03-25T00:00:00.000000000+0000,0.4964,0.4964,0.4964,0.4964
2001-03-26T00:00:00.000000000+0000,0.4999,0.5016,0.4891,0.4994
2001-03-27T00:00:00.000000000+0000,0.499,0.5007,0.4955,0.4985
2001-03-28T00:00:00.000000000+0000,0.4986,0.5005,0.4924,0.493
2001-03-29T00:00:00.000000000+0000,0.4933,0.4955,0.4905,0.4942
2001-03-30T00:00:00.000000000+0000,0.4944,0.4944,0.485,0.4854
2001-03-31T00:00:00.000000000+0000,0.4854,0.4854,0.4854,0.4854
2001-04-01T00:00:00.000000000+0000,0.4854,0.4854,0.4854,0.4854
2001-04-02T00:00:00.000000000+0000,0.4858,0.489,0.4778,0.4786
2001-04-03T00:00:00.000000000+0000,0.478,0.4876,0.478,0.487
2001-04-04T00:00:00.000000000+0000,0.478,0.492,0.4832,0.4891
2001-04-05T00:00:00.000000000+0000,0.4894,0.4942,0.4884,0.4897
2001-04-06T00:00:00.000000000+0000,0.49,0.4991,0.49,0.4982
2001-04-07T00:00:00.000000000+0000,0.4982,0.4982,0.4982,0.4982
2001-04-08T00:00:00.000000000+0000,0.4982,0.4982,0.4982,0.4982
2001-04-09T00:00:00.000000000+0000,0.4991,0.4994,0.4909,0.4906
2001-04-10T00:00:00.000000000+0000,0.4905,0.497,0.4905,0.4962
2001-04-11T00:00:00.000000000+0000,0.4962,0.504,0.4953,0.5036
2001-04-12T00:00:00.000000000+0000,0.5035,0.5107,0.5029,0.5096
2001-04-13T00:00:00.000000000+0000,0.5083,0.5101,0.5071,0.5075
2001-04-14T00:00:00.000000000+0000,0.5075,0.5075,0.5075,0.5075
2001-04-15T00:00:00.000000000+0000,0.5075,0.5075,0.5075,0.5075
2001-04-16T00:00:00.000000000+0000,0.5074,0.512,0.5059,0.511
2001-04-17T00:00:00.000000000+0000,0.5108,0.5112,0.5021,0.504
2001-04-18T00:00:00.000000000+0000,0.504,0.5049,0.4926,0.5035
2001-04-19T00:00:00.000000000+0000,0.5028,0.5173,0.5005,0.5154
2001-04-20T00:00:00.000000000+0000,0.515,0.519,0.5123,0.5147
2001-04-21T00:00:00.000000000+0000,0.5147,0.5147,0.5147,0.5147
2001-04-22T00:00:00.000000000+0000,0.5147,0.5147,0.5147,0.5147
2001-04-23T00:00:00.000000000+0000,0.5135,0.5197,0.5034,0.5071
2001-04-24T00:00:00.000000000+0000,0.5073,0.509,0.5017,0.506
2001-04-25T00:00:00.000000000+0000,0.5062,0.5078,0.5029,0.506
2001-04-26T00:00:00.000000000+0000,0.5062,0.5135,0.5029,0.513
2001-04-27T00:00:00.000000000+0000,0.513,0.5139,0.508,0.5093
2001-04-28T00:00:00.000000000+0000,0.5093,0.5093,0.5093,0.5093
2001-04-29T00:00:00.000000000+0000,0.5093,0.5093,0.5093,0.5093
2001-04-30T00:00:00.000000000+0000,0.508,0.5134,0.5069,0.5125
2001-05-01T00:00:00.000000000+0000,0.5123,0.5189,0.5109,0.517
2001-05-02T00:00:00.000000000+0000,0.517,0.5226,0.517,0.5198
2001-05-03T00:00:00.000000000+0000,0.5203,0.5237,0.5175,0.5182
2001-05-04T00:00:00.000000000+0000,0.518,0.5221,0.5148,0.5188
2001-05-05T00:00:00.000000000+0000,0.5188,0.5188,0.5188,0.5188
2001-05-06T00:00:00.000000000+0000,0.5188,0.5188,0.5188,0.5188
2001-05-07T00:00:00.000000000+0000,0.5196,0.5199,0.517,0.518
2001-05-08T00:00:00.000000000+0000,0.518,0.5212,0.5149,0.516
2001-05-09T00:00:00.000000000+0000,0.5152,0.5255,0.5151,0.5246
2001-05-10T00:00:00.000000000+0000,0.5246,0.5267,0.5225,0.5235
2001-05-11T00:00:00.000000000+0000,0.5237,0.5251,0.5192,0.5215
2001-05-12T00:00:00.000000000+0000,0.5215,0.5215,0.5215,0.5215
2001-05-13T00:00:00.000000000+0000,0.5215,0.5215,0.5215,0.5215
2001-05-14T00:00:00.000000000+0000,0.5207,0.5214,0.516,0.519
2001-05-15T00:00:00.000000000+0000,0.519,0.5222,0.5155,0.5212
2001-05-16T00:00:00.000000000+0000,0.5216,0.5246,0.519,0.5245
2001-05-17T00:00:00.000000000+0000,0.524,0.5292,0.5228,0.5278
2001-05-18T00:00:00.000000000+0000,0.5274,0.53,0.5245,0.53
2001-05-19T00:00:00.000000000+0000,0.53,0.53,0.53,0.53
2001-05-20T00:00:00.000000000+0000,0.53,0.53,0.53,0.53
2001-05-21T00:00:00.000000000+0000,0.5293,0.5316,0.526,0.5267
2001-05-22T00:00:00.000000000+0000,0.5267,0.5277,0.5222,0.523
2001-05-23T00:00:00.000000000+0000,0.5231,0.5233,0.5158,0.5159
2001-05-24T00:00:00.000000000+0000,0.5155,0.5215,0.5085,0.5204
2001-05-25T00:00:00.000000000+0000,0.5207,0.5221,0.5182,0.5202
2001-05-26T00:00:00.000000000+0000,0.5202,0.5202,0.5202,0.5202
2001-05-27T00:00:00.000000000+0000,0.5202,0.5202,0.5202,0.5202
2001-05-28T00:00:00.000000000+0000,0.5201,0.5218,0.5193,0.5207
2001-05-29T00:00:00.000000000+0000,0.5204,0.5213,0.5147,0.5173
2001-05-30T00:00:00.000000000+0000,0.5172,0.5206,0.5117,0.5126
2001-05-31T00:00:00.000000000+0000,0.5118,0.5127,0.5035,0.5065
2001-06-01T00:00:00.000000000+0000,0.5068,0.51,0.5039,0.5081
2001-06-02T00:00:00.000000000+0000,0.5081,0.5081,0.5081,0.5081
2001-06-03T00:00:00.000000000+0000,0.5081,0.5081,0.5081,0.5081
2001-06-04T00:00:00.000000000+0000,0.5083,0.5113,0.506,0.5075
2001-06-05T00:00:00.000000000+0000,0.5075,0.5108,0.5051,0.5098
2001-06-06T00:00:00.000000000+0000,0.51,0.5172,0.509,0.5153
2001-06-07T00:00:00.000000000+0000,0.5152,0.5212,0.5133,0.5206
2001-06-08T00:00:00.000000000+0000,0.5208,0.5258,0.5188,0.5258
2001-06-09T00:00:00.000000000+0000,0.5258,0.5258,0.5258,0.5258
2001-06-10T00:00:00.000000000+0000,0.5258,0.5258,0.5258,0.5258
2001-06-11T00:00:00.000000000+0000,0.5246,0.527,0.5209,0.5218
2001-06-12T00:00:00.000000000+0000,0.522,0.5262,0.5204,0.5252
2001-06-13T00:00:00.000000000+0000,0.5251,0.5302,0.5237,0.5285
2001-06-14T00:00:00.000000000+0000,0.5283,0.5286,0.5229,0.5279
2001-06-15T00:00:00.000000000+0000,0.5278,0.5284,0.523,0.5242
2001-06-16T00:00:00.000000000+0000,0.5242,0.5242,0.5242,0.5242
2001-06-17T00:00:00.000000000+0000,0.5242,0.5242,0.5242,0.5242
2001-06-18T00:00:00.000000000+0000,0.5236,0.5276,0.5213,0.5216
2001-06-19T00:00:00.000000000+0000,0.5212,0.5246,0.5193,0.521
2001-06-20T00:00:00.000000000+0000,0.5212,0.5213,0.5169,0.5196
2001-06-21T00:00:00.000000000+0000,0.5198,0.522,0.5157,0.5154
2001-06-22T00:00:00.000000000+0000,0.515,0.5177,0.5149,0.5155
2001-06-23T00:00:00.000000000+0000,0.5155,0.5155,0.5155,0.5155
2001-06-24T00:00:00.000000000+0000,0.5155,0.5155,0.5155,0.5155
2001-06-25T00:00:00.000000000+0000,0.5168,0.5185,0.5157,0.5165
2001-06-26T00:00:00.000000000+0000,0.5163,0.5225,0.5159,0.5216
2001-06-27T00:00:00.000000000+0000,0.5219,0.5221,0.5169,0.5182
2001-06-28T00:00:00.000000000+0000,0.5179,0.5184,0.5051,0.5053
2001-06-29T00:00:00.000000000+0000,0.5058,0.5121,0.5047,0.5103
2001-06-30T00:00:00.000000000+0000,0.5103,0.5103,0.5103,0.5103
2001-07-01T00:00:00.000000000+0000,0.5103,0.5103,0.5103,0.5103
2001-07-02T00:00:00.000000000+0000,0.5108,0.5117,0.5081,0.5109
2001-07-03T00:00:00.000000000+0000,0.511,0.5192,0.5105,0.517
2001-07-04T00:00:00.000000000+0000,0.5171,0.5201,0.516,0.5182
2001-07-05T00:00:00.000000000+0000,0.5182,0.519,0.5134,0.514
2001-07-06T00:00:00.000000000+0000,0.5141,0.5141,0.5044,0.5087
2001-07-07T00:00:00.000000000+0000,0.5087,0.5087,0.5087,0.5087
2001-07-08T00:00:00.000000000+0000,0.5087,0.5087,0.5087,0.5087
2001-07-09T00:00:00.000000000+0000,0.5084,0.5113,0.5049,0.511
2001-07-10T00:00:00.000000000+0000,0.5112,0.5131,0.5083,0.5102
2001-07-11T00:00:00.000000000+0000,0.5104,0.5125,0.5048,0.5055
2001-07-12T00:00:00.000000000+0000,0.5054,0.5073,0.5013,0.5058
2001-07-13T00:00:00.000000000+0000,0.5058,0.5085,0.5049,0.5082
2001-07-14T00:00:00.000000000+0000,0.5082,0.5082,0.5082,0.5082
2001-07-15T00:00:00.000000000+0000,0.5082,0.5082,0.5082,0.5082
2001-07-16T00:00:00.000000000+0000,0.5104,0.5112,0.507,0.507
2001-07-17T00:00:00.000000000+0000,0.5071,0.5098,0.5055,0.5094
2001-07-18T00:00:00.000000000+0000,0.51,0.516,0.5085,0.5156
2001-07-19T00:00:00.000000000+0000,0.5156,0.5184,0.5123,0.5132
2001-07-20T00:00:00.000000000+0000,0.5124,0.5146,0.5045,0.5054
2001-07-21T00:00:00.000000000+0000,0.5054,0.5054,0.5054,0.5054
2001-07-22T00:00:00.000000000+0000,0.5054,0.5054,0.5054,0.5054
2001-07-23T00:00:00.000000000+0000,0.5059,0.5083,0.5059,0.5082
2001-07-24T00:00:00.000000000+0000,0.5081,0.51,0.507,0.5098
2001-07-25T00:00:00.000000000+0000,0.5098,0.5098,0.5058,0.508
2001-07-26T00:00:00.000000000+0000,0.508,0.5116,0.5067,0.509
2001-07-27T00:00:00.000000000+0000,0.509,0.5091,0.5043,0.5084
2001-07-28T00:00:00.000000000+0000,0.5084,0.5084,0.5084,0.5084
2001-07-29T00:00:00.000000000+0000,0.5084,0.5084,0.5084,0.5084
2001-07-30T00:00:00.000000000+0000,0.5081,0.5082,0.5045,0.5056
2001-07-31T00:00:00.000000000+0000,0.5058,0.51,0.5021,0.5094
2001-08-01T00:00:00.000000000+0000,0.5093,0.5195,0.5081,0.5178
2001-08-02T00:00:00.000000000+0000,0.5178,0.521,0.5169,0.5201
2001-08-03T00:00:00.000000000+0000,0.5198,0.5207,0.5149,0.5166
2001-08-04T00:00:00.000000000+0000,0.5166,0.5166,0.5166,0.5166
2001-08-05T00:00:00.000000000+0000,0.5166,0.5166,0.5166,0.5166
2001-08-06T00:00:00.000000000+0000,0.5161,0.5178,0.5156,0.5172
2001-08-07T00:00:00.000000000+0000,0.5172,0.5183,0.5145,0.5152
2001-08-08T00:00:00.000000000+0000,0.5152,0.52,0.5145,0.519
2001-08-09T00:00:00.000000000+0000,0.5194,0.52,0.5093,0.5124
2001-08-10T00:00:00.000000000+0000,0.5124,0.5168,0.5115,0.5128
2001-08-11T00:00:00.000000000+0000,0.5128,0.5128,0.5128,0.5128
2001-08-12T00:00:00.000000000+0000,0.5128,0.5128,0.5128,0.5128
2001-08-13T00:00:00.000000000+0000,0.5134,0.5193,0.5134,0.5171
2001-08-14T00:00:00.000000000+0000,0.5174,0.5227,0.5155,0.5216
2001-08-15T00:00:00.000000000+0000,0.5214,0.5295,0.5213,0.5281
2001-08-16T00:00:00.000000000+0000,0.5282,0.5306,0.5235,0.5236
2001-08-17T00:00:00.000000000+0000,0.5238,0.5376,0.5238,0.536
2001-08-18T00:00:00.000000000+0000,0.536,0.536,0.536,0.536
2001-08-19T00:00:00.000000000+0000,0.536,0.536,0.536,0.536
2001-08-20T00:00:00.000000000+0000,0.5362,0.5375,0.5316,0.5331
2001-08-21T00:00:00.000000000+0000,0.533,0.5359,0.529,0.5352
2001-08-22T00:00:00.000000000+0000,0.535,0.5392,0.5329,0.5331
2001-08-23T00:00:00.000000000+0000,0.5331,0.536,0.5316,0.5338
2001-08-24T00:00:00.000000000+0000,0.5339,0.5357,0.5291,0.5341
2001-08-25T00:00:00.000000000+0000,0.5341,0.5341,0.5341,0.5341
2001-08-26T00:00:00.000000000+0000,0.5341,0.5341,0.5341,0.5341
2001-08-27T00:00:00.000000000+0000,0.5336,0.5347,0.5269,0.5284
2001-08-28T00:00:00.000000000+0000,0.5284,0.5308,0.5254,0.5305
2001-08-29T00:00:00.000000000+0000,0.5304,0.5317,0.5269,0.5291
2001-08-30T00:00:00.000000000+0000,0.5284,0.5337,0.5281,0.5315
2001-08-31T00:00:00.000000000+0000,0.5316,0.5348,0.5258,0.5292
2001-09-01T00:00:00.000000000+0000,0.5292,0.5292,0.5292,0.5292
2001-09-02T00:00:00.000000000+0000,0.5292,0.5292,0.5292,0.5292
2001-09-03T00:00:00.000000000+0000,0.5283,0.5286,0.5257,0.5275
2001-09-04T00:00:00.000000000+0000,0.5271,0.5275,0.5187,0.5201
2001-09-05T00:00:00.000000000+0000,0.5207,0.5242,0.5165,0.5206
2001-09-06T00:00:00.000000000+0000,0.5208,0.5233,0.5184,0.5221
2001-09-07T00:00:00.000000000+0000,0.5221,0.524,0.5175,0.5193
2001-09-08T00:00:00.000000000+0000,0.5193,0.5193,0.5193,0.5193
2001-09-09T00:00:00.000000000+0000,0.5193,0.5193,0.5193,0.5193
2001-09-10T00:00:00.000000000+0000,0.5182,0.5191,0.5115,0.5133
2001-09-11T00:00:00.000000000+0000,0.5134,0.5235,0.5124,0.5202
2001-09-12T00:00:00.000000000+0000,0.5193,0.5205,0.5135,0.5165
2001-09-13T00:00:00.000000000+0000,0.5164,0.5178,0.514,0.5151
2001-09-14T00:00:00.000000000+0000,0.5157,0.5175,0.5125,0.5147
2001-09-15T00:00:00.000000000+0000,0.5147,0.5147,0.5147,0.5147
2001-09-16T00:00:00.000000000+0000,0.5147,0.5147,0.5147,0.5147
2001-09-17T00:00:00.000000000+0000,0.5164,0.5166,0.4995,0.5022
2001-09-18T00:00:00.000000000+0000,0.503,0.5032,0.4928,0.4976
2001-09-19T00:00:00.000000000+0000,0.4974,0.4944,0.492,0.494
2001-09-20T00:00:00.000000000+0000,0.4938,0.4955,0.4905,0.4922
2001-09-21T00:00:00.000000000+0000,0.4916,0.4934,0.4823,0.4847
2001-09-22T00:00:00.000000000+0000,0.4847,0.4847,0.4847,0.4847
2001-09-23T00:00:00.000000000+0000,0.4847,0.4847,0.4847,0.4847
2001-09-24T00:00:00.000000000+0000,0.4856,0.4942,0.4823,0.492
2001-09-25T00:00:00.000000000+0000,0.4929,0.495,0.4909,0.4931
2001-09-26T00:00:00.000000000+0000,0.4931,0.4975,0.489,0.4912
2001-09-27T00:00:00.000000000+0000,0.4912,0.4913,0.485,0.486
2001-09-28T00:00:00.000000000+0000,0.4856,0.4966,0.4854,0.491
2001-09-29T00:00:00.000000000+0000,0.491,0.491,0.491,0.491
2001-09-30T00:00:00.000000000+0000,0.491,0.491,0.491,0.491
2001-10-01T00:00:00.000000000+0000,0.4923,0.4962,0.4903,0.4951
2001-10-02T00:00:00.000000000+0000,0.4949,0.4958,0.492,0.4951
2001-10-03T00:00:00.000000000+0000,0.4948,0.4993,0.4938,0.495
2001-10-04T00:00:00.000000000+0000,0.4953,0.5005,0.4953,0.4988
2001-10-05T00:00:00.000000000+0000,0.4992,0.5078,0.4992,0.5067
2001-10-06T00:00:00.000000000+0000,0.5067,0.5067,0.5067,0.5067
2001-10-07T00:00:00.000000000+0000,0.5067,0.5067,0.5067,0.5067
2001-10-08T00:00:00.000000000+0000,0.5076,0.5082,0.5051,0.5077
2001-10-09T00:00:00.000000000+0000,0.5077,0.5079,0.4993,0.4999
2001-10-10T00:00:00.000000000+0000,0.4995,0.5029,0.4993,0.5015
2001-10-11T00:00:00.000000000+0000,0.502,0.5023,0.4964,0.5013
2001-10-12T00:00:00.000000000+0000,0.5012,0.507,0.4984,0.5055
2001-10-13T00:00:00.000000000+0000,0.5055,0.5055,0.5055,0.5055
2001-10-14T00:00:00.000000000+0000,0.5055,0.5055,0.5055,0.5055
2001-10-15T00:00:00.000000000+0000,0.5113,0.517,0.5113,0.5147
2001-10-16T00:00:00.000000000+0000,0.5144,0.5149,0.5105,0.5111
2001-10-17T00:00:00.000000000+0000,0.5115,0.5161,0.5089,0.5092
2001-10-18T00:00:00.000000000+0000,0.5096,0.5115,0.5051,0.507
2001-10-19T00:00:00.000000000+0000,0.5071,0.5091,0.5053,0.509
2001-10-20T00:00:00.000000000+0000,0.509,0.509,0.509,0.509
2001-10-21T00:00:00.000000000+0000,0.509,0.509,0.509,0.509
2001-10-22T00:00:00.000000000+0000,0.5086,0.5107,0.5065,0.51
2001-10-23T00:00:00.000000000+0000,0.5103,0.5104,0.5064,0.5074
2001-10-24T00:00:00.000000000+0000,0.5073,0.5089,0.5062,0.5083
2001-10-25T00:00:00.000000000+0000,0.5082,0.5087,0.5024,0.5023
2001-10-26T00:00:00.000000000+0000,0.502,0.5039,0.5012,0.5021
2001-10-27T00:00:00.000000000+0000,0.5021,0.5021,0.5021,0.5021
2001-10-28T00:00:00.000000000+0000,0.5021,0.5021,0.5021,0.5021
2001-10-29T00:00:00.000000000+0000,0.5011,0.5061,0.5003,0.5053
2001-10-30T00:00:00.000000000+0000,0.5047,0.5093,0.5039,0.5042
2001-10-31T00:00:00.000000000+0000,0.5044,0.506,0.5025,0.503
2001-11-01T00:00:00.000000000+0000,0.5024,0.5127,0.5024,0.5087
2001-11-02T00:00:00.000000000+0000,0.5087,0.511,0.5059,0.5085
2001-11-03T00:00:00.000000000+0000,0.5085,0.5085,0.5085,0.5085
2001-11-04T00:00:00.000000000+0000,0.5085,0.5085,0.5085,0.5085
2001-11-05T00:00:00.000000000+0000,0.5073,0.5093,0.5063,0.5088
2001-11-06T00:00:00.000000000+0000,0.5084,0.5147,0.5084,0.5135
2001-11-07T00:00:00.000000000+0000,0.513,0.5166,0.513,0.5151
2001-11-08T00:00:00.000000000+0000,0.5158,0.5175,0.5137,0.515
2001-11-09T00:00:00.000000000+0000,0.5148,0.5157,0.5105,0.5146
2001-11-10T00:00:00.000000000+0000,0.5146,0.5146,0.5146,0.5146
2001-11-11T00:00:00.000000000+0000,0.5146,0.5146,0.5146,0.5146
2001-11-12T00:00:00.000000000+0000,0.5165,0.5219,0.5165,0.52
2001-11-13T00:00:00.000000000+0000,0.5197,0.5223,0.5159,0.5202
2001-11-14T00:00:00.000000000+0000,0.5219,0.5238,0.5185,0.5197
2001-11-15T00:00:00.000000000+0000,0.5191,0.5209,0.5173,0.5181
2001-11-16T00:00:00.000000000+0000,0.5179,0.5246,0.5163,0.5221
2001-11-17T00:00:00.000000000+0000,0.5221,0.5221,0.5221,0.5221
2001-11-18T00:00:00.000000000+0000,0.5221,0.5221,0.5221,0.5221
2001-11-19T00:00:00.000000000+0000,0.5229,0.5232,0.52,0.522
2001-11-20T00:00:00.000000000+0000,0.5213,0.5226,0.518,0.52
2001-11-21T00:00:00.000000000+0000,0.5203,0.5207,0.5154,0.515
2001-11-22T00:00:00.000000000+0000,0.516,0.5179,0.515,0.5172
2001-11-23T00:00:00.000000000+0000,0.5167,0.5183,0.5162,0.5178
2001-11-24T00:00:00.000000000+0000,0.5178,0.5178,0.5178,0.5178
2001-11-25T00:00:00.000000000+0000,0.5178,0.5178,0.5178,0.5178
2001-11-26T00:00:00.000000000+0000,0.5174,0.5198,0.5167,0.5183
2001-11-27T00:00:00.000000000+0000,0.5178,0.5237,0.5178,0.5223
2001-11-28T00:00:00.000000000+0000,0.5225,0.5238,0.5197,0.5214
2001-11-29T00:00:00.000000000+0000,0.521,0.5217,0.5171,0.5175
2001-11-30T00:00:00.000000000+0000,0.5185,0.522,0.5178,0.5214
2001-12-01T00:00:00.000000000+0000,0.5214,0.5214,0.5214,0.5214
2001-12-02T00:00:00.000000000+0000,0.5214,0.5214,0.5214,0.5214
2001-12-03T00:00:00.000000000+0000,0.5205,0.5219,0.5163,0.5169
2001-12-04T00:00:00.000000000+0000,0.516,0.5175,0.5135,0.514
2001-12-05T00:00:00.000000000+0000,0.5138,0.5181,0.5131,0.5179
2001-12-06T00:00:00.000000000+0000,0.5173,0.5197,0.5164,0.5188
2001-12-07T00:00:00.000000000+0000,0.5182,0.5192,0.5142,0.5142
2001-12-08T00:00:00.000000000+0000,0.5142,0.5142,0.5142,0.5142
2001-12-09T00:00:00.000000000+0000,0.5142,0.5142,0.5142,0.5142
2001-12-10T00:00:00.000000000+0000,0.515,0.5168,0.514,0.5145
2001-12-11T00:00:00.000000000+0000,0.5145,0.5165,0.5138,0.5155
2001-12-12T00:00:00.000000000+0000,0.5164,0.5209,0.5163,0.5196
2001-12-13T00:00:00.000000000+0000,0.5193,0.5209,0.5173,0.5188
2001-12-14T00:00:00.000000000+0000,0.5186,0.52,0.5172,0.5193
2001-12-15T00:00:00.000000000+0000,0.5193,0.5193,0.5193,0.5193
2001-12-16T00:00:00.000000000+0000,0.5193,0.5193,0.5193,0.5193
2001-12-17T00:00:00.000000000+0000,0.5191,0.5194,0.517,0.5168
2001-12-18T00:00:00.000000000+0000,0.5176,0.5187,0.5147,0.5148
2001-12-19T00:00:00.000000000+0000,0.5146,0.5156,0.5106,0.5109
2001-12-20T00:00:00.000000000+0000,0.5106,0.5119,0.5044,0.5046
2001-12-21T00:00:00.000000000+0000,0.5048,0.5086,0.5045,0.5084
2001-12-22T00:00:00.000000000+0000,0.5084,0.5084,0.5084,0.5084
2001-12-23T00:00:00.000000000+0000,0.5084,0.5084,0.5084,0.5084
2001-12-24T00:00:00.000000000+0000,0.5091,0.5095,0.5066,0.5085
2001-12-25T00:00:00.000000000+0000,0.5076,0.5088,0.5067,0.508
2001-12-26T00:00:00.000000000+0000,0.508,0.509,0.5065,0.5065
2001-12-27T00:00:00.000000000+0000,0.5065,0.5085,0.5062,0.5072
2001-12-28T00:00:00.000000000+0000,0.5073,0.5118,0.5058,0.5103
2001-12-29T00:00:00.000000000+0000,0.5103,0.5103,0.5103,0.5103
2001-12-30T00:00:00.000000000+0000,0.5103,0.5103,0.5103,0.5103
2001-12-31T00:00:00.000000000+0000,0.511,0.512,0.5093,0.5095
2002-01-01T00:00:00.000000000+0000,0.5097,0.5116,0.5089,0.5101
2002-01-02T00:00:00.000000000+0000,0.5108,0.5159,0.5086,0.5146
2002-01-03T00:00:00.000000000+0000,0.515,0.5169,0.5139,0.5146
2002-01-04T00:00:00.000000000+0000,0.5156,0.5211,0.5141,0.5204
2002-01-05T00:00:00.000000000+0000,0.5204,0.5204,0.5204,0.5204
2002-01-06T00:00:00.000000000+0000,0.5204,0.5204,0.5204,0.5204
2002-01-07T00:00:00.000000000+0000,0.5194,0.5205,0.5175,0.5177
2002-01-08T00:00:00.000000000+0000,0.5185,0.5247,0.5176,0.5239
2002-01-09T00:00:00.000000000+0000,0.5234,0.5262,0.5223,0.5236
2002-01-10T00:00:00.000000000+0000,0.5239,0.5271,0.522,0.5227
2002-01-11T00:00:00.000000000+0000,0.5227,0.5233,0.5197,0.5195
2002-01-12T00:00:00.000000000+0000,0.5195,0.5195,0.5195,0.5195
2002-01-13T00:00:00.000000000+0000,0.5195,0.5195,0.5195,0.5195
2002-01-14T00:00:00.000000000+0000,0.5181,0.5193,0.5165,0.5188
2002-01-15T00:00:00.000000000+0000,0.5176,0.5197,0.5171,0.5171
2002-01-16T00:00:00.000000000+0000,0.5171,0.5177,0.5135,0.5144
2002-01-17T00:00:00.000000000+0000,0.5145,0.5156,0.5115,0.5145
2002-01-18T00:00:00.000000000+0000,0.5142,0.5159,0.5137,0.5145
2002-01-19T00:00:00.000000000+0000,0.5145,0.5145,0.5145,0.5145
2002-01-20T00:00:00.000000000+0000,0.5145,0.5145,0.5145,0.5145
2002-01-21T00:00:00.000000000+0000,0.5145,0.5187,0.5138,0.5179
2002-01-22T00:00:00.000000000+0000,0.5178,0.5203,0.5175,0.5194
2002-01-23T00:00:00.000000000+0000,0.5198,0.5218,0.5175,0.5179
2002-01-24T00:00:00.000000000+0000,0.5182,0.52,0.5163,0.5197
2002-01-25T00:00:00.000000000+0000,0.52,0.5201,0.5148,0.5164
2002-01-26T00:00:00.000000000+0000,0.5164,0.5164,0.5164,0.5164
2002-01-27T00:00:00.000000000+0000,0.5164,0.5164,0.5164,0.5164
2002-01-28T00:00:00.000000000+0000,0.5164,0.5175,0.5141,0.5156
2002-01-29T00:00:00.000000000+0000,0.5142,0.5161,0.5083,0.5095
2002-01-30T00:00:00.000000000+0000,0.5084,0.5102,0.5054,0.5063
2002-01-31T00:00:00.000000000+0000,0.5071,0.5095,0.5065,0.5079
2002-02-01T00:00:00.000000000+0000,0.5078,0.5103,0.5065,0.5093
2002-02-02T00:00:00.000000000+0000,0.5093,0.5093,0.5093,0.5093
2002-02-03T00:00:00.000000000+0000,0.5093,0.5093,0.5093,0.5093
2002-02-04T00:00:00.000000000+0000,0.5085,0.5113,0.5085,0.5106
2002-02-05T00:00:00.000000000+0000,0.5105,0.5122,0.5085,0.5089
2002-02-06T00:00:00.000000000+0000,0.5095,0.5101,0.507,0.5095
2002-02-07T00:00:00.000000000+0000,0.5082,0.5095,0.5058,0.5095
2002-02-08T00:00:00.000000000+0000,0.5096,0.5121,0.5095,0.5101
2002-02-09T00:00:00.000000000+0000,0.5101,0.5101,0.5101,0.5101
2002-02-10T00:00:00.000000000+0000,0.5101,0.5101,0.5101,0.5101
2002-02-11T00:00:00.000000000+0000,0.5108,0.5138,0.5108,0.5123
2002-02-12T00:00:00.000000000+0000,0.512,0.5127,0.5077,0.5092
2002-02-13T00:00:00.000000000+0000,0.5092,0.51,0.507,0.5098
2002-02-14T00:00:00.000000000+0000,0.5096,0.5177,0.5095,0.5158
2002-02-15T00:00:00.000000000+0000,0.5164,0.5185,0.5144,0.5173
2002-02-16T00:00:00.000000000+0000,0.5173,0.5173,0.5173,0.5173
2002-02-17T00:00:00.000000000+0000,0.5173,0.5173,0.5173,0.5173
2002-02-18T00:00:00.000000000+0000,0.5169,0.5186,0.5166,0.5182
2002-02-19T00:00:00.000000000+0000,0.5177,0.5193,0.5153,0.5187
2002-02-20T00:00:00.000000000+0000,0.5185,0.5188,0.5161,0.5174
2002-02-21T00:00:00.000000000+0000,0.5171,0.5175,0.5148,0.5158
2002-02-22T00:00:00.000000000+0000,0.5166,0.5168,0.5119,0.5123
2002-02-23T00:00:00.000000000+0000,0.5123,0.5123,0.5123,0.5123
2002-02-24T00:00:00.000000000+0000,0.5123,0.5123,0.5123,0.5123
2002-02-25T00:00:00.000000000+0000,0.5132,0.5143,0.5118,0.5136
2002-02-26T00:00:00.000000000+0000,0.5143,0.515,0.5127,0.5133
2002-02-27T00:00:00.000000000+0000,0.5127,0.5163,0.5122,0.515
2002-02-28T00:00:00.000000000+0000,0.5158,0.5176,0.5154,0.5175
2002-03-01T00:00:00.000000000+0000,0.5181,0.5202,0.517,0.5193
2002-03-02T00:00:00.000000000+0000,0.5193,0.5193,0.5193,0.5193
2002-03-03T00:00:00.000000000+0000,0.5193,0.5193,0.5193,0.5193
2002-03-04T00:00:00.000000000+0000,0.5207,0.5213,0.519,0.5204
2002-03-05T00:00:00.000000000+0000,0.5201,0.521,0.5187,0.5202
2002-03-06T00:00:00.000000000+0000,0.5202,0.523,0.519,0.5224
2002-03-07T00:00:00.000000000+0000,0.5227,0.5264,0.5219,0.525
2002-03-08T00:00:00.000000000+0000,0.5249,0.5255,0.5214,0.5229
2002-03-09T00:00:00.000000000+0000,0.5229,0.5229,0.5229,0.5229
2002-03-10T00:00:00.000000000+0000,0.5229,0.5229,0.5229,0.5229
2002-03-11T00:00:00.000000000+0000,0.5215,0.5221,0.5199,0.5215
2002-03-12T00:00:00.000000000+0000,0.5212,0.522,0.5193,0.5204
2002-03-13T00:00:00.000000000+0000,0.5198,0.5209,0.5189,0.52
2002-03-14T00:00:00.000000000+0000,0.5197,0.524,0.5195,0.5235
2002-03-15T00:00:00.000000000+0000,0.5231,0.5262,0.5231,0.5256
2002-03-16T00:00:00.000000000+0000,0.5256,0.5256,0.5256,0.5256
2002-03-17T00:00:00.000000000+0000,0.5256,0.5256,0.5256,0.5256
2002-03-18T00:00:00.000000000+0000,0.5256,0.5264,0.5228,0.5246
2002-03-19T00:00:00.000000000+0000,0.5242,0.5252,0.5228,0.5229
2002-03-20T00:00:00.000000000+0000,0.5223,0.5315,0.5219,0.53
2002-03-21T00:00:00.000000000+0000,0.53,0.5331,0.5294,0.5305
2002-03-22T00:00:00.000000000+0000,0.5296,0.5336,0.5296,0.5302
2002-03-23T00:00:00.000000000+0000,0.5302,0.5302,0.5302,0.5302
2002-03-24T00:00:00.000000000+0000,0.5302,0.5302,0.5302,0.5302
2002-03-25T00:00:00.000000000+0000,0.5304,0.5329,0.5295,0.5298
2002-03-26T00:00:00.000000000+0000,0.5295,0.5302,0.5268,0.5277
2002-03-27T00:00:00.000000000+0000,0.5278,0.5288,0.5271,0.5276
2002-03-28T00:00:00.000000000+0000,0.5284,0.5355,0.5284,0.5337
2002-03-29T00:00:00.000000000+0000,0.5333,0.5339,0.5324,0.5333
2002-03-30T00:00:00.000000000+0000,0.5333,0.5333,0.5333,0.5333
2002-03-31T00:00:00.000000000+0000,0.5333,0.5333,0.5333,0.5333
2002-04-01T00:00:00.000000000+0000,0.533,0.5358,0.533,0.5339
2002-04-02T00:00:00.000000000+0000,0.5339,0.5357,0.5315,0.5345
2002-04-03T00:00:00.000000000+0000,0.5337,0.5352,0.5288,0.5322
2002-04-04T00:00:00.000000000+0000,0.5316,0.5327,0.5301,0.5309
2002-04-05T00:00:00.000000000+0000,0.5315,0.5325,0.5294,0.5303
2002-04-06T00:00:00.000000000+0000,0.5303,0.5303,0.5303,0.5303
2002-04-07T00:00:00.000000000+0000,0.5303,0.5303,0.5303,0.5303
2002-04-08T00:00:00.000000000+0000,0.5288,0.5301,0.5261,0.5277
2002-04-09T00:00:00.000000000+0000,0.5275,0.5298,0.5273,0.5283
2002-04-10T00:00:00.000000000+0000,0.5285,0.5316,0.5285,0.5312
2002-04-11T00:00:00.000000000+0000,0.5313,0.5353,0.5309,0.5345
2002-04-12T00:00:00.000000000+0000,0.5346,0.5366,0.5335,0.5338
2002-04-13T00:00:00.000000000+0000,0.5338,0.5338,0.5338,0.5338
2002-04-14T00:00:00.000000000+0000,0.5338,0.5338,0.5338,0.5338
2002-04-15T00:00:00.000000000+0000,0.5336,0.534,0.5304,0.5311
2002-04-16T00:00:00.000000000+0000,0.5311,0.5335,0.5303,0.5333
2002-04-17T00:00:00.000000000+0000,0.533,0.5381,0.533,0.5378
2002-04-18T00:00:00.000000000+0000,0.5376,0.5395,0.5374,0.5393
2002-04-19T00:00:00.000000000+0000,0.5394,0.5415,0.5387,0.5401
2002-04-20T00:00:00.000000000+0000,0.5401,0.5401,0.5401,0.5401
2002-04-21T00:00:00.000000000+0000,0.5401,0.5401,0.5401,0.5401
2002-04-22T00:00:00.000000000+0000,0.5392,0.5414,0.5388,0.5411
2002-04-23T00:00:00.000000000+0000,0.5414,0.5421,0.538,0.5383
2002-04-24T00:00:00.000000000+0000,0.5381,0.5437,0.5377,0.5432
2002-04-25T00:00:00.000000000+0000,0.5433,0.5456,0.5429,0.543
2002-04-26T00:00:00.000000000+0000,0.5425,0.5448,0.5425,0.5434
2002-04-27T00:00:00.000000000+0000,0.5434,0.5434,0.5434,0.5434
2002-04-28T00:00:00.000000000+0000,0.5434,0.5434,0.5434,0.5434
2002-04-29T00:00:00.000000000+0000,0.5437,0.5448,0.5373,0.5385
2002-04-30T00:00:00.000000000+0000,0.5386,0.541,0.5366,0.538
2002-05-01T00:00:00.000000000+0000,0.5378,0.5401,0.5358,0.5397
2002-05-02T00:00:00.000000000+0000,0.54,0.5406,0.5353,0.5359
2002-05-03T00:00:00.000000000+0000,0.5359,0.5403,0.5344,0.5393
2002-05-04T00:00:00.000000000+0000,0.5393,0.5393,0.5393,0.5393
2002-05-05T00:00:00.000000000+0000,0.5393,0.5393,0.5393,0.5393
2002-05-06T00:00:00.000000000+0000,0.5405,0.5409,0.5375,0.5402
2002-05-07T00:00:00.000000000+0000,0.5393,0.5429,0.5385,0.5383
2002-05-08T00:00:00.000000000+0000,0.5385,0.5437,0.5385,0.5391
2002-05-09T00:00:00.000000000+0000,0.5392,0.5445,0.5389,0.5438
2002-05-10T00:00:00.000000000+0000,0.5432,0.5453,0.5423,0.5447
2002-05-11T00:00:00.000000000+0000,0.5447,0.5447,0.5447,0.5447
2002-05-12T00:00:00.000000000+0000,0.5447,0.5447,0.5447,0.5447
2002-05-13T00:00:00.000000000+0000,0.5437,0.5481,0.5437,0.547
2002-05-14T00:00:00.000000000+0000,0.5472,0.5485,0.5451,0.5483
2002-05-15T00:00:00.000000000+0000,0.5484,0.5494,0.5445,0.5488
2002-05-16T00:00:00.000000000+0000,0.5486,0.5506,0.5478,0.5481
2002-05-17T00:00:00.000000000+0000,0.5487,0.5531,0.5473,0.5522
2002-05-18T00:00:00.000000000+0000,0.5522,0.5522,0.5522,0.5522
2002-05-19T00:00:00.000000000+0000,0.5522,0.5522,0.5522,0.5522
2002-05-20T00:00:00.000000000+0000,0.5523,0.556,0.5509,0.5555
2002-05-21T00:00:00.000000000+0000,0.5554,0.5574,0.5536,0.5562
2002-05-22T00:00:00.000000000+0000,0.5558,0.561,0.5549,0.5583
2002-05-23T00:00:00.000000000+0000,0.5575,0.559,0.5544,0.5557
2002-05-24T00:00:00.000000000+0000,0.5552,0.5566,0.5522,0.5565
2002-05-25T00:00:00.000000000+0000,0.5565,0.5565,0.5565,0.5565
2002-05-26T00:00:00.000000000+0000,0.5565,0.5565,0.5565,0.5565
2002-05-27T00:00:00.000000000+0000,0.556,0.5584,0.5557,0.5572
2002-05-28T00:00:00.000000000+0000,0.5573,0.5627,0.5567,0.5612
2002-05-29T00:00:00.000000000+0000,0.5613,0.5657,0.5612,0.5631
2002-05-30T00:00:00.000000000+0000,0.5631,0.566,0.5629,0.5629
2002-05-31T00:00:00.000000000+0000,0.5628,0.5696,0.5624,0.5671
2002-06-01T00:00:00.000000000+0000,0.5671,0.5671,0.5671,0.5671
2002-06-02T00:00:00.000000000+0000,0.5671,0.5671,0.5671,0.5671
2002-06-03T00:00:00.000000000+0000,0.5663,0.5717,0.5656,0.5712
2002-06-04T00:00:00.000000000+0000,0.5711,0.5771,0.5709,0.5728
2002-06-05T00:00:00.000000000+0000,0.573,0.5747,0.5699,0.5732
2002-06-06T00:00:00.000000000+0000,0.5734,0.5776,0.5705,0.5757
2002-06-07T00:00:00.000000000+0000,0.5754,0.5754,0.5707,0.5715
2002-06-08T00:00:00.000000000+0000,0.5715,0.5715,0.5715,0.5715
2002-06-09T00:00:00.000000000+0000,0.5715,0.5715,0.5715,0.5715
2002-06-10T00:00:00.000000000+0000,0.5709,0.5715,0.5679,0.569
2002-06-11T00:00:00.000000000+0000,0.5682,0.5709,0.566,0.5701
2002-06-12T00:00:00.000000000+0000,0.57,0.5722,0.5683,0.5694
2002-06-13T00:00:00.000000000+0000,0.5701,0.5707,0.5658,0.5658
2002-06-14T00:00:00.000000000+0000,0.5659,0.5687,0.558,0.56
2002-06-15T00:00:00.000000000+0000,0.56,0.56,0.56,0.56
2002-06-16T00:00:00.000000000+0000,0.56,0.56,0.56,0.56
2002-06-17T00:00:00.000000000+0000,0.56,0.5613,0.5559,0.5582
2002-06-18T00:00:00.000000000+0000,0.5583,0.5663,0.5568,0.5656
2002-06-19T00:00:00.000000000+0000,0.5653,0.5674,0.5644,0.5653
2002-06-20T00:00:00.000000000+0000,0.565,0.5727,0.5647,0.5715
2002-06-21T00:00:00.000000000+0000,0.5717,0.5747,0.5714,0.5747
2002-06-22T00:00:00.000000000+0000,0.5747,0.5747,0.5747,0.5747
2002-06-23T00:00:00.000000000+0000,0.5747,0.5747,0.5747,0.5747
2002-06-24T00:00:00.000000000+0000,0.5738,0.5796,0.5648,0.5712
2002-06-25T00:00:00.000000000+0000,0.5716,0.5733,0.5682,0.5714
2002-06-26T00:00:00.000000000+0000,0.5707,0.5781,0.5587,0.5599
2002-06-27T00:00:00.000000000+0000,0.561,0.5672,0.5607,0.564
2002-06-28T00:00:00.000000000+0000,0.5643,0.5666,0.5613,0.5633
2002-06-29T00:00:00.000000000+0000,0.5633,0.5633,0.5633,0.5633
2002-06-30T00:00:00.000000000+0000,0.5633,0.5633,0.5633,0.5633
2002-07-01T00:00:00.000000000+0000,0.5635,0.5639,0.5602,0.5617
2002-07-02T00:00:00.000000000+0000,0.5616,0.5645,0.5592,0.5644
2002-07-03T00:00:00.000000000+0000,0.5645,0.5645,0.5578,0.5599
2002-07-04T00:00:00.000000000+0000,0.5597,0.5602,0.5543,0.5559
2002-07-05T00:00:00.000000000+0000,0.5558,0.5588,0.5536,0.5565
2002-07-06T00:00:00.000000000+0000,0.5565,0.5565,0.5565,0.5565
2002-07-07T00:00:00.000000000+0000,0.5565,0.5565,0.5565,0.5565
2002-07-08T00:00:00.000000000+0000,0.5569,0.5648,0.5561,0.5639
2002-07-09T00:00:00.000000000+0000,0.5639,0.5693,0.5634,0.5671
2002-07-10T00:00:00.000000000+0000,0.567,0.5711,0.5643,0.5644
2002-07-11T00:00:00.000000000+0000,0.5639,0.5669,0.5551,0.5571
2002-07-12T00:00:00.000000000+0000,0.5573,0.5613,0.5568,0.5595
2002-07-13T00:00:00.000000000+0000,0.5595,0.5595,0.5595,0.5595
2002-07-14T00:00:00.000000000+0000,0.5595,0.5595,0.5595,0.5595
2002-07-15T00:00:00.000000000+0000,0.5586,0.5627,0.5586,0.5604
2002-07-16T00:00:00.000000000+0000,0.5603,0.5646,0.5557,0.5568
2002-07-17T00:00:00.000000000+0000,0.5565,0.5581,0.5498,0.5516
2002-07-18T00:00:00.000000000+0000,0.5516,0.5542,0.5501,0.5534
2002-07-19T00:00:00.000000000+0000,0.5531,0.5581,0.5531,0.5565
2002-07-20T00:00:00.000000000+0000,0.5565,0.5565,0.5565,0.5565
2002-07-21T00:00:00.000000000+0000,0.5565,0.5565,0.5565,0.5565
2002-07-22T00:00:00.000000000+0000,0.5566,0.5575,0.5468,0.5477
2002-07-23T00:00:00.000000000+0000,0.5472,0.5472,0.5375,0.539
2002-07-24T00:00:00.000000000+0000,0.5395,0.5456,0.5358,0.545
2002-07-25T00:00:00.000000000+0000,0.5452,0.5454,0.5394,0.5406
2002-07-26T00:00:00.000000000+0000,0.54,0.5424,0.5348,0.5359
2002-07-27T00:00:00.000000000+0000,0.5359,0.5359,0.5359,0.5359
2002-07-28T00:00:00.000000000+0000,0.5359,0.5359,0.5359,0.5359
2002-07-29T00:00:00.000000000+0000,0.5362,0.5415,0.5355,0.5396
2002-07-30T00:00:00.000000000+0000,0.5396,0.5456,0.5396,0.543
2002-07-31T00:00:00.000000000+0000,0.543,0.5481,0.5418,0.542
2002-08-01T00:00:00.000000000+0000,0.5421,0.5436,0.5368,0.539
2002-08-02T00:00:00.000000000+0000,0.5386,0.5421,0.5371,0.5388
2002-08-03T00:00:00.000000000+0000,0.5388,0.5388,0.5388,0.5388
2002-08-04T00:00:00.000000000+0000,0.5388,0.5388,0.5388,0.5388
2002-08-05T00:00:00.000000000+0000,0.5385,0.5396,0.5263,0.5275
2002-08-06T00:00:00.000000000+0000,0.5276,0.5315,0.5231,0.5313
2002-08-07T00:00:00.000000000+0000,0.5305,0.5378,0.5292,0.5364
2002-08-08T00:00:00.000000000+0000,0.5361,0.5369,0.5313,0.5342
2002-08-09T00:00:00.000000000+0000,0.5343,0.5364,0.5326,0.5356
2002-08-10T00:00:00.000000000+0000,0.5356,0.5356,0.5356,0.5356
2002-08-11T00:00:00.000000000+0000,0.5356,0.5356,0.5356,0.5356
2002-08-12T00:00:00.000000000+0000,0.5355,0.5411,0.5337,0.5396
2002-08-13T00:00:00.000000000+0000,0.5395,0.5407,0.5369,0.5375
2002-08-14T00:00:00.000000000+0000,0.5377,0.5415,0.5341,0.5366
2002-08-15T00:00:00.000000000+0000,0.5379,0.5457,0.5367,0.5431
2002-08-16T00:00:00.000000000+0000,0.5431,0.5468,0.5427,0.5457
2002-08-17T00:00:00.000000000+0000,0.5457,0.5457,0.5457,0.5457
2002-08-18T00:00:00.000000000+0000,0.5457,0.5457,0.5457,0.5457
2002-08-19T00:00:00.000000000+0000,0.5457,0.5469,0.5409,0.5421
2002-08-20T00:00:00.000000000+0000,0.5425,0.5469,0.5424,0.5452
2002-08-21T00:00:00.000000000+0000,0.5462,0.5484,0.5425,0.5439
2002-08-22T00:00:00.000000000+0000,0.544,0.5442,0.539,0.5408
2002-08-23T00:00:00.000000000+0000,0.541,0.5447,0.5394,0.5429
2002-08-24T00:00:00.000000000+0000,0.5429,0.5429,0.5429,0.5429
2002-08-25T00:00:00.000000000+0000,0.5429,0.5429,0.5429,0.5429
2002-08-26T00:00:00.000000000+0000,0.5429,0.5447,0.5425,0.5445
2002-08-27T00:00:00.000000000+0000,0.5445,0.5544,0.5442,0.5535
2002-08-28T00:00:00.000000000+0000,0.5539,0.5544,0.5503,0.5512
2002-08-29T00:00:00.000000000+0000,0.5513,0.5526,0.55,0.5519
2002-08-30T00:00:00.000000000+0000,0.5519,0.5541,0.5494,0.5506
2002-08-31T00:00:00.000000000+0000,0.5506,0.5506,0.5506,0.5506
2002-09-01T00:00:00.000000000+0000,0.5506,0.5506,0.5506,0.5506
2002-09-02T00:00:00.000000000+0000,0.5503,0.5525,0.5484,0.5513
2002-09-03T00:00:00.000000000+0000,0.5513,0.5518,0.5465,0.5481
2002-09-04T00:00:00.000000000+0000,0.5479,0.5479,0.543,0.5451
2002-09-05T00:00:00.000000000+0000,0.5454,0.5466,0.5397,0.5425
2002-09-06T00:00:00.000000000+0000,0.5425,0.5478,0.542,0.5474
2002-09-07T00:00:00.000000000+0000,0.5474,0.5474,0.5474,0.5474
2002-09-08T00:00:00.000000000+0000,0.5474,0.5474,0.5474,0.5474
2002-09-09T00:00:00.000000000+0000,0.5475,0.5484,0.5453,0.5473
2002-09-10T00:00:00.000000000+0000,0.5474,0.5515,0.5464,0.5479
2002-09-11T00:00:00.000000000+0000,0.5477,0.549,0.5465,0.5477
2002-09-12T00:00:00.000000000+0000,0.5478,0.5544,0.5478,0.5516
2002-09-13T00:00:00.000000000+0000,0.5516,0.5522,0.5476,0.5499
2002-09-14T00:00:00.000000000+0000,0.5499,0.5499,0.5499,0.5499
2002-09-15T00:00:00.000000000+0000,0.5499,0.5499,0.5499,0.5499
2002-09-16T00:00:00.000000000+0000,0.5501,0.5502,0.547,0.5477
2002-09-17T00:00:00.000000000+0000,0.5474,0.5515,0.5453,0.5475
2002-09-18T00:00:00.000000000+0000,0.5481,0.5488,0.5436,0.5486
2002-09-19T00:00:00.000000000+0000,0.5485,0.5523,0.5475,0.549
2002-09-20T00:00:00.000000000+0000,0.549,0.5501,0.5455,0.5458
2002-09-21T00:00:00.000000000+0000,0.5458,0.5458,0.5458,0.5458
2002-09-22T00:00:00.000000000+0000,0.5458,0.5458,0.5458,0.5458
2002-09-23T00:00:00.000000000+0000,0.5459,0.5482,0.5427,0.5434
2002-09-24T00:00:00.000000000+0000,0.5434,0.5452,0.5417,0.5438
2002-09-25T00:00:00.000000000+0000,0.5449,0.5475,0.5436,0.546
2002-09-26T00:00:00.000000000+0000,0.546,0.5469,0.5419,0.5449
2002-09-27T00:00:00.000000000+0000,0.545,0.5462,0.5433,0.543
2002-09-28T00:00:00.000000000+0000,0.543,0.543,0.543,0.543
2002-09-29T00:00:00.000000000+0000,0.543,0.543,0.543,0.543
2002-09-30T00:00:00.000000000+0000,0.5434,0.5449,0.5422,0.5421
2002-10-01T00:00:00.000000000+0000,0.5423,0.5456,0.5403,0.545
2002-10-02T00:00:00.000000000+0000,0.5449,0.5455,0.542,0.5433
2002-10-03T00:00:00.000000000+0000,0.5435,0.5476,0.5434,0.5462
2002-10-04T00:00:00.000000000+0000,0.5465,0.5478,0.5452,0.5465
2002-10-05T00:00:00.000000000+0000,0.5465,0.5465,0.5465,0.5465
2002-10-06T00:00:00.000000000+0000,0.5465,0.5465,0.5465,0.5465
2002-10-07T00:00:00.000000000+0000,0.5462,0.5506,0.5462,0.5493
2002-10-08T00:00:00.000000000+0000,0.549,0.5508,0.5456,0.5461
2002-10-09T00:00:00.000000000+0000,0.5463,0.5502,0.5462,0.5486
2002-10-10T00:00:00.000000000+0000,0.5483,0.5494,0.5468,0.5479
2002-10-11T00:00:00.000000000+0000,0.5483,0.5502,0.546,0.5485
2002-10-12T00:00:00.000000000+0000,0.5485,0.5485,0.5485,0.5485
2002-10-13T00:00:00.000000000+0000,0.5485,0.5485,0.5485,0.5485
2002-10-14T00:00:00.000000000+0000,0.5487,0.5492,0.5453,0.5462
2002-10-15T00:00:00.000000000+0000,0.5462,0.5501,0.5417,0.547
2002-10-16T00:00:00.000000000+0000,0.547,0.5504,0.5456,0.5485
2002-10-17T00:00:00.000000000+0000,0.5487,0.5537,0.5474,0.5508
2002-10-18T00:00:00.000000000+0000,0.551,0.5527,0.5488,0.5497
2002-10-19T00:00:00.000000000+0000,0.5497,0.5497,0.5497,0.5497
2002-10-20T00:00:00.000000000+0000,0.5497,0.5497,0.5497,0.5497
2002-10-21T00:00:00.000000000+0000,0.5499,0.5562,0.549,0.5544
2002-10-22T00:00:00.000000000+0000,0.5545,0.5573,0.5515,0.5524
2002-10-23T00:00:00.000000000+0000,0.5525,0.5547,0.551,0.5531
2002-10-24T00:00:00.000000000+0000,0.553,0.5574,0.5524,0.5544
2002-10-25T00:00:00.000000000+0000,0.5544,0.5569,0.5528,0.5554
2002-10-26T00:00:00.000000000+0000,0.5554,0.5554,0.5554,0.5554
2002-10-27T00:00:00.000000000+0000,0.5554,0.5554,0.5554,0.5554
2002-10-28T00:00:00.000000000+0000,0.5557,0.5605,0.5541,0.5584
2002-10-29T00:00:00.000000000+0000,0.5587,0.5608,0.5549,0.5567
2002-10-30T00:00:00.000000000+0000,0.5559,0.557,0.5507,0.5517
2002-10-31T00:00:00.000000000+0000,0.5526,0.5567,0.5519,0.5538
2002-11-01T00:00:00.000000000+0000,0.5549,0.5603,0.5529,0.5592
2002-11-02T00:00:00.000000000+0000,0.5592,0.5592,0.5592,0.5592
2002-11-03T00:00:00.000000000+0000,0.5592,0.5592,0.5592,0.5592
2002-11-04T00:00:00.000000000+0000,0.5591,0.5627,0.5591,0.5608
2002-11-05T00:00:00.000000000+0000,0.5606,0.5642,0.56,0.5611
2002-11-06T00:00:00.000000000+0000,0.5607,0.5648,0.5593,0.5641
2002-11-07T00:00:00.000000000+0000,0.5653,0.5678,0.5628,0.5664
2002-11-08T00:00:00.000000000+0000,0.5655,0.5682,0.5639,0.5649
2002-11-09T00:00:00.000000000+0000,0.5649,0.5649,0.5649,0.5649
2002-11-10T00:00:00.000000000+0000,0.5649,0.5649,0.5649,0.5649
2002-11-11T00:00:00.000000000+0000,0.5647,0.5668,0.5593,0.5614
2002-11-12T00:00:00.000000000+0000,0.5609,0.5636,0.5576,0.5605
2002-11-13T00:00:00.000000000+0000,0.5604,0.5631,0.5577,0.5599
2002-11-14T00:00:00.000000000+0000,0.5603,0.5644,0.558,0.563
2002-11-15T00:00:00.000000000+0000,0.563,0.5651,0.5606,0.5634
2002-11-16T00:00:00.000000000+0000,0.5634,0.5634,0.5634,0.5634
2002-11-17T00:00:00.000000000+0000,0.5634,0.5634,0.5634,0.5634
2002-11-18T00:00:00.000000000+0000,0.5637,0.5657,0.5605,0.5622
2002-11-19T00:00:00.000000000+0000,0.5618,0.5648,0.5563,0.5587
2002-11-20T00:00:00.000000000+0000,0.5585,0.5616,0.5558,0.5605
2002-11-21T00:00:00.000000000+0000,0.5605,0.5644,0.5591,0.5626
2002-11-22T00:00:00.000000000+0000,0.5627,0.5651,0.5607,0.5635
2002-11-23T00:00:00.000000000+0000,0.5635,0.5635,0.5635,0.5635
2002-11-24T00:00:00.000000000+0000,0.5635,0.5635,0.5635,0.5635
2002-11-25T00:00:00.000000000+0000,0.5635,0.5652,0.557,0.5595
2002-11-26T00:00:00.000000000+0000,0.5594,0.5632,0.5554,0.5598
2002-11-27T00:00:00.000000000+0000,0.5599,0.5635,0.5515,0.5566
2002-11-28T00:00:00.000000000+0000,0.5563,0.5623,0.5551,0.5606
2002-11-29T00:00:00.000000000+0000,0.5607,0.5629,0.5564,0.5606
2002-11-30T00:00:00.000000000+0000,0.5606,0.5606,0.5606,0.5606
2002-12-01T00:00:00.000000000+0000,0.5606,0.5606,0.5606,0.5606
2002-12-02T00:00:00.000000000+0000,0.5603,0.563,0.5556,0.56
2002-12-03T00:00:00.000000000+0000,0.56,0.5617,0.5574,0.5593
2002-12-04T00:00:00.000000000+0000,0.5593,0.5628,0.5581,0.5603
2002-12-05T00:00:00.000000000+0000,0.5606,0.5641,0.5593,0.5611
2002-12-06T00:00:00.000000000+0000,0.5613,0.5628,0.5585,0.5609
2002-12-07T00:00:00.000000000+0000,0.5609,0.5609,0.5609,0.5609
2002-12-08T00:00:00.000000000+0000,0.5609,0.5609,0.5609,0.5609
2002-12-09T00:00:00.000000000+0000,0.5609,0.5658,0.5607,0.5634
2002-12-10T00:00:00.000000000+0000,0.5634,0.5648,0.5581,0.5589
2002-12-11T00:00:00.000000000+0000,0.5589,0.5624,0.5586,0.5604
2002-12-12T00:00:00.000000000+0000,0.5603,0.5674,0.5598,0.565
2002-12-13T00:00:00.000000000+0000,0.5653,0.5689,0.5635,0.5648
2002-12-14T00:00:00.000000000+0000,0.5648,0.5648,0.5648,0.5648
2002-12-15T00:00:00.000000000+0000,0.5648,0.5648,0.5648,0.5648
2002-12-16T00:00:00.000000000+0000,0.5651,0.568,0.5641,0.5663
2002-12-17T00:00:00.000000000+0000,0.5663,0.5697,0.564,0.5659
2002-12-18T00:00:00.000000000+0000,0.566,0.5675,0.5631,0.5648
2002-12-19T00:00:00.000000000+0000,0.565,0.5672,0.5638,0.5655
2002-12-20T00:00:00.000000000+0000,0.5658,0.5671,0.5594,0.5631
2002-12-21T00:00:00.000000000+0000,0.5631,0.5631,0.5631,0.5631
2002-12-22T00:00:00.000000000+0000,0.5631,0.5631,0.5631,0.5631
2002-12-23T00:00:00.000000000+0000,0.5633,0.5654,0.5607,0.5614
2002-12-24T00:00:00.000000000+0000,0.561,0.5647,0.5604,0.5631
2002-12-25T00:00:00.000000000+0000,0.5631,0.5646,0.5619,0.5638
2002-12-26T00:00:00.000000000+0000,0.5638,0.5652,0.5617,0.5635
2002-12-27T00:00:00.000000000+0000,0.5633,0.5655,0.5598,0.5608
2002-12-28T00:00:00.000000000+0000,0.5608,0.5608,0.5608,0.5608
2002-12-29T00:00:00.000000000+0000,0.5608,0.5608,0.5608,0.5608
2002-12-30T00:00:00.000000000+0000,0.5609,0.5656,0.5604,0.565
2002-12-31T00:00:00.000000000+0000,0.565,0.5673,0.5587,0.5627
2003-01-01T00:00:00.000000000+0000,0.5611,0.5632,0.561,0.5619
2003-01-02T00:00:00.000000000+0000,0.5617,0.5664,0.5596,0.5639
2003-01-03T00:00:00.000000000+0000,0.5638,0.5682,0.5617,0.5674
2003-01-04T00:00:00.000000000+0000,0.5674,0.5674,0.5674,0.5674
2003-01-05T00:00:00.000000000+0000,0.5674,0.5674,0.5674,0.5674
2003-01-06T00:00:00.000000000+0000,0.5674,0.5778,0.5665,0.5756
2003-01-07T00:00:00.000000000+0000,0.5759,0.5774,0.573,0.5737
2003-01-08T00:00:00.000000000+0000,0.5739,0.5779,0.5707,0.5765
2003-01-09T00:00:00.000000000+0000,0.5766,0.5795,0.5751,0.576
2003-01-10T00:00:00.000000000+0000,0.5762,0.5847,0.5749,0.583
2003-01-11T00:00:00.000000000+0000,0.583,0.583,0.583,0.583
2003-01-12T00:00:00.000000000+0000,0.583,0.583,0.583,0.583
2003-01-13T00:00:00.000000000+0000,0.5833,0.5864,0.5802,0.5848
2003-01-14T00:00:00.000000000+0000,0.5851,0.5869,0.5818,0.5836
2003-01-15T00:00:00.000000000+0000,0.5835,0.5892,0.5818,0.5839
2003-01-16T00:00:00.000000000+0000,0.5847,0.5885,0.5838,0.5879
2003-01-17T00:00:00.000000000+0000,0.588,0.5933,0.5876,0.5916
2003-01-18T00:00:00.000000000+0000,0.5916,0.5916,0.5916,0.5916
2003-01-19T00:00:00.000000000+0000,0.5916,0.5916,0.5916,0.5916
2003-01-20T00:00:00.000000000+0000,0.5918,0.5927,0.5889,0.5912
2003-01-21T00:00:00.000000000+0000,0.5912,0.5927,0.5849,0.5887
2003-01-22T00:00:00.000000000+0000,0.5888,0.5904,0.5838,0.586
2003-01-23T00:00:00.000000000+0000,0.5855,0.593,0.5846,0.5909
2003-01-24T00:00:00.000000000+0000,0.5912,0.5942,0.5901,0.5921
2003-01-25T00:00:00.000000000+0000,0.5921,0.5921,0.5921,0.5921
2003-01-26T00:00:00.000000000+0000,0.5921,0.5921,0.5921,0.5921
2003-01-27T00:00:00.000000000+0000,0.5921,0.5948,0.5874,0.5891
2003-01-28T00:00:00.000000000+0000,0.5898,0.5904,0.5859,0.589
2003-01-29T00:00:00.000000000+0000,0.5889,0.5923,0.5877,0.5898
2003-01-30T00:00:00.000000000+0000,0.5903,0.5911,0.5852,0.5887
2003-01-31T00:00:00.000000000+0000,0.5891,0.5912,0.5854,0.5865
2003-02-01T00:00:00.000000000+0000,0.5865,0.5865,0.5865,0.5865
2003-02-02T00:00:00.000000000+0000,0.5865,0.5865,0.5865,0.5865
2003-02-03T00:00:00.000000000+0000,0.588,0.5895,0.582,0.5844
2003-02-04T00:00:00.000000000+0000,0.5844,0.5931,0.5837,0.5908
2003-02-05T00:00:00.000000000+0000,0.5909,0.5941,0.5878,0.5898
2003-02-06T00:00:00.000000000+0000,0.59,0.5921,0.5886,0.5916
2003-02-07T00:00:00.000000000+0000,0.591,0.593,0.5886,0.59
2003-02-08T00:00:00.000000000+0000,0.59,0.59,0.59,0.59
2003-02-09T00:00:00.000000000+0000,0.59,0.59,0.59,0.59
2003-02-10T00:00:00.000000000+0000,0.5898,0.5939,0.5896,0.5905
2003-02-11T00:00:00.000000000+0000,0.5902,0.5918,0.587,0.5915
2003-02-12T00:00:00.000000000+0000,0.5911,0.5931,0.5875,0.5874
2003-02-13T00:00:00.000000000+0000,0.5874,0.597,0.5873,0.5952
2003-02-14T00:00:00.000000000+0000,0.5955,0.5968,0.5908,0.5919
2003-02-15T00:00:00.000000000+0000,0.5919,0.5919,0.5919,0.5919
2003-02-16T00:00:00.000000000+0000,0.5919,0.5919,0.5919,0.5919
2003-02-17T00:00:00.000000000+0000,0.5921,0.593,0.5885,0.59
2003-02-18T00:00:00.000000000+0000,0.5897,0.5921,0.5889,0.5893
2003-02-19T00:00:00.000000000+0000,0.5895,0.5947,0.5893,0.5937
2003-02-20T00:00:00.000000000+0000,0.5941,0.5989,0.5938,0.5981
2003-02-21T00:00:00.000000000+0000,0.5981,0.5995,0.596,0.5972
2003-02-22T00:00:00.000000000+0000,0.5972,0.5972,0.5972,0.5972
2003-02-23T00:00:00.000000000+0000,0.5972,0.5972,0.5972,0.5972
2003-02-24T00:00:00.000000000+0000,0.5975,0.6065,0.5962,0.6046
2003-02-25T00:00:00.000000000+0000,0.6046,0.6082,0.6043,0.6053
2003-02-26T00:00:00.000000000+0000,0.6055,0.6078,0.6041,0.6072
2003-02-27T00:00:00.000000000+0000,0.6072,0.6088,0.6048,0.6045
2003-02-28T00:00:00.000000000+0000,0.6047,0.6089,0.603,0.6088
2003-03-01T00:00:00.000000000+0000,0.6088,0.6088,0.6088,0.6088
2003-03-02T00:00:00.000000000+0000,0.6088,0.6088,0.6088,0.6088
2003-03-03T00:00:00.000000000+0000,0.6087,0.6147,0.6062,0.6137
2003-03-04T00:00:00.000000000+0000,0.6138,0.616,0.6113,0.6123
2003-03-05T00:00:00.000000000+0000,0.6124,0.618,0.6124,0.6158
2003-03-06T00:00:00.000000000+0000,0.616,0.6167,0.6123,0.6142
2003-03-07T00:00:00.000000000+0000,0.6137,0.6175,0.6133,0.6132
2003-03-08T00:00:00.000000000+0000,0.6132,0.6132,0.6132,0.6132
2003-03-09T00:00:00.000000000+0000,0.6132,0.6132,0.6132,0.6132
2003-03-10T00:00:00.000000000+0000,0.6131,0.6167,0.6125,0.6146
2003-03-11T00:00:00.000000000+0000,0.6144,0.6154,0.6017,0.605
2003-03-12T00:00:00.000000000+0000,0.6144,0.606,0.5917,0.5946
2003-03-13T00:00:00.000000000+0000,0.5946,0.5959,0.5894,0.5947
2003-03-14T00:00:00.000000000+0000,0.5945,0.5989,0.594,0.5973
2003-03-15T00:00:00.000000000+0000,0.5973,0.5973,0.5973,0.5973
2003-03-16T00:00:00.000000000+0000,0.5973,0.5973,0.5973,0.5973
2003-03-17T00:00:00.000000000+0000,0.5977,0.6024,0.591,0.593
2003-03-18T00:00:00.000000000+0000,0.5935,0.595,0.5879,0.5943
2003-03-19T00:00:00.000000000+0000,0.5939,0.5952,0.5882,0.5895
2003-03-20T00:00:00.000000000+0000,0.59,0.5955,0.5893,0.5926
2003-03-21T00:00:00.000000000+0000,0.593,0.5948,0.589,0.5904
2003-03-22T00:00:00.000000000+0000,0.5904,0.5904,0.5904,0.5904
2003-03-23T00:00:00.000000000+0000,0.5904,0.5904,0.5904,0.5904
2003-03-24T00:00:00.000000000+0000,0.5902,0.5953,0.5902,0.595
2003-03-25T00:00:00.000000000+0000,0.5946,0.598,0.594,0.5962
2003-03-26T00:00:00.000000000+0000,0.5966,0.5993,0.596,0.5985
2003-03-27T00:00:00.000000000+0000,0.5989,0.6018,0.5983,0.6013
2003-03-28T00:00:00.000000000+0000,0.601,0.6018,0.5987,0.6003
2003-03-29T00:00:00.000000000+0000,0.6003,0.6003,0.6003,0.6003
2003-03-30T00:00:00.000000000+0000,0.6003,0.6003,0.6003,0.6003
2003-03-31T00:00:00.000000000+0000,0.6003,0.6055,0.6002,0.6046
2003-04-01T00:00:00.000000000+0000,0.6042,0.6061,0.6024,0.6042
2003-04-02T00:00:00.000000000+0000,0.6046,0.6063,0.5991,0.6021
2003-04-03T00:00:00.000000000+0000,0.602,0.6025,0.5953,0.6018
2003-04-04T00:00:00.000000000+0000,0.6014,0.6023,0.5987,0.6006
2003-04-05T00:00:00.000000000+0000,0.6006,0.6006,0.6006,0.6006
2003-04-06T00:00:00.000000000+0000,0.6006,0.6006,0.6006,0.6006
2003-04-07T00:00:00.000000000+0000,0.6004,0.6008,0.5926,0.5986
2003-04-08T00:00:00.000000000+0000,0.5987,0.6014,0.5975,0.6012
2003-04-09T00:00:00.000000000+0000,0.6015,0.6057,0.601,0.6053
2003-04-10T00:00:00.000000000+0000,0.6053,0.6075,0.6038,0.6061
2003-04-11T00:00:00.000000000+0000,0.6066,0.6078,0.6017,0.6052
2003-04-12T00:00:00.000000000+0000,0.6052,0.6052,0.6052,0.6052
2003-04-13T00:00:00.000000000+0000,0.6052,0.6052,0.6052,0.6052
2003-04-14T00:00:00.000000000+0000,0.6052,0.6056,0.6016,0.6042
2003-04-15T00:00:00.000000000+0000,0.6042,0.6076,0.6032,0.6067
2003-04-16T00:00:00.000000000+0000,0.6066,0.6132,0.6066,0.6124
2003-04-17T00:00:00.000000000+0000,0.6126,0.6167,0.612,0.6134
2003-04-18T00:00:00.000000000+0000,0.6133,0.6157,0.6124,0.6143
2003-04-19T00:00:00.000000000+0000,0.6143,0.6143,0.6143,0.6143
2003-04-20T00:00:00.000000000+0000,0.6143,0.6143,0.6143,0.6143
2003-04-21T00:00:00.000000000+0000,0.6143,0.6159,0.613,0.6133
2003-04-22T00:00:00.000000000+0000,0.6128,0.6229,0.6128,0.6211
2003-04-23T00:00:00.000000000+0000,0.6211,0.6215,0.6161,0.6162
2003-04-24T00:00:00.000000000+0000,0.6155,0.6212,0.6155,0.6182
2003-04-25T00:00:00.000000000+0000,0.6183,0.6194,0.6139,0.6164
2003-04-26T00:00:00.000000000+0000,0.6164,0.6164,0.6164,0.6164
2003-04-27T00:00:00.000000000+0000,0.6164,0.6164,0.6164,0.6164
2003-04-28T00:00:00.000000000+0000,0.6164,0.6217,0.615,0.6177
2003-04-29T00:00:00.000000000+0000,0.6179,0.6229,0.617,0.6219
2003-04-30T00:00:00.000000000+0000,0.6229,0.6267,0.6224,0.6258
2003-05-01T00:00:00.000000000+0000,0.6262,0.6336,0.6245,0.6311
2003-05-02T00:00:00.000000000+0000,0.6312,0.6343,0.6289,0.6307
2003-05-03T00:00:00.000000000+0000,0.6307,0.6307,0.6307,0.6307
2003-05-04T00:00:00.000000000+0000,0.6307,0.6307,0.6307,0.6307
2003-05-05T00:00:00.000000000+0000,0.6311,0.6359,0.6297,0.6344
2003-05-06T00:00:00.000000000+0000,0.6344,0.6436,0.6335,0.6419
2003-05-07T00:00:00.000000000+0000,0.6417,0.6446,0.635,0.6386
2003-05-08T00:00:00.000000000+0000,0.6376,0.645,0.6344,0.6414
2003-05-09T00:00:00.000000000+0000,0.6416,0.6475,0.6416,0.6442
2003-05-10T00:00:00.000000000+0000,0.6442,0.6442,0.6442,0.6442
2003-05-11T00:00:00.000000000+0000,0.6442,0.6442,0.6442,0.6442
2003-05-12T00:00:00.000000000+0000,0.6442,0.651,0.6442,0.6506
2003-05-13T00:00:00.000000000+0000,0.65,0.6507,0.6435,0.6481
2003-05-14T00:00:00.000000000+0000,0.6478,0.6482,0.6432,0.6458
2003-05-15T00:00:00.000000000+0000,0.6453,0.6474,0.6395,0.6398
2003-05-16T00:00:00.000000000+0000,0.6405,0.6538,0.6402,0.6524
2003-05-17T00:00:00.000000000+0000,0.6524,0.6524,0.6524,0.6524
2003-05-18T00:00:00.000000000+0000,0.6524,0.6524,0.6524,0.6524
2003-05-19T00:00:00.000000000+0000,0.6528,0.6607,0.6528,0.6534
2003-05-20T00:00:00.000000000+0000,0.6544,0.659,0.6524,0.6582
2003-05-21T00:00:00.000000000+0000,0.6586,0.6605,0.6545,0.6546
2003-05-22T00:00:00.000000000+0000,0.6544,0.6595,0.6526,0.6577
2003-05-23T00:00:00.000000000+0000,0.6577,0.6614,0.6553,0.6591
2003-05-24T00:00:00.000000000+0000,0.6591,0.6591,0.6591,0.6591
2003-05-25T00:00:00.000000000+0000,0.6591,0.6591,0.6591,0.6591
2003-05-26T00:00:00.000000000+0000,0.6584,0.6601,0.6573,0.6599
2003-05-27T00:00:00.000000000+0000,0.6595,0.6626,0.6546,0.6552
2003-05-28T00:00:00.000000000+0000,0.6553,0.6576,0.6466,0.6508
2003-05-29T00:00:00.000000000+0000,0.6511,0.6528,0.6425,0.6515
2003-05-30T00:00:00.000000000+0000,0.6518,0.6547,0.6486,0.6525
2003-05-31T00:00:00.000000000+0000,0.6525,0.6525,0.6525,0.6525
2003-06-01T00:00:00.000000000+0000,0.6525,0.6525,0.6525,0.6525
2003-06-02T00:00:00.000000000+0000,0.6526,0.6586,0.6482,0.6577
2003-06-03T00:00:00.000000000+0000,0.6578,0.6618,0.6558,0.661
2003-06-04T00:00:00.000000000+0000,0.6614,0.6665,0.6596,0.6634
2003-06-05T00:00:00.000000000+0000,0.6633,0.6688,0.6605,0.6646
2003-06-06T00:00:00.000000000+0000,0.665,0.6708,0.6534,0.6586
2003-06-07T00:00:00.000000000+0000,0.6586,0.6586,0.6586,0.6586
2003-06-08T00:00:00.000000000+0000,0.6586,0.6586,0.6586,0.6586
2003-06-09T00:00:00.000000000+0000,0.6585,0.6616,0.6562,0.6566
2003-06-10T00:00:00.000000000+0000,0.6567,0.6593,0.6548,0.6552
2003-06-11T00:00:00.000000000+0000,0.6554,0.6648,0.6545,0.6623
2003-06-12T00:00:00.000000000+0000,0.6624,0.6664,0.6614,0.6653
2003-06-13T00:00:00.000000000+0000,0.6648,0.6688,0.6631,0.6685
2003-06-14T00:00:00.000000000+0000,0.6685,0.6685,0.6685,0.6685
2003-06-15T00:00:00.000000000+0000,0.6685,0.6685,0.6685,0.6685
2003-06-16T00:00:00.000000000+0000,0.6685,0.6701,0.6655,0.667
2003-06-17T00:00:00.000000000+0000,0.6669,0.672,0.6664,0.6693
2003-06-18T00:00:00.000000000+0000,0.6693,0.6738,0.6689,0.6729
2003-06-19T00:00:00.000000000+0000,0.6727,0.6733,0.6647,0.6708
2003-06-20T00:00:00.000000000+0000,0.6713,0.6728,0.6662,0.6672
2003-06-21T00:00:00.000000000+0000,0.6672,0.6672,0.6672,0.6672
2003-06-22T00:00:00.000000000+0000,0.6672,0.6672,0.6672,0.6672
2003-06-23T00:00:00.000000000+0000,0.6681,0.6691,0.6605,0.663
2003-06-24T00:00:00.000000000+0000,0.6629,0.6665,0.6616,0.6636
2003-06-25T00:00:00.000000000+0000,0.6634,0.6728,0.6632,0.6673
2003-06-26T00:00:00.000000000+0000,0.6679,0.6712,0.6631,0.6641
2003-06-27T00:00:00.000000000+0000,0.6641,0.6676,0.6619,0.6663
2003-06-28T00:00:00.000000000+0000,0.6663,0.6663,0.6663,0.6663
2003-06-29T00:00:00.000000000+0000,0.6663,0.6663,0.6663,0.6663
2003-06-30T00:00:00.000000000+0000,0.6664,0.6741,0.6658,0.6733
2003-07-01T00:00:00.000000000+0000,0.6731,0.6779,0.6719,0.676
2003-07-02T00:00:00.000000000+0000,0.6759,0.682,0.6751,0.6801
2003-07-03T00:00:00.000000000+0000,0.6804,0.6836,0.6765,0.6807
2003-07-04T00:00:00.000000000+0000,0.6811,0.6826,0.6785,0.6785
2003-07-05T00:00:00.000000000+0000,0.6785,0.6785,0.6785,0.6785
2003-07-06T00:00:00.000000000+0000,0.6785,0.6785,0.6785,0.6785
2003-07-07T00:00:00.000000000+0000,0.6785,0.6845,0.6773,0.6772
2003-07-08T00:00:00.000000000+0000,0.6778,0.6791,0.6558,0.6603
2003-07-09T00:00:00.000000000+0000,0.6608,0.6632,0.6518,0.6578
2003-07-10T00:00:00.000000000+0000,0.6572,0.6591,0.649,0.6581
2003-07-11T00:00:00.000000000+0000,0.6584,0.6615,0.6556,0.6595
2003-07-12T00:00:00.000000000+0000,0.6595,0.6595,0.6595,0.6595
2003-07-13T00:00:00.000000000+0000,0.6595,0.6595,0.6595,0.6595
2003-07-14T00:00:00.000000000+0000,0.6595,0.6618,0.6565,0.6583
2003-07-15T00:00:00.000000000+0000,0.6583,0.6604,0.6483,0.6498
2003-07-16T00:00:00.000000000+0000,0.65,0.6578,0.6497,0.6558
2003-07-17T00:00:00.000000000+0000,0.6561,0.6567,0.6476,0.6524
2003-07-18T00:00:00.000000000+0000,0.6526,0.6526,0.6443,0.648
2003-07-19T00:00:00.000000000+0000,0.648,0.648,0.648,0.648
2003-07-20T00:00:00.000000000+0000,0.648,0.648,0.648,0.648
2003-07-21T00:00:00.000000000+0000,0.6477,0.653,0.6463,0.6508
2003-07-22T00:00:00.000000000+0000,0.6512,0.6545,0.6495,0.6505
2003-07-23T00:00:00.000000000+0000,0.6511,0.6611,0.6498,0.6605
2003-07-24T00:00:00.000000000+0000,0.6605,0.6666,0.6595,0.6655
2003-07-25T00:00:00.000000000+0000,0.6653,0.6662,0.6611,0.6628
2003-07-26T00:00:00.000000000+0000,0.6628,0.6628,0.6628,0.6628
2003-07-27T00:00:00.000000000+0000,0.6628,0.6628,0.6628,0.6628
2003-07-28T00:00:00.000000000+0000,0.6627,0.6658,0.6576,0.662
2003-07-29T00:00:00.000000000+0000,0.6623,0.6677,0.6623,0.6635
2003-07-30T00:00:00.000000000+0000,0.6625,0.6641,0.6507,0.6529
2003-07-31T00:00:00.000000000+0000,0.6529,0.6541,0.646,0.6483
2003-08-01T00:00:00.000000000+0000,0.6482,0.6545,0.6448,0.6514
2003-08-02T00:00:00.000000000+0000,0.6514,0.6514,0.6514,0.6514
2003-08-03T00:00:00.000000000+0000,0.65211,0.65217,0.65035,0.65108
2003-08-04T00:00:00.000000000+0000,0.65122,0.65212,0.64316,0.64624
2003-08-05T00:00:00.000000000+0000,0.64629,0.64847,0.64035,0.64659
2003-08-06T00:00:00.000000000+0000,0.64742,0.65053,0.64588,0.64757
2003-08-07T00:00:00.000000000+0000,0.64785,0.65176,0.64391,0.65032
2003-08-08T00:00:00.000000000+0000,0.65025,0.65347,0.64967,0.65142
2003-08-09T00:00:00.000000000+0000,0.65142,0.65142,0.65142,0.65142
2003-08-10T00:00:00.000000000+0000,0.65226,0.65251,0.65011,0.65102
2003-08-11T00:00:00.000000000+0000,0.65093,0.65952,0.64986,0.65748
2003-08-12T00:00:00.000000000+0000,0.6574,0.661,0.65439,0.65552
2003-08-13T00:00:00.000000000+0000,0.65555,0.65865,0.65201,0.6578
2003-08-14T00:00:00.000000000+0000,0.65772,0.65895,0.65453,0.65631
2003-08-15T00:00:00.000000000+0000,0.6563,0.66035,0.65529,0.65957
2003-08-16T00:00:00.000000000+0000,0.65957,0.65957,0.65957,0.65957
2003-08-17T00:00:00.000000000+0000,0.66009,0.66131,0.65947,0.66093
2003-08-18T00:00:00.000000000+0000,0.6609,0.66175,0.65473,0.65682
2003-08-19T00:00:00.000000000+0000,0.65665,0.65718,0.65197,0.65474
2003-08-20T00:00:00.000000000+0000,0.65493,0.6619,0.65362,0.65843
2003-08-21T00:00:00.000000000+0000,0.65852,0.6596,0.6506,0.65413
2003-08-22T00:00:00.000000000+0000,0.65402,0.65444,0.64679,0.65192
2003-08-23T00:00:00.000000000+0000,0.65192,0.65192,0.65192,0.65192
2003-08-24T00:00:00.000000000+0000,0.6509,0.6515,0.64915,0.64975
2003-08-25T00:00:00.000000000+0000,0.64955,0.6532,0.64699,0.64821
2003-08-26T00:00:00.000000000+0000,0.6484,0.6491,0.64157,0.64363
2003-08-27T00:00:00.000000000+0000,0.64375,0.6446,0.63628,0.63667
2003-08-28T00:00:00.000000000+0000,0.63609,0.64187,0.63497,0.63957
2003-08-29T00:00:00.000000000+0000,0.63959,0.64928,0.63876,0.64688
2003-08-30T00:00:00.000000000+0000,0.64688,0.64688,0.64688,0.64688
2003-08-31T00:00:00.000000000+0000,0.64652,0.6474,0.64552,0.64635
2003-09-01T00:00:00.000000000+0000,0.64618,0.64805,0.64362,0.64448
2003-09-02T00:00:00.000000000+0000,0.64452,0.6453,0.63503,0.6369
2003-09-03T00:00:00.000000000+0000,0.6369,0.64145,0.63392,0.63811
2003-09-04T00:00:00.000000000+0000,0.63812,0.6433,0.63648,0.64103
2003-09-05T00:00:00.000000000+0000,0.64138,0.64864,0.64062,0.64787
2003-09-06T00:00:00.000000000+0000,0.64787,0.64787,0.64787,0.64787
2003-09-07T00:00:00.000000000+0000,0.64664,0.6479,0.64599,0.64669
2003-09-08T00:00:00.000000000+0000,0.64685,0.65165,0.6442,0.64713
2003-09-09T00:00:00.000000000+0000,0.64738,0.66055,0.64619,0.6571
2003-09-10T00:00:00.000000000+0000,0.65715,0.65985,0.65397,0.65488
2003-09-11T00:00:00.000000000+0000,0.65498,0.66165,0.65378,0.65889
2003-09-12T00:00:00.000000000+0000,0.65881,0.66409,0.6563,0.66289
2003-09-13T00:00:00.000000000+0000,0.66289,0.66289,0.66289,0.66289
2003-09-14T00:00:00.000000000+0000,0.66198,0.66265,0.66081,0.66142
2003-09-15T00:00:00.000000000+0000,0.66138,0.6668,0.66054,0.66402
2003-09-16T00:00:00.000000000+0000,0.66392,0.66702,0.65981,0.6614
2003-09-17T00:00:00.000000000+0000,0.6614,0.66585,0.65821,0.66435
2003-09-18T00:00:00.000000000+0000,0.66462,0.66944,0.663,0.66796
2003-09-19T00:00:00.000000000+0000,0.66785,0.67338,0.66632,0.67241
2003-09-20T00:00:00.000000000+0000,0.67241,0.67241,0.67241,0.67241
2003-09-21T00:00:00.000000000+0000,0.67671,0.68373,0.67626,0.68035
2003-09-22T00:00:00.000000000+0000,0.6805,0.68185,0.67618,0.67817
2003-09-23T00:00:00.000000000+0000,0.67818,0.68097,0.67296,0.67335
2003-09-24T00:00:00.000000000+0000,0.67329,0.67926,0.67254,0.67858
2003-09-25T00:00:00.000000000+0000,0.67858,0.6824,0.67676,0.67897
2003-09-26T00:00:00.000000000+0000,0.67908,0.68011,0.67255,0.67311
2003-09-27T00:00:00.000000000+0000,0.67311,0.67311,0.67311,0.67311
2003-09-28T00:00:00.000000000+0000,0.67545,0.6761,0.67484,0.67519
2003-09-29T00:00:00.000000000+0000,0.67533,0.6789,0.66759,0.67635
2003-09-30T00:00:00.000000000+0000,0.67587,0.68675,0.6757,0.68211
2003-10-01T00:00:00.000000000+0000,0.68209,0.6877,0.6796,0.68625
2003-10-02T00:00:00.000000000+0000,0.68625,0.6874,0.68115,0.68369
2003-10-03T00:00:00.000000000+0000,0.68374,0.68571,0.67609,0.6787
2003-10-04T00:00:00.000000000+0000,0.6787,0.6787,0.6787,0.6787
2003-10-05T00:00:00.000000000+0000,0.67855,0.6792,0.67547,0.67781
2003-10-06T00:00:00.000000000+0000,0.67769,0.6858,0.67612,0.68432
2003-10-07T00:00:00.000000000+0000,0.68431,0.6918,0.68387,0.68969
2003-10-08T00:00:00.000000000+0000,0.68974,0.69313,0.68791,0.68918
2003-10-09T00:00:00.000000000+0000,0.68951,0.6957,0.68561,0.68907
2003-10-10T00:00:00.000000000+0000,0.68933,0.69372,0.6866,0.69114
2003-10-11T00:00:00.000000000+0000,0.69114,0.69114,0.69114,0.69114
2003-10-12T00:00:00.000000000+0000,0.69233,0.69272,0.69057,0.69079
2003-10-13T00:00:00.000000000+0000,0.69104,0.69188,0.68568,0.68872
2003-10-14T00:00:00.000000000+0000,0.68892,0.6913,0.6821,0.68948
2003-10-15T00:00:00.000000000+0000,0.68926,0.6923,0.68501,0.68683
2003-10-16T00:00:00.000000000+0000,0.68712,0.69265,0.68585,0.68715
2003-10-17T00:00:00.000000000+0000,0.68737,0.6933,0.6866,0.69156
2003-10-18T00:00:00.000000000+0000,0.69156,0.69156,0.69156,0.69156
2003-10-19T00:00:00.000000000+0000,0.69345,0.69505,0.69313,0.69428
2003-10-20T00:00:00.000000000+0000,0.6941,0.69493,0.68914,0.69185
2003-10-21T00:00:00.000000000+0000,0.69209,0.70035,0.69073,0.69757
2003-10-22T00:00:00.000000000+0000,0.69754,0.70735,0.69722,0.70535
2003-10-23T00:00:00.000000000+0000,0.70539,0.70655,0.69603,0.70037
2003-10-24T00:00:00.000000000+0000,0.70063,0.70242,0.69746,0.6985
2003-10-25T00:00:00.000000000+0000,0.6985,0.6985,0.6985,0.6985
2003-10-26T00:00:00.000000000+0000,0.6984,0.70057,0.69777,0.70007
2003-10-27T00:00:00.000000000+0000,0.69953,0.70585,0.69866,0.70393
2003-10-28T00:00:00.000000000+0000,0.70389,0.70645,0.70084,0.70509
2003-10-29T00:00:00.000000000+0000,0.70528,0.70718,0.7022,0.70332
2003-10-30T00:00:00.000000000+0000,0.70335,0.71067,0.70195,0.7042
2003-10-31T00:00:00.000000000+0000,0.7042,0.70972,0.70192,0.70799
2003-11-01T00:00:00.000000000+0000,0.70799,0.70799,0.70799,0.70799
2003-11-02T00:00:00.000000000+0000,0.70664,0.70763,0.70615,0.70709
2003-11-03T00:00:00.000000000+0000,0.70705,0.70912,0.69545,0.6978
2003-11-04T00:00:00.000000000+0000,0.6979,0.71138,0.69534,0.70768
2003-11-05T00:00:00.000000000+0000,0.70775,0.71195,0.7065,0.70766
2003-11-06T00:00:00.000000000+0000,0.7076,0.71245,0.70445,0.70561
2003-11-07T00:00:00.000000000+0000,0.70567,0.70995,0.70326,0.7081
2003-11-08T00:00:00.000000000+0000,0.7081,0.7081,0.7081,0.7081
2003-11-09T00:00:00.000000000+0000,0.70834,0.71045,0.70827,0.70971
2003-11-10T00:00:00.000000000+0000,0.7098,0.7177,0.70884,0.71422
2003-11-11T00:00:00.000000000+0000,0.71415,0.71645,0.71252,0.71366
2003-11-12T00:00:00.000000000+0000,0.71364,0.71912,0.71182,0.7173
2003-11-13T00:00:00.000000000+0000,0.71723,0.7224,0.71654,0.72049
2003-11-14T00:00:00.000000000+0000,0.7204,0.72217,0.71714,0.72022
2003-11-15T00:00:00.000000000+0000,0.72022,0.72022,0.72022,0.72022
2003-11-16T00:00:00.000000000+0000,0.72016,0.72101,0.71948,0.72057
2003-11-17T00:00:00.000000000+0000,0.72028,0.72152,0.7089,0.71019
2003-11-18T00:00:00.000000000+0000,0.71026,0.72485,0.70965,0.72309
2003-11-19T00:00:00.000000000+0000,0.72308,0.72395,0.71972,0.72145
2003-11-20T00:00:00.000000000+0000,0.72185,0.72655,0.71995,0.72119
2003-11-21T00:00:00.000000000+0000,0.72114,0.7247,0.7197,0.72325
2003-11-22T00:00:00.000000000+0000,0.72325,0.72325,0.72325,0.72325
2003-11-23T00:00:00.000000000+0000,0.72291,0.72355,0.72159,0.72239
2003-11-24T00:00:00.000000000+0000,0.7225,0.72425,0.71504,0.71869
2003-11-25T00:00:00.000000000+0000,0.7184,0.72125,0.71584,0.71801
2003-11-26T00:00:00.000000000+0000,0.7182,0.72495,0.71561,0.7227
2003-11-27T00:00:00.000000000+0000,0.7228,0.72415,0.72069,0.72208
2003-11-28T00:00:00.000000000+0000,0.7221,0.72555,0.71853,0.7234
2003-11-29T00:00:00.000000000+0000,0.7234,0.7234,0.7234,0.7234
2003-11-30T00:00:00.000000000+0000,0.72332,0.72393,0.72271,0.72345
2003-12-01T00:00:00.000000000+0000,0.72349,0.72885,0.72226,0.72694
2003-12-02T00:00:00.000000000+0000,0.72681,0.73295,0.72566,0.73204
2003-12-03T00:00:00.000000000+0000,0.73168,0.73735,0.7295,0.73668
2003-12-04T00:00:00.000000000+0000,0.73676,0.7381,0.73111,0.73469
2003-12-05T00:00:00.000000000+0000,0.735,0.737,0.73261,0.73597
2003-12-06T00:00:00.000000000+0000,0.73597,0.73597,0.73597,0.73597
2003-12-07T00:00:00.000000000+0000,0.73634,0.7368,0.73518,0.7355
2003-12-08T00:00:00.000000000+0000,0.73552,0.7414,0.73491,0.73969
2003-12-09T00:00:00.000000000+0000,0.7399,0.74305,0.73659,0.73929
2003-12-10T00:00:00.000000000+0000,0.73932,0.74113,0.73564,0.73826
2003-12-11T00:00:00.000000000+0000,0.7383,0.73998,0.73287,0.73942
2003-12-12T00:00:00.000000000+0000,0.73955,0.74365,0.7378,0.7417
2003-12-13T00:00:00.000000000+0000,0.7417,0.7417,0.7417,0.7417
2003-12-14T00:00:00.000000000+0000,0.73723,0.73843,0.73611,0.7382
2003-12-15T00:00:00.000000000+0000,0.73819,0.74465,0.73649,0.74306
2003-12-16T00:00:00.000000000+0000,0.74316,0.7455,0.74149,0.74271
2003-12-17T00:00:00.000000000+0000,0.74262,0.74335,0.73665,0.7387
2003-12-18T00:00:00.000000000+0000,0.73861,0.7428,0.7343,0.7403
2003-12-19T00:00:00.000000000+0000,0.7404,0.74087,0.7352,0.73565
2003-12-20T00:00:00.000000000+0000,0.73565,0.73565,0.73565,0.73565
2003-12-21T00:00:00.000000000+0000,0.73667,0.73709,0.73282,0.73295
2003-12-22T00:00:00.000000000+0000,0.73294,0.7371,0.73201,0.73344
2003-12-23T00:00:00.000000000+0000,0.73346,0.73972,0.73259,0.7378
2003-12-24T00:00:00.000000000+0000,0.73794,0.7433,0.73702,0.74147
2003-12-25T00:00:00.000000000+0000,0.7416,0.74269,0.74072,0.74186
2003-12-26T00:00:00.000000000+0000,0.74182,0.74375,0.74001,0.7414
2003-12-27T00:00:00.000000000+0000,0.7414,0.7414,0.7414,0.7414
2003-12-28T00:00:00.000000000+0000,0.74057,0.74144,0.73975,0.74083
2003-12-29T00:00:00.000000000+0000,0.74093,0.74465,0.73996,0.74319
2003-12-30T00:00:00.000000000+0000,0.74327,0.74935,0.74239,0.74828
2003-12-31T00:00:00.000000000+0000,0.74818,0.75395,0.747,0.75226
2004-01-01T00:00:00.000000000+0000,0.75147,0.75305,0.74963,0.75168
2004-01-02T00:00:00.000000000+0000,0.75169,0.75915,0.74939,0.75737
2004-01-03T00:00:00.000000000+0000,0.75737,0.75737,0.75737,0.75737
2004-01-04T00:00:00.000000000+0000,0.75793,0.76064,0.75719,0.75911
2004-01-05T00:00:00.000000000+0000,0.75914,0.769,0.75907,0.76707
2004-01-06T00:00:00.000000000+0000,0.76695,0.77265,0.76553,0.7681
2004-01-07T00:00:00.000000000+0000,0.76818,0.77055,0.76477,0.76737
2004-01-08T00:00:00.000000000+0000,0.76728,0.77571,0.76473,0.77389
2004-01-09T00:00:00.000000000+0000,0.77401,0.7783,0.77064,0.77609
2004-01-10T00:00:00.000000000+0000,0.77609,0.77609,0.77609,0.77609
2004-01-11T00:00:00.000000000+0000,0.77713,0.7775,0.77599,0.7772
2004-01-12T00:00:00.000000000+0000,0.77706,0.77995,0.77436,0.77594
2004-01-13T00:00:00.000000000+0000,0.77587,0.78115,0.77449,0.77962
2004-01-14T00:00:00.000000000+0000,0.77979,0.78011,0.77246,0.7742
2004-01-15T00:00:00.000000000+0000,0.77409,0.77665,0.76838,0.77095
2004-01-16T00:00:00.000000000+0000,0.77101,0.77199,0.76072,0.76272
2004-01-17T00:00:00.000000000+0000,0.76272,0.76272,0.76272,0.76272
2004-01-18T00:00:00.000000000+0000,0.7625,0.76358,0.76016,0.7608
2004-01-19T00:00:00.000000000+0000,0.7607,0.76145,0.75236,0.75401
2004-01-20T00:00:00.000000000+0000,0.75402,0.76995,0.75372,0.7673
2004-01-21T00:00:00.000000000+0000,0.7674,0.77457,0.7654,0.77308
2004-01-22T00:00:00.000000000+0000,0.77313,0.7794,0.77145,0.77717
2004-01-23T00:00:00.000000000+0000,0.77715,0.77965,0.77009,0.77079
2004-01-24T00:00:00.000000000+0000,0.77079,0.77079,0.77079,0.77079
2004-01-25T00:00:00.000000000+0000,0.76983,0.77172,0.76977,0.77087
2004-01-26T00:00:00.000000000+0000,0.7709,0.77718,0.76718,0.76886
2004-01-27T00:00:00.000000000+0000,0.76886,0.78125,0.76743,0.77832
2004-01-28T00:00:00.000000000+0000,0.7783,0.78105,0.76586,0.76911
2004-01-29T00:00:00.000000000+0000,0.76919,0.7745,0.75713,0.76123
2004-01-30T00:00:00.000000000+0000,0.76129,0.76496,0.7542,0.7635
2004-01-31T00:00:00.000000000+0000,0.7635,0.7635,0.7635,0.7635
2004-02-01T00:00:00.000000000+0000,0.7637,0.76441,0.76265,0.76415
2004-02-02T00:00:00.000000000+0000,0.76411,0.7653,0.75528,0.75833
2004-02-03T00:00:00.000000000+0000,0.75806,0.7673,0.75745,0.76242
2004-02-04T00:00:00.000000000+0000,0.7619,0.76487,0.75831,0.76132
2004-02-05T00:00:00.000000000+0000,0.76147,0.767,0.75945,0.7618
2004-02-06T00:00:00.000000000+0000,0.76181,0.77095,0.76035,0.77002
2004-02-07T00:00:00.000000000+0000,0.77002,0.77002,0.77002,0.77002
2004-02-08T00:00:00.000000000+0000,0.76936,0.76936,0.7643,0.76643
2004-02-09T00:00:00.000000000+0000,0.76642,0.77825,0.76631,0.77598
2004-02-10T00:00:00.000000000+0000,0.77624,0.78352,0.7759,0.77933
2004-02-11T00:00:00.000000000+0000,0.77921,0.78925,0.7761,0.78664
2004-02-12T00:00:00.000000000+0000,0.78658,0.7908,0.78507,0.78857
2004-02-13T00:00:00.000000000+0000,0.78858,0.7943,0.78602,0.78937
2004-02-14T00:00:00.000000000+0000,0.78937,0.78937,0.78937,0.78937
2004-02-15T00:00:00.000000000+0000,0.78918,0.79069,0.78857,0.79029
2004-02-16T00:00:00.000000000+0000,0.79022,0.79335,0.7888,0.79085
2004-02-17T00:00:00.000000000+0000,0.79094,0.79873,0.7905,0.79713
2004-02-18T00:00:00.000000000+0000,0.79721,0.80022,0.78685,0.79019
2004-02-19T00:00:00.000000000+0000,0.79011,0.79322,0.78625,0.79258
2004-02-20T00:00:00.000000000+0000,0.79258,0.79291,0.76357,0.77084
2004-02-21T00:00:00.000000000+0000,0.77084,0.77084,0.77084,0.77084
2004-02-22T00:00:00.000000000+0000,0.76853,0.7706,0.76804,0.76995
2004-02-23T00:00:00.000000000+0000,0.76978,0.7754,0.76492,0.7733
2004-02-24T00:00:00.000000000+0000,0.77328,0.78155,0.76881,0.77902
2004-02-25T00:00:00.000000000+0000,0.7789,0.78158,0.77006,0.77179
2004-02-26T00:00:00.000000000+0000,0.77174,0.77395,0.766,0.77068
2004-02-27T00:00:00.000000000+0000,0.77055,0.77435,0.76554,0.7732
2004-02-28T00:00:00.000000000+0000,0.7732,0.7732,0.7732,0.7732
2004-02-29T00:00:00.000000000+0000,0.77312,0.77471,0.77159,0.77428
2004-03-01T00:00:00.000000000+0000,0.77412,0.77655,0.77021,0.77216
2004-03-02T00:00:00.000000000+0000,0.77199,0.77415,0.75776,0.75866
2004-03-03T00:00:00.000000000+0000,0.75861,0.76035,0.7397,0.74835
2004-03-04T00:00:00.000000000+0000,0.74839,0.75553,0.74684,0.74987
2004-03-05T00:00:00.000000000+0000,0.74991,0.76235,0.74795,0.75891
2004-03-06T00:00:00.000000000+0000,0.75891,0.75891,0.75891,0.75891
2004-03-07T00:00:00.000000000+0000,0.75937,0.76074,0.75736,0.75743
2004-03-08T00:00:00.000000000+0000,0.75745,0.76048,0.75367,0.76001
2004-03-09T00:00:00.000000000+0000,0.75996,0.76565,0.7562,0.75797
2004-03-10T00:00:00.000000000+0000,0.75805,0.75915,0.74427,0.749
2004-03-11T00:00:00.000000000+0000,0.74884,0.7496,0.73135,0.73444
2004-03-12T00:00:00.000000000+0000,0.73446,0.73527,0.7249,0.73288
2004-03-13T00:00:00.000000000+0000,0.73288,0.73288,0.73288,0.73288
2004-03-14T00:00:00.000000000+0000,0.73712,0.73725,0.72864,0.73201
2004-03-15T00:00:00.000000000+0000,0.7323,0.73805,0.7287,0.73592
2004-03-16T00:00:00.000000000+0000,0.73566,0.74365,0.7351,0.74101
2004-03-17T00:00:00.000000000+0000,0.7411,0.74355,0.7359,0.73966
2004-03-18T00:00:00.000000000+0000,0.73969,0.75308,0.73951,0.75139
2004-03-19T00:00:00.000000000+0000,0.75125,0.7517,0.74393,0.74879
2004-03-20T00:00:00.000000000+0000,0.74879,0.74879,0.74879,0.74879
2004-03-21T00:00:00.000000000+0000,0.74806,0.74856,0.74594,0.74668
2004-03-22T00:00:00.000000000+0000,0.74663,0.75573,0.74244,0.75253
2004-03-23T00:00:00.000000000+0000,0.7526,0.75415,0.74881,0.75238
2004-03-24T00:00:00.000000000+0000,0.75263,0.75465,0.7418,0.74342
2004-03-25T00:00:00.000000000+0000,0.74346,0.74487,0.7367,0.74085
2004-03-26T00:00:00.000000000+0000,0.74099,0.74732,0.73745,0.74566
2004-03-27T00:00:00.000000000+0000,0.74566,0.74566,0.74566,0.74566
2004-03-28T00:00:00.000000000+0000,0.74588,0.74627,0.74352,0.74535
2004-03-29T00:00:00.000000000+0000,0.74507,0.74893,0.74279,0.74721
2004-03-30T00:00:00.000000000+0000,0.74739,0.75555,0.74664,0.75457
2004-03-31T00:00:00.000000000+0000,0.75457,0.7669,0.7531,0.76547
2004-04-01T00:00:00.000000000+0000,0.76509,0.7691,0.75934,0.76581
2004-04-02T00:00:00.000000000+0000,0.76608,0.76692,0.75568,0.75708
2004-04-03T00:00:00.000000000+0000,0.75708,0.75708,0.75708,0.75708
2004-04-04T00:00:00.000000000+0000,0.75504,0.75645,0.75393,0.75577
2004-04-05T00:00:00.000000000+0000,0.75582,0.75962,0.7509,0.75398
2004-04-06T00:00:00.000000000+0000,0.75408,0.76336,0.75064,0.76002
2004-04-07T00:00:00.000000000+0000,0.75992,0.76905,0.75687,0.76508
2004-04-08T00:00:00.000000000+0000,0.76511,0.76725,0.75764,0.76111
2004-04-09T00:00:00.000000000+0000,0.76122,0.7651,0.76054,0.76323
2004-04-10T00:00:00.000000000+0000,0.76323,0.76323,0.76323,0.76323
2004-04-11T00:00:00.000000000+0000,0.763,0.76387,0.76139,0.76248
2004-04-12T00:00:00.000000000+0000,0.76243,0.7679,0.76229,0.76743
2004-04-13T00:00:00.000000000+0000,0.76746,0.76886,0.75196,0.75237
2004-04-14T00:00:00.000000000+0000,0.75255,0.75322,0.7294,0.73318
2004-04-15T00:00:00.000000000+0000,0.7333,0.74203,0.73173,0.73961
2004-04-16T00:00:00.000000000+0000,0.73948,0.74607,0.73576,0.74313
2004-04-17T00:00:00.000000000+0000,0.74313,0.74313,0.74313,0.74313
2004-04-18T00:00:00.000000000+0000,0.743,0.74562,0.74296,0.74497
2004-04-19T00:00:00.000000000+0000,0.74493,0.75107,0.74411,0.74492
2004-04-20T00:00:00.000000000+0000,0.74493,0.74578,0.72935,0.73154
2004-04-21T00:00:00.000000000+0000,0.73151,0.73715,0.72596,0.72712
2004-04-22T00:00:00.000000000+0000,0.7273,0.73543,0.72313,0.73316
2004-04-23T00:00:00.000000000+0000,0.73282,0.73497,0.72643,0.73317
2004-04-24T00:00:00.000000000+0000,0.73317,0.73317,0.73317,0.73317
2004-04-25T00:00:00.000000000+0000,0.73307,0.73307,0.72825,0.72895
2004-04-26T00:00:00.000000000+0000,0.72899,0.736,0.72766,0.73352
2004-04-27T00:00:00.000000000+0000,0.73345,0.7367,0.72818,0.73523
2004-04-28T00:00:00.000000000+0000,0.73516,0.73622,0.71783,0.71888
2004-04-29T00:00:00.000000000+0000,0.71887,0.72365,0.7121,0.71869
2004-04-30T00:00:00.000000000+0000,0.71837,0.7241,0.71664,0.71978
2004-05-01T00:00:00.000000000+0000,0.71978,0.71978,0.71978,0.71978
2004-05-02T00:00:00.000000000+0000,0.72145,0.72286,0.72096,0.722
2004-05-03T00:00:00.000000000+0000,0.72186,0.72237,0.71745,0.72033
2004-05-04T00:00:00.000000000+0000,0.72055,0.73131,0.72005,0.73034
2004-05-05T00:00:00.000000000+0000,0.73028,0.73418,0.72806,0.73205
2004-05-06T00:00:00.000000000+0000,0.73205,0.73255,0.71996,0.72209
2004-05-07T00:00:00.000000000+0000,0.72212,0.72357,0.70081,0.70304
2004-05-08T00:00:00.000000000+0000,0.70304,0.70304,0.70304,0.70304
2004-05-09T00:00:00.000000000+0000,0.70284,0.70433,0.70068,0.70133
2004-05-10T00:00:00.000000000+0000,0.70135,0.70235,0.6903,0.69499
2004-05-11T00:00:00.000000000+0000,0.69497,0.69978,0.69178,0.69941
2004-05-12T00:00:00.000000000+0000,0.69945,0.70232,0.6939,0.69776
2004-05-13T00:00:00.000000000+0000,0.69777,0.69945,0.68462,0.68905
2004-05-14T00:00:00.000000000+0000,0.68871,0.69227,0.68281,0.6913
2004-05-15T00:00:00.000000000+0000,0.6913,0.6913,0.6913,0.6913
2004-05-16T00:00:00.000000000+0000,0.69094,0.69185,0.68879,0.68898
2004-05-17T00:00:00.000000000+0000,0.68928,0.69615,0.67912,0.68297
2004-05-18T00:00:00.000000000+0000,0.68281,0.68837,0.67979,0.68744
2004-05-19T00:00:00.000000000+0000,0.68758,0.70125,0.68719,0.69585
2004-05-20T00:00:00.000000000+0000,0.69581,0.69725,0.69017,0.69481
2004-05-21T00:00:00.000000000+0000,0.69489,0.70335,0.69379,0.69654
2004-05-22T00:00:00.000000000+0000,0.69654,0.69654,0.69654,0.69654
2004-05-23T00:00:00.000000000+0000,0.69717,0.6999,0.69715,0.69778
2004-05-24T00:00:00.000000000+0000,0.6979,0.70111,0.69411,0.69672
2004-05-25T00:00:00.000000000+0000,0.69681,0.71,0.69621,0.70761
2004-05-26T00:00:00.000000000+0000,0.7073,0.7115,0.70473,0.70636
2004-05-27T00:00:00.000000000+0000,0.70637,0.71885,0.70513,0.71788
2004-05-28T00:00:00.000000000+0000,0.71766,0.71985,0.71128,0.7134
2004-05-29T00:00:00.000000000+0000,0.7134,0.7134,0.7134,0.7134
2004-05-30T00:00:00.000000000+0000,0.7134,0.7134,0.7134,0.7134
2004-05-31T00:00:00.000000000+0000,0.71374,0.7174,0.71165,0.71513
2004-06-01T00:00:00.000000000+0000,0.71509,0.7174,0.70505,0.70838
2004-06-02T00:00:00.000000000+0000,0.70835,0.70955,0.69276,0.69642
2004-06-03T00:00:00.000000000+0000,0.69631,0.6985,0.6844,0.68968
2004-06-04T00:00:00.000000000+0000,0.68978,0.69626,0.68787,0.69537
2004-06-05T00:00:00.000000000+0000,0.69537,0.69537,0.69537,0.69537
2004-06-06T00:00:00.000000000+0000,0.69627,0.69911,0.69565,0.69733
2004-06-07T00:00:00.000000000+0000,0.69727,0.7077,0.69623,0.70514
2004-06-08T00:00:00.000000000+0000,0.70503,0.70645,0.69854,0.70032
2004-06-09T00:00:00.000000000+0000,0.70045,0.70072,0.68738,0.68879
2004-06-10T00:00:00.000000000+0000,0.68887,0.6992,0.68597,0.69412
2004-06-11T00:00:00.000000000+0000,0.69416,0.69559,0.69002,0.69215
2004-06-12T00:00:00.000000000+0000,0.69215,0.69215,0.69215,0.69215
2004-06-13T00:00:00.000000000+0000,0.69169,0.6928,0.6866,0.6885
2004-06-14T00:00:00.000000000+0000,0.68841,0.69282,0.68275,0.68788
2004-06-15T00:00:00.000000000+0000,0.68766,0.6993,0.67938,0.69586
2004-06-16T00:00:00.000000000+0000,0.6958,0.6975,0.68497,0.68642
2004-06-17T00:00:00.000000000+0000,0.68562,0.69122,0.67753,0.68156
2004-06-18T00:00:00.000000000+0000,0.68149,0.69076,0.67954,0.68801
2004-06-19T00:00:00.000000000+0000,0.68801,0.68801,0.68801,0.68801
2004-06-20T00:00:00.000000000+0000,0.6882,0.69085,0.68812,0.68995
2004-06-21T00:00:00.000000000+0000,0.68988,0.6918,0.68671,0.69101
2004-06-22T00:00:00.000000000+0000,0.6908,0.69181,0.68414,0.68663
2004-06-23T00:00:00.000000000+0000,0.68646,0.6916,0.68451,0.68786
2004-06-24T00:00:00.000000000+0000,0.68773,0.70153,0.6869,0.70061
2004-06-25T00:00:00.000000000+0000,0.70061,0.70232,0.69606,0.70016
2004-06-26T00:00:00.000000000+0000,0.70016,0.70016,0.70016,0.70016
2004-06-27T00:00:00.000000000+0000,0.70007,0.70035,0.69781,0.69862
2004-06-28T00:00:00.000000000+0000,0.69886,0.7023,0.69511,0.70051
2004-06-29T00:00:00.000000000+0000,0.70041,0.7009,0.68843,0.6905
2004-06-30T00:00:00.000000000+0000,0.69049,0.69925,0.68715,0.69835
2004-07-01T00:00:00.000000000+0000,0.69812,0.70695,0.69622,0.70574
2004-07-02T00:00:00.000000000+0000,0.70565,0.71383,0.70114,0.71235
2004-07-03T00:00:00.000000000+0000,0.71235,0.71235,0.71235,0.71235
2004-07-04T00:00:00.000000000+0000,0.71247,0.7134,0.71118,0.71179
2004-07-05T00:00:00.000000000+0000,0.71222,0.7161,0.71088,0.71306
2004-07-06T00:00:00.000000000+0000,0.71295,0.71875,0.71107,0.71543
2004-07-07T00:00:00.000000000+0000,0.7153,0.72422,0.71335,0.72209
2004-07-08T00:00:00.000000000+0000,0.72226,0.72315,0.7168,0.72142
2004-07-09T00:00:00.000000000+0000,0.72129,0.72407,0.71841,0.72074
2004-07-10T00:00:00.000000000+0000,0.72074,0.72074,0.72074,0.72074
2004-07-11T00:00:00.000000000+0000,0.72167,0.72615,0.72164,0.72548
2004-07-12T00:00:00.000000000+0000,0.72525,0.72835,0.7228,0.72609
2004-07-13T00:00:00.000000000+0000,0.72583,0.72705,0.7204,0.7242
2004-07-14T00:00:00.000000000+0000,0.72408,0.7268,0.7218,0.72515
2004-07-15T00:00:00.000000000+0000,0.72504,0.7262,0.72006,0.72085
2004-07-16T00:00:00.000000000+0000,0.72079,0.73245,0.71933,0.73157
2004-07-17T00:00:00.000000000+0000,0.73157,0.73157,0.73157,0.73157
2004-07-18T00:00:00.000000000+0000,0.7316,0.73418,0.73098,0.73287
2004-07-19T00:00:00.000000000+0000,0.73307,0.73471,0.73081,0.73253
2004-07-20T00:00:00.000000000+0000,0.73236,0.73366,0.72573,0.72682
2004-07-21T00:00:00.000000000+0000,0.72664,0.72795,0.71095,0.71282
2004-07-22T00:00:00.000000000+0000,0.71254,0.71795,0.70915,0.71486
2004-07-23T00:00:00.000000000+0000,0.71513,0.71544,0.70704,0.709
2004-07-24T00:00:00.000000000+0000,0.709,0.709,0.709,0.709
2004-07-25T00:00:00.000000000+0000,0.70858,0.70915,0.70673,0.70717
2004-07-26T00:00:00.000000000+0000,0.7071,0.71315,0.70615,0.70972
2004-07-27T00:00:00.000000000+0000,0.70964,0.71398,0.69719,0.70116
2004-07-28T00:00:00.000000000+0000,0.70094,0.70225,0.69475,0.69749
2004-07-29T00:00:00.000000000+0000,0.69762,0.70082,0.69304,0.6996
2004-07-30T00:00:00.000000000+0000,0.69936,0.7058,0.69516,0.70093
2004-07-31T00:00:00.000000000+0000,0.70093,0.70093,0.70093,0.70093
2004-08-01T00:00:00.000000000+0000,0.70094,0.70414,0.70088,0.70307
2004-08-02T00:00:00.000000000+0000,0.70279,0.7063,0.70022,0.70201
2004-08-03T00:00:00.000000000+0000,0.70177,0.70775,0.69845,0.7054
2004-08-04T00:00:00.000000000+0000,0.70556,0.7067,0.70096,0.7049
2004-08-05T00:00:00.000000000+0000,0.70484,0.70555,0.70095,0.7018
2004-08-06T00:00:00.000000000+0000,0.70147,0.71562,0.70105,0.71177
2004-08-07T00:00:00.000000000+0000,0.71177,0.71177,0.71177,0.71177
2004-08-08T00:00:00.000000000+0000,0.71169,0.71431,0.71146,0.71327
2004-08-09T00:00:00.000000000+0000,0.71341,0.7177,0.71304,0.71417
2004-08-10T00:00:00.000000000+0000,0.71413,0.71742,0.70986,0.71159
2004-08-11T00:00:00.000000000+0000,0.7116,0.71536,0.71,0.7129
2004-08-12T00:00:00.000000000+0000,0.71277,0.71795,0.7117,0.71229
2004-08-13T00:00:00.000000000+0000,0.71219,0.71759,0.70547,0.7152
2004-08-14T00:00:00.000000000+0000,0.7152,0.7152,0.7152,0.7152
2004-08-15T00:00:00.000000000+0000,0.71507,0.718,0.71471,0.71731
2004-08-16T00:00:00.000000000+0000,0.7172,0.71955,0.71559,0.71776
2004-08-17T00:00:00.000000000+0000,0.71766,0.71945,0.71276,0.71505
2004-08-18T00:00:00.000000000+0000,0.71523,0.71675,0.71298,0.71541
2004-08-19T00:00:00.000000000+0000,0.71534,0.7262,0.71355,0.72351
2004-08-20T00:00:00.000000000+0000,0.72332,0.7258,0.72112,0.72241
2004-08-21T00:00:00.000000000+0000,0.72241,0.72241,0.72241,0.72241
2004-08-22T00:00:00.000000000+0000,0.7227,0.7236,0.72156,0.72234
2004-08-23T00:00:00.000000000+0000,0.72226,0.72272,0.71026,0.71222
2004-08-24T00:00:00.000000000+0000,0.71241,0.71285,0.70181,0.70396
2004-08-25T00:00:00.000000000+0000,0.70422,0.70835,0.70238,0.705
2004-08-26T00:00:00.000000000+0000,0.70482,0.70805,0.69986,0.70395
2004-08-27T00:00:00.000000000+0000,0.70395,0.70856,0.70038,0.70049
2004-08-28T00:00:00.000000000+0000,0.70049,0.70049,0.70049,0.70049
2004-08-29T00:00:00.000000000+0000,0.70077,0.7029,0.69924,0.70024
2004-08-30T00:00:00.000000000+0000,0.70032,0.70195,0.6954,0.69874
2004-08-31T00:00:00.000000000+0000,0.69875,0.70772,0.69735,0.7053
2004-09-01T00:00:00.000000000+0000,0.70532,0.70606,0.70108,0.70269
2004-09-02T00:00:00.000000000+0000,0.70307,0.70335,0.69372,0.69548
2004-09-03T00:00:00.000000000+0000,0.69542,0.69865,0.68805,0.68922
2004-09-04T00:00:00.000000000+0000,0.68922,0.68922,0.68922,0.68922
2004-09-05T00:00:00.000000000+0000,0.69115,0.692,0.6901,0.6914
2004-09-06T00:00:00.000000000+0000,0.69141,0.6932,0.68893,0.69233
2004-09-07T00:00:00.000000000+0000,0.69219,0.6959,0.69055,0.69188
2004-09-08T00:00:00.000000000+0000,0.69186,0.6982,0.68759,0.69535
2004-09-09T00:00:00.000000000+0000,0.69545,0.6972,0.68498,0.68792
2004-09-10T00:00:00.000000000+0000,0.6882,0.6991,0.68708,0.69353
2004-09-11T00:00:00.000000000+0000,0.69353,0.69353,0.69353,0.69353
2004-09-12T00:00:00.000000000+0000,0.69482,0.69745,0.69479,0.69708
2004-09-13T00:00:00.000000000+0000,0.69685,0.69835,0.69402,0.69688
2004-09-14T00:00:00.000000000+0000,0.69686,0.7046,0.69631,0.70238
2004-09-15T00:00:00.000000000+0000,0.7022,0.7028,0.6929,0.69463
2004-09-16T00:00:00.000000000+0000,0.69465,0.70037,0.69371,0.69892
2004-09-17T00:00:00.000000000+0000,0.69863,0.70082,0.69488,0.69528
2004-09-18T00:00:00.000000000+0000,0.69528,0.69528,0.69528,0.69528
2004-09-19T00:00:00.000000000+0000,0.69592,0.69834,0.69582,0.69768
2004-09-20T00:00:00.000000000+0000,0.69759,0.70175,0.69687,0.69992
2004-09-21T00:00:00.000000000+0000,0.6999,0.70473,0.6984,0.70373
2004-09-22T00:00:00.000000000+0000,0.70378,0.70795,0.70285,0.70628
2004-09-23T00:00:00.000000000+0000,0.70626,0.71605,0.70606,0.71401
2004-09-24T00:00:00.000000000+0000,0.71397,0.71689,0.71097,0.7138
2004-09-25T00:00:00.000000000+0000,0.7138,0.7138,0.7138,0.7138
2004-09-26T00:00:00.000000000+0000,0.71409,0.71468,0.71267,0.71355
2004-09-27T00:00:00.000000000+0000,0.71355,0.716,0.70954,0.71514
2004-09-28T00:00:00.000000000+0000,0.71523,0.7193,0.7129,0.71715
2004-09-29T00:00:00.000000000+0000,0.71705,0.71805,0.71251,0.71639
2004-09-30T00:00:00.000000000+0000,0.71644,0.7285,0.71309,0.72566
2004-10-01T00:00:00.000000000+0000,0.72554,0.72673,0.72215,0.72571
2004-10-02T00:00:00.000000000+0000,0.72571,0.72571,0.72571,0.72571
2004-10-03T00:00:00.000000000+0000,0.72368,0.72455,0.7223,0.72367
2004-10-04T00:00:00.000000000+0000,0.72362,0.72435,0.71818,0.71966
2004-10-05T00:00:00.000000000+0000,0.71966,0.72537,0.71857,0.72317
2004-10-06T00:00:00.000000000+0000,0.72321,0.72485,0.72012,0.72196
2004-10-07T00:00:00.000000000+0000,0.722,0.72855,0.72113,0.72688
2004-10-08T00:00:00.000000000+0000,0.72672,0.73628,0.72511,0.73354
2004-10-09T00:00:00.000000000+0000,0.73354,0.73354,0.73354,0.73354
2004-10-10T00:00:00.000000000+0000,0.73583,0.73815,0.73463,0.73541
2004-10-11T00:00:00.000000000+0000,0.73525,0.7363,0.73176,0.73301
2004-10-12T00:00:00.000000000+0000,0.73289,0.73385,0.72627,0.72958
2004-10-13T00:00:00.000000000+0000,0.72975,0.73095,0.72111,0.72413
2004-10-14T00:00:00.000000000+0000,0.72416,0.73235,0.72225,0.729
2004-10-15T00:00:00.000000000+0000,0.72874,0.73323,0.72649,0.73077
2004-10-16T00:00:00.000000000+0000,0.73077,0.73077,0.73077,0.73077
2004-10-17T00:00:00.000000000+0000,0.73005,0.7317,0.7296,0.73073
2004-10-18T00:00:00.000000000+0000,0.73084,0.73195,0.72315,0.72449
2004-10-19T00:00:00.000000000+0000,0.72437,0.7297,0.72174,0.72812
2004-10-20T00:00:00.000000000+0000,0.72792,0.73738,0.7259,0.7341
2004-10-21T00:00:00.000000000+0000,0.73412,0.74022,0.73371,0.73695
2004-10-22T00:00:00.000000000+0000,0.73668,0.74029,0.73548,0.73935
2004-10-23T00:00:00.000000000+0000,0.73935,0.73935,0.73935,0.73935
2004-10-24T00:00:00.000000000+0000,0.74085,0.74365,0.74047,0.74284
2004-10-25T00:00:00.000000000+0000,0.74275,0.74961,0.74238,0.74822
2004-10-26T00:00:00.000000000+0000,0.74821,0.75032,0.74337,0.74509
2004-10-27T00:00:00.000000000+0000,0.74525,0.75075,0.74189,0.74509
2004-10-28T00:00:00.000000000+0000,0.74517,0.75002,0.73661,0.7445
2004-10-29T00:00:00.000000000+0000,0.74455,0.74909,0.74295,0.74843
2004-10-30T00:00:00.000000000+0000,0.74843,0.74843,0.74843,0.74843
2004-10-31T00:00:00.000000000+0000,0.74841,0.7498,0.74767,0.749
2004-11-01T00:00:00.000000000+0000,0.74884,0.7494,0.74352,0.74509
2004-11-02T00:00:00.000000000+0000,0.74522,0.74908,0.7431,0.74693
2004-11-03T00:00:00.000000000+0000,0.74698,0.75703,0.74391,0.75562
2004-11-04T00:00:00.000000000+0000,0.75551,0.759,0.75349,0.75615
2004-11-05T00:00:00.000000000+0000,0.75609,0.7633,0.75387,0.76237
2004-11-06T00:00:00.000000000+0000,0.76237,0.76237,0.76237,0.76237
2004-11-07T00:00:00.000000000+0000,0.76285,0.76359,0.76123,0.76216
2004-11-08T00:00:00.000000000+0000,0.76228,0.76275,0.75535,0.75683
2004-11-09T00:00:00.000000000+0000,0.75683,0.76187,0.7549,0.75919
2004-11-10T00:00:00.000000000+0000,0.75935,0.76415,0.75566,0.75792
2004-11-11T00:00:00.000000000+0000,0.75793,0.76552,0.75738,0.76376
2004-11-12T00:00:00.000000000+0000,0.76377,0.76993,0.76253,0.76886
2004-11-13T00:00:00.000000000+0000,0.76886,0.76886,0.76886,0.76886
2004-11-14T00:00:00.000000000+0000,0.76931,0.76945,0.76746,0.76904
2004-11-15T00:00:00.000000000+0000,0.76892,0.77375,0.7682,0.77133
2004-11-16T00:00:00.000000000+0000,0.77114,0.77425,0.76857,0.77192
2004-11-17T00:00:00.000000000+0000,0.772,0.78415,0.77137,0.78092
2004-11-18T00:00:00.000000000+0000,0.78085,0.78435,0.77582,0.77645
2004-11-19T00:00:00.000000000+0000,0.77682,0.7861,0.77451,0.78297
2004-11-20T00:00:00.000000000+0000,0.78297,0.78297,0.78297,0.78297
2004-11-21T00:00:00.000000000+0000,0.78397,0.78508,0.78294,0.78331
2004-11-22T00:00:00.000000000+0000,0.78387,0.78513,0.78018,0.7819
2004-11-23T00:00:00.000000000+0000,0.78177,0.78768,0.77676,0.7859
2004-11-24T00:00:00.000000000+0000,0.78596,0.78925,0.78384,0.78615
2004-11-25T00:00:00.000000000+0000,0.78623,0.79335,0.78506,0.79176
2004-11-26T00:00:00.000000000+0000,0.79174,0.79465,0.78415,0.79025
2004-11-27T00:00:00.000000000+0000,0.79025,0.79025,0.79025,0.79025
2004-11-28T00:00:00.000000000+0000,0.79003,0.7902,0.78727,0.78755
2004-11-29T00:00:00.000000000+0000,0.78745,0.78855,0.77961,0.78036
2004-11-30T00:00:00.000000000+0000,0.78018,0.7818,0.76951,0.77278
2004-12-01T00:00:00.000000000+0000,0.77279,0.77903,0.76952,0.77727
2004-12-02T00:00:00.000000000+0000,0.77727,0.78315,0.77295,0.77395
2004-12-03T00:00:00.000000000+0000,0.77388,0.78183,0.77131,0.78126
2004-12-04T00:00:00.000000000+0000,0.78126,0.78126,0.78126,0.78126
2004-12-05T00:00:00.000000000+0000,0.78167,0.78171,0.77909,0.78048
2004-12-06T00:00:00.000000000+0000,0.78039,0.78225,0.77197,0.77278
2004-12-07T00:00:00.000000000+0000,0.7726,0.77995,0.77235,0.7748
2004-12-08T00:00:00.000000000+0000,0.77463,0.77521,0.7521,0.756
2004-12-09T00:00:00.000000000+0000,0.75613,0.7617,0.74955,0.75463
2004-12-10T00:00:00.000000000+0000,0.7547,0.75527,0.74418,0.75057
2004-12-11T00:00:00.000000000+0000,0.75057,0.75057,0.75057,0.75057
2004-12-12T00:00:00.000000000+0000,0.74982,0.75085,0.74741,0.75018
2004-12-13T00:00:00.000000000+0000,0.75023,0.76073,0.74976,0.76015
2004-12-14T00:00:00.000000000+0000,0.7603,0.76175,0.75414,0.75475
2004-12-15T00:00:00.000000000+0000,0.75482,0.7651,0.75354,0.76302
2004-12-16T00:00:00.000000000+0000,0.76305,0.76675,0.75254,0.75728
2004-12-17T00:00:00.000000000+0000,0.75726,0.7652,0.75564,0.76197
2004-12-18T00:00:00.000000000+0000,0.76197,0.76197,0.76197,0.76197
2004-12-19T00:00:00.000000000+0000,0.76275,0.7651,0.76259,0.76357
2004-12-20T00:00:00.000000000+0000,0.76342,0.76528,0.76094,0.76327
2004-12-21T00:00:00.000000000+0000,0.76304,0.76835,0.76286,0.76589
2004-12-22T00:00:00.000000000+0000,0.76574,0.76815,0.76229,0.76358
2004-12-23T00:00:00.000000000+0000,0.76368,0.76735,0.76313,0.76578
2004-12-24T00:00:00.000000000+0000,0.7659,0.77112,0.76358,0.76872
2004-12-25T00:00:00.000000000+0000,0.76872,0.76872,0.76872,0.76872
2004-12-26T00:00:00.000000000+0000,0.76952,0.76985,0.76813,0.76843
2004-12-27T00:00:00.000000000+0000,0.76857,0.77903,0.76777,0.77762
2004-12-28T00:00:00.000000000+0000,0.7776,0.78125,0.77482,0.77757
2004-12-29T00:00:00.000000000+0000,0.77744,0.7806,0.76993,0.77242
2004-12-30T00:00:00.000000000+0000,0.77231,0.77998,0.77199,0.77794
2004-12-31T00:00:00.000000000+0000,0.77803,0.78413,0.77772,0.77983
2005-01-01T00:00:00.000000000+0000,0.78261,0.78261,0.78261,0.78261
2005-01-02T00:00:00.000000000+0000,0.78037,0.78369,0.77981,0.78261
2005-01-03T00:00:00.000000000+0000,0.78282,0.78343,0.77198,0.77633
2005-01-04T00:00:00.000000000+0000,0.77628,0.77995,0.76288,0.76512
2005-01-05T00:00:00.000000000+0000,0.76512,0.76805,0.7593,0.76481
2005-01-06T00:00:00.000000000+0000,0.76475,0.76503,0.75713,0.76182
2005-01-07T00:00:00.000000000+0000,0.7621,0.7663,0.75367,0.75715
2005-01-08T00:00:00.000000000+0000,0.75715,0.75715,0.75715,0.75715
2005-01-09T00:00:00.000000000+0000,0.75548,0.75835,0.755,0.75773
2005-01-10T00:00:00.000000000+0000,0.75782,0.76075,0.75599,0.75867
2005-01-11T00:00:00.000000000+0000,0.7588,0.76415,0.75785,0.76225
2005-01-12T00:00:00.000000000+0000,0.76237,0.76958,0.75482,0.76583
2005-01-13T00:00:00.000000000+0000,0.7658,0.76845,0.76392,0.76465
2005-01-14T00:00:00.000000000+0000,0.76468,0.7653,0.7563,0.7588
2005-01-15T00:00:00.000000000+0000,0.7588,0.7588,0.7588,0.7588
2005-01-16T00:00:00.000000000+0000,0.75903,0.75999,0.75756,0.75776
2005-01-17T00:00:00.000000000+0000,0.75754,0.76182,0.75418,0.75535
2005-01-18T00:00:00.000000000+0000,0.75535,0.75871,0.75027,0.75486
2005-01-19T00:00:00.000000000+0000,0.75483,0.7651,0.75449,0.75992
2005-01-20T00:00:00.000000000+0000,0.75975,0.76225,0.75679,0.75834
2005-01-21T00:00:00.000000000+0000,0.75861,0.77128,0.75676,0.76891
2005-01-22T00:00:00.000000000+0000,0.76891,0.76891,0.76891,0.76891
2005-01-23T00:00:00.000000000+0000,0.76864,0.77082,0.76746,0.76973
2005-01-24T00:00:00.000000000+0000,0.76976,0.77182,0.76781,0.76995
2005-01-25T00:00:00.000000000+0000,0.76993,0.77252,0.76241,0.76485
2005-01-26T00:00:00.000000000+0000,0.76489,0.77583,0.76426,0.77413
2005-01-27T00:00:00.000000000+0000,0.77426,0.77998,0.77252,0.77711
2005-01-28T00:00:00.000000000+0000,0.7772,0.77862,0.77057,0.77451
2005-01-29T00:00:00.000000000+0000,0.77451,0.77451,0.77451,0.77451
2005-01-30T00:00:00.000000000+0000,0.7747,0.7747,0.77298,0.77358
2005-01-31T00:00:00.000000000+0000,0.77357,0.7764,0.77133,0.77447
2005-02-01T00:00:00.000000000+0000,0.7744,0.77545,0.76937,0.77444
2005-02-02T00:00:00.000000000+0000,0.77438,0.7788,0.77279,0.777
2005-02-03T00:00:00.000000000+0000,0.7774,0.77775,0.76685,0.77032
2005-02-04T00:00:00.000000000+0000,0.77029,0.77493,0.76756,0.77
2005-02-05T00:00:00.000000000+0000,0.77,0.77,0.77,0.77
2005-02-06T00:00:00.000000000+0000,0.76993,0.77004,0.76594,0.76648
2005-02-07T00:00:00.000000000+0000,0.7664,0.77365,0.76603,0.76744
2005-02-08T00:00:00.000000000+0000,0.76726,0.7679,0.76101,0.76504
2005-02-09T00:00:00.000000000+0000,0.7653,0.77225,0.76266,0.77091
2005-02-10T00:00:00.000000000+0000,0.77094,0.78384,0.77017,0.78082
2005-02-11T00:00:00.000000000+0000,0.78103,0.7863,0.78044,0.78534
2005-02-12T00:00:00.000000000+0000,0.78534,0.78534,0.78534,0.78534
2005-02-13T00:00:00.000000000+0000,0.78529,0.78618,0.78429,0.78594
2005-02-14T00:00:00.000000000+0000,0.78582,0.78903,0.78409,0.78646
2005-02-15T00:00:00.000000000+0000,0.78668,0.78815,0.78205,0.78535
2005-02-16T00:00:00.000000000+0000,0.78526,0.7863,0.77835,0.78289
2005-02-17T00:00:00.000000000+0000,0.7828,0.7893,0.7826,0.7839
2005-02-18T00:00:00.000000000+0000,0.78372,0.78945,0.78255,0.78811
2005-02-19T00:00:00.000000000+0000,0.78811,0.78811,0.78811,0.78811
2005-02-20T00:00:00.000000000+0000,0.78867,0.79007,0.78767,0.78858
2005-02-21T00:00:00.000000000+0000,0.7884,0.79038,0.78549,0.78925
2005-02-22T00:00:00.000000000+0000,0.78922,0.7952,0.78612,0.79318
2005-02-23T00:00:00.000000000+0000,0.7933,0.7935,0.78365,0.7847
2005-02-24T00:00:00.000000000+0000,0.78465,0.78948,0.78263,0.7832
2005-02-25T00:00:00.000000000+0000,0.78304,0.7881,0.78038,0.78579
2005-02-26T00:00:00.000000000+0000,0.78579,0.78579,0.78579,0.78579
2005-02-27T00:00:00.000000000+0000,0.78626,0.78765,0.78534,0.78752
2005-02-28T00:00:00.000000000+0000,0.78751,0.79423,0.78697,0.79038
2005-03-01T00:00:00.000000000+0000,0.79034,0.79088,0.78273,0.78545
2005-03-02T00:00:00.000000000+0000,0.78531,0.78686,0.77679,0.78154
2005-03-03T00:00:00.000000000+0000,0.7815,0.78505,0.77974,0.78103
2005-03-04T00:00:00.000000000+0000,0.78113,0.79335,0.78075,0.78999
2005-03-05T00:00:00.000000000+0000,0.78999,0.78999,0.78999,0.78999
2005-03-06T00:00:00.000000000+0000,0.79012,0.79039,0.78876,0.78945
2005-03-07T00:00:00.000000000+0000,0.78933,0.79305,0.78805,0.79258
2005-03-08T00:00:00.000000000+0000,0.79257,0.79885,0.79137,0.79728
2005-03-09T00:00:00.000000000+0000,0.7974,0.7982,0.79055,0.79146
2005-03-10T00:00:00.000000000+0000,0.79165,0.79807,0.78706,0.79039
2005-03-11T00:00:00.000000000+0000,0.7907,0.79491,0.78735,0.7928
2005-03-12T00:00:00.000000000+0000,0.7928,0.7928,0.7928,0.7928
2005-03-13T00:00:00.000000000+0000,0.79289,0.7936,0.79116,0.79329
2005-03-14T00:00:00.000000000+0000,0.7932,0.7939,0.78557,0.78758
2005-03-15T00:00:00.000000000+0000,0.7878,0.79378,0.7866,0.78916
2005-03-16T00:00:00.000000000+0000,0.78892,0.79555,0.78743,0.79394
2005-03-17T00:00:00.000000000+0000,0.7941,0.79425,0.79026,0.79244
2005-03-18T00:00:00.000000000+0000,0.79241,0.79505,0.7883,0.7947
2005-03-19T00:00:00.000000000+0000,0.7947,0.7947,0.7947,0.7947
2005-03-20T00:00:00.000000000+0000,0.79408,0.79429,0.79275,0.79301
2005-03-21T00:00:00.000000000+0000,0.79308,0.79355,0.78321,0.78437
2005-03-22T00:00:00.000000000+0000,0.78427,0.7923,0.77738,0.77782
2005-03-23T00:00:00.000000000+0000,0.778,0.78087,0.76942,0.7719
2005-03-24T00:00:00.000000000+0000,0.77206,0.77395,0.77009,0.7708
2005-03-25T00:00:00.000000000+0000,0.7711,0.77375,0.77018,0.77113
2005-03-26T00:00:00.000000000+0000,0.77113,0.77113,0.77113,0.77113
2005-03-27T00:00:00.000000000+0000,0.77123,0.77258,0.77086,0.77132
2005-03-28T00:00:00.000000000+0000,0.77135,0.77193,0.76647,0.76807
2005-03-29T00:00:00.000000000+0000,0.768,0.7751,0.76728,0.77213
2005-03-30T00:00:00.000000000+0000,0.77185,0.7743,0.7691,0.7712
2005-03-31T00:00:00.000000000+0000,0.7711,0.77755,0.77,0.77248
2005-04-01T00:00:00.000000000+0000,0.7726,0.77585,0.76786,0.7708
2005-04-02T00:00:00.000000000+0000,0.7708,0.7708,0.7708,0.7708
2005-04-03T00:00:00.000000000+0000,0.77007,0.7703,0.76788,0.76867
2005-04-04T00:00:00.000000000+0000,0.76866,0.77085,0.76466,0.7664
2005-04-05T00:00:00.000000000+0000,0.7663,0.76971,0.76244,0.76406
2005-04-06T00:00:00.000000000+0000,0.76402,0.76775,0.76236,0.76276
2005-04-07T00:00:00.000000000+0000,0.7628,0.77085,0.76238,0.7659
2005-04-08T00:00:00.000000000+0000,0.76601,0.77345,0.76464,0.7714
2005-04-09T00:00:00.000000000+0000,0.7714,0.7714,0.7714,0.7714
2005-04-10T00:00:00.000000000+0000,0.77105,0.7721,0.76964,0.77102
2005-04-11T00:00:00.000000000+0000,0.77105,0.7758,0.77052,0.77504
2005-04-12T00:00:00.000000000+0000,0.77523,0.7767,0.77136,0.77405
2005-04-13T00:00:00.000000000+0000,0.77415,0.78053,0.77385,0.77676
2005-04-14T00:00:00.000000000+0000,0.77659,0.7775,0.7675,0.76869
2005-04-15T00:00:00.000000000+0000,0.76898,0.77211,0.76497,0.76804
2005-04-16T00:00:00.000000000+0000,0.76804,0.76804,0.76804,0.76804
2005-04-17T00:00:00.000000000+0000,0.7679,0.76952,0.76763,0.76889
2005-04-18T00:00:00.000000000+0000,0.76885,0.7693,0.7631,0.76635
2005-04-19T00:00:00.000000000+0000,0.76638,0.77192,0.7644,0.77116
2005-04-20T00:00:00.000000000+0000,0.77109,0.77675,0.77067,0.77534
2005-04-21T00:00:00.000000000+0000,0.77529,0.7772,0.77309,0.77523
2005-04-22T00:00:00.000000000+0000,0.77513,0.78313,0.77372,0.78004
2005-04-23T00:00:00.000000000+0000,0.78004,0.78004,0.78004,0.78004
2005-04-24T00:00:00.000000000+0000,0.78068,0.78197,0.7804,0.7811
2005-04-25T00:00:00.000000000+0000,0.7811,0.7817,0.77742,0.77921
2005-04-26T00:00:00.000000000+0000,0.77915,0.78135,0.77574,0.77812
2005-04-27T00:00:00.000000000+0000,0.77812,0.77853,0.7739,0.77552
2005-04-28T00:00:00.000000000+0000,0.77535,0.78155,0.77439,0.77842
2005-04-29T00:00:00.000000000+0000,0.7781,0.78403,0.77684,0.78122
2005-04-30T00:00:00.000000000+0000,0.78122,0.78122,0.78122,0.78122
2005-05-01T00:00:00.000000000+0000,0.78045,0.7807,0.77867,0.77917
2005-05-02T00:00:00.000000000+0000,0.77916,0.78125,0.77801,0.77906
2005-05-03T00:00:00.000000000+0000,0.77923,0.7797,0.77184,0.77384
2005-05-04T00:00:00.000000000+0000,0.77387,0.7816,0.77265,0.77969
2005-05-05T00:00:00.000000000+0000,0.77949,0.7827,0.7767,0.7797
2005-05-06T00:00:00.000000000+0000,0.77955,0.78025,0.77202,0.77466
2005-05-07T00:00:00.000000000+0000,0.77466,0.77466,0.77466,0.77466
2005-05-08T00:00:00.000000000+0000,0.77462,0.77525,0.77289,0.77478
2005-05-09T00:00:00.000000000+0000,0.77458,0.77525,0.77058,0.7721
2005-05-10T00:00:00.000000000+0000,0.77199,0.77735,0.77153,0.77652
2005-05-11T00:00:00.000000000+0000,0.77682,0.7791,0.77205,0.77298
2005-05-12T00:00:00.000000000+0000,0.77304,0.774,0.76382,0.76619
2005-05-13T00:00:00.000000000+0000,0.76616,0.76681,0.75963,0.76109
2005-05-14T00:00:00.000000000+0000,0.76109,0.76109,0.76109,0.76109
2005-05-15T00:00:00.000000000+0000,0.76138,0.7621,0.7588,0.75913
2005-05-16T00:00:00.000000000+0000,0.75935,0.7599,0.75325,0.75677
2005-05-17T00:00:00.000000000+0000,0.75659,0.75863,0.75342,0.75392
2005-05-18T00:00:00.000000000+0000,0.75379,0.76184,0.75268,0.75884
2005-05-19T00:00:00.000000000+0000,0.75916,0.7604,0.75575,0.75613
2005-05-20T00:00:00.000000000+0000,0.7561,0.76062,0.75317,0.75473
2005-05-21T00:00:00.000000000+0000,0.75473,0.75473,0.75473,0.75473
2005-05-22T00:00:00.000000000+0000,0.75496,0.75575,0.75418,0.75507
2005-05-23T00:00:00.000000000+0000,0.75496,0.76043,0.75468,0.75908
2005-05-24T00:00:00.000000000+0000,0.75912,0.76413,0.75762,0.759
2005-05-25T00:00:00.000000000+0000,0.75926,0.76371,0.75826,0.7628
2005-05-26T00:00:00.000000000+0000,0.76281,0.76485,0.7576,0.75826
2005-05-27T00:00:00.000000000+0000,0.7585,0.76367,0.75786,0.76292
2005-05-28T00:00:00.000000000+0000,0.76292,0.76292,0.76292,0.76292
2005-05-29T00:00:00.000000000+0000,0.76143,0.76237,0.75998,0.76066
2005-05-30T00:00:00.000000000+0000,0.76059,0.76352,0.75958,0.76013
2005-05-31T00:00:00.000000000+0000,0.76013,0.76055,0.75393,0.75608
2005-06-01T00:00:00.000000000+0000,0.75581,0.7577,0.74671,0.74932
2005-06-02T00:00:00.000000000+0000,0.74957,0.75561,0.74837,0.75405
2005-06-03T00:00:00.000000000+0000,0.7539,0.7599,0.75298,0.75569
2005-06-04T00:00:00.000000000+0000,0.75569,0.75569,0.75569,0.75569
2005-06-05T00:00:00.000000000+0000,0.75541,0.7564,0.75421,0.7554
2005-06-06T00:00:00.000000000+0000,0.75562,0.76645,0.75464,0.76441
2005-06-07T00:00:00.000000000+0000,0.76447,0.77005,0.76274,0.76846
2005-06-08T00:00:00.000000000+0000,0.76862,0.7704,0.76342,0.76526
2005-06-09T00:00:00.000000000+0000,0.76534,0.76865,0.76438,0.76669
2005-06-10T00:00:00.000000000+0000,0.76683,0.7674,0.76005,0.76082
2005-06-11T00:00:00.000000000+0000,0.76082,0.76082,0.76082,0.76082
2005-06-12T00:00:00.000000000+0000,0.76064,0.7627,0.76031,0.76065
2005-06-13T00:00:00.000000000+0000,0.76063,0.764,0.75825,0.76107
2005-06-14T00:00:00.000000000+0000,0.76094,0.76835,0.76064,0.76337
2005-06-15T00:00:00.000000000+0000,0.76345,0.77055,0.76183,0.76823
2005-06-16T00:00:00.000000000+0000,0.76835,0.77453,0.76538,0.77382
2005-06-17T00:00:00.000000000+0000,0.7737,0.77811,0.77123,0.77699
2005-06-18T00:00:00.000000000+0000,0.77699,0.77699,0.77699,0.77699
2005-06-19T00:00:00.000000000+0000,0.77704,0.7775,0.77452,0.77672
2005-06-20T00:00:00.000000000+0000,0.77688,0.7791,0.7743,0.77545
2005-06-21T00:00:00.000000000+0000,0.77535,0.78075,0.77175,0.77903
2005-06-22T00:00:00.000000000+0000,0.77904,0.78015,0.77469,0.77807
2005-06-23T00:00:00.000000000+0000,0.77802,0.77905,0.76887,0.77054
2005-06-24T00:00:00.000000000+0000,0.77053,0.77447,0.76661,0.7695
2005-06-25T00:00:00.000000000+0000,0.7695,0.7695,0.7695,0.7695
2005-06-26T00:00:00.000000000+0000,0.76876,0.77015,0.76717,0.76724
2005-06-27T00:00:00.000000000+0000,0.76725,0.77065,0.7668,0.76936
2005-06-28T00:00:00.000000000+0000,0.76958,0.77015,0.76169,0.7637
2005-06-29T00:00:00.000000000+0000,0.7636,0.76475,0.75836,0.76321
2005-06-30T00:00:00.000000000+0000,0.7633,0.76481,0.75892,0.76099
2005-07-01T00:00:00.000000000+0000,0.76123,0.7621,0.74937,0.75153
2005-07-02T00:00:00.000000000+0000,0.75153,0.75153,0.75153,0.75153
2005-07-03T00:00:00.000000000+0000,0.75208,0.75271,0.74763,0.74987
2005-07-04T00:00:00.000000000+0000,0.74995,0.75213,0.7472,0.74907
2005-07-05T00:00:00.000000000+0000,0.74916,0.75073,0.73851,0.74205
2005-07-06T00:00:00.000000000+0000,0.74211,0.74442,0.73732,0.73895
2005-07-07T00:00:00.000000000+0000,0.73903,0.74646,0.73637,0.73969
2005-07-08T00:00:00.000000000+0000,0.7394,0.74404,0.73623,0.74142
2005-07-09T00:00:00.000000000+0000,0.74142,0.74142,0.74142,0.74142
2005-07-10T00:00:00.000000000+0000,0.74175,0.7431,0.74103,0.74184
2005-07-11T00:00:00.000000000+0000,0.74182,0.7485,0.74107,0.74757
2005-07-12T00:00:00.000000000+0000,0.74742,0.7573,0.74588,0.75442
2005-07-13T00:00:00.000000000+0000,0.75433,0.75618,0.74645,0.74838
2005-07-14T00:00:00.000000000+0000,0.74833,0.75382,0.74781,0.75111
2005-07-15T00:00:00.000000000+0000,0.75113,0.75346,0.74678,0.74871
2005-07-16T00:00:00.000000000+0000,0.74871,0.74871,0.74871,0.74871
2005-07-17T00:00:00.000000000+0000,0.74829,0.74925,0.74709,0.74869
2005-07-18T00:00:00.000000000+0000,0.74871,0.75465,0.7467,0.75361
2005-07-19T00:00:00.000000000+0000,0.75354,0.754,0.74726,0.75011
2005-07-20T00:00:00.000000000+0000,0.75,0.75715,0.74962,0.75572
2005-07-21T00:00:00.000000000+0000,0.75591,0.76646,0.75548,0.76362
2005-07-22T00:00:00.000000000+0000,0.7636,0.76833,0.76235,0.76304
2005-07-23T00:00:00.000000000+0000,0.76304,0.76304,0.76304,0.76304
2005-07-24T00:00:00.000000000+0000,0.76264,0.76322,0.75995,0.76269
2005-07-25T00:00:00.000000000+0000,0.76296,0.76435,0.75844,0.76114
2005-07-26T00:00:00.000000000+0000,0.76127,0.76173,0.75627,0.75791
2005-07-27T00:00:00.000000000+0000,0.75795,0.75945,0.7522,0.75686
2005-07-28T00:00:00.000000000+0000,0.7567,0.76082,0.75314,0.7585
2005-07-29T00:00:00.000000000+0000,0.75832,0.76214,0.75603,0.75608
2005-07-30T00:00:00.000000000+0000,0.75608,0.75608,0.75608,0.75608
2005-07-31T00:00:00.000000000+0000,0.75574,0.75649,0.75471,0.7559
2005-08-01T00:00:00.000000000+0000,0.75567,0.76338,0.75488,0.76003
2005-08-02T00:00:00.000000000+0000,0.7601,0.76642,0.75919,0.76565
2005-08-03T00:00:00.000000000+0000,0.76573,0.77285,0.7621,0.77103
2005-08-04T00:00:00.000000000+0000,0.77102,0.77425,0.76897,0.77062
2005-08-05T00:00:00.000000000+0000,0.77031,0.77127,0.76555,0.7675
2005-08-06T00:00:00.000000000+0000,0.7675,0.7675,0.7675,0.7675
2005-08-07T00:00:00.000000000+0000,0.76735,0.7684,0.76632,0.76749
2005-08-08T00:00:00.000000000+0000,0.76756,0.76838,0.76264,0.76404
2005-08-09T00:00:00.000000000+0000,0.76415,0.76604,0.758,0.76034
2005-08-10T00:00:00.000000000+0000,0.76018,0.7661,0.75995,0.76408
2005-08-11T00:00:00.000000000+0000,0.76399,0.77462,0.76349,0.77245
2005-08-12T00:00:00.000000000+0000,0.77244,0.77513,0.7701,0.77118
2005-08-13T00:00:00.000000000+0000,0.77118,0.77118,0.77118,0.77118
2005-08-14T00:00:00.000000000+0000,0.77186,0.77428,0.77149,0.77335
2005-08-15T00:00:00.000000000+0000,0.77362,0.77379,0.76638,0.76743
2005-08-16T00:00:00.000000000+0000,0.76747,0.77075,0.76536,0.76815
2005-08-17T00:00:00.000000000+0000,0.76807,0.76875,0.75822,0.75884
2005-08-18T00:00:00.000000000+0000,0.75882,0.76107,0.7506,0.75292
2005-08-19T00:00:00.000000000+0000,0.75269,0.75372,0.74915,0.75132
2005-08-20T00:00:00.000000000+0000,0.75132,0.75132,0.75132,0.75132
2005-08-21T00:00:00.000000000+0000,0.75094,0.75171,0.7501,0.75108
2005-08-22T00:00:00.000000000+0000,0.75114,0.75645,0.75073,0.75449
2005-08-23T00:00:00.000000000+0000,0.75434,0.75685,0.75307,0.75576
2005-08-24T00:00:00.000000000+0000,0.75543,0.75765,0.75083,0.75542
2005-08-25T00:00:00.000000000+0000,0.75545,0.7617,0.75509,0.75725
2005-08-26T00:00:00.000000000+0000,0.7572,0.76056,0.75467,0.75573
2005-08-27T00:00:00.000000000+0000,0.75573,0.75573,0.75573,0.75573
2005-08-28T00:00:00.000000000+0000,0.7558,0.75712,0.75446,0.75586
2005-08-29T00:00:00.000000000+0000,0.75597,0.758,0.74868,0.75071
2005-08-30T00:00:00.000000000+0000,0.75067,0.7518,0.74582,0.74649
2005-08-31T00:00:00.000000000+0000,0.74639,0.75585,0.7454,0.75377
2005-09-01T00:00:00.000000000+0000,0.75382,0.76384,0.75318,0.76204
2005-09-02T00:00:00.000000000+0000,0.76209,0.76655,0.76098,0.76516
2005-09-03T00:00:00.000000000+0000,0.76516,0.76516,0.76516,0.76516
2005-09-04T00:00:00.000000000+0000,0.76468,0.76705,0.76323,0.76638
2005-09-05T00:00:00.000000000+0000,0.76635,0.76977,0.76501,0.76593
2005-09-06T00:00:00.000000000+0000,0.76592,0.76965,0.76445,0.76883
2005-09-07T00:00:00.000000000+0000,0.76882,0.77055,0.76487,0.76685
2005-09-08T00:00:00.000000000+0000,0.76678,0.77352,0.76554,0.77164
2005-09-09T00:00:00.000000000+0000,0.77144,0.77544,0.77022,0.77472
2005-09-10T00:00:00.000000000+0000,0.77472,0.77472,0.77472,0.77472
2005-09-11T00:00:00.000000000+0000,0.77516,0.77655,0.77355,0.776
2005-09-12T00:00:00.000000000+0000,0.77615,0.77655,0.76744,0.76886
2005-09-13T00:00:00.000000000+0000,0.76876,0.77105,0.76622,0.76925
2005-09-14T00:00:00.000000000+0000,0.76935,0.77355,0.76837,0.76957
2005-09-15T00:00:00.000000000+0000,0.76947,0.77136,0.76505,0.76652
2005-09-16T00:00:00.000000000+0000,0.76653,0.77048,0.76386,0.76731
2005-09-17T00:00:00.000000000+0000,0.76731,0.76731,0.76731,0.76731
2005-09-18T00:00:00.000000000+0000,0.7654,0.7677,0.76367,0.7646
2005-09-19T00:00:00.000000000+0000,0.7644,0.76813,0.76125,0.76689
2005-09-20T00:00:00.000000000+0000,0.76693,0.77215,0.76509,0.76683
2005-09-21T00:00:00.000000000+0000,0.76646,0.77335,0.76626,0.77199
2005-09-22T00:00:00.000000000+0000,0.77205,0.7731,0.76126,0.76138
2005-09-23T00:00:00.000000000+0000,0.76136,0.76188,0.7561,0.75673
2005-09-24T00:00:00.000000000+0000,0.75673,0.75673,0.75673,0.75673
2005-09-25T00:00:00.000000000+0000,0.75624,0.75762,0.75564,0.75695
2005-09-26T00:00:00.000000000+0000,0.75685,0.75845,0.754,0.75651
2005-09-27T00:00:00.000000000+0000,0.75631,0.757,0.75212,0.75397
2005-09-28T00:00:00.000000000+0000,0.75415,0.76052,0.75364,0.75889
2005-09-29T00:00:00.000000000+0000,0.75904,0.76223,0.75695,0.75823
2005-09-30T00:00:00.000000000+0000,0.75815,0.76437,0.75811,0.76163
2005-10-01T00:00:00.000000000+0000,0.76163,0.76163,0.76163,0.76163
2005-10-02T00:00:00.000000000+0000,0.76215,0.7628,0.76092,0.76206
2005-10-03T00:00:00.000000000+0000,0.76192,0.76385,0.75844,0.76256
2005-10-04T00:00:00.000000000+0000,0.76261,0.76473,0.76147,0.76277
2005-10-05T00:00:00.000000000+0000,0.7627,0.76345,0.75488,0.7572
2005-10-06T00:00:00.000000000+0000,0.75691,0.76043,0.7562,0.75915
2005-10-07T00:00:00.000000000+0000,0.75911,0.7615,0.75536,0.75672
2005-10-08T00:00:00.000000000+0000,0.75672,0.75672,0.75672,0.75672
2005-10-09T00:00:00.000000000+0000,0.75637,0.75751,0.7554,0.75652
2005-10-10T00:00:00.000000000+0000,0.75655,0.76033,0.75605,0.75754
2005-10-11T00:00:00.000000000+0000,0.75738,0.75815,0.74987,0.75059
2005-10-12T00:00:00.000000000+0000,0.7506,0.75625,0.7498,0.75487
2005-10-13T00:00:00.000000000+0000,0.75476,0.7555,0.74541,0.749
2005-10-14T00:00:00.000000000+0000,0.74884,0.7541,0.74855,0.75232
2005-10-15T00:00:00.000000000+0000,0.75232,0.75232,0.75232,0.75232
2005-10-16T00:00:00.000000000+0000,0.75203,0.75465,0.75165,0.75258
2005-10-17T00:00:00.000000000+0000,0.75247,0.7551,0.74708,0.74771
2005-10-18T00:00:00.000000000+0000,0.74774,0.74902,0.74405,0.74692
2005-10-19T00:00:00.000000000+0000,0.74684,0.7513,0.7435,0.75015
2005-10-20T00:00:00.000000000+0000,0.75019,0.75373,0.74778,0.7514
2005-10-21T00:00:00.000000000+0000,0.75141,0.75409,0.74622,0.7482
2005-10-22T00:00:00.000000000+0000,0.7482,0.7482,0.7482,0.7482
2005-10-23T00:00:00.000000000+0000,0.74777,0.74853,0.74644,0.7469
2005-10-24T00:00:00.000000000+0000,0.74696,0.75175,0.7457,0.74889
2005-10-25T00:00:00.000000000+0000,0.74898,0.75736,0.74798,0.75603
2005-10-26T00:00:00.000000000+0000,0.75578,0.75722,0.75215,0.7529
2005-10-27T00:00:00.000000000+0000,0.75282,0.76067,0.75233,0.75684
2005-10-28T00:00:00.000000000+0000,0.75662,0.75756,0.7481,0.74962
2005-10-29T00:00:00.000000000+0000,0.74962,0.74962,0.74962,0.74962
2005-10-30T00:00:00.000000000+0000,0.74972,0.75066,0.74724,0.7487
2005-10-31T00:00:00.000000000+0000,0.7487,0.75207,0.74573,0.74697
2005-11-01T00:00:00.000000000+0000,0.74691,0.74738,0.74162,0.74211
2005-11-02T00:00:00.000000000+0000,0.7422,0.74395,0.73936,0.74131
2005-11-03T00:00:00.000000000+0000,0.7415,0.7435,0.73777,0.73922
2005-11-04T00:00:00.000000000+0000,0.7391,0.73975,0.73088,0.73281
2005-11-05T00:00:00.000000000+0000,0.73281,0.73281,0.73281,0.73281
2005-11-06T00:00:00.000000000+0000,0.73254,0.73277,0.73109,0.73231
2005-11-07T00:00:00.000000000+0000,0.7322,0.73403,0.72989,0.73271
2005-11-08T00:00:00.000000000+0000,0.73265,0.73625,0.72807,0.73325
2005-11-09T00:00:00.000000000+0000,0.73315,0.73825,0.73159,0.73591
2005-11-10T00:00:00.000000000+0000,0.73579,0.7363,0.72874,0.72968
2005-11-11T00:00:00.000000000+0000,0.72966,0.73357,0.72935,0.73251
2005-11-12T00:00:00.000000000+0000,0.73251,0.73251,0.73251,0.73251
2005-11-13T00:00:00.000000000+0000,0.73214,0.73337,0.7314,0.733
2005-11-14T00:00:00.000000000+0000,0.7332,0.73463,0.72588,0.72777
2005-11-15T00:00:00.000000000+0000,0.72766,0.7339,0.72668,0.7323
2005-11-16T00:00:00.000000000+0000,0.7326,0.73275,0.7276,0.73049
2005-11-17T00:00:00.000000000+0000,0.73046,0.73542,0.72883,0.73361
2005-11-18T00:00:00.000000000+0000,0.73359,0.73435,0.72972,0.73299
2005-11-19T00:00:00.000000000+0000,0.73299,0.73299,0.73299,0.73299
2005-11-20T00:00:00.000000000+0000,0.73354,0.73447,0.7318,0.73341
2005-11-21T00:00:00.000000000+0000,0.73342,0.73975,0.73215,0.73548
2005-11-22T00:00:00.000000000+0000,0.73552,0.73848,0.7313,0.7364
2005-11-23T00:00:00.000000000+0000,0.7363,0.73895,0.73487,0.73752
2005-11-24T00:00:00.000000000+0000,0.73747,0.74035,0.73573,0.73664
2005-11-25T00:00:00.000000000+0000,0.7365,0.73762,0.73384,0.73509
2005-11-26T00:00:00.000000000+0000,0.73509,0.73509,0.73509,0.73509
2005-11-27T00:00:00.000000000+0000,0.73506,0.73541,0.73273,0.7341
2005-11-28T00:00:00.000000000+0000,0.734,0.7449,0.73147,0.74031
2005-11-29T00:00:00.000000000+0000,0.74056,0.74198,0.73612,0.73711
2005-11-30T00:00:00.000000000+0000,0.7371,0.74055,0.7364,0.73957
2005-12-01T00:00:00.000000000+0000,0.73959,0.74345,0.73724,0.7416
2005-12-02T00:00:00.000000000+0000,0.74149,0.74886,0.74094,0.7472
2005-12-03T00:00:00.000000000+0000,0.7472,0.7472,0.7472,0.7472
2005-12-04T00:00:00.000000000+0000,0.74683,0.74726,0.74559,0.7461
2005-12-05T00:00:00.000000000+0000,0.74611,0.75252,0.74429,0.75031
2005-12-06T00:00:00.000000000+0000,0.75018,0.7541,0.74941,0.75215
2005-12-07T00:00:00.000000000+0000,0.75216,0.7525,0.745,0.74692
2005-12-08T00:00:00.000000000+0000,0.74701,0.75155,0.7436,0.74895
2005-12-09T00:00:00.000000000+0000,0.74902,0.75225,0.7484,0.74988
2005-12-10T00:00:00.000000000+0000,0.74988,0.74988,0.74988,0.74988
2005-12-11T00:00:00.000000000+0000,0.7485,0.74935,0.74721,0.74887
2005-12-12T00:00:00.000000000+0000,0.7488,0.75655,0.74843,0.75558
2005-12-13T00:00:00.000000000+0000,0.75543,0.7567,0.75172,0.75237
2005-12-14T00:00:00.000000000+0000,0.75226,0.7581,0.75116,0.75408
2005-12-15T00:00:00.000000000+0000,0.75397,0.7564,0.74484,0.74611
2005-12-16T00:00:00.000000000+0000,0.74776,0.74798,0.74114,0.74279
2005-12-17T00:00:00.000000000+0000,0.74279,0.74279,0.74279,0.74279
2005-12-18T00:00:00.000000000+0000,0.74308,0.74416,0.74275,0.74335
2005-12-19T00:00:00.000000000+0000,0.7436,0.74675,0.73751,0.73995
2005-12-20T00:00:00.000000000+0000,0.73983,0.74162,0.73112,0.73458
2005-12-21T00:00:00.000000000+0000,0.73439,0.73658,0.73118,0.73361
2005-12-22T00:00:00.000000000+0000,0.7337,0.7344,0.72895,0.72973
2005-12-23T00:00:00.000000000+0000,0.72989,0.73155,0.72605,0.72798
2005-12-24T00:00:00.000000000+0000,0.72798,0.72798,0.72798,0.72798
2005-12-25T00:00:00.000000000+0000,0.72813,0.7289,0.72687,0.72808
2005-12-26T00:00:00.000000000+0000,0.72809,0.73175,0.72751,0.73028
2005-12-27T00:00:00.000000000+0000,0.73033,0.73101,0.72258,0.72504
2005-12-28T00:00:00.000000000+0000,0.72508,0.73145,0.72455,0.72892
2005-12-29T00:00:00.000000000+0000,0.72879,0.73305,0.72668,0.73135
2005-12-30T00:00:00.000000000+0000,0.73143,0.73428,0.72985,0.73183
2006-01-01T00:00:00.000000000+0000,0.73211,0.73242,0.73159,0.73207
2006-01-02T00:00:00.000000000+0000,0.73204,0.7335,0.7308,0.73119
2006-01-03T00:00:00.000000000+0000,0.73111,0.74205,0.73074,0.74109
2006-01-04T00:00:00.000000000+0000,0.74099,0.74825,0.73921,0.74576
2006-01-05T00:00:00.000000000+0000,0.74564,0.74835,0.74365,0.74662
2006-01-06T00:00:00.000000000+0000,0.74675,0.75495,0.74436,0.7534
2006-01-07T00:00:00.000000000+0000,0.7534,0.7534,0.7534,0.7534
2006-01-08T00:00:00.000000000+0000,0.75275,0.75368,0.75157,0.75224
2006-01-09T00:00:00.000000000+0000,0.75227,0.75432,0.74968,0.75169
2006-01-10T00:00:00.000000000+0000,0.75172,0.753,0.74753,0.74914
2006-01-11T00:00:00.000000000+0000,0.74923,0.7564,0.7482,0.75444
2006-01-12T00:00:00.000000000+0000,0.75435,0.7562,0.74884,0.74983
2006-01-13T00:00:00.000000000+0000,0.7498,0.755,0.74911,0.75372
2006-01-14T00:00:00.000000000+0000,0.75372,0.75372,0.75372,0.75372
2006-01-15T00:00:00.000000000+0000,0.75413,0.75714,0.75334,0.75638
2006-01-16T00:00:00.000000000+0000,0.75631,0.75737,0.75238,0.75287
2006-01-17T00:00:00.000000000+0000,0.75296,0.75545,0.74952,0.75103
2006-01-18T00:00:00.000000000+0000,0.75093,0.75165,0.74528,0.74718
2006-01-19T00:00:00.000000000+0000,0.74718,0.7491,0.74362,0.7472
2006-01-20T00:00:00.000000000+0000,0.74709,0.74975,0.74546,0.74721
2006-01-21T00:00:00.000000000+0000,0.74721,0.74721,0.74721,0.74721
2006-01-22T00:00:00.000000000+0000,0.74785,0.75014,0.74719,0.74921
2006-01-23T00:00:00.000000000+0000,0.74915,0.75417,0.74757,0.75342
2006-01-24T00:00:00.000000000+0000,0.75357,0.75381,0.74796,0.75051
2006-01-25T00:00:00.000000000+0000,0.75043,0.75555,0.74989,0.75229
2006-01-26T00:00:00.000000000+0000,0.75228,0.7559,0.74968,0.75228
2006-01-27T00:00:00.000000000+0000,0.75248,0.75425,0.74834,0.74863
2006-01-28T00:00:00.000000000+0000,0.74863,0.74863,0.74863,0.74863
2006-01-29T00:00:00.000000000+0000,0.74882,0.74978,0.74791,0.74918
2006-01-30T00:00:00.000000000+0000,0.74907,0.75125,0.74701,0.74853
2006-01-31T00:00:00.000000000+0000,0.74854,0.7586,0.74785,0.75722
2006-02-01T00:00:00.000000000+0000,0.75715,0.7578,0.75161,0.75235
2006-02-02T00:00:00.000000000+0000,0.75237,0.7554,0.75012,0.75249
2006-02-03T00:00:00.000000000+0000,0.75276,0.75361,0.74686,0.74811
2006-02-04T00:00:00.000000000+0000,0.74811,0.74811,0.74811,0.74811
2006-02-05T00:00:00.000000000+0000,0.74838,0.74965,0.74761,0.74803
2006-02-06T00:00:00.000000000+0000,0.74796,0.7492,0.74033,0.7411
2006-02-07T00:00:00.000000000+0000,0.74099,0.74465,0.73853,0.74015
2006-02-08T00:00:00.000000000+0000,0.74011,0.74105,0.73559,0.73862
2006-02-09T00:00:00.000000000+0000,0.73854,0.74171,0.73728,0.7406
2006-02-10T00:00:00.000000000+0000,0.74059,0.74355,0.73601,0.73686
2006-02-11T00:00:00.000000000+0000,0.73686,0.73686,0.73686,0.73686
2006-02-12T00:00:00.000000000+0000,0.73726,0.73739,0.7356,0.73624
2006-02-13T00:00:00.000000000+0000,0.73627,0.73975,0.73534,0.73689
2006-02-14T00:00:00.000000000+0000,0.73676,0.74225,0.73487,0.74029
2006-02-15T00:00:00.000000000+0000,0.74027,0.74415,0.73644,0.73871
2006-02-16T00:00:00.000000000+0000,0.73887,0.7414,0.7354,0.74069
2006-02-17T00:00:00.000000000+0000,0.74062,0.74123,0.73401,0.7386
2006-02-18T00:00:00.000000000+0000,0.7386,0.7386,0.7386,0.7386
2006-02-19T00:00:00.000000000+0000,0.73857,0.73929,0.7378,0.73869
2006-02-20T00:00:00.000000000+0000,0.73848,0.74165,0.73738,0.73968
2006-02-21T00:00:00.000000000+0000,0.73976,0.7403,0.73624,0.7385
2006-02-22T00:00:00.000000000+0000,0.73844,0.73935,0.73368,0.73481
2006-02-23T00:00:00.000000000+0000,0.73472,0.74208,0.73356,0.73775
2006-02-24T00:00:00.000000000+0000,0.73764,0.74125,0.73758,0.73851
2006-02-25T00:00:00.000000000+0000,0.73851,0.73851,0.73851,0.73851
2006-02-26T00:00:00.000000000+0000,0.73892,0.73945,0.73638,0.73692
2006-02-27T00:00:00.000000000+0000,0.73682,0.73935,0.73587,0.73718
2006-02-28T00:00:00.000000000+0000,0.73701,0.74365,0.73515,0.74248
2006-03-01T00:00:00.000000000+0000,0.7423,0.74638,0.74105,0.74434
2006-03-02T00:00:00.000000000+0000,0.74418,0.74845,0.74349,0.74691
2006-03-03T00:00:00.000000000+0000,0.74674,0.74738,0.74155,0.74488
2006-03-04T00:00:00.000000000+0000,0.74488,0.74488,0.74488,0.74488
2006-03-05T00:00:00.000000000+0000,0.74408,0.74701,0.74307,0.7466
2006-03-06T00:00:00.000000000+0000,0.74676,0.7481,0.73777,0.7387
2006-03-07T00:00:00.000000000+0000,0.73862,0.74028,0.73077,0.73139
2006-03-08T00:00:00.000000000+0000,0.73148,0.73603,0.73063,0.73336
2006-03-09T00:00:00.000000000+0000,0.73317,0.73755,0.73215,0.73327
2006-03-10T00:00:00.000000000+0000,0.73348,0.73665,0.72945,0.73077
2006-03-11T00:00:00.000000000+0000,0.73077,0.73077,0.73077,0.73077
2006-03-12T00:00:00.000000000+0000,0.7312,0.73279,0.72995,0.73101
2006-03-13T00:00:00.000000000+0000,0.73106,0.7366,0.73058,0.7339
2006-03-14T00:00:00.000000000+0000,0.73418,0.73785,0.73172,0.73679
2006-03-15T00:00:00.000000000+0000,0.73649,0.74082,0.73632,0.73815
2006-03-16T00:00:00.000000000+0000,0.73828,0.73878,0.73314,0.73719
2006-03-17T00:00:00.000000000+0000,0.73715,0.73782,0.72577,0.72708
2006-03-18T00:00:00.000000000+0000,0.72708,0.72708,0.72708,0.72708
2006-03-19T00:00:00.000000000+0000,0.7272,0.72855,0.72456,0.72657
2006-03-20T00:00:00.000000000+0000,0.72656,0.72735,0.7172,0.71922
2006-03-21T00:00:00.000000000+0000,0.7193,0.72165,0.71414,0.7179
2006-03-22T00:00:00.000000000+0000,0.71805,0.72071,0.71465,0.72002
2006-03-23T00:00:00.000000000+0000,0.72001,0.72125,0.7104,0.71108
2006-03-24T00:00:00.000000000+0000,0.71124,0.71185,0.7054,0.70756
2006-03-25T00:00:00.000000000+0000,0.70756,0.70756,0.70756,0.70756
2006-03-26T00:00:00.000000000+0000,0.70907,0.71028,0.70643,0.70831
2006-03-27T00:00:00.000000000+0000,0.70819,0.70893,0.70305,0.70692
2006-03-28T00:00:00.000000000+0000,0.70682,0.71185,0.70346,0.70585
2006-03-29T00:00:00.000000000+0000,0.70576,0.70768,0.70083,0.70612
2006-03-30T00:00:00.000000000+0000,0.7062,0.71584,0.7059,0.71445
2006-03-31T00:00:00.000000000+0000,0.71432,0.7173,0.71044,0.71608
2006-04-01T00:00:00.000000000+0000,0.71608,0.71608,0.71608,0.71608
2006-04-02T00:00:00.000000000+0000,0.71564,0.71621,0.7128,0.71366
2006-04-03T00:00:00.000000000+0000,0.71354,0.7186,0.7118,0.71506
2006-04-04T00:00:00.000000000+0000,0.71513,0.7228,0.71087,0.72207
2006-04-05T00:00:00.000000000+0000,0.72174,0.72905,0.71987,0.72581
2006-04-06T00:00:00.000000000+0000,0.72596,0.7328,0.72515,0.72776
2006-04-07T00:00:00.000000000+0000,0.72799,0.73391,0.72464,0.72501
2006-04-08T00:00:00.000000000+0000,0.72501,0.72501,0.72501,0.72501
2006-04-09T00:00:00.000000000+0000,0.72527,0.72761,0.72447,0.72586
2006-04-10T00:00:00.000000000+0000,0.72601,0.73035,0.72575,0.72818
2006-04-11T00:00:00.000000000+0000,0.72827,0.73385,0.72585,0.73211
2006-04-12T00:00:00.000000000+0000,0.73232,0.73415,0.72853,0.73113
2006-04-13T00:00:00.000000000+0000,0.73087,0.73295,0.72345,0.72695
2006-04-14T00:00:00.000000000+0000,0.72676,0.72876,0.72496,0.72691
2006-04-15T00:00:00.000000000+0000,0.72691,0.72691,0.72691,0.72691
2006-04-16T00:00:00.000000000+0000,0.72699,0.72905,0.72625,0.72848
2006-04-17T00:00:00.000000000+0000,0.72846,0.73835,0.72811,0.73737
2006-04-18T00:00:00.000000000+0000,0.73744,0.74295,0.7365,0.74204
2006-04-19T00:00:00.000000000+0000,0.74195,0.74802,0.74029,0.74555
2006-04-20T00:00:00.000000000+0000,0.74539,0.74584,0.73482,0.73665
2006-04-21T00:00:00.000000000+0000,0.73668,0.74567,0.73634,0.74335
2006-04-22T00:00:00.000000000+0000,0.74335,0.74335,0.74335,0.74335
2006-04-23T00:00:00.000000000+0000,0.74527,0.74765,0.7442,0.74477
2006-04-24T00:00:00.000000000+0000,0.74468,0.7481,0.74123,0.74387
2006-04-25T00:00:00.000000000+0000,0.74407,0.74795,0.74283,0.74446
2006-04-26T00:00:00.000000000+0000,0.74459,0.75435,0.74245,0.75282
2006-04-27T00:00:00.000000000+0000,0.75286,0.7579,0.74845,0.75525
2006-04-28T00:00:00.000000000+0000,0.75512,0.76022,0.75288,0.75873
2006-04-29T00:00:00.000000000+0000,0.75873,0.75873,0.75873,0.75873
2006-04-30T00:00:00.000000000+0000,0.7581,0.75865,0.75643,0.75775
2006-05-01T00:00:00.000000000+0000,0.75772,0.76355,0.75563,0.75604
2006-05-02T00:00:00.000000000+0000,0.75612,0.76566,0.75444,0.76474
2006-05-03T00:00:00.000000000+0000,0.76472,0.7716,0.7639,0.76871
2006-05-04T00:00:00.000000000+0000,0.76857,0.77275,0.76421,0.77009
2006-05-05T00:00:00.000000000+0000,0.77012,0.77407,0.76682,0.76991
2006-05-06T00:00:00.000000000+0000,0.76991,0.76991,0.76991,0.76991
2006-05-07T00:00:00.000000000+0000,0.77107,0.77341,0.77104,0.77193
2006-05-08T00:00:00.000000000+0000,0.77189,0.77425,0.76624,0.76887
2006-05-09T00:00:00.000000000+0000,0.76907,0.77454,0.76275,0.77317
2006-05-10T00:00:00.000000000+0000,0.77311,0.77683,0.77008,0.77125
2006-05-11T00:00:00.000000000+0000,0.77137,0.7791,0.76764,0.77584
2006-05-12T00:00:00.000000000+0000,0.77576,0.77866,0.76915,0.77168
2006-05-13T00:00:00.000000000+0000,0.77168,0.77168,0.77168,0.77168
2006-05-14T00:00:00.000000000+0000,0.77221,0.77473,0.76966,0.77274
2006-05-15T00:00:00.000000000+0000,0.77264,0.773,0.7586,0.76017
2006-05-16T00:00:00.000000000+0000,0.76025,0.76894,0.75956,0.76653
2006-05-17T00:00:00.000000000+0000,0.76664,0.77235,0.75647,0.75789
2006-05-18T00:00:00.000000000+0000,0.75776,0.76733,0.75762,0.76377
2006-05-19T00:00:00.000000000+0000,0.76393,0.76456,0.75185,0.75764
2006-05-20T00:00:00.000000000+0000,0.75764,0.75764,0.75764,0.75764
2006-05-21T00:00:00.000000000+0000,0.75747,0.7576,0.75415,0.75476
2006-05-22T00:00:00.000000000+0000,0.7547,0.75515,0.74581,0.75205
2006-05-23T00:00:00.000000000+0000,0.75207,0.7591,0.74839,0.75004
2006-05-24T00:00:00.000000000+0000,0.75011,0.7558,0.74862,0.75219
2006-05-25T00:00:00.000000000+0000,0.75237,0.76158,0.74969,0.75957
2006-05-26T00:00:00.000000000+0000,0.75967,0.76051,0.75505,0.75646
2006-05-27T00:00:00.000000000+0000,0.75646,0.75646,0.75646,0.75646
2006-05-28T00:00:00.000000000+0000,0.75617,0.7582,0.75548,0.75701
2006-05-29T00:00:00.000000000+0000,0.75696,0.75915,0.7563,0.75764
2006-05-30T00:00:00.000000000+0000,0.75747,0.76455,0.75594,0.76078
2006-05-31T00:00:00.000000000+0000,0.76073,0.76505,0.75023,0.75097
2006-06-01T00:00:00.000000000+0000,0.75072,0.75135,0.7434,0.74857
2006-06-02T00:00:00.000000000+0000,0.74862,0.75203,0.74402,0.75032
2006-06-03T00:00:00.000000000+0000,0.75032,0.75032,0.75032,0.75032
2006-06-04T00:00:00.000000000+0000,0.75117,0.75175,0.74937,0.75034
2006-06-05T00:00:00.000000000+0000,0.75032,0.7543,0.7463,0.74694
2006-06-06T00:00:00.000000000+0000,0.74707,0.74835,0.73808,0.73984
2006-06-07T00:00:00.000000000+0000,0.73989,0.74303,0.73827,0.74207
2006-06-08T00:00:00.000000000+0000,0.74184,0.74645,0.73946,0.74176
2006-06-09T00:00:00.000000000+0000,0.74156,0.75006,0.74096,0.74708
2006-06-10T00:00:00.000000000+0000,0.74708,0.74708,0.74708,0.74708
2006-06-11T00:00:00.000000000+0000,0.74738,0.74865,0.74671,0.74729
2006-06-12T00:00:00.000000000+0000,0.74723,0.74977,0.74129,0.74291
2006-06-13T00:00:00.000000000+0000,0.74283,0.74488,0.73573,0.73773
2006-06-14T00:00:00.000000000+0000,0.73756,0.74078,0.7338,0.73674
2006-06-15T00:00:00.000000000+0000,0.73662,0.74295,0.73556,0.7423
2006-06-16T00:00:00.000000000+0000,0.74249,0.74442,0.73681,0.73769
2006-06-17T00:00:00.000000000+0000,0.73769,0.73769,0.73769,0.73769
2006-06-18T00:00:00.000000000+0000,0.73796,0.73847,0.73641,0.73774
2006-06-19T00:00:00.000000000+0000,0.73747,0.73865,0.7351,0.73617
2006-06-20T00:00:00.000000000+0000,0.73627,0.74048,0.7353,0.73868
2006-06-21T00:00:00.000000000+0000,0.73859,0.74145,0.73344,0.74082
2006-06-22T00:00:00.000000000+0000,0.74117,0.74185,0.73141,0.7325
2006-06-23T00:00:00.000000000+0000,0.73227,0.73511,0.72994,0.73105
2006-06-24T00:00:00.000000000+0000,0.73105,0.73105,0.73105,0.73105
2006-06-25T00:00:00.000000000+0000,0.73079,0.73175,0.72945,0.73127
2006-06-26T00:00:00.000000000+0000,0.73127,0.73405,0.72847,0.73341
2006-06-27T00:00:00.000000000+0000,0.73313,0.73525,0.73055,0.73137
2006-06-28T00:00:00.000000000+0000,0.73118,0.7329,0.7264,0.72819
2006-06-29T00:00:00.000000000+0000,0.72797,0.74021,0.72659,0.73864
2006-06-30T00:00:00.000000000+0000,0.73881,0.74485,0.7384,0.74107
2006-07-01T00:00:00.000000000+0000,0.74107,0.74107,0.74107,0.74107
2006-07-02T00:00:00.000000000+0000,0.74154,0.74373,0.74123,0.74293
2006-07-03T00:00:00.000000000+0000,0.74318,0.746,0.74049,0.74275
2006-07-04T00:00:00.000000000+0000,0.74277,0.7469,0.74172,0.74314
2006-07-05T00:00:00.000000000+0000,0.74284,0.74735,0.73923,0.74079
2006-07-06T00:00:00.000000000+0000,0.74071,0.7471,0.74022,0.74541
2006-07-07T00:00:00.000000000+0000,0.74525,0.75274,0.74457,0.75149
2006-07-08T00:00:00.000000000+0000,0.75149,0.75149,0.75149,0.75149
2006-07-09T00:00:00.000000000+0000,0.75152,0.75218,0.75012,0.75117
2006-07-10T00:00:00.000000000+0000,0.7513,0.75312,0.74532,0.74617
2006-07-11T00:00:00.000000000+0000,0.74615,0.75333,0.74594,0.75191
2006-07-12T00:00:00.000000000+0000,0.75187,0.75555,0.75031,0.75149
2006-07-13T00:00:00.000000000+0000,0.75128,0.75665,0.7508,0.75253
2006-07-14T00:00:00.000000000+0000,0.75248,0.75474,0.74768,0.75274
2006-07-15T00:00:00.000000000+0000,0.75274,0.75274,0.75274,0.75274
2006-07-16T00:00:00.000000000+0000,0.75317,0.75373,0.7517,0.7521
2006-07-17T00:00:00.000000000+0000,0.75203,0.75332,0.74602,0.74698
2006-07-18T00:00:00.000000000+0000,0.74707,0.753,0.74373,0.74639
2006-07-19T00:00:00.000000000+0000,0.74627,0.7512,0.7398,0.74969
2006-07-20T00:00:00.000000000+0000,0.75007,0.75296,0.74828,0.74994
2006-07-21T00:00:00.000000000+0000,0.75015,0.75435,0.74841,0.75394
2006-07-22T00:00:00.000000000+0000,0.75394,0.75394,0.75394,0.75394
2006-07-23T00:00:00.000000000+0000,0.75392,0.7541,0.75114,0.75175
2006-07-24T00:00:00.000000000+0000,0.75159,0.75505,0.74964,0.75279
2006-07-25T00:00:00.000000000+0000,0.75283,0.75643,0.75086,0.75309
2006-07-26T00:00:00.000000000+0000,0.75283,0.76201,0.75179,0.76005
2006-07-27T00:00:00.000000000+0000,0.76001,0.76598,0.75953,0.76225
2006-07-28T00:00:00.000000000+0000,0.76241,0.76789,0.75906,0.7654
2006-07-29T00:00:00.000000000+0000,0.7654,0.7654,0.7654,0.7654
2006-07-30T00:00:00.000000000+0000,0.76619,0.7675,0.76452,0.7654
2006-07-31T00:00:00.000000000+0000,0.76552,0.76687,0.76373,0.76485
2006-08-01T00:00:00.000000000+0000,0.76497,0.76693,0.75894,0.76611
2006-08-02T00:00:00.000000000+0000,0.76639,0.76805,0.76251,0.76435
2006-08-03T00:00:00.000000000+0000,0.76447,0.7648,0.75814,0.76066
2006-08-04T00:00:00.000000000+0000,0.76048,0.76715,0.75815,0.76542
2006-08-05T00:00:00.000000000+0000,0.76542,0.76542,0.76542,0.76542
2006-08-06T00:00:00.000000000+0000,0.76544,0.7667,0.76493,0.76523
2006-08-07T00:00:00.000000000+0000,0.7653,0.7665,0.7611,0.76342
2006-08-08T00:00:00.000000000+0000,0.76303,0.76405,0.75604,0.75786
2006-08-09T00:00:00.000000000+0000,0.75789,0.76666,0.75577,0.76563
2006-08-10T00:00:00.000000000+0000,0.76553,0.7714,0.76476,0.76864
2006-08-11T00:00:00.000000000+0000,0.76867,0.76997,0.76432,0.76604
2006-08-12T00:00:00.000000000+0000,0.76604,0.76604,0.76604,0.76604
2006-08-13T00:00:00.000000000+0000,0.76647,0.76722,0.76455,0.76677
2006-08-14T00:00:00.000000000+0000,0.76659,0.76832,0.75813,0.75886
2006-08-15T00:00:00.000000000+0000,0.75887,0.76547,0.75787,0.76432
2006-08-16T00:00:00.000000000+0000,0.76443,0.77005,0.76211,0.76819
2006-08-17T00:00:00.000000000+0000,0.76837,0.76866,0.75934,0.76159
2006-08-18T00:00:00.000000000+0000,0.76135,0.76215,0.7559,0.75969
2006-08-19T00:00:00.000000000+0000,0.75969,0.75969,0.75969,0.75969
2006-08-20T00:00:00.000000000+0000,0.75896,0.75947,0.75782,0.75868
2006-08-21T00:00:00.000000000+0000,0.75872,0.7645,0.757,0.76127
2006-08-22T00:00:00.000000000+0000,0.76115,0.76385,0.75995,0.76203
2006-08-23T00:00:00.000000000+0000,0.76189,0.7671,0.76012,0.76086
2006-08-24T00:00:00.000000000+0000,0.76055,0.76453,0.75925,0.76095
2006-08-25T00:00:00.000000000+0000,0.76107,0.76132,0.75441,0.75665
2006-08-26T00:00:00.000000000+0000,0.75665,0.75665,0.75665,0.75665
2006-08-27T00:00:00.000000000+0000,0.75717,0.75765,0.75566,0.75635
2006-08-28T00:00:00.000000000+0000,0.75606,0.76,0.75581,0.75905
2006-08-29T00:00:00.000000000+0000,0.75907,0.7645,0.75843,0.76259
2006-08-30T00:00:00.000000000+0000,0.76263,0.76565,0.76063,0.76233
2006-08-31T00:00:00.000000000+0000,0.76247,0.7648,0.76015,0.76326
2006-09-01T00:00:00.000000000+0000,0.76326,0.76736,0.76205,0.76598
2006-09-02T00:00:00.000000000+0000,0.76598,0.76598,0.76598,0.76598
2006-09-03T00:00:00.000000000+0000,0.76598,0.76865,0.76594,0.76767
2006-09-04T00:00:00.000000000+0000,0.76774,0.77211,0.7674,0.77122
2006-09-05T00:00:00.000000000+0000,0.77096,0.77183,0.76782,0.76934
2006-09-06T00:00:00.000000000+0000,0.76934,0.77085,0.7643,0.76687
2006-09-07T00:00:00.000000000+0000,0.76688,0.7676,0.75714,0.75764
2006-09-08T00:00:00.000000000+0000,0.75772,0.75868,0.75243,0.75313
2006-09-09T00:00:00.000000000+0000,0.75313,0.75313,0.75313,0.75313
2006-09-10T00:00:00.000000000+0000,0.75319,0.7541,0.75205,0.7527
2006-09-11T00:00:00.000000000+0000,0.75269,0.7546,0.74945,0.75047
2006-09-12T00:00:00.000000000+0000,0.75037,0.75455,0.74935,0.74995
2006-09-13T00:00:00.000000000+0000,0.74986,0.7545,0.74785,0.75297
2006-09-14T00:00:00.000000000+0000,0.75287,0.75695,0.75037,0.7543
2006-09-15T00:00:00.000000000+0000,0.75407,0.75616,0.7499,0.75204
2006-09-16T00:00:00.000000000+0000,0.75204,0.75204,0.75204,0.75204
2006-09-17T00:00:00.000000000+0000,0.75214,0.75335,0.75121,0.75213
2006-09-18T00:00:00.000000000+0000,0.752,0.75583,0.7505,0.75415
2006-09-19T00:00:00.000000000+0000,0.75417,0.75755,0.75005,0.7514
2006-09-20T00:00:00.000000000+0000,0.75126,0.7547,0.7505,0.75327
2006-09-21T00:00:00.000000000+0000,0.7533,0.75793,0.7528,0.75675
2006-09-22T00:00:00.000000000+0000,0.7568,0.75707,0.74859,0.75055
2006-09-23T00:00:00.000000000+0000,0.75055,0.75055,0.75055,0.75055
2006-09-24T00:00:00.000000000+0000,0.75052,0.7514,0.74841,0.74911
2006-09-25T00:00:00.000000000+0000,0.74893,0.7542,0.74844,0.75378
2006-09-26T00:00:00.000000000+0000,0.75372,0.7556,0.7496,0.75174
2006-09-27T00:00:00.000000000+0000,0.7518,0.75232,0.74682,0.75045
2006-09-28T00:00:00.000000000+0000,0.75059,0.75144,0.74601,0.74799
2006-09-29T00:00:00.000000000+0000,0.74777,0.74873,0.74297,0.74674
2006-09-30T00:00:00.000000000+0000,0.74674,0.74674,0.74674,0.74674
2006-10-01T00:00:00.000000000+0000,0.74583,0.74641,0.74399,0.74519
2006-10-02T00:00:00.000000000+0000,0.74526,0.74935,0.74274,0.747
2006-10-03T00:00:00.000000000+0000,0.74697,0.7485,0.74173,0.7431
2006-10-04T00:00:00.000000000+0000,0.74299,0.74636,0.74105,0.74529
2006-10-05T00:00:00.000000000+0000,0.7453,0.74775,0.74335,0.74492
2006-10-06T00:00:00.000000000+0000,0.74474,0.74697,0.74091,0.74224
2006-10-07T00:00:00.000000000+0000,0.74224,0.74224,0.74224,0.74224
2006-10-08T00:00:00.000000000+0000,0.74257,0.74307,0.74156,0.74239
2006-10-09T00:00:00.000000000+0000,0.7422,0.74515,0.74094,0.74344
2006-10-10T00:00:00.000000000+0000,0.74338,0.74575,0.74213,0.74347
2006-10-11T00:00:00.000000000+0000,0.74345,0.7464,0.74094,0.74177
2006-10-12T00:00:00.000000000+0000,0.74179,0.75223,0.74134,0.75085
2006-10-13T00:00:00.000000000+0000,0.75087,0.75257,0.74843,0.75074
2006-10-14T00:00:00.000000000+0000,0.75074,0.75074,0.75074,0.75074
2006-10-15T00:00:00.000000000+0000,0.75036,0.7511,0.74938,0.74991
2006-10-16T00:00:00.000000000+0000,0.74997,0.75475,0.74872,0.75286
2006-10-17T00:00:00.000000000+0000,0.75266,0.75543,0.75173,0.75302
2006-10-18T00:00:00.000000000+0000,0.75311,0.7558,0.75196,0.7544
2006-10-19T00:00:00.000000000+0000,0.75426,0.76005,0.75406,0.75869
2006-10-20T00:00:00.000000000+0000,0.75864,0.76036,0.75674,0.75747
2006-10-21T00:00:00.000000000+0000,0.75747,0.75747,0.75747,0.75747
2006-10-22T00:00:00.000000000+0000,0.75781,0.75887,0.75751,0.75806
2006-10-23T00:00:00.000000000+0000,0.7581,0.76135,0.75587,0.75662
2006-10-24T00:00:00.000000000+0000,0.75668,0.75942,0.75537,0.75904
2006-10-25T00:00:00.000000000+0000,0.75887,0.76235,0.75787,0.76151
2006-10-26T00:00:00.000000000+0000,0.76137,0.7645,0.76047,0.76327
2006-10-27T00:00:00.000000000+0000,0.76311,0.76952,0.76183,0.76786
2006-10-28T00:00:00.000000000+0000,0.76786,0.76786,0.76786,0.76786
2006-10-29T00:00:00.000000000+0000,0.76809,0.76872,0.7674,0.76842
2006-10-30T00:00:00.000000000+0000,0.76835,0.77025,0.76682,0.76852
2006-10-31T00:00:00.000000000+0000,0.76835,0.7754,0.76677,0.77465
2006-11-01T00:00:00.000000000+0000,0.77445,0.7766,0.7724,0.77365
2006-11-02T00:00:00.000000000+0000,0.77355,0.775,0.76989,0.77385
2006-11-03T00:00:00.000000000+0000,0.77372,0.775,0.7679,0.76915
2006-11-04T00:00:00.000000000+0000,0.76915,0.76915,0.76915,0.76915
2006-11-05T00:00:00.000000000+0000,0.76941,0.77006,0.76882,0.76955
2006-11-06T00:00:00.000000000+0000,0.76955,0.7719,0.76665,0.77044
2006-11-07T00:00:00.000000000+0000,0.77047,0.77611,0.76957,0.77215
2006-11-08T00:00:00.000000000+0000,0.772,0.7733,0.7673,0.77039
2006-11-09T00:00:00.000000000+0000,0.77027,0.77081,0.76375,0.76889
2006-11-10T00:00:00.000000000+0000,0.76884,0.76965,0.7657,0.76649
2006-11-11T00:00:00.000000000+0000,0.76649,0.76649,0.76649,0.76649
2006-11-12T00:00:00.000000000+0000,0.76663,0.76724,0.76535,0.76584
2006-11-13T00:00:00.000000000+0000,0.76585,0.76775,0.76083,0.76317
2006-11-14T00:00:00.000000000+0000,0.7638,0.76745,0.76272,0.76565
2006-11-15T00:00:00.000000000+0000,0.76585,0.76615,0.76237,0.76413
2006-11-16T00:00:00.000000000+0000,0.76427,0.76965,0.76355,0.76569
2006-11-17T00:00:00.000000000+0000,0.76586,0.76937,0.76354,0.7685
2006-11-18T00:00:00.000000000+0000,0.7685,0.7685,0.7685,0.7685
2006-11-19T00:00:00.000000000+0000,0.76853,0.76955,0.76838,0.76882
2006-11-20T00:00:00.000000000+0000,0.76895,0.77065,0.76692,0.76962
2006-11-21T00:00:00.000000000+0000,0.76931,0.77145,0.76749,0.77001
2006-11-22T00:00:00.000000000+0000,0.77002,0.77642,0.76971,0.77444
2006-11-23T00:00:00.000000000+0000,0.77432,0.77532,0.77248,0.77431
2006-11-24T00:00:00.000000000+0000,0.77438,0.7791,0.77383,0.77847
2006-11-25T00:00:00.000000000+0000,0.77847,0.77847,0.77847,0.77847
2006-11-26T00:00:00.000000000+0000,0.78117,0.78153,0.77946,0.77985
2006-11-27T00:00:00.000000000+0000,0.78025,0.781,0.77584,0.77782
2006-11-28T00:00:00.000000000+0000,0.7781,0.78445,0.77712,0.78355
2006-11-29T00:00:00.000000000+0000,0.78345,0.78543,0.78119,0.7821
2006-11-30T00:00:00.000000000+0000,0.7822,0.79012,0.7819,0.78835
2006-12-01T00:00:00.000000000+0000,0.78852,0.79271,0.7868,0.7885
2006-12-02T00:00:00.000000000+0000,0.7885,0.7885,0.7885,0.7885
2006-12-03T00:00:00.000000000+0000,0.78913,0.7905,0.78844,0.78902
2006-12-04T00:00:00.000000000+0000,0.78894,0.79,0.78416,0.78822
2006-12-05T00:00:00.000000000+0000,0.78802,0.78937,0.7836,0.78576
2006-12-06T00:00:00.000000000+0000,0.78582,0.7888,0.78277,0.78422
2006-12-07T00:00:00.000000000+0000,0.78422,0.7912,0.78356,0.78804
2006-12-08T00:00:00.000000000+0000,0.7881,0.79305,0.7844,0.78512
2006-12-09T00:00:00.000000000+0000,0.78512,0.78512,0.78512,0.78512
2006-12-10T00:00:00.000000000+0000,0.78469,0.78526,0.78369,0.78437
2006-12-11T00:00:00.000000000+0000,0.78435,0.78602,0.78061,0.78487
2006-12-12T00:00:00.000000000+0000,0.7849,0.7876,0.78289,0.78712
2006-12-13T00:00:00.000000000+0000,0.78725,0.7895,0.7837,0.78589
2006-12-14T00:00:00.000000000+0000,0.78605,0.7875,0.78086,0.78325
2006-12-15T00:00:00.000000000+0000,0.78312,0.78445,0.7781,0.7811
2006-12-16T00:00:00.000000000+0000,0.7811,0.7811,0.7811,0.7811
2006-12-17T00:00:00.000000000+0000,0.78097,0.7816,0.77948,0.7806
2006-12-18T00:00:00.000000000+0000,0.7806,0.78367,0.77752,0.78104
2006-12-19T00:00:00.000000000+0000,0.78114,0.78525,0.77946,0.78459
2006-12-20T00:00:00.000000000+0000,0.78455,0.78793,0.78197,0.78517
2006-12-21T00:00:00.000000000+0000,0.78531,0.78695,0.7819,0.78362
2006-12-22T00:00:00.000000000+0000,0.7837,0.7876,0.78171,0.78312
2006-12-23T00:00:00.000000000+0000,0.78312,0.78312,0.78312,0.78312
2006-12-24T00:00:00.000000000+0000,0.78287,0.7843,0.7789,0.78335
2006-12-25T00:00:00.000000000+0000,0.78336,0.80535,0.7822,0.78409
2006-12-26T00:00:00.000000000+0000,0.7843,0.78618,0.78024,0.78193
2006-12-27T00:00:00.000000000+0000,0.78185,0.78635,0.78166,0.78414
2006-12-28T00:00:00.000000000+0000,0.7845,0.79175,0.78364,0.78966
2006-12-29T00:00:00.000000000+0000,0.78974,0.79238,0.78555,0.78802
2006-12-30T00:00:00.000000000+0000,0.78802,0.78802,0.78802,0.78802
2006-12-31T00:00:00.000000000+0000,0.78911,0.78973,0.78858,0.78953
2007-01-01T00:00:00.000000000+0000,0.78941,0.79062,0.78693,0.79
2007-01-02T00:00:00.000000000+0000,0.78998,0.797,0.7895,0.79548
2007-01-03T00:00:00.000000000+0000,0.79527,0.7979,0.78988,0.7914
2007-01-04T00:00:00.000000000+0000,0.79138,0.792,0.78197,0.7827
2007-01-05T00:00:00.000000000+0000,0.78267,0.78515,0.77761,0.77815
2007-01-06T00:00:00.000000000+0000,0.77815,0.77815,0.77815,0.77815
2007-01-07T00:00:00.000000000+0000,0.77876,0.77929,0.77785,0.77875
2007-01-08T00:00:00.000000000+0000,0.77875,0.78228,0.77751,0.78073
2007-01-09T00:00:00.000000000+0000,0.7807,0.78365,0.778,0.78035
2007-01-10T00:00:00.000000000+0000,0.78035,0.7811,0.77544,0.77643
2007-01-11T00:00:00.000000000+0000,0.7767,0.78404,0.77619,0.7793
2007-01-12T00:00:00.000000000+0000,0.77929,0.78385,0.77739,0.7832
2007-01-13T00:00:00.000000000+0000,0.7832,0.7832,0.7832,0.7832
2007-01-14T00:00:00.000000000+0000,0.78377,0.78475,0.78299,0.78405
2007-01-15T00:00:00.000000000+0000,0.78412,0.7859,0.7823,0.78354
2007-01-16T00:00:00.000000000+0000,0.78359,0.7853,0.7805,0.78223
2007-01-17T00:00:00.000000000+0000,0.78222,0.78738,0.78147,0.78667
2007-01-18T00:00:00.000000000+0000,0.78687,0.79035,0.78534,0.78901
2007-01-19T00:00:00.000000000+0000,0.7892,0.79062,0.78563,0.78948
2007-01-20T00:00:00.000000000+0000,0.78948,0.78948,0.78948,0.78948
2007-01-21T00:00:00.000000000+0000,0.78914,0.78942,0.78762,0.78855
2007-01-22T00:00:00.000000000+0000,0.78885,0.79055,0.7865,0.7877
2007-01-23T00:00:00.000000000+0000,0.7877,0.79383,0.78706,0.79163
2007-01-24T00:00:00.000000000+0000,0.79167,0.7925,0.77871,0.7803
2007-01-25T00:00:00.000000000+0000,0.7804,0.7815,0.77197,0.77313
2007-01-26T00:00:00.000000000+0000,0.77292,0.77495,0.77145,0.7725
2007-01-27T00:00:00.000000000+0000,0.7725,0.7725,0.7725,0.7725
2007-01-28T00:00:00.000000000+0000,0.7733,0.77433,0.77265,0.77389
2007-01-29T00:00:00.000000000+0000,0.77383,0.7748,0.7703,0.77208
2007-01-30T00:00:00.000000000+0000,0.77217,0.7739,0.76954,0.77114
2007-01-31T00:00:00.000000000+0000,0.77104,0.77721,0.76927,0.77521
2007-02-01T00:00:00.000000000+0000,0.77529,0.7765,0.77256,0.77326
2007-02-02T00:00:00.000000000+0000,0.7733,0.77575,0.77087,0.77455
2007-02-03T00:00:00.000000000+0000,0.77455,0.77455,0.77455,0.77455
2007-02-04T00:00:00.000000000+0000,0.77403,0.77444,0.77283,0.77387
2007-02-05T00:00:00.000000000+0000,0.7739,0.777,0.77196,0.7758
2007-02-06T00:00:00.000000000+0000,0.7757,0.7785,0.77367,0.77694
2007-02-07T00:00:00.000000000+0000,0.77713,0.77995,0.77539,0.779
2007-02-08T00:00:00.000000000+0000,0.7791,0.78205,0.7777,0.78128
2007-02-09T00:00:00.000000000+0000,0.78132,0.7823,0.7745,0.776
2007-02-10T00:00:00.000000000+0000,0.776,0.776,0.776,0.776
2007-02-11T00:00:00.000000000+0000,0.77565,0.77774,0.77514,0.77697
2007-02-12T00:00:00.000000000+0000,0.77696,0.7778,0.77053,0.77175
2007-02-13T00:00:00.000000000+0000,0.77172,0.78,0.7702,0.77841
2007-02-14T00:00:00.000000000+0000,0.77834,0.78497,0.77789,0.78314
2007-02-15T00:00:00.000000000+0000,0.783,0.7866,0.78187,0.78282
2007-02-16T00:00:00.000000000+0000,0.7829,0.78737,0.78275,0.7868
2007-02-17T00:00:00.000000000+0000,0.7868,0.7868,0.7868,0.7868
2007-02-18T00:00:00.000000000+0000,0.78648,0.78771,0.78603,0.78699
2007-02-19T00:00:00.000000000+0000,0.78694,0.7888,0.78408,0.78544
2007-02-20T00:00:00.000000000+0000,0.7858,0.7883,0.78427,0.78711
2007-02-21T00:00:00.000000000+0000,0.78733,0.79225,0.78568,0.79031
2007-02-22T00:00:00.000000000+0000,0.7904,0.79175,0.78684,0.78861
2007-02-23T00:00:00.000000000+0000,0.7889,0.79264,0.78731,0.7914
2007-02-24T00:00:00.000000000+0000,0.7914,0.7914,0.7914,0.7914
2007-02-25T00:00:00.000000000+0000,0.79066,0.79227,0.79053,0.79177
2007-02-26T00:00:00.000000000+0000,0.79168,0.79434,0.79052,0.7934
2007-02-27T00:00:00.000000000+0000,0.7935,0.79475,0.78476,0.78527
2007-02-28T00:00:00.000000000+0000,0.78521,0.7895,0.78502,0.7866
2007-03-01T00:00:00.000000000+0000,0.7866,0.7885,0.78307,0.78437
2007-03-02T00:00:00.000000000+0000,0.7849,0.78615,0.78057,0.7813
2007-03-03T00:00:00.000000000+0000,0.7813,0.7813,0.7813,0.7813
2007-03-04T00:00:00.000000000+0000,0.7807,0.78231,0.77944,0.77963
2007-03-05T00:00:00.000000000+0000,0.77963,0.77975,0.76754,0.76908
2007-03-06T00:00:00.000000000+0000,0.76902,0.77561,0.76865,0.77406
2007-03-07T00:00:00.000000000+0000,0.77418,0.7795,0.77353,0.77507
2007-03-08T00:00:00.000000000+0000,0.7753,0.7791,0.77452,0.77785
2007-03-09T00:00:00.000000000+0000,0.77786,0.78165,0.77734,0.7799
2007-03-10T00:00:00.000000000+0000,0.7799,0.7799,0.7799,0.7799
2007-03-11T00:00:00.000000000+0000,0.78049,0.7819,0.77945,0.78137
2007-03-12T00:00:00.000000000+0000,0.78126,0.78765,0.77928,0.78555
2007-03-13T00:00:00.000000000+0000,0.78567,0.78805,0.77933,0.78104
2007-03-14T00:00:00.000000000+0000,0.78112,0.78715,0.78002,0.78617
2007-03-15T00:00:00.000000000+0000,0.78646,0.7894,0.78417,0.78837
2007-03-16T00:00:00.000000000+0000,0.78843,0.79727,0.78714,0.79514
2007-03-17T00:00:00.000000000+0000,0.79514,0.79514,0.79514,0.79514
2007-03-18T00:00:00.000000000+0000,0.79461,0.79534,0.79271,0.79496
2007-03-19T00:00:00.000000000+0000,0.79496,0.80244,0.79349,0.80091
2007-03-20T00:00:00.000000000+0000,0.8011,0.80373,0.79589,0.80309
2007-03-21T00:00:00.000000000+0000,0.80336,0.80841,0.79969,0.8081
2007-03-22T00:00:00.000000000+0000,0.8081,0.8089,0.80443,0.8058
2007-03-23T00:00:00.000000000+0000,0.80588,0.80752,0.80371,0.80534
2007-03-24T00:00:00.000000000+0000,0.80534,0.80534,0.80534,0.80534
2007-03-25T00:00:00.000000000+0000,0.80424,0.80541,0.80363,0.80473
2007-03-26T00:00:00.000000000+0000,0.80495,0.81046,0.80255,0.80843
2007-03-27T00:00:00.000000000+0000,0.80825,0.8105,0.80637,0.80722
2007-03-28T00:00:00.000000000+0000,0.80722,0.8077,0.8036,0.80595
2007-03-29T00:00:00.000000000+0000,0.80595,0.80973,0.80513,0.80692
2007-03-30T00:00:00.000000000+0000,0.8068,0.81178,0.80554,0.80848
2007-03-31T00:00:00.000000000+0000,0.80848,0.80848,0.80848,0.80848
2007-04-01T00:00:00.000000000+0000,0.8094,0.80959,0.809,0.8095
2007-04-02T00:00:00.000000000+0000,0.8096,0.81807,0.80944,0.81437
2007-04-03T00:00:00.000000000+0000,0.81447,0.81587,0.80627,0.81097
2007-04-04T00:00:00.000000000+0000,0.81087,0.82097,0.81087,0.81807
2007-04-05T00:00:00.000000000+0000,0.81817,0.82017,0.81647,0.81837
2007-04-06T00:00:00.000000000+0000,0.81827,0.81967,0.81517,0.81577
2007-04-07T00:00:00.000000000+0000,0.81577,0.81577,0.81577,0.81577
2007-04-08T00:00:00.000000000+0000,0.81557,0.81607,0.81517,0.81567
2007-04-09T00:00:00.000000000+0000,0.81557,0.82407,0.81557,0.82257
2007-04-10T00:00:00.000000000+0000,0.82267,0.82657,0.82247,0.82397
2007-04-11T00:00:00.000000000+0000,0.82407,0.82717,0.82317,0.82537
2007-04-12T00:00:00.000000000+0000,0.82527,0.83297,0.82407,0.83197
2007-04-13T00:00:00.000000000+0000,0.83187,0.83377,0.83047,0.83297
2007-04-14T00:00:00.000000000+0000,0.83297,0.83297,0.83297,0.83297
2007-04-15T00:00:00.000000000+0000,0.83367,0.83377,0.83277,0.83297
2007-04-16T00:00:00.000000000+0000,0.83287,0.83457,0.83127,0.83267
2007-04-17T00:00:00.000000000+0000,0.83257,0.83847,0.83147,0.83677
2007-04-18T00:00:00.000000000+0000,0.83667,0.83917,0.83147,0.83337
2007-04-19T00:00:00.000000000+0000,0.83347,0.83677,0.82817,0.83517
2007-04-20T00:00:00.000000000+0000,0.83507,0.83777,0.83397,0.83757
2007-04-21T00:00:00.000000000+0000,0.83757,0.83757,0.83757,0.83757
2007-04-22T00:00:00.000000000+0000,0.83557,0.83567,0.83457,0.83467
2007-04-23T00:00:00.000000000+0000,0.83457,0.83497,0.82387,0.82567
2007-04-24T00:00:00.000000000+0000,0.82557,0.83107,0.82337,0.82987
2007-04-25T00:00:00.000000000+0000,0.82997,0.83577,0.82957,0.83407
2007-04-26T00:00:00.000000000+0000,0.83397,0.83397,0.82487,0.82577
2007-04-27T00:00:00.000000000+0000,0.82567,0.83377,0.82397,0.83007
2007-04-28T00:00:00.000000000+0000,0.83007,0.83007,0.83007,0.83007
2007-04-29T00:00:00.000000000+0000,0.82677,0.82837,0.82667,0.82797
2007-04-30T00:00:00.000000000+0000,0.82787,0.83297,0.82567,0.82867
2007-05-01T00:00:00.000000000+0000,0.82877,0.83267,0.82197,0.82247
2007-05-02T00:00:00.000000000+0000,0.82237,0.82667,0.82207,0.82467
2007-05-03T00:00:00.000000000+0000,0.82457,0.82577,0.81697,0.81917
2007-05-04T00:00:00.000000000+0000,0.81927,0.82177,0.81727,0.82127
2007-05-05T00:00:00.000000000+0000,0.82127,0.82127,0.82127,0.82127
2007-05-06T00:00:00.000000000+0000,0.82477,0.82517,0.82417,0.82457
2007-05-07T00:00:00.000000000+0000,0.82467,0.83057,0.82397,0.83017
2007-05-08T00:00:00.000000000+0000,0.83027,0.83087,0.82647,0.82837
2007-05-09T00:00:00.000000000+0000,0.82847,0.83237,0.82707,0.83167
2007-05-10T00:00:00.000000000+0000,0.83177,0.83347,0.82297,0.82797
2007-05-11T00:00:00.000000000+0000,0.82807,0.83277,0.82777,0.83147
2007-05-12T00:00:00.000000000+0000,0.83147,0.83147,0.83147,0.83147
2007-05-13T00:00:00.000000000+0000,0.83367,0.83387,0.83257,0.83307
2007-05-14T00:00:00.000000000+0000,0.83297,0.83467,0.83177,0.83237
2007-05-15T00:00:00.000000000+0000,0.83247,0.83477,0.83027,0.83217
2007-05-16T00:00:00.000000000+0000,0.83227,0.83277,0.82297,0.82637
2007-05-17T00:00:00.000000000+0000,0.82627,0.82687,0.82027,0.82207
2007-05-18T00:00:00.000000000+0000,0.82217,0.82577,0.82057,0.82377
2007-05-19T00:00:00.000000000+0000,0.82377,0.82377,0.82377,0.82377
2007-05-20T00:00:00.000000000+0000,0.82367,0.82387,0.82247,0.82307
2007-05-21T00:00:00.000000000+0000,0.82317,0.82387,0.81807,0.82027
2007-05-22T00:00:00.000000000+0000,0.82017,0.82287,0.81857,0.82097
2007-05-23T00:00:00.000000000+0000,0.82087,0.82667,0.82017,0.82267
2007-05-24T00:00:00.000000000+0000,0.82257,0.82367,0.81747,0.81927
2007-05-25T00:00:00.000000000+0000,0.81937,0.82177,0.81757,0.81837
2007-05-26T00:00:00.000000000+0000,0.81837,0.81837,0.81837,0.81837
2007-05-27T00:00:00.000000000+0000,0.81887,0.81937,0.81877,0.81907
2007-05-28T00:00:00.000000000+0000,0.81917,0.81977,0.81627,0.81767
2007-05-29T00:00:00.000000000+0000,0.81777,0.82107,0.81707,0.81867
2007-05-30T00:00:00.000000000+0000,0.81857,0.82417,0.81727,0.82347
2007-05-31T00:00:00.000000000+0000,0.82337,0.82917,0.82337,0.82877
2007-06-01T00:00:00.000000000+0000,0.82887,0.83287,0.82777,0.83227
2007-06-02T00:00:00.000000000+0000,0.83227,0.83227,0.83227,0.83227
2007-06-03T00:00:00.000000000+0000,0.83107,0.83227,0.83097,0.83217
2007-06-04T00:00:00.000000000+0000,0.83227,0.83587,0.83157,0.83537
2007-06-05T00:00:00.000000000+0000,0.83527,0.84317,0.83507,0.84267
2007-06-06T00:00:00.000000000+0000,0.84277,0.84707,0.83987,0.84667
2007-06-07T00:00:00.000000000+0000,0.84677,0.84757,0.83857,0.84307
2007-06-08T00:00:00.000000000+0000,0.84317,0.84487,0.83657,0.84377
2007-06-09T00:00:00.000000000+0000,0.84377,0.84377,0.84377,0.84377
2007-06-10T00:00:00.000000000+0000,0.84357,0.84357,0.83927,0.84017
2007-06-11T00:00:00.000000000+0000,0.84007,0.84457,0.84007,0.84387
2007-06-12T00:00:00.000000000+0000,0.84397,0.84457,0.83897,0.84157
2007-06-13T00:00:00.000000000+0000,0.84167,0.84207,0.83587,0.83797
2007-06-14T00:00:00.000000000+0000,0.83787,0.83917,0.83317,0.83717
2007-06-15T00:00:00.000000000+0000,0.83727,0.84187,0.83547,0.84187
2007-06-16T00:00:00.000000000+0000,0.84187,0.84187,0.84187,0.84187
2007-06-17T00:00:00.000000000+0000,0.84217,0.84257,0.84147,0.84227
2007-06-18T00:00:00.000000000+0000,0.84217,0.84527,0.83977,0.84337
2007-06-19T00:00:00.000000000+0000,0.84347,0.84737,0.84207,0.84647
2007-06-20T00:00:00.000000000+0000,0.84637,0.84757,0.84277,0.84487
2007-06-21T00:00:00.000000000+0000,0.84497,0.84737,0.84387,0.84627
2007-06-22T00:00:00.000000000+0000,0.84637,0.84937,0.84547,0.84607
2007-06-23T00:00:00.000000000+0000,0.84607,0.84607,0.84607,0.84607
2007-06-24T00:00:00.000000000+0000,0.84927,0.84947,0.84877,0.84877
2007-06-25T00:00:00.000000000+0000,0.84887,0.84997,0.84507,0.84727
2007-06-26T00:00:00.000000000+0000,0.84717,0.85107,0.84227,0.84317
2007-06-27T00:00:00.000000000+0000,0.84327,0.84367,0.83547,0.84137
2007-06-28T00:00:00.000000000+0000,0.84147,0.84837,0.84087,0.84807
2007-06-29T00:00:00.000000000+0000,0.84797,0.85217,0.84626,0.8481
2007-06-30T00:00:00.000000000+0000,0.8481,0.8481,0.8481,0.8481
2007-07-01T00:00:00.000000000+0000,0.85197,0.85247,0.85117,0.85137
2007-07-02T00:00:00.000000000+0000,0.85127,0.85977,0.85127,0.85677
2007-07-03T00:00:00.000000000+0000,0.85687,0.85777,0.85387,0.85757
2007-07-04T00:00:00.000000000+0000,0.85767,0.85857,0.85667,0.85717
2007-07-05T00:00:00.000000000+0000,0.85727,0.86087,0.85537,0.85717
2007-07-06T00:00:00.000000000+0000,0.85737,0.85887,0.85487,0.85767
2007-07-07T00:00:00.000000000+0000,0.85767,0.85767,0.85767,0.85767
2007-07-08T00:00:00.000000000+0000,0.85777,0.85837,0.85707,0.85817
2007-07-09T00:00:00.000000000+0000,0.85807,0.86137,0.85787,0.85917
2007-07-10T00:00:00.000000000+0000,0.85927,0.86367,0.85647,0.85957
2007-07-11T00:00:00.000000000+0000,0.85947,0.86407,0.85817,0.86187
2007-07-12T00:00:00.000000000+0000,0.86197,0.86757,0.86027,0.86677
2007-07-13T00:00:00.000000000+0000,0.86667,0.86967,0.86637,0.86937
2007-07-14T00:00:00.000000000+0000,0.86937,0.86937,0.86937,0.86937
2007-07-15T00:00:00.000000000+0000,0.87067,0.87247,0.87067,0.87237
2007-07-16T00:00:00.000000000+0000,0.87227,0.87637,0.87077,0.87367
2007-07-17T00:00:00.000000000+0000,0.87357,0.87827,0.87167,0.87827
2007-07-18T00:00:00.000000000+0000,0.87837,0.87877,0.87437,0.87757
2007-07-19T00:00:00.000000000+0000,0.87747,0.88097,0.87707,0.88077
2007-07-20T00:00:00.000000000+0000,0.88067,0.88337,0.87527,0.87927
2007-07-21T00:00:00.000000000+0000,0.87927,0.87927,0.87927,0.87927
2007-07-22T00:00:00.000000000+0000,0.88067,0.88157,0.88057,0.88117
2007-07-23T00:00:00.000000000+0000,0.88097,0.88617,0.88057,0.88407
2007-07-24T00:00:00.000000000+0000,0.88417,0.88607,0.87867,0.88567
2007-07-25T00:00:00.000000000+0000,0.88577,0.88707,0.88167,0.88437
2007-07-26T00:00:00.000000000+0000,0.88447,0.88677,0.86647,0.87557
2007-07-27T00:00:00.000000000+0000,0.87567,0.87617,0.85237,0.85237
2007-07-28T00:00:00.000000000+0000,0.85237,0.85237,0.85237,0.85237
2007-07-29T00:00:00.000000000+0000,0.85127,0.85177,0.85037,0.85107
2007-07-30T00:00:00.000000000+0000,0.85117,0.86147,0.84587,0.86067
2007-07-31T00:00:00.000000000+0000,0.86077,0.86097,0.84947,0.85097
2007-08-01T00:00:00.000000000+0000,0.85107,0.85677,0.84457,0.85137
2007-08-02T00:00:00.000000000+0000,0.85147,0.86037,0.84917,0.85697
2007-08-03T00:00:00.000000000+0000,0.85707,0.86027,0.85487,0.85567
2007-08-04T00:00:00.000000000+0000,0.85567,0.85567,0.85567,0.85567
2007-08-05T00:00:00.000000000+0000,0.85457,0.85477,0.85347,0.85427
2007-08-06T00:00:00.000000000+0000,0.85417,0.85907,0.85367,0.85757
2007-08-07T00:00:00.000000000+0000,0.85747,0.85917,0.85117,0.85567
2007-08-08T00:00:00.000000000+0000,0.85577,0.86487,0.85507,0.86477
2007-08-09T00:00:00.000000000+0000,0.86497,0.86627,0.84557,0.84637
2007-08-10T00:00:00.000000000+0000,0.84647,0.84727,0.83997,0.84497
2007-08-11T00:00:00.000000000+0000,0.84497,0.84497,0.84497,0.84497
2007-08-12T00:00:00.000000000+0000,0.84767,0.85047,0.84767,0.84837
2007-08-13T00:00:00.000000000+0000,0.84847,0.84887,0.83777,0.83927
2007-08-14T00:00:00.000000000+0000,0.83937,0.84037,0.82907,0.82987
2007-08-15T00:00:00.000000000+0000,0.82977,0.83027,0.79987,0.80027
2007-08-16T00:00:00.000000000+0000,0.80037,0.81127,0.78097,0.78197
2007-08-17T00:00:00.000000000+0000,0.78207,0.79877,0.76737,0.79767
2007-08-18T00:00:00.000000000+0000,0.79767,0.79767,0.79767,0.79767
2007-08-19T00:00:00.000000000+0000,0.79187,0.79387,0.79067,0.79357
2007-08-20T00:00:00.000000000+0000,0.79367,0.80927,0.79337,0.80467
2007-08-21T00:00:00.000000000+0000,0.80457,0.80597,0.79547,0.79937
2007-08-22T00:00:00.000000000+0000,0.79947,0.81587,0.79917,0.81417
2007-08-23T00:00:00.000000000+0000,0.81427,0.82417,0.81277,0.82067
2007-08-24T00:00:00.000000000+0000,0.82057,0.82667,0.81677,0.82667
2007-08-25T00:00:00.000000000+0000,0.82667,0.82667,0.82667,0.82667
2007-08-26T00:00:00.000000000+0000,0.82877,0.83077,0.82877,0.83027
2007-08-27T00:00:00.000000000+0000,0.83017,0.83337,0.82247,0.82347
2007-08-28T00:00:00.000000000+0000,0.82357,0.82777,0.80507,0.80847
2007-08-29T00:00:00.000000000+0000,0.80837,0.82337,0.80667,0.81707
2007-08-30T00:00:00.000000000+0000,0.81697,0.82127,0.81267,0.82047
2007-08-31T00:00:00.000000000+0000,0.8205,0.825,0.8105,0.8182
2007-09-01T00:00:00.000000000+0000,0.8182,0.8182,0.8182,0.8182
2007-09-02T00:00:00.000000000+0000,0.82187,0.82237,0.82057,0.82137
2007-09-03T00:00:00.000000000+0000,0.82127,0.82537,0.81887,0.82447
2007-09-04T00:00:00.000000000+0000,0.82437,0.82857,0.82147,0.82497
2007-09-05T00:00:00.000000000+0000,0.82487,0.82657,0.81817,0.82307
2007-09-06T00:00:00.000000000+0000,0.82317,0.82967,0.82207,0.82767
2007-09-07T00:00:00.000000000+0000,0.82757,0.83097,0.82277,0.82667
2007-09-08T00:00:00.000000000+0000,0.82667,0.82667,0.82667,0.82667
2007-09-09T00:00:00.000000000+0000,0.81967,0.82207,0.81897,0.82157
2007-09-10T00:00:00.000000000+0000,0.82147,0.82687,0.81957,0.82637
2007-09-11T00:00:00.000000000+0000,0.82638,0.83487,0.82544,0.83487
2007-09-12T00:00:00.000000000+0000,0.83497,0.84337,0.83427,0.83928
2007-09-13T00:00:00.000000000+0000,0.83927,0.84377,0.83422,0.83857
2007-09-14T00:00:00.000000000+0000,0.8385,0.84297,0.83807,0.84207
2007-09-15T00:00:00.000000000+0000,0.84207,0.84207,0.84207,0.84207
2007-09-16T00:00:00.000000000+0000,0.84357,0.84387,0.84287,0.84337
2007-09-17T00:00:00.000000000+0000,0.84327,0.84587,0.82747,0.83147
2007-09-18T00:00:00.000000000+0000,0.83157,0.85287,0.82827,0.85227
2007-09-19T00:00:00.000000000+0000,0.85218,0.85967,0.84927,0.8591
2007-09-20T00:00:00.000000000+0000,0.85907,0.87027,0.85847,0.86637
2007-09-21T00:00:00.000000000+0000,0.86628,0.86997,0.86049,0.86452
2007-09-22T00:00:00.000000000+0000,0.86452,0.86452,0.86452,0.86452
2007-09-23T00:00:00.000000000+0000,0.86832,0.86847,0.86647,0.86707
2007-09-24T00:00:00.000000000+0000,0.86703,0.86967,0.86317,0.8651
2007-09-25T00:00:00.000000000+0000,0.86507,0.87467,0.86107,0.87227
2007-09-26T00:00:00.000000000+0000,0.87225,0.87727,0.87127,0.87647
2007-09-27T00:00:00.000000000+0000,0.87657,0.88337,0.87647,0.88237
2007-09-28T00:00:00.000000000+0000,0.88231,0.88858,0.87847,0.88727
2007-09-29T00:00:00.000000000+0000,0.88727,0.88727,0.88727,0.88727
2007-09-30T00:00:00.000000000+0000,0.88889,0.89127,0.88817,0.89057
2007-10-01T00:00:00.000000000+0000,0.89062,0.89487,0.88532,0.88747
2007-10-02T00:00:00.000000000+0000,0.88742,0.89147,0.88061,0.88947
2007-10-03T00:00:00.000000000+0000,0.88937,0.89107,0.88077,0.88265
2007-10-04T00:00:00.000000000+0000,0.88259,0.88997,0.87947,0.88857
2007-10-05T00:00:00.000000000+0000,0.88848,0.90047,0.88647,0.89735
2007-10-06T00:00:00.000000000+0000,0.89735,0.89735,0.89735,0.89735
2007-10-07T00:00:00.000000000+0000,0.90127,0.90199,0.90057,0.901
2007-10-08T00:00:00.000000000+0000,0.90101,0.90327,0.89174,0.89277
2007-10-09T00:00:00.000000000+0000,0.89279,0.90117,0.89127,0.89857
2007-10-10T00:00:00.000000000+0000,0.89847,0.90059,0.89397,0.89917
2007-10-11T00:00:00.000000000+0000,0.89912,0.90597,0.89847,0.90027
2007-10-12T00:00:00.000000000+0000,0.90024,0.90517,0.89517,0.90327
2007-10-13T00:00:00.000000000+0000,0.90327,0.90327,0.90327,0.90327
2007-10-14T00:00:00.000000000+0000,0.90437,0.90437,0.90297,0.90387
2007-10-15T00:00:00.000000000+0000,0.90397,0.90777,0.89617,0.89887
2007-10-16T00:00:00.000000000+0000,0.89977,0.90127,0.88219,0.88827
2007-10-17T00:00:00.000000000+0000,0.88647,0.89727,0.88157,0.89227
2007-10-18T00:00:00.000000000+0000,0.89347,0.89577,0.88857,0.89349
2007-10-19T00:00:00.000000000+0000,0.89347,0.89932,0.88919,0.89459
2007-10-20T00:00:00.000000000+0000,0.89459,0.89459,0.89459,0.89459
2007-10-21T00:00:00.000000000+0000,0.88567,0.88797,0.88507,0.88777
2007-10-22T00:00:00.000000000+0000,0.88817,0.89157,0.87507,0.88867
2007-10-23T00:00:00.000000000+0000,0.89102,0.90477,0.88967,0.90175
2007-10-24T00:00:00.000000000+0000,0.90172,0.90177,0.89357,0.90077
2007-10-25T00:00:00.000000000+0000,0.90185,0.91177,0.90167,0.90997
2007-10-26T00:00:00.000000000+0000,0.91057,0.91817,0.91007,0.91807
2007-10-27T00:00:00.000000000+0000,0.91807,0.91807,0.91807,0.91807
2007-10-28T00:00:00.000000000+0000,0.92157,0.92327,0.92097,0.92317
2007-10-29T00:00:00.000000000+0000,0.92314,0.92717,0.91817,0.91867
2007-10-30T00:00:00.000000000+0000,0.91877,0.92327,0.91467,0.92267
2007-10-31T00:00:00.000000000+0000,0.92277,0.93443,0.92047,0.93107
2007-11-01T00:00:00.000000000+0000,0.931,0.93357,0.91067,0.91882
2007-11-02T00:00:00.000000000+0000,0.91887,0.92489,0.91387,0.92317
2007-11-03T00:00:00.000000000+0000,0.92317,0.92317,0.92317,0.92317
2007-11-04T00:00:00.000000000+0000,0.92077,0.92157,0.91903,0.92027
2007-11-05T00:00:00.000000000+0000,0.92044,0.92347,0.91567,0.92237
2007-11-06T00:00:00.000000000+0000,0.92247,0.93797,0.92157,0.93737
2007-11-07T00:00:00.000000000+0000,0.93727,0.94,0.91878,0.92427
2007-11-08T00:00:00.000000000+0000,0.92421,0.93299,0.92187,0.92848
2007-11-09T00:00:00.000000000+0000,0.92837,0.93027,0.91017,0.91277
2007-11-10T00:00:00.000000000+0000,0.91277,0.91277,0.91277,0.91277
2007-11-11T00:00:00.000000000+0000,0.90237,0.90237,0.89057,0.89217
2007-11-12T00:00:00.000000000+0000,0.89227,0.90176,0.87527,0.88899
2007-11-13T00:00:00.000000000+0000,0.88907,0.90297,0.88687,0.90247
2007-11-14T00:00:00.000000000+0000,0.90242,0.90687,0.893,0.89997
2007-11-15T00:00:00.000000000+0000,0.89992,0.90157,0.88149,0.88547
2007-11-16T00:00:00.000000000+0000,0.88557,0.89407,0.8843,0.89187
2007-11-17T00:00:00.000000000+0000,0.89187,0.89187,0.89187,0.89187
2007-11-18T00:00:00.000000000+0000,0.89597,0.89597,0.89255,0.89282
2007-11-19T00:00:00.000000000+0000,0.89287,0.89467,0.8758,0.88364
2007-11-20T00:00:00.000000000+0000,0.88361,0.89528,0.88147,0.88647
2007-11-21T00:00:00.000000000+0000,0.88648,0.88898,0.86522,0.87527
2007-11-22T00:00:00.000000000+0000,0.87518,0.87777,0.86927,0.87357
2007-11-23T00:00:00.000000000+0000,0.87347,0.87737,0.86847,0.87697
2007-11-24T00:00:00.000000000+0000,0.87697,0.87697,0.87697,0.87697
2007-11-25T00:00:00.000000000+0000,0.88217,0.8843,0.88197,0.8837
2007-11-26T00:00:00.000000000+0000,0.88377,0.88687,0.86662,0.87857
2007-11-27T00:00:00.000000000+0000,0.87847,0.88057,0.87117,0.87577
2007-11-28T00:00:00.000000000+0000,0.87568,0.89195,0.87187,0.88287
2007-11-29T00:00:00.000000000+0000,0.88277,0.88867,0.87747,0.88637
2007-11-30T00:00:00.000000000+0000,0.88657,0.88947,0.88057,0.88307
2007-12-01T00:00:00.000000000+0000,0.88307,0.88307,0.88307,0.88307
2007-12-02T00:00:00.000000000+0000,0.87997,0.88017,0.87857,0.87967
2007-12-03T00:00:00.000000000+0000,0.87977,0.88437,0.87277,0.87417
2007-12-04T00:00:00.000000000+0000,0.87427,0.87647,0.86767,0.87047
2007-12-05T00:00:00.000000000+0000,0.87057,0.87447,0.86597,0.87337
2007-12-06T00:00:00.000000000+0000,0.87347,0.87967,0.86907,0.87747
2007-12-07T00:00:00.000000000+0000,0.87739,0.88267,0.87407,0.87737
2007-12-08T00:00:00.000000000+0000,0.87737,0.87737,0.87737,0.87737
2007-12-09T00:00:00.000000000+0000,0.87577,0.87627,0.8754,0.87627
2007-12-10T00:00:00.000000000+0000,0.87618,0.88877,0.87607,0.88847
2007-12-11T00:00:00.000000000+0000,0.88857,0.88947,0.87097,0.87597
2007-12-12T00:00:00.000000000+0000,0.87588,0.89017,0.87574,0.88237
2007-12-13T00:00:00.000000000+0000,0.88247,0.88327,0.87337,0.87659
2007-12-14T00:00:00.000000000+0000,0.8766,0.87931,0.86053,0.86137
2007-12-15T00:00:00.000000000+0000,0.86137,0.86137,0.86137,0.86137
2007-12-16T00:00:00.000000000+0000,0.86367,0.86457,0.86167,0.86167
2007-12-17T00:00:00.000000000+0000,0.86177,0.86257,0.85574,0.85927
2007-12-18T00:00:00.000000000+0000,0.85917,0.86432,0.85527,0.8628
2007-12-19T00:00:00.000000000+0000,0.86277,0.86322,0.85577,0.85769
2007-12-20T00:00:00.000000000+0000,0.85771,0.86311,0.85687,0.86197
2007-12-21T00:00:00.000000000+0000,0.86207,0.8697,0.86167,0.86702
2007-12-22T00:00:00.000000000+0000,0.86702,0.86702,0.86702,0.86702
2007-12-23T00:00:00.000000000+0000,0.86786,0.86927,0.86757,0.86897
2007-12-24T00:00:00.000000000+0000,0.86907,0.87197,0.86799,0.87047
2007-12-25T00:00:00.000000000+0000,0.87072,0.87077,0.87047,0.87057
2007-12-26T00:00:00.000000000+0000,0.87057,0.87057,0.87057,0.87057
2007-12-27T00:00:00.000000000+0000,0.87632,0.87917,0.87097,0.87331
2007-12-28T00:00:00.000000000+0000,0.87327,0.87867,0.87217,0.87508
2007-12-29T00:00:00.000000000+0000,0.87508,0.87508,0.87508,0.87508
2007-12-30T00:00:00.000000000+0000,0.88023,0.88176,0.87999,0.88147
2007-12-31T00:00:00.000000000+0000,0.88157,0.88257,0.87505,0.87703
2008-01-01T00:00:00.000000000+0000,0.88297,0.88297,0.88297,0.88297
2008-01-02T00:00:00.000000000+0000,0.88004,0.88539,0.87666,0.88297
2008-01-03T00:00:00.000000000+0000,0.88307,0.88395,0.87717,0.88042
2008-01-04T00:00:00.000000000+0000,0.88046,0.88367,0.86995,0.87029
2008-01-05T00:00:00.000000000+0000,0.87029,0.87029,0.87029,0.87029
2008-01-06T00:00:00.000000000+0000,0.8707,0.87307,0.86962,0.87277
2008-01-07T00:00:00.000000000+0000,0.8728,0.87922,0.86827,0.87697
2008-01-08T00:00:00.000000000+0000,0.87699,0.88437,0.87647,0.88199
2008-01-09T00:00:00.000000000+0000,0.88198,0.88587,0.87842,0.88397
2008-01-10T00:00:00.000000000+0000,0.88394,0.89752,0.88107,0.89506
2008-01-11T00:00:00.000000000+0000,0.89507,0.89702,0.88977,0.89091
2008-01-12T00:00:00.000000000+0000,0.89091,0.89091,0.89091,0.89091
2008-01-13T00:00:00.000000000+0000,0.89572,0.89657,0.89437,0.89517
2008-01-14T00:00:00.000000000+0000,0.89507,0.90117,0.89417,0.90007
2008-01-15T00:00:00.000000000+0000,0.90005,0.90187,0.87802,0.88457
2008-01-16T00:00:00.000000000+0000,0.88452,0.88497,0.87437,0.87987
2008-01-17T00:00:00.000000000+0000,0.87977,0.88802,0.86997,0.87667
2008-01-18T00:00:00.000000000+0000,0.8767,0.88519,0.87497,0.88002
2008-01-19T00:00:00.000000000+0000,0.88002,0.88002,0.88002,0.88002
2008-01-20T00:00:00.000000000+0000,0.87662,0.87737,0.87587,0.87617
2008-01-21T00:00:00.000000000+0000,0.87621,0.87627,0.85607,0.85757
2008-01-22T00:00:00.000000000+0000,0.85756,0.87432,0.85117,0.86378
2008-01-23T00:00:00.000000000+0000,0.86377,0.87502,0.86102,0.87454
2008-01-24T00:00:00.000000000+0000,0.87452,0.88477,0.87017,0.88459
2008-01-25T00:00:00.000000000+0000,0.88467,0.88527,0.87715,0.88017
2008-01-26T00:00:00.000000000+0000,0.88017,0.88017,0.88017,0.88017
2008-01-27T00:00:00.000000000+0000,0.87857,0.87907,0.87667,0.87735
2008-01-28T00:00:00.000000000+0000,0.87734,0.88957,0.87717,0.88682
2008-01-29T00:00:00.000000000+0000,0.88687,0.89037,0.88587,0.88797
2008-01-30T00:00:00.000000000+0000,0.88802,0.90147,0.88154,0.88817
2008-01-31T00:00:00.000000000+0000,0.88818,0.89812,0.88735,0.89497
2008-02-01T00:00:00.000000000+0000,0.89498,0.90462,0.89497,0.90427
2008-02-02T00:00:00.000000000+0000,0.90427,0.90427,0.90427,0.90427
2008-02-03T00:00:00.000000000+0000,0.90432,0.90517,0.90397,0.90447
2008-02-04T00:00:00.000000000+0000,0.90457,0.90998,0.90289,0.90677
2008-02-05T00:00:00.000000000+0000,0.90674,0.90902,0.89402,0.89558
2008-02-06T00:00:00.000000000+0000,0.89557,0.89987,0.89047,0.89237
2008-02-07T00:00:00.000000000+0000,0.89238,0.8975,0.88737,0.89497
2008-02-08T00:00:00.000000000+0000,0.89507,0.89857,0.89147,0.89512
2008-02-09T00:00:00.000000000+0000,0.89512,0.89512,0.89512,0.89512
2008-02-10T00:00:00.000000000+0000,0.90043,0.90227,0.90032,0.90152
2008-02-11T00:00:00.000000000+0000,0.90162,0.90577,0.90072,0.90402
2008-02-12T00:00:00.000000000+0000,0.90407,0.90847,0.90207,0.90357
2008-02-13T00:00:00.000000000+0000,0.90367,0.90412,0.89227,0.90257
2008-02-14T00:00:00.000000000+0000,0.90252,0.9065,0.90027,0.90417
2008-02-15T00:00:00.000000000+0000,0.90413,0.90977,0.90337,0.90822
2008-02-16T00:00:00.000000000+0000,0.90822,0.90822,0.90822,0.90822
2008-02-17T00:00:00.000000000+0000,0.91272,0.91337,0.91217,0.91317
2008-02-18T00:00:00.000000000+0000,0.91312,0.92007,0.91018,0.91931
2008-02-19T00:00:00.000000000+0000,0.9193,0.92369,0.91448,0.91527
2008-02-20T00:00:00.000000000+0000,0.91528,0.91987,0.91117,0.91827
2008-02-21T00:00:00.000000000+0000,0.9182,0.92073,0.91657,0.92017
2008-02-22T00:00:00.000000000+0000,0.92027,0.92502,0.91767,0.92327
2008-02-23T00:00:00.000000000+0000,0.92327,0.92327,0.92327,0.92327
2008-02-24T00:00:00.000000000+0000,0.92358,0.92437,0.92326,0.92357
2008-02-25T00:00:00.000000000+0000,0.92359,0.92987,0.92227,0.92827
2008-02-26T00:00:00.000000000+0000,0.92824,0.93497,0.92527,0.93489
2008-02-27T00:00:00.000000000+0000,0.93497,0.94579,0.93427,0.94257
2008-02-28T00:00:00.000000000+0000,0.94256,0.94967,0.93669,0.94657
2008-02-29T00:00:00.000000000+0000,0.94655,0.94857,0.93094,0.93139
2008-03-01T00:00:00.000000000+0000,0.93139,0.93139,0.93139,0.93139
2008-03-02T00:00:00.000000000+0000,0.92992,0.93367,0.92967,0.93347
2008-03-03T00:00:00.000000000+0000,0.93348,0.9421,0.92637,0.92697
2008-03-04T00:00:00.000000000+0000,0.92698,0.93451,0.92172,0.92527
2008-03-05T00:00:00.000000000+0000,0.92532,0.93654,0.92287,0.93507
2008-03-06T00:00:00.000000000+0000,0.93505,0.93837,0.92457,0.92877
2008-03-07T00:00:00.000000000+0000,0.92887,0.93732,0.92602,0.92757
2008-03-08T00:00:00.000000000+0000,0.92757,0.92757,0.92757,0.92757
2008-03-09T00:00:00.000000000+0000,0.92975,0.93087,0.92902,0.93012
2008-03-10T00:00:00.000000000+0000,0.93037,0.93052,0.91477,0.91707
2008-03-11T00:00:00.000000000+0000,0.91698,0.93192,0.91587,0.93077
2008-03-12T00:00:00.000000000+0000,0.93087,0.94172,0.92837,0.93927
2008-03-13T00:00:00.000000000+0000,0.93932,0.94712,0.93265,0.94317
2008-03-14T00:00:00.000000000+0000,0.94312,0.94479,0.93512,0.93694
2008-03-15T00:00:00.000000000+0000,0.93694,0.93694,0.93694,0.93694
2008-03-16T00:00:00.000000000+0000,0.93442,0.93472,0.91972,0.92412
2008-03-17T00:00:00.000000000+0000,0.92422,0.92937,0.91245,0.9217
2008-03-18T00:00:00.000000000+0000,0.92162,0.93357,0.9207,0.93307
2008-03-19T00:00:00.000000000+0000,0.93317,0.93537,0.90894,0.91537
2008-03-20T00:00:00.000000000+0000,0.91547,0.91667,0.89521,0.90207
2008-03-21T00:00:00.000000000+0000,0.90209,0.90292,0.90051,0.90142
2008-03-22T00:00:00.000000000+0000,0.90142,0.90142,0.90142,0.90142
2008-03-23T00:00:00.000000000+0000,0.89857,0.89913,0.89772,0.89817
2008-03-24T00:00:00.000000000+0000,0.89816,0.91257,0.89807,0.91227
2008-03-25T00:00:00.000000000+0000,0.91217,0.91782,0.91032,0.91637
2008-03-26T00:00:00.000000000+0000,0.91647,0.92419,0.91209,0.92077
2008-03-27T00:00:00.000000000+0000,0.92087,0.92527,0.91662,0.92108
2008-03-28T00:00:00.000000000+0000,0.92107,0.92422,0.91513,0.91754
2008-03-29T00:00:00.000000000+0000,0.91754,0.91754,0.91754,0.91754
2008-03-30T00:00:00.000000000+0000,0.9163,0.91747,0.91617,0.91697
2008-03-31T00:00:00.000000000+0000,0.91707,0.91807,0.91032,0.91137
2008-04-01T00:00:00.000000000+0000,0.9113,0.91197,0.90307,0.90851
2008-04-02T00:00:00.000000000+0000,0.90838,0.91574,0.90547,0.91359
2008-04-03T00:00:00.000000000+0000,0.91361,0.91767,0.90914,0.91189
2008-04-04T00:00:00.000000000+0000,0.91187,0.9228,0.91127,0.92159
2008-04-05T00:00:00.000000000+0000,0.92159,0.92159,0.92159,0.92159
2008-04-06T00:00:00.000000000+0000,0.91977,0.92017,0.91772,0.91937
2008-04-07T00:00:00.000000000+0000,0.91947,0.92835,0.91928,0.92674
2008-04-08T00:00:00.000000000+0000,0.92671,0.93217,0.92417,0.92974
2008-04-09T00:00:00.000000000+0000,0.92969,0.93459,0.92612,0.93337
2008-04-10T00:00:00.000000000+0000,0.93333,0.93437,0.92937,0.93217
2008-04-11T00:00:00.000000000+0000,0.93218,0.93397,0.92727,0.92897
2008-04-12T00:00:00.000000000+0000,0.92897,0.92897,0.92897,0.92897
2008-04-13T00:00:00.000000000+0000,0.92204,0.92367,0.92181,0.92327
2008-04-14T00:00:00.000000000+0000,0.92322,0.92957,0.9205,0.92878
2008-04-15T00:00:00.000000000+0000,0.92887,0.93077,0.92328,0.92547
2008-04-16T00:00:00.000000000+0000,0.92542,0.94004,0.92542,0.93797
2008-04-17T00:00:00.000000000+0000,0.93807,0.93937,0.93368,0.93721
2008-04-18T00:00:00.000000000+0000,0.93726,0.93947,0.92705,0.93426
2008-04-19T00:00:00.000000000+0000,0.93426,0.93426,0.93426,0.93426
2008-04-20T00:00:00.000000000+0000,0.93602,0.93827,0.93587,0.9381
2008-04-21T00:00:00.000000000+0000,0.93813,0.94427,0.93782,0.94182
2008-04-22T00:00:00.000000000+0000,0.94186,0.95157,0.93907,0.95097
2008-04-23T00:00:00.000000000+0000,0.95093,0.95407,0.94438,0.94677
2008-04-24T00:00:00.000000000+0000,0.94697,0.94767,0.93725,0.94047
2008-04-25T00:00:00.000000000+0000,0.94042,0.94087,0.92907,0.93187
2008-04-26T00:00:00.000000000+0000,0.93187,0.93187,0.93187,0.93187
2008-04-27T00:00:00.000000000+0000,0.93532,0.93567,0.93447,0.93538
2008-04-28T00:00:00.000000000+0000,0.93547,0.94037,0.93535,0.93677
2008-04-29T00:00:00.000000000+0000,0.93672,0.93682,0.92924,0.93437
2008-04-30T00:00:00.000000000+0000,0.93429,0.94715,0.93277,0.93902
2008-05-01T00:00:00.000000000+0000,0.939,0.94132,0.93007,0.93157
2008-05-02T00:00:00.000000000+0000,0.93147,0.93842,0.92747,0.93595
2008-05-03T00:00:00.000000000+0000,0.93595,0.93595,0.93595,0.93595
2008-05-04T00:00:00.000000000+0000,0.9374,0.93867,0.93697,0.93791
2008-05-05T00:00:00.000000000+0000,0.93792,0.94817,0.93749,0.94747
2008-05-06T00:00:00.000000000+0000,0.94744,0.95056,0.94327,0.94817
2008-05-07T00:00:00.000000000+0000,0.9482,0.94839,0.93487,0.94077
2008-05-08T00:00:00.000000000+0000,0.94073,0.94561,0.93815,0.94007
2008-05-09T00:00:00.000000000+0000,0.94017,0.94357,0.93835,0.94312
2008-05-10T00:00:00.000000000+0000,0.94312,0.94312,0.94312,0.94312
2008-05-11T00:00:00.000000000+0000,0.93757,0.93827,0.93629,0.93737
2008-05-12T00:00:00.000000000+0000,0.9373,0.94793,0.93557,0.9457
2008-05-13T00:00:00.000000000+0000,0.94568,0.94767,0.93844,0.93937
2008-05-14T00:00:00.000000000+0000,0.93938,0.93957,0.92907,0.93057
2008-05-15T00:00:00.000000000+0000,0.93062,0.94416,0.93058,0.94362
2008-05-16T00:00:00.000000000+0000,0.94358,0.95592,0.94297,0.95446
2008-05-17T00:00:00.000000000+0000,0.95446,0.95446,0.95446,0.95446
2008-05-18T00:00:00.000000000+0000,0.95356,0.95362,0.95268,0.95335
2008-05-19T00:00:00.000000000+0000,0.95332,0.95877,0.95099,0.95742
2008-05-20T00:00:00.000000000+0000,0.95735,0.96177,0.95567,0.95949
2008-05-21T00:00:00.000000000+0000,0.95957,0.96532,0.95789,0.96277
2008-05-22T00:00:00.000000000+0000,0.96272,0.96489,0.95432,0.95747
2008-05-23T00:00:00.000000000+0000,0.95741,0.96367,0.95689,0.95997
2008-05-24T00:00:00.000000000+0000,0.95997,0.95997,0.95997,0.95997
2008-05-25T00:00:00.000000000+0000,0.95937,0.96149,0.95863,0.96074
2008-05-26T00:00:00.000000000+0000,0.9607,0.96242,0.95844,0.96117
2008-05-27T00:00:00.000000000+0000,0.96118,0.96351,0.95617,0.96074
2008-05-28T00:00:00.000000000+0000,0.96079,0.96367,0.95647,0.95982
2008-05-29T00:00:00.000000000+0000,0.9598,0.96192,0.95308,0.95539
2008-05-30T00:00:00.000000000+0000,0.95537,0.95787,0.95117,0.95585
2008-05-31T00:00:00.000000000+0000,0.95585,0.95585,0.95585,0.95585
2008-06-01T00:00:00.000000000+0000,0.95323,0.95338,0.95177,0.95197
2008-06-02T00:00:00.000000000+0000,0.95198,0.95787,0.95017,0.95699
2008-06-03T00:00:00.000000000+0000,0.95697,0.96122,0.94861,0.95559
2008-06-04T00:00:00.000000000+0000,0.95567,0.96287,0.95317,0.95444
2008-06-05T00:00:00.000000000+0000,0.95442,0.96101,0.95107,0.95931
2008-06-06T00:00:00.000000000+0000,0.95929,0.96406,0.95647,0.96282
2008-06-07T00:00:00.000000000+0000,0.96282,0.96282,0.96282,0.96282
2008-06-08T00:00:00.000000000+0000,0.96132,0.9634,0.96057,0.96132
2008-06-09T00:00:00.000000000+0000,0.96073,0.96467,0.94603,0.94869
2008-06-10T00:00:00.000000000+0000,0.94867,0.95177,0.94387,0.94467
2008-06-11T00:00:00.000000000+0000,0.94462,0.94921,0.93737,0.9395
2008-06-12T00:00:00.000000000+0000,0.93947,0.94107,0.93272,0.93899
2008-06-13T00:00:00.000000000+0000,0.93895,0.94098,0.93338,0.93864
2008-06-14T00:00:00.000000000+0000,0.93864,0.93864,0.93864,0.93864
2008-06-15T00:00:00.000000000+0000,0.93727,0.93947,0.93727,0.93897
2008-06-16T00:00:00.000000000+0000,0.93892,0.94377,0.93694,0.94157
2008-06-17T00:00:00.000000000+0000,0.94156,0.94532,0.93887,0.94447
2008-06-18T00:00:00.000000000+0000,0.94439,0.94777,0.94027,0.94711
2008-06-19T00:00:00.000000000+0000,0.94714,0.95184,0.94511,0.9503
2008-06-20T00:00:00.000000000+0000,0.95031,0.95667,0.95031,0.95402
2008-06-21T00:00:00.000000000+0000,0.95402,0.95402,0.95402,0.95402
2008-06-22T00:00:00.000000000+0000,0.95517,0.95517,0.95449,0.95507
2008-06-23T00:00:00.000000000+0000,0.9551,0.95597,0.94927,0.95185
2008-06-24T00:00:00.000000000+0000,0.95182,0.95857,0.95147,0.95707
2008-06-25T00:00:00.000000000+0000,0.95709,0.96002,0.95318,0.95928
2008-06-26T00:00:00.000000000+0000,0.95929,0.96097,0.95417,0.95771
2008-06-27T00:00:00.000000000+0000,0.95767,0.96327,0.95737,0.96029
2008-06-28T00:00:00.000000000+0000,0.96029,0.96029,0.96029,0.96029
2008-06-29T00:00:00.000000000+0000,0.9625,0.96279,0.96137,0.96228
2008-06-30T00:00:00.000000000+0000,0.96227,0.96668,0.95527,0.95819
2008-07-01T00:00:00.000000000+0000,0.95817,0.96017,0.95118,0.95967
2008-07-02T00:00:00.000000000+0000,0.95959,0.96507,0.95817,0.96187
2008-07-03T00:00:00.000000000+0000,0.96185,0.96317,0.95817,0.96084
2008-07-04T00:00:00.000000000+0000,0.96082,0.96387,0.96082,0.96315
2008-07-05T00:00:00.000000000+0000,0.96315,0.96315,0.96315,0.96315
2008-07-06T00:00:00.000000000+0000,0.96116,0.96177,0.96031,0.96099
2008-07-07T00:00:00.000000000+0000,0.96102,0.96137,0.95158,0.95477
2008-07-08T00:00:00.000000000+0000,0.95482,0.95528,0.94757,0.94887
2008-07-09T00:00:00.000000000+0000,0.94892,0.96114,0.94821,0.95952
2008-07-10T00:00:00.000000000+0000,0.95953,0.96382,0.9578,0.96064
2008-07-11T00:00:00.000000000+0000,0.96062,0.97161,0.95957,0.96556
2008-07-12T00:00:00.000000000+0000,0.96556,0.96556,0.96556,0.96556
2008-07-13T00:00:00.000000000+0000,0.9667,0.9688,0.96667,0.96836
2008-07-14T00:00:00.000000000+0000,0.96837,0.97566,0.9665,0.97507
2008-07-15T00:00:00.000000000+0000,0.97506,0.98497,0.97414,0.97728
2008-07-16T00:00:00.000000000+0000,0.97717,0.97957,0.97277,0.97609
2008-07-17T00:00:00.000000000+0000,0.97604,0.97906,0.96769,0.97157
2008-07-18T00:00:00.000000000+0000,0.97159,0.97374,0.97011,0.97017
2008-07-19T00:00:00.000000000+0000,0.97017,0.97017,0.97017,0.97017
2008-07-20T00:00:00.000000000+0000,0.97429,0.97587,0.97427,0.97486
2008-07-21T00:00:00.000000000+0000,0.9749,0.97715,0.97385,0.97617
2008-07-22T00:00:00.000000000+0000,0.97618,0.97921,0.96849,0.97087
2008-07-23T00:00:00.000000000+0000,0.97097,0.97097,0.95767,0.95807
2008-07-24T00:00:00.000000000+0000,0.9581,0.96361,0.95387,0.95751
2008-07-25T00:00:00.000000000+0000,0.95752,0.96067,0.95474,0.95583
2008-07-26T00:00:00.000000000+0000,0.95583,0.95583,0.95583,0.95583
2008-07-27T00:00:00.000000000+0000,0.9529,0.95477,0.95285,0.95457
2008-07-28T00:00:00.000000000+0000,0.9546,0.95938,0.9533,0.95797
2008-07-29T00:00:00.000000000+0000,0.958,0.95844,0.94751,0.94895
2008-07-30T00:00:00.000000000+0000,0.94896,0.94937,0.94095,0.94427
2008-07-31T00:00:00.000000000+0000,0.94426,0.94755,0.93607,0.93681
2008-08-01T00:00:00.000000000+0000,0.93677,0.93816,0.92862,0.92909
2008-08-02T00:00:00.000000000+0000,0.92909,0.92909,0.92909,0.92909
2008-08-03T00:00:00.000000000+0000,0.93167,0.93292,0.93119,0.93287
2008-08-04T00:00:00.000000000+0000,0.93286,0.93458,0.92616,0.92697
2008-08-05T00:00:00.000000000+0000,0.92692,0.92887,0.9132,0.91727
2008-08-06T00:00:00.000000000+0000,0.91726,0.92047,0.90637,0.90995
2008-08-07T00:00:00.000000000+0000,0.90994,0.91292,0.89254,0.89347
2008-08-08T00:00:00.000000000+0000,0.89345,0.89737,0.88661,0.88911
2008-08-09T00:00:00.000000000+0000,0.88911,0.88911,0.88911,0.88911
2008-08-10T00:00:00.000000000+0000,0.88744,0.88808,0.88552,0.88747
2008-08-11T00:00:00.000000000+0000,0.8874,0.89518,0.87554,0.87707
2008-08-12T00:00:00.000000000+0000,0.87706,0.88068,0.85906,0.86404
2008-08-13T00:00:00.000000000+0000,0.86407,0.87715,0.8635,0.86978
2008-08-14T00:00:00.000000000+0000,0.86981,0.87957,0.86234,0.86547
2008-08-15T00:00:00.000000000+0000,0.86545,0.86922,0.86097,0.8653
2008-08-16T00:00:00.000000000+0000,0.8653,0.8653,0.8653,0.8653
2008-08-17T00:00:00.000000000+0000,0.87197,0.87381,0.87099,0.87378
2008-08-18T00:00:00.000000000+0000,0.8738,0.8757,0.86337,0.86807
2008-08-19T00:00:00.000000000+0000,0.86803,0.87432,0.86242,0.87169
2008-08-20T00:00:00.000000000+0000,0.87167,0.87427,0.86727,0.87247
2008-08-21T00:00:00.000000000+0000,0.87248,0.88122,0.86497,0.87718
2008-08-22T00:00:00.000000000+0000,0.87707,0.88047,0.86478,0.8663
2008-08-23T00:00:00.000000000+0000,0.8663,0.8663,0.8663,0.8663
2008-08-24T00:00:00.000000000+0000,0.86397,0.86432,0.86199,0.86207
2008-08-25T00:00:00.000000000+0000,0.86208,0.86887,0.85568,0.85937
2008-08-26T00:00:00.000000000+0000,0.85938,0.86069,0.8493,0.85993
2008-08-27T00:00:00.000000000+0000,0.85992,0.86715,0.85327,0.86572
2008-08-28T00:00:00.000000000+0000,0.86574,0.8693,0.8597,0.86417
2008-08-29T00:00:00.000000000+0000,0.86411,0.86577,0.85547,0.85857
2008-08-30T00:00:00.000000000+0000,0.85857,0.85857,0.85857,0.85857
2008-08-31T00:00:00.000000000+0000,0.85388,0.85468,0.853,0.85331
2008-09-01T00:00:00.000000000+0000,0.8533,0.85538,0.84677,0.84877
2008-09-02T00:00:00.000000000+0000,0.8487,0.8534,0.82688,0.8313
2008-09-03T00:00:00.000000000+0000,0.83127,0.8403,0.82318,0.83358
2008-09-04T00:00:00.000000000+0000,0.8336,0.83937,0.80971,0.81688
2008-09-05T00:00:00.000000000+0000,0.81687,0.8193,0.80277,0.81269
2008-09-06T00:00:00.000000000+0000,0.81269,0.81269,0.81269,0.81269
2008-09-07T00:00:00.000000000+0000,0.83055,0.83258,0.82898,0.83069
2008-09-08T00:00:00.000000000+0000,0.83065,0.83527,0.80205,0.80731
2008-09-09T00:00:00.000000000+0000,0.80736,0.81767,0.79791,0.80597
2008-09-10T00:00:00.000000000+0000,0.80599,0.81307,0.79413,0.79717
2008-09-11T00:00:00.000000000+0000,0.79718,0.80975,0.78993,0.80256
2008-09-12T00:00:00.000000000+0000,0.80257,0.8233,0.80199,0.82268
2008-09-13T00:00:00.000000000+0000,0.82268,0.82268,0.82268,0.82268
2008-09-14T00:00:00.000000000+0000,0.82138,0.8252,0.82107,0.82194
2008-09-15T00:00:00.000000000+0000,0.82199,0.82602,0.78743,0.78747
2008-09-16T00:00:00.000000000+0000,0.78744,0.80746,0.78507,0.7946
2008-09-17T00:00:00.000000000+0000,0.79463,0.80294,0.77997,0.7896
2008-09-18T00:00:00.000000000+0000,0.7896,0.8095,0.7866,0.8046
2008-09-19T00:00:00.000000000+0000,0.80458,0.83604,0.80104,0.83423
2008-09-20T00:00:00.000000000+0000,0.83423,0.83423,0.83423,0.83423
2008-09-21T00:00:00.000000000+0000,0.83689,0.83728,0.82841,0.83092
2008-09-22T00:00:00.000000000+0000,0.83095,0.8519,0.8283,0.8444
2008-09-23T00:00:00.000000000+0000,0.8446,0.8468,0.8277,0.83465
2008-09-24T00:00:00.000000000+0000,0.83465,0.8425,0.8315,0.8347
2008-09-25T00:00:00.000000000+0000,0.8347,0.8425,0.83175,0.83675
2008-09-26T00:00:00.000000000+0000,0.83675,0.83768,0.82389,0.8307
2008-09-27T00:00:00.000000000+0000,0.8307,0.8307,0.8307,0.8307
2008-09-28T00:00:00.000000000+0000,0.8271,0.83285,0.82704,0.8326
2008-09-29T00:00:00.000000000+0000,0.8326,0.8327,0.7935,0.7989
2008-09-30T00:00:00.000000000+0000,0.7989,0.8096,0.78663,0.7949
2008-10-01T00:00:00.000000000+0000,0.7949,0.8019,0.78562,0.7917
2008-10-02T00:00:00.000000000+0000,0.7917,0.7942,0.7698,0.77275
2008-10-03T00:00:00.000000000+0000,0.77266,0.78162,0.77126,0.7739
2008-10-04T00:00:00.000000000+0000,0.7739,0.7739,0.7739,0.7739
2008-10-05T00:00:00.000000000+0000,0.77138,0.77178,0.76027,0.76301
2008-10-06T00:00:00.000000000+0000,0.763,0.76435,0.7001,0.722
2008-10-07T00:00:00.000000000+0000,0.722,0.73535,0.705,0.7071
2008-10-08T00:00:00.000000000+0000,0.7072,0.71375,0.64625,0.66605
2008-10-09T00:00:00.000000000+0000,0.66605,0.7132,0.6657,0.67323
2008-10-10T00:00:00.000000000+0000,0.67369,0.67393,0.63291,0.64327
2008-10-11T00:00:00.000000000+0000,0.64327,0.64327,0.64327,0.64327
2008-10-12T00:00:00.000000000+0000,0.67921,0.68084,0.67679,0.67911
2008-10-13T00:00:00.000000000+0000,0.67905,0.7084,0.6542,0.7081
2008-10-14T00:00:00.000000000+0000,0.7081,0.7238,0.6937,0.6947
2008-10-15T00:00:00.000000000+0000,0.69485,0.7074,0.65093,0.65595
2008-10-16T00:00:00.000000000+0000,0.65585,0.6936,0.6557,0.68615
2008-10-17T00:00:00.000000000+0000,0.68629,0.7008,0.67308,0.69024
2008-10-18T00:00:00.000000000+0000,0.69024,0.69024,0.69024,0.69024
2008-10-19T00:00:00.000000000+0000,0.69129,0.6945,0.68836,0.69444
2008-10-20T00:00:00.000000000+0000,0.69445,0.7059,0.69,0.70225
2008-10-21T00:00:00.000000000+0000,0.70225,0.7031,0.67034,0.6746
2008-10-22T00:00:00.000000000+0000,0.6746,0.68245,0.66065,0.66355
2008-10-23T00:00:00.000000000+0000,0.6635,0.67475,0.6526,0.669
2008-10-24T00:00:00.000000000+0000,0.66913,0.66913,0.60521,0.62066
2008-10-25T00:00:00.000000000+0000,0.62066,0.62066,0.62066,0.62066
2008-10-26T00:00:00.000000000+0000,0.61314,0.61858,0.61214,0.61842
2008-10-27T00:00:00.000000000+0000,0.6184,0.6243,0.60055,0.6049
2008-10-28T00:00:00.000000000+0000,0.60495,0.6529,0.60265,0.65005
2008-10-29T00:00:00.000000000+0000,0.65005,0.67945,0.63385,0.6708
2008-10-30T00:00:00.000000000+0000,0.6708,0.6891,0.66145,0.66965
2008-10-31T00:00:00.000000000+0000,0.66966,0.67482,0.65497,0.66793
2008-11-01T00:00:00.000000000+0000,0.66793,0.66793,0.66793,0.66793
2008-11-02T00:00:00.000000000+0000,0.6683,0.6723,0.66694,0.67095
2008-11-03T00:00:00.000000000+0000,0.67095,0.686,0.6643,0.67505
2008-11-04T00:00:00.000000000+0000,0.67515,0.7013,0.6602,0.6978
2008-11-05T00:00:00.000000000+0000,0.6978,0.7011,0.6765,0.67906
2008-11-06T00:00:00.000000000+0000,0.67945,0.69,0.66245,0.6654
2008-11-07T00:00:00.000000000+0000,0.66506,0.67857,0.65478,0.67352
2008-11-08T00:00:00.000000000+0000,0.67352,0.67352,0.67352,0.67352
2008-11-09T00:00:00.000000000+0000,0.67522,0.68897,0.675,0.68797
2008-11-10T00:00:00.000000000+0000,0.68805,0.69827,0.665,0.6712
2008-11-11T00:00:00.000000000+0000,0.6712,0.6754,0.6476,0.656
2008-11-12T00:00:00.000000000+0000,0.656,0.6663,0.63475,0.6371
2008-11-13T00:00:00.000000000+0000,0.6372,0.6692,0.6339,0.66545
2008-11-14T00:00:00.000000000+0000,0.66548,0.66608,0.6456,0.64575
2008-11-15T00:00:00.000000000+0000,0.64575,0.64575,0.64575,0.64575
2008-11-16T00:00:00.000000000+0000,0.64567,0.65045,0.63572,0.63775
2008-11-17T00:00:00.000000000+0000,0.6376,0.6594,0.6376,0.6478
2008-11-18T00:00:00.000000000+0000,0.64785,0.65765,0.6411,0.64975
2008-11-19T00:00:00.000000000+0000,0.64975,0.6594,0.63585,0.638
2008-11-20T00:00:00.000000000+0000,0.638,0.6414,0.60735,0.60945
2008-11-21T00:00:00.000000000+0000,0.60947,0.6327,0.60872,0.63065
2008-11-22T00:00:00.000000000+0000,0.63065,0.63065,0.63065,0.63065
2008-11-23T00:00:00.000000000+0000,0.63075,0.63816,0.63045,0.63426
2008-11-24T00:00:00.000000000+0000,0.63425,0.65515,0.62285,0.6492
2008-11-25T00:00:00.000000000+0000,0.6495,0.66135,0.63345,0.6485
2008-11-26T00:00:00.000000000+0000,0.6485,0.6551,0.64275,0.6532
2008-11-27T00:00:00.000000000+0000,0.65345,0.6603,0.6477,0.6559
2008-11-28T00:00:00.000000000+0000,0.65589,0.65961,0.64906,0.65395
2008-11-29T00:00:00.000000000+0000,0.65395,0.65395,0.65395,0.65395
2008-11-30T00:00:00.000000000+0000,0.65485,0.65573,0.65049,0.65135
2008-12-01T00:00:00.000000000+0000,0.65135,0.6522,0.63315,0.6345
2008-12-02T00:00:00.000000000+0000,0.6345,0.6491,0.63405,0.64251
2008-12-03T00:00:00.000000000+0000,0.64275,0.6512,0.63945,0.6478
2008-12-04T00:00:00.000000000+0000,0.6478,0.65355,0.6393,0.643
2008-12-05T00:00:00.000000000+0000,0.64303,0.64853,0.62937,0.6476
2008-12-06T00:00:00.000000000+0000,0.6476,0.6476,0.6476,0.6476
2008-12-07T00:00:00.000000000+0000,0.64748,0.64857,0.64486,0.64666
2008-12-08T00:00:00.000000000+0000,0.64675,0.6691,0.64665,0.66265
2008-12-09T00:00:00.000000000+0000,0.66265,0.6643,0.6493,0.6572
2008-12-10T00:00:00.000000000+0000,0.6572,0.664,0.6518,0.6556
2008-12-11T00:00:00.000000000+0000,0.6556,0.6799,0.65418,0.66935
2008-12-12T00:00:00.000000000+0000,0.66934,0.67322,0.64882,0.66392
2008-12-13T00:00:00.000000000+0000,0.66392,0.66392,0.66392,0.66392
2008-12-14T00:00:00.000000000+0000,0.66263,0.6664,0.66079,0.66496
2008-12-15T00:00:00.000000000+0000,0.66525,0.6745,0.66285,0.6685
2008-12-16T00:00:00.000000000+0000,0.6685,0.6985,0.66625,0.69395
2008-12-17T00:00:00.000000000+0000,0.69395,0.7079,0.6861,0.70475
2008-12-18T00:00:00.000000000+0000,0.70475,0.71365,0.67605,0.69205
2008-12-19T00:00:00.000000000+0000,0.6921,0.69258,0.67657,0.68502
2008-12-20T00:00:00.000000000+0000,0.68502,0.68502,0.68502,0.68502
2008-12-21T00:00:00.000000000+0000,0.6818,0.6834,0.67973,0.68149
2008-12-22T00:00:00.000000000+0000,0.68155,0.68925,0.6799,0.68383
2008-12-23T00:00:00.000000000+0000,0.68393,0.685,0.6769,0.67876
2008-12-24T00:00:00.000000000+0000,0.679,0.68375,0.67557,0.68232
2008-12-25T00:00:00.000000000+0000,0.68222,0.68257,0.68121,0.6819
2008-12-26T00:00:00.000000000+0000,0.68127,0.68717,0.67978,0.68067
2008-12-27T00:00:00.000000000+0000,0.68067,0.68067,0.68067,0.68067
2008-12-28T00:00:00.000000000+0000,0.68637,0.68775,0.68303,0.68495
2008-12-29T00:00:00.000000000+0000,0.68525,0.69665,0.6838,0.68945
2008-12-30T00:00:00.000000000+0000,0.68945,0.69395,0.68725,0.69065
2008-12-31T00:00:00.000000000+0000,0.69065,0.71127,0.685,0.70362
2009-01-01T00:00:00.000000000+0000,0.7036,0.70373,0.7028,0.70341
2009-01-02T00:00:00.000000000+0000,0.70449,0.71154,0.6917,0.7103
2009-01-03T00:00:00.000000000+0000,0.7103,0.7103,0.7103,0.7103
2009-01-04T00:00:00.000000000+0000,0.71023,0.716,0.71013,0.71535
2009-01-05T00:00:00.000000000+0000,0.71535,0.72025,0.70615,0.7142
2009-01-06T00:00:00.000000000+0000,0.71427,0.7266,0.7031,0.7199
2009-01-07T00:00:00.000000000+0000,0.7199,0.7268,0.70915,0.7099
2009-01-08T00:00:00.000000000+0000,0.71005,0.7131,0.69565,0.71155
2009-01-09T00:00:00.000000000+0000,0.71156,0.71165,0.70155,0.70326
2009-01-10T00:00:00.000000000+0000,0.70326,0.70326,0.70326,0.70326
2009-01-11T00:00:00.000000000+0000,0.69893,0.70004,0.69778,0.69863
2009-01-12T00:00:00.000000000+0000,0.69865,0.69935,0.6777,0.67885
2009-01-13T00:00:00.000000000+0000,0.67875,0.6791,0.6574,0.66705
2009-01-14T00:00:00.000000000+0000,0.66705,0.68095,0.65788,0.6644
2009-01-15T00:00:00.000000000+0000,0.66445,0.6698,0.65355,0.6666
2009-01-16T00:00:00.000000000+0000,0.6666,0.67956,0.66452,0.67246
2009-01-17T00:00:00.000000000+0000,0.67246,0.67246,0.67246,0.67246
2009-01-18T00:00:00.000000000+0000,0.67622,0.6807,0.67535,0.67915
2009-01-19T00:00:00.000000000+0000,0.67915,0.68405,0.66535,0.66715
2009-01-20T00:00:00.000000000+0000,0.66715,0.6677,0.6454,0.6483
2009-01-21T00:00:00.000000000+0000,0.6483,0.66565,0.64585,0.6582
2009-01-22T00:00:00.000000000+0000,0.6581,0.66165,0.64898,0.65425
2009-01-23T00:00:00.000000000+0000,0.65447,0.65861,0.6418,0.65326
2009-01-24T00:00:00.000000000+0000,0.65326,0.65326,0.65326,0.65326
2009-01-25T00:00:00.000000000+0000,0.65547,0.65597,0.65093,0.65155
2009-01-26T00:00:00.000000000+0000,0.65165,0.6643,0.64935,0.6618
2009-01-27T00:00:00.000000000+0000,0.66175,0.67175,0.65708,0.6643
2009-01-28T00:00:00.000000000+0000,0.66425,0.673,0.6593,0.665
2009-01-29T00:00:00.000000000+0000,0.665,0.666,0.6486,0.6498
2009-01-30T00:00:00.000000000+0000,0.64974,0.65033,0.63439,0.63632
2009-01-31T00:00:00.000000000+0000,0.63632,0.63632,0.63632,0.63632
2009-02-01T00:00:00.000000000+0000,0.63598,0.63719,0.63406,0.63524
2009-02-02T00:00:00.000000000+0000,0.6353,0.6363,0.62475,0.6303
2009-02-03T00:00:00.000000000+0000,0.6303,0.65455,0.63013,0.6488
2009-02-04T00:00:00.000000000+0000,0.64875,0.65305,0.63535,0.6425
2009-02-05T00:00:00.000000000+0000,0.6425,0.6581,0.6404,0.6516
2009-02-06T00:00:00.000000000+0000,0.65157,0.68014,0.64749,0.67546
2009-02-07T00:00:00.000000000+0000,0.67546,0.67546,0.67546,0.67546
2009-02-08T00:00:00.000000000+0000,0.6735,0.67663,0.67125,0.67306
2009-02-09T00:00:00.000000000+0000,0.67305,0.6849,0.66275,0.67455
2009-02-10T00:00:00.000000000+0000,0.67455,0.6754,0.64835,0.657
2009-02-11T00:00:00.000000000+0000,0.657,0.6601,0.64805,0.6533
2009-02-12T00:00:00.000000000+0000,0.65285,0.6615,0.64305,0.65675
2009-02-13T00:00:00.000000000+0000,0.65675,0.66406,0.65329,0.65583
2009-02-14T00:00:00.000000000+0000,0.65583,0.65583,0.65583,0.65583
2009-02-15T00:00:00.000000000+0000,0.65124,0.65285,0.65012,0.65262
2009-02-16T00:00:00.000000000+0000,0.65275,0.6538,0.6474,0.65275
2009-02-17T00:00:00.000000000+0000,0.65265,0.65295,0.6332,0.6365
2009-02-18T00:00:00.000000000+0000,0.6365,0.64305,0.6338,0.639
2009-02-19T00:00:00.000000000+0000,0.639,0.6522,0.63835,0.6446
2009-02-20T00:00:00.000000000+0000,0.64457,0.64979,0.63537,0.64485
2009-02-21T00:00:00.000000000+0000,0.64485,0.64485,0.64485,0.64485
2009-02-22T00:00:00.000000000+0000,0.64426,0.64712,0.64393,0.64409
2009-02-23T00:00:00.000000000+0000,0.64405,0.6547,0.64005,0.64029
2009-02-24T00:00:00.000000000+0000,0.64055,0.65375,0.6389,0.6522
2009-02-25T00:00:00.000000000+0000,0.65205,0.6554,0.64535,0.64655
2009-02-26T00:00:00.000000000+0000,0.64655,0.6552,0.64592,0.64655
2009-02-27T00:00:00.000000000+0000,0.64672,0.64775,0.63398,0.63836
2009-02-28T00:00:00.000000000+0000,0.63836,0.63836,0.63836,0.63836
2009-03-01T00:00:00.000000000+0000,0.63879,0.64001,0.63313,0.63412
2009-03-02T00:00:00.000000000+0000,0.6343,0.6383,0.6285,0.6293
2009-03-03T00:00:00.000000000+0000,0.62925,0.6463,0.62925,0.6374
2009-03-04T00:00:00.000000000+0000,0.63745,0.6526,0.6286,0.6466
2009-03-05T00:00:00.000000000+0000,0.6466,0.64835,0.6355,0.6386
2009-03-06T00:00:00.000000000+0000,0.63868,0.64711,0.63681,0.64026
2009-03-07T00:00:00.000000000+0000,0.64026,0.64026,0.64026,0.64026
2009-03-08T00:00:00.000000000+0000,0.6404,0.64311,0.64033,0.64287
2009-03-09T00:00:00.000000000+0000,0.643,0.645,0.6305,0.6344
2009-03-10T00:00:00.000000000+0000,0.6344,0.6488,0.6338,0.64785
2009-03-11T00:00:00.000000000+0000,0.64775,0.6525,0.64,0.648
2009-03-12T00:00:00.000000000+0000,0.648,0.6576,0.6412,0.65385
2009-03-13T00:00:00.000000000+0000,0.65393,0.66035,0.65177,0.65792
2009-03-14T00:00:00.000000000+0000,0.65792,0.65792,0.65792,0.65792
2009-03-15T00:00:00.000000000+0000,0.65519,0.65652,0.65235,0.65635
2009-03-16T00:00:00.000000000+0000,0.6564,0.6637,0.6545,0.6594
2009-03-17T00:00:00.000000000+0000,0.65935,0.6628,0.65665,0.6627
2009-03-18T00:00:00.000000000+0000,0.66275,0.68145,0.65645,0.6781
2009-03-19T00:00:00.000000000+0000,0.6782,0.6943,0.6723,0.6877
2009-03-20T00:00:00.000000000+0000,0.68768,0.69312,0.68497,0.68667
2009-03-21T00:00:00.000000000+0000,0.68667,0.68667,0.68667,0.68667
2009-03-22T00:00:00.000000000+0000,0.69045,0.69327,0.68996,0.69112
2009-03-23T00:00:00.000000000+0000,0.6911,0.7061,0.6904,0.7037
2009-03-24T00:00:00.000000000+0000,0.7038,0.7094,0.69317,0.69915
2009-03-25T00:00:00.000000000+0000,0.6992,0.7049,0.6903,0.6987
2009-03-26T00:00:00.000000000+0000,0.6987,0.704,0.6978,0.70195
2009-03-27T00:00:00.000000000+0000,0.70198,0.70301,0.68656,0.69367
2009-03-28T00:00:00.000000000+0000,0.69367,0.69367,0.69367,0.69367
2009-03-29T00:00:00.000000000+0000,0.69002,0.69248,0.68873,0.6901
2009-03-30T00:00:00.000000000+0000,0.6901,0.6922,0.6769,0.68
2009-03-31T00:00:00.000000000+0000,0.6802,0.6969,0.6792,0.6922
2009-04-01T00:00:00.000000000+0000,0.69215,0.7,0.6859,0.6982
2009-04-02T00:00:00.000000000+0000,0.6981,0.7198,0.69738,0.7196
2009-04-03T00:00:00.000000000+0000,0.71976,0.72285,0.70566,0.71467
2009-04-04T00:00:00.000000000+0000,0.71467,0.71467,0.71467,0.71467
2009-04-05T00:00:00.000000000+0000,0.71562,0.71818,0.71552,0.7175
2009-04-06T00:00:00.000000000+0000,0.7175,0.7209,0.70655,0.70655
2009-04-07T00:00:00.000000000+0000,0.7066,0.7169,0.7058,0.70679
2009-04-08T00:00:00.000000000+0000,0.70674,0.71275,0.70326,0.7095
2009-04-09T00:00:00.000000000+0000,0.70948,0.72053,0.70852,0.71803
2009-04-10T00:00:00.000000000+0000,0.71806,0.72098,0.71723,0.71901
2009-04-11T00:00:00.000000000+0000,0.71901,0.71901,0.71901,0.71901
2009-04-12T00:00:00.000000000+0000,0.72169,0.72299,0.72159,0.72282
2009-04-13T00:00:00.000000000+0000,0.72279,0.73269,0.72194,0.72809
2009-04-14T00:00:00.000000000+0000,0.72808,0.7303,0.71527,0.71663
2009-04-15T00:00:00.000000000+0000,0.71668,0.73151,0.71462,0.72756
2009-04-16T00:00:00.000000000+0000,0.7275,0.72855,0.71369,0.71949
2009-04-17T00:00:00.000000000+0000,0.71952,0.72283,0.71661,0.72075
2009-04-18T00:00:00.000000000+0000,0.72075,0.72075,0.72075,0.72075
2009-04-19T00:00:00.000000000+0000,0.71642,0.71878,0.71587,0.71818
2009-04-20T00:00:00.000000000+0000,0.71821,0.71974,0.69523,0.70152
2009-04-21T00:00:00.000000000+0000,0.70159,0.71293,0.69755,0.70466
2009-04-22T00:00:00.000000000+0000,0.70459,0.71166,0.7002,0.70455
2009-04-23T00:00:00.000000000+0000,0.70451,0.71559,0.70444,0.71451
2009-04-24T00:00:00.000000000+0000,0.71456,0.72382,0.71094,0.72239
2009-04-25T00:00:00.000000000+0000,0.72239,0.72239,0.72239,0.72239
2009-04-26T00:00:00.000000000+0000,0.71666,0.71666,0.71072,0.71143
2009-04-27T00:00:00.000000000+0000,0.7114,0.71699,0.70235,0.70464
2009-04-28T00:00:00.000000000+0000,0.70463,0.71384,0.69892,0.71341
2009-04-29T00:00:00.000000000+0000,0.71345,0.72996,0.71099,0.72701
2009-04-30T00:00:00.000000000+0000,0.72702,0.73836,0.72352,0.72653
2009-05-01T00:00:00.000000000+0000,0.72651,0.73459,0.72513,0.73006
2009-05-02T00:00:00.000000000+0000,0.73006,0.73006,0.73006,0.73006
2009-05-03T00:00:00.000000000+0000,0.73645,0.73888,0.73479,0.73484
2009-05-04T00:00:00.000000000+0000,0.73481,0.74266,0.73126,0.73811
2009-05-05T00:00:00.000000000+0000,0.73809,0.74788,0.73351,0.73631
2009-05-06T00:00:00.000000000+0000,0.7363,0.75611,0.73503,0.75232
2009-05-07T00:00:00.000000000+0000,0.75228,0.76166,0.75072,0.75261
2009-05-08T00:00:00.000000000+0000,0.75263,0.77078,0.75228,0.76787
2009-05-09T00:00:00.000000000+0000,0.76787,0.76787,0.76787,0.76787
2009-05-10T00:00:00.000000000+0000,0.76522,0.76908,0.76511,0.76767
2009-05-11T00:00:00.000000000+0000,0.76766,0.76993,0.75615,0.76008
2009-05-12T00:00:00.000000000+0000,0.76004,0.77034,0.75768,0.76799
2009-05-13T00:00:00.000000000+0000,0.768,0.77036,0.75077,0.75115
2009-05-14T00:00:00.000000000+0000,0.75112,0.76171,0.74658,0.75896
2009-05-15T00:00:00.000000000+0000,0.75894,0.76016,0.74762,0.74959
2009-05-16T00:00:00.000000000+0000,0.74959,0.74959,0.74959,0.74959
2009-05-17T00:00:00.000000000+0000,0.74603,0.74784,0.74593,0.74691
2009-05-18T00:00:00.000000000+0000,0.74687,0.76674,0.74678,0.76653
2009-05-19T00:00:00.000000000+0000,0.76648,0.77836,0.76502,0.77171
2009-05-20T00:00:00.000000000+0000,0.77168,0.78091,0.76911,0.77619
2009-05-21T00:00:00.000000000+0000,0.77616,0.78213,0.76683,0.77933
2009-05-22T00:00:00.000000000+0000,0.77928,0.78673,0.77716,0.78386
2009-05-23T00:00:00.000000000+0000,0.78386,0.78386,0.78386,0.78386
2009-05-24T00:00:00.000000000+0000,0.77986,0.78028,0.77721,0.77806
2009-05-25T00:00:00.000000000+0000,0.7781,0.78253,0.77447,0.77768
2009-05-26T00:00:00.000000000+0000,0.77775,0.78869,0.77026,0.78708
2009-05-27T00:00:00.000000000+0000,0.78707,0.78906,0.77422,0.77685
2009-05-28T00:00:00.000000000+0000,0.77681,0.78859,0.77591,0.78731
2009-05-29T00:00:00.000000000+0000,0.78719,0.80124,0.78704,0.80069
2009-05-30T00:00:00.000000000+0000,0.80069,0.80069,0.80069,0.80069
2009-05-31T00:00:00.000000000+0000,0.80378,0.80646,0.80366,0.80531
2009-06-01T00:00:00.000000000+0000,0.80537,0.81531,0.80369,0.81109
2009-06-02T00:00:00.000000000+0000,0.81114,0.82466,0.80499,0.82436
2009-06-03T00:00:00.000000000+0000,0.82434,0.82632,0.79316,0.80036
2009-06-04T00:00:00.000000000+0000,0.80031,0.80901,0.78758,0.80356
2009-06-05T00:00:00.000000000+0000,0.80366,0.81231,0.79166,0.79317
2009-06-06T00:00:00.000000000+0000,0.79317,0.79317,0.79317,0.79317
2009-06-07T00:00:00.000000000+0000,0.7974,0.79822,0.79658,0.79739
2009-06-08T00:00:00.000000000+0000,0.79736,0.79852,0.78269,0.78756
2009-06-09T00:00:00.000000000+0000,0.78761,0.80504,0.78517,0.80464
2009-06-10T00:00:00.000000000+0000,0.80469,0.81346,0.79674,0.80886
2009-06-11T00:00:00.000000000+0000,0.80881,0.82376,0.80716,0.81431
2009-06-12T00:00:00.000000000+0000,0.81426,0.81716,0.80576,0.81326
2009-06-13T00:00:00.000000000+0000,0.81326,0.81326,0.81326,0.81326
2009-06-14T00:00:00.000000000+0000,0.80761,0.80924,0.80673,0.80775
2009-06-15T00:00:00.000000000+0000,0.80773,0.80846,0.78597,0.79001
2009-06-16T00:00:00.000000000+0000,0.79005,0.80681,0.78746,0.79218
2009-06-17T00:00:00.000000000+0000,0.79223,0.79966,0.78494,0.79571
2009-06-18T00:00:00.000000000+0000,0.79576,0.80536,0.79111,0.80046
2009-06-19T00:00:00.000000000+0000,0.80059,0.81179,0.80051,0.8054
2009-06-20T00:00:00.000000000+0000,0.8054,0.8054,0.8054,0.8054
2009-06-21T00:00:00.000000000+0000,0.80016,0.80191,0.79928,0.80061
2009-06-22T00:00:00.000000000+0000,0.80056,0.80266,0.78086,0.78421
2009-06-23T00:00:00.000000000+0000,0.78425,0.79786,0.77886,0.79551
2009-06-24T00:00:00.000000000+0000,0.79546,0.80546,0.79281,0.79971
2009-06-25T00:00:00.000000000+0000,0.79968,0.80435,0.79315,0.80412
2009-06-26T00:00:00.000000000+0000,0.80451,0.8087,0.80299,0.80721
2009-06-27T00:00:00.000000000+0000,0.80721,0.80721,0.80721,0.80721
2009-06-28T00:00:00.000000000+0000,0.80654,0.80772,0.80516,0.80695
2009-06-29T00:00:00.000000000+0000,0.80695,0.8113,0.79835,0.8097
2009-06-30T00:00:00.000000000+0000,0.8098,0.8155,0.80385,0.8067
2009-07-01T00:00:00.000000000+0000,0.80678,0.81076,0.80228,0.80526
2009-07-02T00:00:00.000000000+0000,0.80521,0.80537,0.78994,0.79606
2009-07-03T00:00:00.000000000+0000,0.79611,0.80066,0.79476,0.79747
2009-07-04T00:00:00.000000000+0000,0.79747,0.79747,0.79747,0.79747
2009-07-05T00:00:00.000000000+0000,0.79324,0.79409,0.79123,0.79371
2009-07-06T00:00:00.000000000+0000,0.79366,0.79801,0.78786,0.79721
2009-07-07T00:00:00.000000000+0000,0.79719,0.80376,0.78524,0.78561
2009-07-08T00:00:00.000000000+0000,0.78564,0.78906,0.77226,0.78078
2009-07-09T00:00:00.000000000+0000,0.78064,0.78611,0.77781,0.78161
2009-07-10T00:00:00.000000000+0000,0.78157,0.78331,0.77386,0.7784
2009-07-11T00:00:00.000000000+0000,0.7784,0.7784,0.7784,0.7784
2009-07-12T00:00:00.000000000+0000,0.77946,0.77966,0.77661,0.77714
2009-07-13T00:00:00.000000000+0000,0.77715,0.78556,0.77006,0.78499
2009-07-14T00:00:00.000000000+0000,0.78494,0.79483,0.78416,0.79403
2009-07-15T00:00:00.000000000+0000,0.79398,0.80569,0.79304,0.79884
2009-07-16T00:00:00.000000000+0000,0.79879,0.80716,0.79596,0.79993
2009-07-17T00:00:00.000000000+0000,0.79986,0.80356,0.79696,0.80161
2009-07-18T00:00:00.000000000+0000,0.80161,0.80161,0.80161,0.80161
2009-07-19T00:00:00.000000000+0000,0.80611,0.80836,0.80576,0.80621
2009-07-20T00:00:00.000000000+0000,0.80616,0.81798,0.80581,0.81301
2009-07-21T00:00:00.000000000+0000,0.81306,0.81926,0.80888,0.81591
2009-07-22T00:00:00.000000000+0000,0.81601,0.82136,0.80986,0.81826
2009-07-23T00:00:00.000000000+0000,0.81831,0.82226,0.81076,0.81381
2009-07-24T00:00:00.000000000+0000,0.81386,0.81886,0.81316,0.81671
2009-07-25T00:00:00.000000000+0000,0.81671,0.81671,0.81671,0.81671
2009-07-26T00:00:00.000000000+0000,0.81831,0.82106,0.81746,0.82076
2009-07-27T00:00:00.000000000+0000,0.82071,0.82589,0.81798,0.82473
2009-07-28T00:00:00.000000000+0000,0.82483,0.83374,0.82226,0.82413
2009-07-29T00:00:00.000000000+0000,0.82408,0.82658,0.81251,0.81756
2009-07-30T00:00:00.000000000+0000,0.81761,0.82886,0.81706,0.82851
2009-07-31T00:00:00.000000000+0000,0.82847,0.83654,0.82401,0.83629
2009-08-01T00:00:00.000000000+0000,0.83629,0.83629,0.83629,0.83629
2009-08-02T00:00:00.000000000+0000,0.83646,0.83808,0.83566,0.83711
2009-08-03T00:00:00.000000000+0000,0.83716,0.84701,0.83498,0.84441
2009-08-04T00:00:00.000000000+0000,0.84436,0.84641,0.83846,0.84406
2009-08-05T00:00:00.000000000+0000,0.84402,0.84596,0.83609,0.84171
2009-08-06T00:00:00.000000000+0000,0.84166,0.84557,0.83651,0.83771
2009-08-07T00:00:00.000000000+0000,0.83766,0.84421,0.83446,0.83551
2009-08-08T00:00:00.000000000+0000,0.83551,0.83551,0.83551,0.83551
2009-08-09T00:00:00.000000000+0000,0.83894,0.84036,0.83814,0.83928
2009-08-10T00:00:00.000000000+0000,0.83931,0.84296,0.83196,0.83406
2009-08-11T00:00:00.000000000+0000,0.83411,0.83888,0.82406,0.82466
2009-08-12T00:00:00.000000000+0000,0.82469,0.83701,0.81796,0.83523
2009-08-13T00:00:00.000000000+0000,0.83527,0.84775,0.83509,0.84211
2009-08-14T00:00:00.000000000+0000,0.84219,0.84434,0.82746,0.83012
2009-08-15T00:00:00.000000000+0000,0.83012,0.83012,0.83012,0.83012
2009-08-16T00:00:00.000000000+0000,0.82373,0.82551,0.82226,0.82281
2009-08-17T00:00:00.000000000+0000,0.82286,0.82637,0.81556,0.82358
2009-08-18T00:00:00.000000000+0000,0.82363,0.83053,0.81956,0.82771
2009-08-19T00:00:00.000000000+0000,0.82766,0.83175,0.81747,0.82966
2009-08-20T00:00:00.000000000+0000,0.82967,0.83326,0.82256,0.82371
2009-08-21T00:00:00.000000000+0000,0.8237,0.83961,0.82151,0.83324
2009-08-22T00:00:00.000000000+0000,0.83324,0.83324,0.83324,0.83324
2009-08-23T00:00:00.000000000+0000,0.84029,0.84051,0.83888,0.83951
2009-08-24T00:00:00.000000000+0000,0.83949,0.84289,0.83456,0.83676
2009-08-25T00:00:00.000000000+0000,0.83681,0.84281,0.83306,0.83711
2009-08-26T00:00:00.000000000+0000,0.83706,0.83884,0.82386,0.82716
2009-08-27T00:00:00.000000000+0000,0.82711,0.84173,0.82626,0.83873
2009-08-28T00:00:00.000000000+0000,0.83868,0.84703,0.83786,0.84142
2009-08-29T00:00:00.000000000+0000,0.84142,0.84142,0.84142,0.84142
2009-08-30T00:00:00.000000000+0000,0.84142,0.84221,0.83796,0.83959
2009-08-31T00:00:00.000000000+0000,0.83961,0.84581,0.83386,0.84446
2009-09-01T00:00:00.000000000+0000,0.84445,0.84491,0.82391,0.82941
2009-09-02T00:00:00.000000000+0000,0.82945,0.83733,0.82798,0.83551
2009-09-03T00:00:00.000000000+0000,0.83556,0.84276,0.83446,0.83986
2009-09-04T00:00:00.000000000+0000,0.83981,0.85351,0.83898,0.85071
2009-09-05T00:00:00.000000000+0000,0.85071,0.85071,0.85071,0.85071
2009-09-06T00:00:00.000000000+0000,0.85204,0.85231,0.85124,0.85171
2009-09-07T00:00:00.000000000+0000,0.85176,0.85766,0.85096,0.85481
2009-09-08T00:00:00.000000000+0000,0.85477,0.86605,0.85417,0.85861
2009-09-09T00:00:00.000000000+0000,0.85862,0.86686,0.85649,0.8601
2009-09-10T00:00:00.000000000+0000,0.86005,0.86479,0.85451,0.86423
2009-09-11T00:00:00.000000000+0000,0.86418,0.86756,0.86131,0.86281
2009-09-12T00:00:00.000000000+0000,0.86281,0.86281,0.86281,0.86281
2009-09-13T00:00:00.000000000+0000,0.85661,0.85821,0.85618,0.85716
2009-09-14T00:00:00.000000000+0000,0.85711,0.86391,0.85436,0.86089
2009-09-15T00:00:00.000000000+0000,0.86093,0.86666,0.85633,0.86636
2009-09-16T00:00:00.000000000+0000,0.86631,0.87561,0.86516,0.87435
2009-09-17T00:00:00.000000000+0000,0.87429,0.87752,0.86796,0.87036
2009-09-18T00:00:00.000000000+0000,0.87035,0.87181,0.86533,0.86687
2009-09-19T00:00:00.000000000+0000,0.86687,0.86687,0.86687,0.86687
2009-09-20T00:00:00.000000000+0000,0.86582,0.86716,0.86511,0.86656
2009-09-21T00:00:00.000000000+0000,0.86661,0.86826,0.85895,0.86436
2009-09-22T00:00:00.000000000+0000,0.86441,0.87876,0.86406,0.87629
2009-09-23T00:00:00.000000000+0000,0.87624,0.87891,0.86456,0.86934
2009-09-24T00:00:00.000000000+0000,0.86935,0.87691,0.86074,0.86294
2009-09-25T00:00:00.000000000+0000,0.86285,0.87134,0.86094,0.86512
2009-09-26T00:00:00.000000000+0000,0.86512,0.86512,0.86512,0.86512
2009-09-27T00:00:00.000000000+0000,0.86702,0.86937,0.86454,0.86565
2009-09-28T00:00:00.000000000+0000,0.86559,0.87556,0.85855,0.87261
2009-09-29T00:00:00.000000000+0000,0.87264,0.87616,0.86749,0.874
2009-09-30T00:00:00.000000000+0000,0.87402,0.88467,0.87328,0.88366
2009-10-01T00:00:00.000000000+0000,0.88369,0.88585,0.86731,0.8674
2009-10-02T00:00:00.000000000+0000,0.86745,0.87126,0.85681,0.86346
2009-10-03T00:00:00.000000000+0000,0.86346,0.86346,0.86346,0.86346
2009-10-04T00:00:00.000000000+0000,0.86531,0.86783,0.86457,0.86775
2009-10-05T00:00:00.000000000+0000,0.8678,0.87966,0.8677,0.87718
2009-10-06T00:00:00.000000000+0000,0.87714,0.89189,0.87531,0.88981
2009-10-07T00:00:00.000000000+0000,0.88986,0.89508,0.88669,0.89317
2009-10-08T00:00:00.000000000+0000,0.89312,0.90901,0.89228,0.9041
2009-10-09T00:00:00.000000000+0000,0.904,0.90836,0.90123,0.9035
2009-10-10T00:00:00.000000000+0000,0.9035,0.9035,0.9035,0.9035
2009-10-11T00:00:00.000000000+0000,0.90383,0.90592,0.90375,0.90486
2009-10-12T00:00:00.000000000+0000,0.90488,0.90946,0.89831,0.90816
2009-10-13T00:00:00.000000000+0000,0.90821,0.91259,0.90318,0.90713
2009-10-14T00:00:00.000000000+0000,0.90718,0.91746,0.90636,0.91711
2009-10-15T00:00:00.000000000+0000,0.91715,0.92475,0.91506,0.9245
2009-10-16T00:00:00.000000000+0000,0.92455,0.92698,0.91226,0.91685
2009-10-17T00:00:00.000000000+0000,0.91685,0.91685,0.91685,0.91685
2009-10-18T00:00:00.000000000+0000,0.91479,0.91676,0.91397,0.91547
2009-10-19T00:00:00.000000000+0000,0.91552,0.92931,0.91125,0.92851
2009-10-20T00:00:00.000000000+0000,0.92856,0.93101,0.9181,0.92411
2009-10-21T00:00:00.000000000+0000,0.92406,0.93281,0.9192,0.92743
2009-10-22T00:00:00.000000000+0000,0.92738,0.9298,0.91846,0.92839
2009-10-23T00:00:00.000000000+0000,0.92844,0.92951,0.91986,0.92196
2009-10-24T00:00:00.000000000+0000,0.92196,0.92196,0.92196,0.92196
2009-10-25T00:00:00.000000000+0000,0.9205,0.92199,0.92044,0.9211
2009-10-26T00:00:00.000000000+0000,0.92116,0.92762,0.91246,0.91577
2009-10-27T00:00:00.000000000+0000,0.91587,0.92176,0.91211,0.91759
2009-10-28T00:00:00.000000000+0000,0.91768,0.92057,0.89612,0.89824
2009-10-29T00:00:00.000000000+0000,0.89819,0.91811,0.89425,0.91454
2009-10-30T00:00:00.000000000+0000,0.91456,0.91751,0.89786,0.90008
2009-10-31T00:00:00.000000000+0000,0.90008,0.90008,0.90008,0.90008
2009-11-01T00:00:00.000000000+0000,0.89644,0.89862,0.89049,0.89657
2009-11-02T00:00:00.000000000+0000,0.89654,0.91216,0.89631,0.90499
2009-11-03T00:00:00.000000000+0000,0.90506,0.90908,0.89155,0.90404
2009-11-04T00:00:00.000000000+0000,0.90411,0.91434,0.89491,0.90905
2009-11-05T00:00:00.000000000+0000,0.90903,0.91238,0.90243,0.91015
2009-11-06T00:00:00.000000000+0000,0.91014,0.91976,0.90952,0.91766
2009-11-07T00:00:00.000000000+0000,0.91766,0.91766,0.91766,0.91766
2009-11-08T00:00:00.000000000+0000,0.92259,0.92264,0.91948,0.92026
2009-11-09T00:00:00.000000000+0000,0.92036,0.9318,0.91954,0.93125
2009-11-10T00:00:00.000000000+0000,0.93131,0.93226,0.92545,0.93044
2009-11-11T00:00:00.000000000+0000,0.93042,0.93431,0.92706,0.93014
2009-11-12T00:00:00.000000000+0000,0.93018,0.93696,0.92106,0.92484
2009-11-13T00:00:00.000000000+0000,0.92491,0.93426,0.92374,0.93416
2009-11-14T00:00:00.000000000+0000,0.93416,0.93416,0.93416,0.93416
2009-11-15T00:00:00.000000000+0000,0.93344,0.93516,0.93329,0.93503
2009-11-16T00:00:00.000000000+0000,0.93494,0.94057,0.93156,0.93639
2009-11-17T00:00:00.000000000+0000,0.93641,0.93756,0.92364,0.93049
2009-11-18T00:00:00.000000000+0000,0.93054,0.93365,0.92651,0.92813
2009-11-19T00:00:00.000000000+0000,0.92816,0.92821,0.91311,0.91897
2009-11-20T00:00:00.000000000+0000,0.91898,0.92147,0.90599,0.91546
2009-11-21T00:00:00.000000000+0000,0.91546,0.91546,0.91546,0.91546
2009-11-22T00:00:00.000000000+0000,0.91452,0.91531,0.91112,0.91519
2009-11-23T00:00:00.000000000+0000,0.91523,0.92766,0.91523,0.92304
2009-11-24T00:00:00.000000000+0000,0.92311,0.92316,0.91306,0.92098
2009-11-25T00:00:00.000000000+0000,0.92103,0.93216,0.92103,0.92944
2009-11-26T00:00:00.000000000+0000,0.92946,0.92946,0.89868,0.90394
2009-11-27T00:00:00.000000000+0000,0.90395,0.9109,0.89452,0.90732
2009-11-28T00:00:00.000000000+0000,0.90732,0.90732,0.90732,0.90732
2009-11-29T00:00:00.000000000+0000,0.91236,0.91468,0.90946,0.9121
2009-11-30T00:00:00.000000000+0000,0.91209,0.91933,0.91046,0.91754
2009-12-01T00:00:00.000000000+0000,0.91756,0.92706,0.91048,0.92523
2009-12-02T00:00:00.000000000+0000,0.92526,0.92946,0.92306,0.92758
2009-12-03T00:00:00.000000000+0000,0.92763,0.93216,0.92306,0.92413
2009-12-04T00:00:00.000000000+0000,0.92416,0.92927,0.91076,0.91481
2009-12-05T00:00:00.000000000+0000,0.91481,0.91481,0.91481,0.91481
2009-12-06T00:00:00.000000000+0000,0.91294,0.91657,0.91294,0.91424
2009-12-07T00:00:00.000000000+0000,0.91426,0.91879,0.90521,0.91475
2009-12-08T00:00:00.000000000+0000,0.91481,0.91638,0.90146,0.90224
2009-12-09T00:00:00.000000000+0000,0.90219,0.91132,0.90216,0.90955
2009-12-10T00:00:00.000000000+0000,0.90956,0.91898,0.90906,0.91634
2009-12-11T00:00:00.000000000+0000,0.91641,0.91924,0.90901,0.91181
2009-12-12T00:00:00.000000000+0000,0.91181,0.91181,0.91181,0.91181
2009-12-13T00:00:00.000000000+0000,0.91114,0.91176,0.90909,0.91042
2009-12-14T00:00:00.000000000+0000,0.91048,0.91744,0.90536,0.91563
2009-12-15T00:00:00.000000000+0000,0.91561,0.91654,0.90332,0.90577
2009-12-16T00:00:00.000000000+0000,0.90581,0.90698,0.89546,0.89905
2009-12-17T00:00:00.000000000+0000,0.89911,0.90044,0.88089,0.88479
2009-12-18T00:00:00.000000000+0000,0.88474,0.89116,0.88276,0.89026
2009-12-19T00:00:00.000000000+0000,0.89026,0.89026,0.89026,0.89026
2009-12-20T00:00:00.000000000+0000,0.89071,0.89095,0.88821,0.88887
2009-12-21T00:00:00.000000000+0000,0.88895,0.89036,0.87823,0.88047
2009-12-22T00:00:00.000000000+0000,0.88048,0.88341,0.87421,0.87639
2009-12-23T00:00:00.000000000+0000,0.87646,0.88182,0.87336,0.87973
2009-12-24T00:00:00.000000000+0000,0.87978,0.88594,0.87958,0.88253
2009-12-25T00:00:00.000000000+0000,0.88253,0.88253,0.88253,0.88253
2009-12-26T00:00:00.000000000+0000,0.88253,0.88253,0.88253,0.88253
2009-12-27T00:00:00.000000000+0000,0.88419,0.88492,0.88302,0.88414
2009-12-28T00:00:00.000000000+0000,0.88415,0.88906,0.88259,0.88665
2009-12-29T00:00:00.000000000+0000,0.88671,0.89926,0.88601,0.89334
2009-12-30T00:00:00.000000000+0000,0.89335,0.89586,0.8901,0.89404
2009-12-31T00:00:00.000000000+0000,0.89411,0.901,0.89287,0.89412
2010-01-01T00:00:00.000000000+0000,0.89725,0.89745,0.89713,0.89722
2010-01-02T00:00:00.000000000+0000,0.89722,0.89722,0.89722,0.89722
2010-01-03T00:00:00.000000000+0000,0.89823,0.8997,0.89713,0.89713
2010-01-04T00:00:00.000000000+0000,0.89716,0.91366,0.89379,0.91239
2010-01-05T00:00:00.000000000+0000,0.91246,0.91737,0.90916,0.9115
2010-01-06T00:00:00.000000000+0000,0.91156,0.92166,0.90974,0.91992
2010-01-07T00:00:00.000000000+0000,0.91995,0.92661,0.91587,0.9176
2010-01-08T00:00:00.000000000+0000,0.91761,0.92536,0.91226,0.92371
2010-01-09T00:00:00.000000000+0000,0.92371,0.92371,0.92371,0.92371
2010-01-10T00:00:00.000000000+0000,0.92871,0.93079,0.92738,0.93032
2010-01-11T00:00:00.000000000+0000,0.93037,0.93247,0.92836,0.92938
2010-01-12T00:00:00.000000000+0000,0.92941,0.93056,0.91701,0.92029
2010-01-13T00:00:00.000000000+0000,0.92031,0.92671,0.91886,0.92377
2010-01-14T00:00:00.000000000+0000,0.92376,0.93296,0.92082,0.93108
2010-01-15T00:00:00.000000000+0000,0.93104,0.93131,0.92146,0.92356
2010-01-16T00:00:00.000000000+0000,0.92356,0.92356,0.92356,0.92356
2010-01-17T00:00:00.000000000+0000,0.92056,0.92234,0.92037,0.922
2010-01-18T00:00:00.000000000+0000,0.92206,0.92789,0.91741,0.92706
2010-01-19T00:00:00.000000000+0000,0.92711,0.92736,0.91749,0.92255
2010-01-20T00:00:00.000000000+0000,0.92261,0.92386,0.90718,0.91123
2010-01-21T00:00:00.000000000+0000,0.91126,0.91456,0.89916,0.90399
2010-01-22T00:00:00.000000000+0000,0.90394,0.90926,0.89819,0.90033
2010-01-23T00:00:00.000000000+0000,0.90033,0.90033,0.90033,0.90033
2010-01-24T00:00:00.000000000+0000,0.90311,0.90566,0.90119,0.90401
2010-01-25T00:00:00.000000000+0000,0.90406,0.90926,0.90196,0.90467
2010-01-26T00:00:00.000000000+0000,0.90464,0.90836,0.89372,0.89982
2010-01-27T00:00:00.000000000+0000,0.89986,0.90451,0.89094,0.89565
2010-01-28T00:00:00.000000000+0000,0.89566,0.90476,0.89137,0.89358
2010-01-29T00:00:00.000000000+0000,0.89356,0.89619,0.88407,0.88414
2010-01-30T00:00:00.000000000+0000,0.88414,0.88414,0.88414,0.88414
2010-01-31T00:00:00.000000000+0000,0.88004,0.88716,0.87979,0.88602
2010-02-01T00:00:00.000000000+0000,0.88596,0.89236,0.87877,0.8915
2010-02-02T00:00:00.000000000+0000,0.89149,0.89263,0.878,0.88725
2010-02-03T00:00:00.000000000+0000,0.88722,0.89156,0.88046,0.88199
2010-02-04T00:00:00.000000000+0000,0.88194,0.88256,0.86066,0.8685
2010-02-05T00:00:00.000000000+0000,0.86848,0.87176,0.85776,0.86692
2010-02-06T00:00:00.000000000+0000,0.86692,0.86692,0.86692,0.86692
2010-02-07T00:00:00.000000000+0000,0.86721,0.86837,0.86507,0.86559
2010-02-08T00:00:00.000000000+0000,0.86571,0.87086,0.86121,0.86317
2010-02-09T00:00:00.000000000+0000,0.86324,0.87968,0.86314,0.87728
2010-02-10T00:00:00.000000000+0000,0.87731,0.87921,0.87086,0.87686
2010-02-11T00:00:00.000000000+0000,0.87691,0.89204,0.87651,0.89006
2010-02-12T00:00:00.000000000+0000,0.89001,0.89139,0.87851,0.88726
2010-02-13T00:00:00.000000000+0000,0.88726,0.88726,0.88726,0.88726
2010-02-14T00:00:00.000000000+0000,0.88825,0.88825,0.88626,0.88789
2010-02-15T00:00:00.000000000+0000,0.88796,0.89094,0.88484,0.88846
2010-02-16T00:00:00.000000000+0000,0.88841,0.90266,0.88761,0.90099
2010-02-17T00:00:00.000000000+0000,0.90101,0.90356,0.89636,0.89875
2010-02-18T00:00:00.000000000+0000,0.8987,0.90256,0.88874,0.88984
2010-02-19T00:00:00.000000000+0000,0.88979,0.89886,0.88776,0.89831
2010-02-20T00:00:00.000000000+0000,0.89831,0.89831,0.89831,0.89831
2010-02-21T00:00:00.000000000+0000,0.90031,0.90121,0.89858,0.90068
2010-02-22T00:00:00.000000000+0000,0.90071,0.90236,0.89726,0.90038
2010-02-23T00:00:00.000000000+0000,0.90043,0.90705,0.88777,0.89254
2010-02-24T00:00:00.000000000+0000,0.89261,0.89499,0.88576,0.89425
2010-02-25T00:00:00.000000000+0000,0.89431,0.89513,0.88003,0.88672
2010-02-26T00:00:00.000000000+0000,0.88669,0.89787,0.88663,0.89606
2010-02-27T00:00:00.000000000+0000,0.89606,0.89606,0.89606,0.89606
2010-02-28T00:00:00.000000000+0000,0.89571,0.89906,0.89566,0.89864
2010-03-01T00:00:00.000000000+0000,0.89877,0.90156,0.89347,0.89984
2010-03-02T00:00:00.000000000+0000,0.89985,0.90586,0.89525,0.90455
2010-03-03T00:00:00.000000000+0000,0.90454,0.90851,0.90071,0.90496
2010-03-04T00:00:00.000000000+0000,0.90501,0.90531,0.89782,0.89946
2010-03-05T00:00:00.000000000+0000,0.89944,0.90924,0.89916,0.90799
2010-03-06T00:00:00.000000000+0000,0.90799,0.90799,0.90799,0.90799
2010-03-07T00:00:00.000000000+0000,0.90809,0.91044,0.90753,0.90944
2010-03-08T00:00:00.000000000+0000,0.90946,0.91326,0.90736,0.90839
2010-03-09T00:00:00.000000000+0000,0.90841,0.91626,0.90548,0.91528
2010-03-10T00:00:00.000000000+0000,0.91531,0.91926,0.91257,0.91372
2010-03-11T00:00:00.000000000+0000,0.9137,0.91696,0.91097,0.91549
2010-03-12T00:00:00.000000000+0000,0.91551,0.91938,0.91398,0.91546
2010-03-13T00:00:00.000000000+0000,0.91546,0.91546,0.91546,0.91546
2010-03-14T00:00:00.000000000+0000,0.91732,0.91776,0.91642,0.91764
2010-03-15T00:00:00.000000000+0000,0.91766,0.91776,0.90946,0.91332
2010-03-16T00:00:00.000000000+0000,0.91334,0.92065,0.91186,0.91884
2010-03-17T00:00:00.000000000+0000,0.91886,0.92516,0.91731,0.9231
2010-03-18T00:00:00.000000000+0000,0.92309,0.92331,0.91796,0.92102
2010-03-19T00:00:00.000000000+0000,0.92106,0.92236,0.91281,0.91631
2010-03-20T00:00:00.000000000+0000,0.91631,0.91631,0.91631,0.91631
2010-03-21T00:00:00.000000000+0000,0.91507,0.91552,0.91317,0.91375
2010-03-22T00:00:00.000000000+0000,0.9138,0.91868,0.90838,0.91854
2010-03-23T00:00:00.000000000+0000,0.91855,0.91977,0.91357,0.91812
2010-03-24T00:00:00.000000000+0000,0.9181,0.91866,0.90651,0.9115
2010-03-25T00:00:00.000000000+0000,0.91151,0.91403,0.9062,0.90855
2010-03-26T00:00:00.000000000+0000,0.90856,0.91168,0.90007,0.90371
2010-03-27T00:00:00.000000000+0000,0.90371,0.90371,0.90371,0.90371
2010-03-28T00:00:00.000000000+0000,0.90433,0.90526,0.90326,0.90486
2010-03-29T00:00:00.000000000+0000,0.90481,0.91781,0.90466,0.91678
2010-03-30T00:00:00.000000000+0000,0.91677,0.92147,0.91656,0.92046
2010-03-31T00:00:00.000000000+0000,0.92044,0.92056,0.91303,0.92054
2010-04-01T00:00:00.000000000+0000,0.91715,0.92163,0.91536,0.92101
2010-04-02T00:00:00.000000000+0000,0.92096,0.92127,0.918,0.9189
2010-04-03T00:00:00.000000000+0000,0.9189,0.9189,0.9189,0.9189
2010-04-04T00:00:00.000000000+0000,0.91897,0.92056,0.91862,0.9205
2010-04-05T00:00:00.000000000+0000,0.92046,0.92209,0.91903,0.91972
2010-04-06T00:00:00.000000000+0000,0.91971,0.92881,0.91647,0.92676
2010-04-07T00:00:00.000000000+0000,0.92677,0.92971,0.92483,0.92626
2010-04-08T00:00:00.000000000+0000,0.92625,0.92936,0.92227,0.92906
2010-04-09T00:00:00.000000000+0000,0.92909,0.93421,0.92656,0.93347
2010-04-10T00:00:00.000000000+0000,0.93347,0.93347,0.93347,0.93347
2010-04-11T00:00:00.000000000+0000,0.93603,0.93821,0.93592,0.93617
2010-04-12T00:00:00.000000000+0000,0.93616,0.93668,0.92366,0.92651
2010-04-13T00:00:00.000000000+0000,0.9265,0.92933,0.92229,0.92844
2010-04-14T00:00:00.000000000+0000,0.92849,0.93611,0.92821,0.93591
2010-04-15T00:00:00.000000000+0000,0.93594,0.93636,0.93098,0.93356
2010-04-16T00:00:00.000000000+0000,0.93354,0.93369,0.92306,0.92512
2010-04-17T00:00:00.000000000+0000,0.92512,0.92512,0.92512,0.92512
2010-04-18T00:00:00.000000000+0000,0.92067,0.92286,0.92027,0.92218
2010-04-19T00:00:00.000000000+0000,0.9222,0.92647,0.9157,0.92506
2010-04-20T00:00:00.000000000+0000,0.92503,0.93246,0.92451,0.92989
2010-04-21T00:00:00.000000000+0000,0.92986,0.93381,0.92558,0.92811
2010-04-22T00:00:00.000000000+0000,0.92812,0.93036,0.92266,0.92441
2010-04-23T00:00:00.000000000+0000,0.92442,0.92696,0.91702,0.92676
2010-04-24T00:00:00.000000000+0000,0.92676,0.92676,0.92676,0.92676
2010-04-25T00:00:00.000000000+0000,0.92553,0.92702,0.92553,0.92628
2010-04-26T00:00:00.000000000+0000,0.9263,0.93115,0.92566,0.92822
2010-04-27T00:00:00.000000000+0000,0.92825,0.92861,0.91351,0.91671
2010-04-28T00:00:00.000000000+0000,0.91675,0.92664,0.9156,0.92328
2010-04-29T00:00:00.000000000+0000,0.92326,0.93131,0.92222,0.9297
2010-04-30T00:00:00.000000000+0000,0.92967,0.93239,0.92385,0.92394
2010-05-01T00:00:00.000000000+0000,0.92394,0.92394,0.92394,0.92394
2010-05-02T00:00:00.000000000+0000,0.92275,0.92616,0.92255,0.92557
2010-05-03T00:00:00.000000000+0000,0.92555,0.92746,0.92274,0.92572
2010-05-04T00:00:00.000000000+0000,0.92573,0.92666,0.9071,0.91091
2010-05-05T00:00:00.000000000+0000,0.91084,0.91179,0.90199,0.90691
2010-05-06T00:00:00.000000000+0000,0.9069,0.90926,0.87058,0.88849
2010-05-07T00:00:00.000000000+0000,0.88855,0.89375,0.88025,0.88616
2010-05-08T00:00:00.000000000+0000,0.88616,0.88616,0.88616,0.88616
2010-05-09T00:00:00.000000000+0000,0.89905,0.89927,0.89226,0.89526
2010-05-10T00:00:00.000000000+0000,0.89521,0.90779,0.89456,0.90046
2010-05-11T00:00:00.000000000+0000,0.9005,0.90306,0.89316,0.89545
2010-05-12T00:00:00.000000000+0000,0.89541,0.89798,0.88879,0.89511
2010-05-13T00:00:00.000000000+0000,0.89507,0.90256,0.89324,0.89557
2010-05-14T00:00:00.000000000+0000,0.89558,0.89731,0.88496,0.88561
2010-05-15T00:00:00.000000000+0000,0.88561,0.88561,0.88561,0.88561
2010-05-16T00:00:00.000000000+0000,0.88492,0.88614,0.88405,0.88471
2010-05-17T00:00:00.000000000+0000,0.88465,0.88536,0.86851,0.87646
2010-05-18T00:00:00.000000000+0000,0.87638,0.87886,0.85881,0.85901
2010-05-19T00:00:00.000000000+0000,0.85902,0.8613,0.83564,0.84646
2010-05-20T00:00:00.000000000+0000,0.84641,0.84693,0.80708,0.81622
2010-05-21T00:00:00.000000000+0000,0.81621,0.83652,0.81607,0.83146
2010-05-22T00:00:00.000000000+0000,0.83146,0.83146,0.83146,0.83146
2010-05-23T00:00:00.000000000+0000,0.83109,0.83147,0.8269,0.82706
2010-05-24T00:00:00.000000000+0000,0.82711,0.83577,0.81851,0.82322
2010-05-25T00:00:00.000000000+0000,0.82327,0.8306,0.80653,0.82622
2010-05-26T00:00:00.000000000+0000,0.82625,0.839,0.81877,0.82378
2010-05-27T00:00:00.000000000+0000,0.82375,0.85286,0.82251,0.84876
2010-05-28T00:00:00.000000000+0000,0.84871,0.85511,0.84282,0.84608
2010-05-29T00:00:00.000000000+0000,0.84608,0.84608,0.84608,0.84608
2010-05-30T00:00:00.000000000+0000,0.84567,0.84579,0.84281,0.84531
2010-05-31T00:00:00.000000000+0000,0.84528,0.85147,0.83816,0.84444
2010-06-01T00:00:00.000000000+0000,0.84441,0.84441,0.82815,0.83413
2010-06-02T00:00:00.000000000+0000,0.83418,0.84327,0.82752,0.84287
2010-06-03T00:00:00.000000000+0000,0.8428,0.85226,0.83639,0.84401
2010-06-04T00:00:00.000000000+0000,0.84405,0.84767,0.82126,0.8221
2010-06-05T00:00:00.000000000+0000,0.8221,0.8221,0.8221,0.8221
2010-06-06T00:00:00.000000000+0000,0.82237,0.82277,0.81586,0.81708
2010-06-07T00:00:00.000000000+0000,0.81711,0.82147,0.80816,0.81229
2010-06-08T00:00:00.000000000+0000,0.81234,0.82853,0.81228,0.82424
2010-06-09T00:00:00.000000000+0000,0.82418,0.83578,0.81939,0.83072
2010-06-10T00:00:00.000000000+0000,0.83069,0.85087,0.82738,0.84942
2010-06-11T00:00:00.000000000+0000,0.84946,0.85061,0.84252,0.85016
2010-06-12T00:00:00.000000000+0000,0.85016,0.85016,0.85016,0.85016
2010-06-13T00:00:00.000000000+0000,0.85173,0.85591,0.85098,0.85591
2010-06-14T00:00:00.000000000+0000,0.85593,0.86669,0.85428,0.85752
2010-06-15T00:00:00.000000000+0000,0.85757,0.86606,0.85052,0.86364
2010-06-16T00:00:00.000000000+0000,0.86365,0.86737,0.8581,0.86217
2010-06-17T00:00:00.000000000+0000,0.86219,0.86856,0.85819,0.86674
2010-06-18T00:00:00.000000000+0000,0.86673,0.87127,0.86514,0.87022
2010-06-19T00:00:00.000000000+0000,0.87022,0.87022,0.87022,0.87022
2010-06-20T00:00:00.000000000+0000,0.88058,0.88126,0.87794,0.87936
2010-06-21T00:00:00.000000000+0000,0.87937,0.88588,0.87513,0.87769
2010-06-22T00:00:00.000000000+0000,0.87767,0.88313,0.87021,0.87121
2010-06-23T00:00:00.000000000+0000,0.87118,0.87801,0.86606,0.87487
2010-06-24T00:00:00.000000000+0000,0.87492,0.87682,0.86406,0.86711
2010-06-25T00:00:00.000000000+0000,0.86713,0.87581,0.85951,0.87349
2010-06-26T00:00:00.000000000+0000,0.87349,0.87349,0.87349,0.87349
2010-06-27T00:00:00.000000000+0000,0.87422,0.87437,0.87198,0.87412
2010-06-28T00:00:00.000000000+0000,0.87407,0.87768,0.86907,0.87089
2010-06-29T00:00:00.000000000+0000,0.87094,0.87207,0.84638,0.84985
2010-06-30T00:00:00.000000000+0000,0.84984,0.85666,0.83897,0.84138
2010-07-01T00:00:00.000000000+0000,0.84141,0.84801,0.83154,0.84497
2010-07-02T00:00:00.000000000+0000,0.84496,0.85103,0.8402,0.84248
2010-07-03T00:00:00.000000000+0000,0.84248,0.84248,0.84248,0.84248
2010-07-04T00:00:00.000000000+0000,0.84128,0.8428,0.83759,0.83952
2010-07-05T00:00:00.000000000+0000,0.83949,0.8467,0.83507,0.8354
2010-07-06T00:00:00.000000000+0000,0.83538,0.85592,0.83165,0.85261
2010-07-07T00:00:00.000000000+0000,0.85265,0.8663,0.8449,0.86333
2010-07-08T00:00:00.000000000+0000,0.86334,0.87907,0.86333,0.8766
2010-07-09T00:00:00.000000000+0000,0.87655,0.87801,0.87269,0.87771
2010-07-10T00:00:00.000000000+0000,0.87771,0.87771,0.87771,0.87771
2010-07-11T00:00:00.000000000+0000,0.87719,0.87762,0.87479,0.87652
2010-07-12T00:00:00.000000000+0000,0.87651,0.87757,0.87013,0.87659
2010-07-13T00:00:00.000000000+0000,0.87657,0.88432,0.8682,0.88297
2010-07-14T00:00:00.000000000+0000,0.88294,0.88707,0.8785,0.88142
2010-07-15T00:00:00.000000000+0000,0.88146,0.88491,0.87266,0.88102
2010-07-16T00:00:00.000000000+0000,0.88098,0.88178,0.86811,0.87008
2010-07-17T00:00:00.000000000+0000,0.87008,0.87008,0.87008,0.87008
2010-07-18T00:00:00.000000000+0000,0.86639,0.86744,0.86325,0.86349
2010-07-19T00:00:00.000000000+0000,0.86351,0.8719,0.86329,0.86881
2010-07-20T00:00:00.000000000+0000,0.86877,0.88458,0.86818,0.88397
2010-07-21T00:00:00.000000000+0000,0.88402,0.88587,0.87597,0.87733
2010-07-22T00:00:00.000000000+0000,0.87734,0.8952,0.87369,0.89448
2010-07-23T00:00:00.000000000+0000,0.89449,0.89714,0.88957,0.89658
2010-07-24T00:00:00.000000000+0000,0.89658,0.89658,0.89658,0.89658
2010-07-25T00:00:00.000000000+0000,0.89583,0.89583,0.89277,0.8955
2010-07-26T00:00:00.000000000+0000,0.89551,0.90355,0.89409,0.9005
2010-07-27T00:00:00.000000000+0000,0.90051,0.90689,0.89992,0.90121
2010-07-28T00:00:00.000000000+0000,0.90126,0.90247,0.89047,0.89427
2010-07-29T00:00:00.000000000+0000,0.89423,0.90427,0.89222,0.89976
2010-07-30T00:00:00.000000000+0000,0.89973,0.90662,0.89651,0.90442
2010-07-31T00:00:00.000000000+0000,0.90442,0.90442,0.90442,0.90442
2010-08-01T00:00:00.000000000+0000,0.90619,0.90752,0.90448,0.90751
2010-08-02T00:00:00.000000000+0000,0.90752,0.91453,0.90751,0.91232
2010-08-03T00:00:00.000000000+0000,0.91225,0.91495,0.907,0.91313
2010-08-04T00:00:00.000000000+0000,0.91315,0.91828,0.90946,0.91558
2010-08-05T00:00:00.000000000+0000,0.91563,0.91747,0.91161,0.91435
2010-08-06T00:00:00.000000000+0000,0.91442,0.92218,0.91348,0.91884
2010-08-07T00:00:00.000000000+0000,0.91884,0.91884,0.91884,0.91884
2010-08-08T00:00:00.000000000+0000,0.91851,0.91916,0.91721,0.91746
2010-08-09T00:00:00.000000000+0000,0.91742,0.92054,0.91501,0.91561
2010-08-10T00:00:00.000000000+0000,0.91557,0.91645,0.9058,0.91168
2010-08-11T00:00:00.000000000+0000,0.91172,0.91221,0.8932,0.89682
2010-08-12T00:00:00.000000000+0000,0.89683,0.9008,0.89138,0.89692
2010-08-13T00:00:00.000000000+0000,0.89688,0.90348,0.89216,0.89222
2010-08-14T00:00:00.000000000+0000,0.89222,0.89222,0.89222,0.89222
2010-08-15T00:00:00.000000000+0000,0.89302,0.89463,0.8918,0.89213
2010-08-16T00:00:00.000000000+0000,0.89216,0.89939,0.88586,0.89527
2010-08-17T00:00:00.000000000+0000,0.89522,0.90792,0.89449,0.90502
2010-08-18T00:00:00.000000000+0000,0.905,0.90531,0.89574,0.89587
2010-08-19T00:00:00.000000000+0000,0.89585,0.9018,0.88891,0.88944
2010-08-20T00:00:00.000000000+0000,0.88941,0.89323,0.88406,0.89215
2010-08-21T00:00:00.000000000+0000,0.89215,0.89215,0.89215,0.89215
2010-08-22T00:00:00.000000000+0000,0.88685,0.88866,0.88685,0.88843
2010-08-23T00:00:00.000000000+0000,0.8884,0.89826,0.88824,0.88939
2010-08-24T00:00:00.000000000+0000,0.88943,0.89052,0.87961,0.88277
2010-08-25T00:00:00.000000000+0000,0.88281,0.88947,0.87708,0.8858
2010-08-26T00:00:00.000000000+0000,0.88581,0.89181,0.88313,0.88482
2010-08-27T00:00:00.000000000+0000,0.88478,0.89987,0.88454,0.89888
2010-08-28T00:00:00.000000000+0000,0.89888,0.89888,0.89888,0.89888
2010-08-29T00:00:00.000000000+0000,0.90123,0.90304,0.90032,0.90163
2010-08-30T00:00:00.000000000+0000,0.9016,0.90261,0.89128,0.89154
2010-08-31T00:00:00.000000000+0000,0.89152,0.89562,0.88602,0.89152
2010-09-01T00:00:00.000000000+0000,0.89175,0.91161,0.89147,0.90824
2010-09-02T00:00:00.000000000+0000,0.90823,0.91208,0.9054,0.90873
2010-09-03T00:00:00.000000000+0000,0.90875,0.91755,0.90659,0.91662
2010-09-04T00:00:00.000000000+0000,0.91662,0.91662,0.91662,0.91662
2010-09-05T00:00:00.000000000+0000,0.91554,0.91647,0.91454,0.91551
2010-09-06T00:00:00.000000000+0000,0.91552,0.91808,0.9141,0.91476
2010-09-07T00:00:00.000000000+0000,0.91478,0.91778,0.90918,0.91215
2010-09-08T00:00:00.000000000+0000,0.91217,0.91935,0.9107,0.91713
2010-09-09T00:00:00.000000000+0000,0.91716,0.92769,0.91684,0.92239
2010-09-10T00:00:00.000000000+0000,0.92242,0.92685,0.92048,0.92665
2010-09-11T00:00:00.000000000+0000,0.92665,0.92665,0.92665,0.92665
2010-09-12T00:00:00.000000000+0000,0.9291,0.93102,0.92869,0.93092
2010-09-13T00:00:00.000000000+0000,0.9309,0.9362,0.92937,0.93322
2010-09-14T00:00:00.000000000+0000,0.93317,0.9457,0.9313,0.93976
2010-09-15T00:00:00.000000000+0000,0.93977,0.943,0.93421,0.93899
2010-09-16T00:00:00.000000000+0000,0.93902,0.93951,0.933,0.93513
2010-09-17T00:00:00.000000000+0000,0.93514,0.94681,0.93514,0.93598
2010-09-18T00:00:00.000000000+0000,0.93598,0.93598,0.93598,0.93598
2010-09-19T00:00:00.000000000+0000,0.93837,0.93842,0.93631,0.93652
2010-09-20T00:00:00.000000000+0000,0.93653,0.9494,0.93612,0.94571
2010-09-21T00:00:00.000000000+0000,0.94565,0.95639,0.94413,0.9558
2010-09-22T00:00:00.000000000+0000,0.95576,0.96007,0.9509,0.95517
2010-09-23T00:00:00.000000000+0000,0.95518,0.95748,0.94648,0.94653
2010-09-24T00:00:00.000000000+0000,0.94651,0.96147,0.94621,0.95956
2010-09-25T00:00:00.000000000+0000,0.95956,0.95956,0.95956,0.95956
2010-09-26T00:00:00.000000000+0000,0.96052,0.96227,0.95852,0.95982
2010-09-27T00:00:00.000000000+0000,0.95981,0.96438,0.95733,0.95885
2010-09-28T00:00:00.000000000+0000,0.95887,0.96859,0.95587,0.96676
2010-09-29T00:00:00.000000000+0000,0.96678,0.97292,0.96631,0.96892
2010-09-30T00:00:00.000000000+0000,0.96891,0.97337,0.9624,0.96532
2010-10-01T00:00:00.000000000+0000,0.96538,0.97497,0.96502,0.9728
2010-10-02T00:00:00.000000000+0000,0.9728,0.9728,0.9728,0.9728
2010-10-03T00:00:00.000000000+0000,0.97269,0.9727,0.97122,0.97139
2010-10-04T00:00:00.000000000+0000,0.97143,0.97146,0.96524,0.96683
2010-10-05T00:00:00.000000000+0000,0.96686,0.97258,0.95412,0.97182
2010-10-06T00:00:00.000000000+0000,0.97181,0.97912,0.96933,0.97572
2010-10-07T00:00:00.000000000+0000,0.97576,0.99173,0.97563,0.98165
2010-10-08T00:00:00.000000000+0000,0.98164,0.98719,0.97085,0.9858
2010-10-09T00:00:00.000000000+0000,0.9858,0.9858,0.9858,0.9858
2010-10-10T00:00:00.000000000+0000,0.99007,0.99062,0.98852,0.98954
2010-10-11T00:00:00.000000000+0000,0.98952,0.98967,0.98131,0.98213
2010-10-12T00:00:00.000000000+0000,0.98216,0.9878,0.97664,0.98712
2010-10-13T00:00:00.000000000+0000,0.98711,0.99368,0.98334,0.99287
2010-10-14T00:00:00.000000000+0000,0.99291,0.99938,0.98951,0.98962
2010-10-15T00:00:00.000000000+0000,0.98961,1.0003,0.98624,0.98916
2010-10-16T00:00:00.000000000+0000,0.98916,0.98916,0.98916,0.98916
2010-10-17T00:00:00.000000000+0000,0.9898,0.98985,0.98731,0.98777
2010-10-18T00:00:00.000000000+0000,0.98778,0.99442,0.98005,0.99154
2010-10-19T00:00:00.000000000+0000,0.99156,0.9959,0.96615,0.96677
2010-10-20T00:00:00.000000000+0000,0.96681,0.98897,0.96681,0.98672
2010-10-21T00:00:00.000000000+0000,0.98674,0.98913,0.97422,0.97828
2010-10-22T00:00:00.000000000+0000,0.97827,0.98537,0.97577,0.98127
2010-10-23T00:00:00.000000000+0000,0.98127,0.98127,0.98127,0.98127
2010-10-24T00:00:00.000000000+0000,0.98489,0.9854,0.98237,0.98445
2010-10-25T00:00:00.000000000+0000,0.98447,0.99737,0.98377,0.98952
2010-10-26T00:00:00.000000000+0000,0.98951,0.99269,0.98142,0.98486
2010-10-27T00:00:00.000000000+0000,0.98483,0.98627,0.96512,0.97387
2010-10-28T00:00:00.000000000+0000,0.97372,0.98195,0.97297,0.97932
2010-10-29T00:00:00.000000000+0000,0.97928,0.9822,0.96781,0.9799
2010-10-30T00:00:00.000000000+0000,0.9799,0.9799,0.9799,0.9799
2010-10-31T00:00:00.000000000+0000,0.98524,0.98667,0.98434,0.98641
2010-11-01T00:00:00.000000000+0000,0.98652,0.98668,0.98609,0.98645
2010-11-02T00:00:00.000000000+0000,0.98844,1.00158,0.98671,0.99874
2010-11-03T00:00:00.000000000+0000,0.99866,1.00624,0.99349,1.00374
2010-11-04T00:00:00.000000000+0000,1.00369,1.0173,1.00217,1.01536
2010-11-05T00:00:00.000000000+0000,1.01539,1.01778,1.0087,1.01523
2010-11-06T00:00:00.000000000+0000,1.01523,1.01523,1.01523,1.01523
2010-11-07T00:00:00.000000000+0000,1.0147,1.01562,1.01226,1.0154
2010-11-08T00:00:00.000000000+0000,1.01626,1.01645,1.00847,1.01097
2010-11-09T00:00:00.000000000+0000,1.00999,1.01728,1.00039,1.0045
2010-11-10T00:00:00.000000000+0000,1.00453,1.00702,0.9977,1.00443
2010-11-11T00:00:00.000000000+0000,1.00443,1.00639,0.9954,0.99627
2010-11-12T00:00:00.000000000+0000,0.99628,1.00012,0.98271,0.98453
2010-11-13T00:00:00.000000000+0000,0.98453,0.98453,0.98453,0.98453
2010-11-14T00:00:00.000000000+0000,0.98313,0.9891,0.98311,0.98877
2010-11-15T00:00:00.000000000+0000,0.98875,0.99189,0.9812,0.9833
2010-11-16T00:00:00.000000000+0000,0.98329,0.98924,0.97239,0.97609
2010-11-17T00:00:00.000000000+0000,0.97618,0.98334,0.97258,0.98145
2010-11-18T00:00:00.000000000+0000,0.98145,0.99043,0.98063,0.99043
2010-11-19T00:00:00.000000000+0000,0.9905,0.9911,0.98153,0.98618
2010-11-20T00:00:00.000000000+0000,0.98618,0.98618,0.98618,0.98618
2010-11-21T00:00:00.000000000+0000,0.98629,0.99014,0.98565,0.99005
2010-11-22T00:00:00.000000000+0000,0.99005,0.99534,0.98235,0.9865
2010-11-23T00:00:00.000000000+0000,0.98649,0.98813,0.97081,0.97448
2010-11-24T00:00:00.000000000+0000,0.97443,0.98525,0.97388,0.9846
2010-11-25T00:00:00.000000000+0000,0.98459,0.98463,0.97612,0.9771
2010-11-26T00:00:00.000000000+0000,0.97708,0.97786,0.96126,0.96443
2010-11-27T00:00:00.000000000+0000,0.96443,0.96443,0.96443,0.96443
2010-11-28T00:00:00.000000000+0000,0.96409,0.97054,0.96409,0.96581
2010-11-29T00:00:00.000000000+0000,0.96589,0.96971,0.95661,0.96063
2010-11-30T00:00:00.000000000+0000,0.96063,0.96598,0.95434,0.95957
2010-12-01T00:00:00.000000000+0000,0.95952,0.96974,0.95379,0.96582
2010-12-02T00:00:00.000000000+0000,0.96578,0.97779,0.96294,0.97687
2010-12-03T00:00:00.000000000+0000,0.97683,0.99359,0.97389,0.99291
2010-12-04T00:00:00.000000000+0000,0.99291,0.99291,0.99291,0.99291
2010-12-05T00:00:00.000000000+0000,0.99101,0.99257,0.98869,0.99178
2010-12-06T00:00:00.000000000+0000,0.9916,0.99233,0.98497,0.9883
2010-12-07T00:00:00.000000000+0000,0.98829,0.99646,0.98217,0.98309
2010-12-08T00:00:00.000000000+0000,0.98311,0.98553,0.97519,0.97893
2010-12-09T00:00:00.000000000+0000,0.97899,0.98834,0.97799,0.98418
2010-12-10T00:00:00.000000000+0000,0.98419,0.98963,0.98275,0.98519
2010-12-11T00:00:00.000000000+0000,0.98519,0.98519,0.98519,0.98519
2010-12-12T00:00:00.000000000+0000,0.98562,0.98562,0.98315,0.9839
2010-12-13T00:00:00.000000000+0000,0.9839,0.99838,0.98384,0.9949
2010-12-14T00:00:00.000000000+0000,0.99486,1.00248,0.99416,0.99689
2010-12-15T00:00:00.000000000+0000,0.99689,0.99719,0.98402,0.98699
2010-12-16T00:00:00.000000000+0000,0.98706,0.99067,0.98309,0.98921
2010-12-17T00:00:00.000000000+0000,0.98922,0.99254,0.984,0.98789
2010-12-18T00:00:00.000000000+0000,0.98789,0.98789,0.98789,0.98789
2010-12-19T00:00:00.000000000+0000,0.98882,0.98915,0.98612,0.98787
2010-12-20T00:00:00.000000000+0000,0.98789,0.99489,0.98624,0.99273
2010-12-21T00:00:00.000000000+0000,0.99282,0.99927,0.99171,0.9964
2010-12-22T00:00:00.000000000+0000,0.99635,1.001,0.99499,0.99902
2010-12-23T00:00:00.000000000+0000,0.99907,1.0063,0.99862,1.00374
2010-12-24T00:00:00.000000000+0000,1.00372,1.00495,1.00243,1.0042
2010-12-25T00:00:00.000000000+0000,1.0042,1.0042,1.0042,1.0042
2010-12-26T00:00:00.000000000+0000,1.00369,1.00372,0.99811,1.00001
2010-12-27T00:00:00.000000000+0000,1.00001,1.00573,0.99872,1.00567
2010-12-28T00:00:00.000000000+0000,1.00572,1.01513,1.00538,1.00934
2010-12-29T00:00:00.000000000+0000,1.0093,1.01825,1.00906,1.01727
2010-12-30T00:00:00.000000000+0000,1.01729,1.01972,1.01183,1.01562
2010-12-31T00:00:00.000000000+0000,1.0156,1.0252,1.0151,1.02259
2011-01-01T00:00:00.000000000+0000,1.0212,1.0212,1.0212,1.0212
2011-01-02T00:00:00.000000000+0000,1.0235,1.02492,1.01938,1.0212
2011-01-03T00:00:00.000000000+0000,1.0212,1.02195,1.01526,1.01665
2011-01-04T00:00:00.000000000+0000,1.01665,1.017,1.00276,1.00691
2011-01-05T00:00:00.000000000+0000,1.00688,1.00752,0.99597,0.99974
2011-01-06T00:00:00.000000000+0000,0.99971,1.00143,0.99241,0.99287
2011-01-07T00:00:00.000000000+0000,0.99275,0.99914,0.99074,0.99563
2011-01-08T00:00:00.000000000+0000,0.99563,0.99563,0.99563,0.99563
2011-01-09T00:00:00.000000000+0000,0.99672,0.99679,0.99221,0.99512
2011-01-10T00:00:00.000000000+0000,0.9952,0.99817,0.98825,0.99465
2011-01-11T00:00:00.000000000+0000,0.99466,0.99484,0.98034,0.98218
2011-01-12T00:00:00.000000000+0000,0.98218,0.99657,0.98196,0.99571
2011-01-13T00:00:00.000000000+0000,0.99561,1.00184,0.99267,0.99791
2011-01-14T00:00:00.000000000+0000,0.99791,0.99859,0.98558,0.98852
2011-01-15T00:00:00.000000000+0000,0.98852,0.98852,0.98852,0.98852
2011-01-16T00:00:00.000000000+0000,0.98869,0.99161,0.9885,0.99069
2011-01-17T00:00:00.000000000+0000,0.99073,0.99678,0.98628,0.99272
2011-01-18T00:00:00.000000000+0000,0.99273,1.00044,0.98972,0.99738
2011-01-19T00:00:00.000000000+0000,0.99735,1.00764,0.99655,0.99678
2011-01-20T00:00:00.000000000+0000,0.99678,0.99804,0.98317,0.98543
2011-01-21T00:00:00.000000000+0000,0.98544,0.99174,0.98394,0.98963
2011-01-22T00:00:00.000000000+0000,0.98963,0.98963,0.98963,0.98963
2011-01-23T00:00:00.000000000+0000,0.99012,0.99015,0.98728,0.98937
2011-01-24T00:00:00.000000000+0000,0.98939,1.00213,0.98633,0.99743
2011-01-25T00:00:00.000000000+0000,0.99743,0.99923,0.98896,0.99504
2011-01-26T00:00:00.000000000+0000,0.99504,0.99969,0.99289,0.99936
2011-01-27T00:00:00.000000000+0000,0.99939,1.00006,0.98765,0.98955
2011-01-28T00:00:00.000000000+0000,0.98957,0.9984,0.98834,0.99393
2011-01-29T00:00:00.000000000+0000,0.99393,0.99393,0.99393,0.99393
2011-01-30T00:00:00.000000000+0000,0.99329,0.99385,0.98667,0.98685
2011-01-31T00:00:00.000000000+0000,0.98685,0.99887,0.98657,0.99721
2011-02-01T00:00:00.000000000+0000,0.99721,1.01473,0.99653,1.01103
2011-02-02T00:00:00.000000000+0000,1.01107,1.01335,1.00549,1.01136
2011-02-03T00:00:00.000000000+0000,1.01136,1.01618,1.00826,1.01453
2011-02-04T00:00:00.000000000+0000,1.01458,1.01987,1.01108,1.0136
2011-02-05T00:00:00.000000000+0000,1.0136,1.0136,1.0136,1.0136
2011-02-06T00:00:00.000000000+0000,1.01348,1.01431,1.01094,1.01239
2011-02-07T00:00:00.000000000+0000,1.01239,1.01603,1.01117,1.01319
2011-02-08T00:00:00.000000000+0000,1.01319,1.01886,1.01138,1.01487
2011-02-09T00:00:00.000000000+0000,1.01487,1.01511,1.00875,1.01068
2011-02-10T00:00:00.000000000+0000,1.01065,1.01219,1.00018,1.00132
2011-02-11T00:00:00.000000000+0000,1.00139,1.00318,0.99603,1.0016
2011-02-12T00:00:00.000000000+0000,1.0016,1.0016,1.0016,1.0016
2011-02-13T00:00:00.000000000+0000,1.00221,1.00381,0.99789,1.00149
2011-02-14T00:00:00.000000000+0000,1.00149,1.00737,1.00024,1.00186
2011-02-15T00:00:00.000000000+0000,1.00186,1.00572,0.99433,0.9971
2011-02-16T00:00:00.000000000+0000,0.9971,1.00553,0.99648,1.00315
2011-02-17T00:00:00.000000000+0000,1.00312,1.0129,1.00223,1.01187
2011-02-18T00:00:00.000000000+0000,1.01187,1.0157,1.00896,1.0133
2011-02-19T00:00:00.000000000+0000,1.0133,1.0133,1.0133,1.0133
2011-02-20T00:00:00.000000000+0000,1.01257,1.01509,1.012,1.0143
2011-02-21T00:00:00.000000000+0000,1.0143,1.01431,1.00734,1.00849
2011-02-22T00:00:00.000000000+0000,1.00836,1.00837,0.99662,1.00006
2011-02-23T00:00:00.000000000+0000,1.00004,1.00587,0.99816,1.00264
2011-02-24T00:00:00.000000000+0000,1.00264,1.01225,1.00013,1.01048
2011-02-25T00:00:00.000000000+0000,1.01049,1.01779,1.00906,1.01727
2011-02-26T00:00:00.000000000+0000,1.01727,1.01727,1.01727,1.01727
2011-02-27T00:00:00.000000000+0000,1.01806,1.01846,1.01364,1.01405
2011-02-28T00:00:00.000000000+0000,1.01405,1.01919,1.01201,1.01858
2011-03-01T00:00:00.000000000+0000,1.01857,1.02013,1.01216,1.01329
