timestamp,open,high,low,close
2000-01-01T00:00:00.000000000+0000,1.0243,1.0243,1.0243,1.0243
2000-01-02T00:00:00.000000000+0000,1.0243,1.0243,1.0243,1.0243
2000-01-03T00:00:00.000000000+0000,1.0064,1.028,1.0053,1.0243
2000-01-04T00:00:00.000000000+0000,1.0242,1.0342,1.0216,1.0295
2000-01-05T00:00:00.000000000+0000,1.0294,1.0401,1.0286,1.0321
2000-01-06T00:00:00.000000000+0000,1.0323,1.0414,1.0275,1.0324
2000-01-07T00:00:00.000000000+0000,1.0325,1.0331,1.0258,1.0296
2000-01-08T00:00:00.000000000+0000,1.0296,1.0296,1.0296,1.0296
2000-01-09T00:00:00.000000000+0000,1.0296,1.0296,1.0296,1.0296
2000-01-10T00:00:00.000000000+0000,1.0283,1.03,1.0213,1.0253
2000-01-11T00:00:00.000000000+0000,1.0256,1.034,1.0249,1.0323
2000-01-12T00:00:00.000000000+0000,1.0332,1.0368,1.0262,1.0311
2000-01-13T00:00:00.000000000+0000,1.031,1.0317,1.0239,1.0259
2000-01-14T00:00:00.000000000+0000,1.0255,1.027,1.0117,1.0122
2000-01-15T00:00:00.000000000+0000,1.0122,1.0122,1.0122,1.0122
2000-01-16T00:00:00.000000000+0000,1.0122,1.0122,1.0122,1.0122
2000-01-17T00:00:00.000000000+0000,1.0122,1.0122,1.0122,1.0122
2000-01-18T00:00:00.000000000+0000,1.0121,1.0139,1.0073,1.0131
2000-01-19T00:00:00.000000000+0000,1.0135,1.0163,1.0087,1.013
2000-01-20T00:00:00.000000000+0000,1.0131,1.0187,1.0076,1.0171
2000-01-21T00:00:00.000000000+0000,1.0171,1.019,1.0021,1.009
2000-01-22T00:00:00.000000000+0000,1.009,1.009,1.009,1.009
2000-01-23T00:00:00.000000000+0000,1.009,1.009,1.009,1.009
2000-01-24T00:00:00.000000000+0000,1.0024,1.0075,1.0,1.007
2000-01-25T00:00:00.000000000+0000,1.0071,1.0093,0.9995,1.001
2000-01-26T00:00:00.000000000+0000,1.0007,1.0052,0.9997,1.0014
2000-01-27T00:00:00.000000000+0000,1.0016,1.0026,0.9869,0.9881
2000-01-28T00:00:00.000000000+0000,0.988,0.9892,0.9737,0.9748
2000-01-29T00:00:00.000000000+0000,0.9748,0.9748,0.9748,0.9748
2000-01-30T00:00:00.000000000+0000,0.9748,0.9748,0.9748,0.9748
2000-01-31T00:00:00.000000000+0000,0.978,0.9827,0.9669,0.97
2000-02-01T00:00:00.000000000+0000,0.9706,0.978,0.967,0.9716
2000-02-02T00:00:00.000000000+0000,0.9709,0.9806,0.9697,0.9762
2000-02-03T00:00:00.000000000+0000,0.976,0.9947,0.9712,0.9906
2000-02-04T00:00:00.000000000+0000,0.9901,0.9938,0.975,0.9826
2000-02-05T00:00:00.000000000+0000,0.9826,0.9826,0.9826,0.9826
2000-02-06T00:00:00.000000000+0000,0.9826,0.9826,0.9826,0.9826
2000-02-07T00:00:00.000000000+0000,0.9832,0.9832,0.9755,0.9812
2000-02-08T00:00:00.000000000+0000,0.9814,0.9913,0.9788,0.9854
2000-02-09T00:00:00.000000000+0000,0.9855,0.9969,0.9852,0.9939
2000-02-10T00:00:00.000000000+0000,0.9941,0.9958,0.9833,0.985
2000-02-11T00:00:00.000000000+0000,0.9854,0.9878,0.9788,0.9871
2000-02-12T00:00:00.000000000+0000,0.9871,0.9871,0.9871,0.9871
2000-02-13T00:00:00.000000000+0000,0.9871,0.9871,0.9871,0.9871
2000-02-14T00:00:00.000000000+0000,0.9861,0.9914,0.9779,0.978
2000-02-15T00:00:00.000000000+0000,0.978,0.986,0.9765,0.9811
2000-02-16T00:00:00.000000000+0000,0.981,0.9875,0.9792,0.9861
2000-02-17T00:00:00.000000000+0000,0.9862,0.9956,0.9838,0.9875
2000-02-18T00:00:00.000000000+0000,0.9876,0.99,0.981,0.9842
2000-02-19T00:00:00.000000000+0000,0.9842,0.9842,0.9842,0.9842
2000-02-20T00:00:00.000000000+0000,0.9842,0.9842,0.9842,0.9842
2000-02-21T00:00:00.000000000+0000,0.9842,0.9842,0.9842,0.9842
2000-02-22T00:00:00.000000000+0000,0.9874,1.0079,0.9866,1.0035
2000-02-23T00:00:00.000000000+0000,1.0037,1.0087,1.0013,1.0034
2000-02-24T00:00:00.000000000+0000,1.0034,1.004,0.989,0.9926
2000-02-25T00:00:00.000000000+0000,0.9918,0.9928,0.9725,0.974
2000-02-26T00:00:00.000000000+0000,0.974,0.974,0.974,0.974
2000-02-27T00:00:00.000000000+0000,0.974,0.974,0.974,0.974
2000-02-28T00:00:00.000000000+0000,0.9584,0.9746,0.9403,0.9713
2000-02-29T00:00:00.000000000+0000,0.9708,0.987,0.9625,0.9646
2000-03-01T00:00:00.000000000+0000,0.9639,0.9766,0.9628,0.9732
2000-03-02T00:00:00.000000000+0000,0.9732,0.9791,0.9616,0.9646
2000-03-03T00:00:00.000000000+0000,0.9648,0.9677,0.958,0.9577
2000-03-04T00:00:00.000000000+0000,0.9577,0.9577,0.9577,0.9577
2000-03-05T00:00:00.000000000+0000,0.9577,0.9577,0.9577,0.9577
2000-03-06T00:00:00.000000000+0000,0.9574,0.967,0.9562,0.959
2000-03-07T00:00:00.000000000+0000,0.9585,0.9622,0.9527,0.9581
2000-03-08T00:00:00.000000000+0000,0.9579,0.9629,0.9523,0.9607
2000-03-09T00:00:00.000000000+0000,0.9608,0.9698,0.9596,0.9664
2000-03-10T00:00:00.000000000+0000,0.9668,0.9686,0.9601,0.9631
2000-03-11T00:00:00.000000000+0000,0.9631,0.9631,0.9631,0.9631
2000-03-12T00:00:00.000000000+0000,0.9631,0.9631,0.9631,0.9631
2000-03-13T00:00:00.000000000+0000,0.9625,0.9728,0.9618,0.9634
2000-03-14T00:00:00.000000000+0000,0.9636,0.969,0.9592,0.9682
2000-03-15T00:00:00.000000000+0000,0.9682,0.9712,0.9642,0.9665
2000-03-16T00:00:00.000000000+0000,0.9662,0.9739,0.9649,0.9697
2000-03-17T00:00:00.000000000+0000,0.9693,0.9729,0.9659,0.9722
2000-03-18T00:00:00.000000000+0000,0.9722,0.9722,0.9722,0.9722
2000-03-19T00:00:00.000000000+0000,0.9722,0.9722,0.9722,0.9722
2000-03-20T00:00:00.000000000+0000,0.9723,0.9744,0.9685,0.9732
2000-03-21T00:00:00.000000000+0000,0.9724,0.9737,0.9615,0.9615
2000-03-22T00:00:00.000000000+0000,0.9609,0.963,0.9576,0.9606
2000-03-23T00:00:00.000000000+0000,0.9607,0.9728,0.9604,0.9715
2000-03-24T00:00:00.000000000+0000,0.9714,0.9778,0.9676,0.9775
2000-03-25T00:00:00.000000000+0000,0.9775,0.9775,0.9775,0.9775
2000-03-26T00:00:00.000000000+0000,0.9775,0.9775,0.9775,0.9775
2000-03-27T00:00:00.000000000+0000,0.9772,0.9788,0.9634,0.9669
2000-03-28T00:00:00.000000000+0000,0.9671,0.97,0.9602,0.9601
2000-03-29T00:00:00.000000000+0000,0.9603,0.9608,0.9479,0.9508
2000-03-30T00:00:00.000000000+0000,0.9511,0.9622,0.9511,0.9612
2000-03-31T00:00:00.000000000+0000,0.9611,0.963,0.9531,0.9551
2000-04-01T00:00:00.000000000+0000,0.9551,0.9551,0.9551,0.9551
2000-04-02T00:00:00.000000000+0000,0.9551,0.9551,0.9551,0.9551
2000-04-03T00:00:00.000000000+0000,0.9561,0.9605,0.9504,0.9539
2000-04-04T00:00:00.000000000+0000,0.9537,0.975,0.9517,0.961
2000-04-05T00:00:00.000000000+0000,0.9615,0.971,0.9595,0.9603
2000-04-06T00:00:00.000000000+0000,0.9605,0.964,0.9566,0.958
2000-04-07T00:00:00.000000000+0000,0.9579,0.9681,0.9539,0.9543
2000-04-08T00:00:00.000000000+0000,0.9543,0.9543,0.9543,0.9543
2000-04-09T00:00:00.000000000+0000,0.9543,0.9543,0.9543,0.9543
2000-04-10T00:00:00.000000000+0000,0.9546,0.9628,0.9536,0.9622
2000-04-11T00:00:00.000000000+0000,0.962,0.9648,0.9565,0.9585
2000-04-12T00:00:00.000000000+0000,0.9586,0.9605,0.9522,0.9585
2000-04-13T00:00:00.000000000+0000,0.9587,0.96,0.9515,0.9525
2000-04-14T00:00:00.000000000+0000,0.9526,0.963,0.9513,0.9603
2000-04-15T00:00:00.000000000+0000,0.9603,0.9603,0.9603,0.9603
2000-04-16T00:00:00.000000000+0000,0.9603,0.9603,0.9603,0.9603
2000-04-17T00:00:00.000000000+0000,0.9646,0.9677,0.9518,0.9522
2000-04-18T00:00:00.000000000+0000,0.9518,0.9525,0.9442,0.9451
2000-04-19T00:00:00.000000000+0000,0.9447,0.9489,0.9359,0.9402
2000-04-20T00:00:00.000000000+0000,0.9398,0.9423,0.9354,0.938
2000-04-21T00:00:00.000000000+0000,0.938,0.938,0.938,0.938
2000-04-22T00:00:00.000000000+0000,0.938,0.938,0.938,0.938
2000-04-23T00:00:00.000000000+0000,0.938,0.938,0.938,0.938
2000-04-24T00:00:00.000000000+0000,0.938,0.945,0.9367,0.9385
2000-04-25T00:00:00.000000000+0000,0.9385,0.9404,0.9164,0.921
2000-04-26T00:00:00.000000000+0000,0.9208,0.9247,0.9178,0.9238
2000-04-27T00:00:00.000000000+0000,0.9234,0.9247,0.9061,0.9101
2000-04-28T00:00:00.000000000+0000,0.9079,0.9135,0.9033,0.9114
2000-04-29T00:00:00.000000000+0000,0.9114,0.9114,0.9114,0.9114
2000-04-30T00:00:00.000000000+0000,0.9114,0.9114,0.9114,0.9114
2000-05-01T00:00:00.000000000+0000,0.9119,0.9173,0.9072,0.9155
2000-05-02T00:00:00.000000000+0000,0.9156,0.9171,0.9034,0.9095
2000-05-03T00:00:00.000000000+0000,0.9095,0.9105,0.8889,0.8955
2000-05-04T00:00:00.000000000+0000,0.8952,0.8971,0.8849,0.8909
2000-05-05T00:00:00.000000000+0000,0.8906,0.9011,0.8906,0.8969
2000-05-06T00:00:00.000000000+0000,0.8969,0.8969,0.8969,0.8969
2000-05-07T00:00:00.000000000+0000,0.8969,0.8969,0.8969,0.8969
2000-05-08T00:00:00.000000000+0000,0.8963,0.9045,0.8917,0.8969
2000-05-09T00:00:00.000000000+0000,0.8967,0.9091,0.8948,0.9085
2000-05-10T00:00:00.000000000+0000,0.9082,0.913,0.9036,0.9035
2000-05-11T00:00:00.000000000+0000,0.903,0.9108,0.899,0.9016
2000-05-12T00:00:00.000000000+0000,0.9016,0.9198,0.8981,0.9183
2000-05-13T00:00:00.000000000+0000,0.9183,0.9183,0.9183,0.9183
2000-05-14T00:00:00.000000000+0000,0.9183,0.9183,0.9183,0.9183
2000-05-15T00:00:00.000000000+0000,0.9177,0.9195,0.9107,0.9103
2000-05-16T00:00:00.000000000+0000,0.9065,0.9106,0.8999,0.9004
2000-05-17T00:00:00.000000000+0000,0.9002,0.9028,0.8892,0.8945
2000-05-18T00:00:00.000000000+0000,0.8947,0.897,0.8906,0.8947
2000-05-19T00:00:00.000000000+0000,0.8943,0.8996,0.8845,0.8962
2000-05-20T00:00:00.000000000+0000,0.8962,0.8962,0.8962,0.8962
2000-05-21T00:00:00.000000000+0000,0.8962,0.8962,0.8962,0.8962
2000-05-22T00:00:00.000000000+0000,0.8972,0.9072,0.8955,0.9022
2000-05-23T00:00:00.000000000+0000,0.9023,0.9155,0.9019,0.9069
2000-05-24T00:00:00.000000000+0000,0.9067,0.9127,0.9027,0.9028
2000-05-25T00:00:00.000000000+0000,0.9027,0.9135,0.8981,0.9128
2000-05-26T00:00:00.000000000+0000,0.9125,0.9335,0.9113,0.931
2000-05-27T00:00:00.000000000+0000,0.931,0.931,0.931,0.931
2000-05-28T00:00:00.000000000+0000,0.931,0.931,0.931,0.931
2000-05-29T00:00:00.000000000+0000,0.931,0.931,0.931,0.931
2000-05-30T00:00:00.000000000+0000,0.9267,0.941,0.9245,0.929
2000-05-31T00:00:00.000000000+0000,0.929,0.938,0.9265,0.9368
2000-06-01T00:00:00.000000000+0000,0.9369,0.9378,0.9286,0.9315
2000-06-02T00:00:00.000000000+0000,0.9316,0.9498,0.93,0.9459
2000-06-03T00:00:00.000000000+0000,0.9459,0.9459,0.9459,0.9459
2000-06-04T00:00:00.000000000+0000,0.9459,0.9459,0.9459,0.9459
2000-06-05T00:00:00.000000000+0000,0.9455,0.9491,0.9414,0.9464
2000-06-06T00:00:00.000000000+0000,0.9467,0.9599,0.9451,0.9535
2000-06-07T00:00:00.000000000+0000,0.9539,0.963,0.9533,0.9612
2000-06-08T00:00:00.000000000+0000,0.9607,0.97,0.9511,0.9541
2000-06-09T00:00:00.000000000+0000,0.9543,0.9568,0.9459,0.9521
2000-06-10T00:00:00.000000000+0000,0.9521,0.9521,0.9521,0.9521
2000-06-11T00:00:00.000000000+0000,0.9521,0.9521,0.9521,0.9521
2000-06-12T00:00:00.000000000+0000,0.9535,0.9562,0.9492,0.9536
2000-06-13T00:00:00.000000000+0000,0.9536,0.9627,0.9523,0.9583
2000-06-14T00:00:00.000000000+0000,0.9582,0.9652,0.9571,0.957
2000-06-15T00:00:00.000000000+0000,0.957,0.9601,0.9503,0.9541
2000-06-16T00:00:00.000000000+0000,0.9541,0.9658,0.9499,0.9641
2000-06-17T00:00:00.000000000+0000,0.9641,0.9641,0.9641,0.9641
2000-06-18T00:00:00.000000000+0000,0.9641,0.9641,0.9641,0.9641
2000-06-19T00:00:00.000000000+0000,0.9635,0.9691,0.9565,0.9565
2000-06-20T00:00:00.000000000+0000,0.9566,0.9619,0.9531,0.954
2000-06-21T00:00:00.000000000+0000,0.954,0.9545,0.9433,0.9449
2000-06-22T00:00:00.000000000+0000,0.9447,0.9473,0.9348,0.936
2000-06-23T00:00:00.000000000+0000,0.9356,0.943,0.9339,0.9357
2000-06-24T00:00:00.000000000+0000,0.9357,0.9357,0.9357,0.9357
2000-06-25T00:00:00.000000000+0000,0.9357,0.9357,0.9357,0.9357
2000-06-26T00:00:00.000000000+0000,0.936,0.9395,0.9298,0.9367
2000-06-27T00:00:00.000000000+0000,0.9367,0.9468,0.9355,0.946
2000-06-28T00:00:00.000000000+0000,0.9458,0.9467,0.94,0.9412
2000-06-29T00:00:00.000000000+0000,0.9415,0.9535,0.9415,0.9506
2000-06-30T00:00:00.000000000+0000,0.9507,0.96,0.9507,0.9512
2000-07-01T00:00:00.000000000+0000,0.9512,0.9512,0.9512,0.9512
2000-07-02T00:00:00.000000000+0000,0.9512,0.9512,0.9512,0.9512
2000-07-03T00:00:00.000000000+0000,0.9521,0.9555,0.9483,0.9503
2000-07-04T00:00:00.000000000+0000,0.9503,0.9503,0.9503,0.9503
2000-07-05T00:00:00.000000000+0000,0.9507,0.9571,0.9507,0.9529
2000-07-06T00:00:00.000000000+0000,0.9526,0.9597,0.9497,0.9506
2000-07-07T00:00:00.000000000+0000,0.9506,0.9526,0.946,0.9477
2000-07-08T00:00:00.000000000+0000,0.9477,0.9477,0.9477,0.9477
2000-07-09T00:00:00.000000000+0000,0.9477,0.9477,0.9477,0.9477
2000-07-10T00:00:00.000000000+0000,0.9483,0.9554,0.9473,0.9546
2000-07-11T00:00:00.000000000+0000,0.9547,0.9564,0.9493,0.9519
2000-07-12T00:00:00.000000000+0000,0.9518,0.9526,0.9393,0.9413
2000-07-13T00:00:00.000000000+0000,0.9414,0.9429,0.9328,0.9375
2000-07-14T00:00:00.000000000+0000,0.9369,0.9396,0.9319,0.9381
2000-07-15T00:00:00.000000000+0000,0.9381,0.9381,0.9381,0.9381
2000-07-16T00:00:00.000000000+0000,0.9381,0.9381,0.9381,0.9381
2000-07-17T00:00:00.000000000+0000,0.9382,0.9399,0.9338,0.9364
2000-07-18T00:00:00.000000000+0000,0.9362,0.9365,0.9231,0.9246
2000-07-19T00:00:00.000000000+0000,0.9248,0.9261,0.9194,0.9246
2000-07-20T00:00:00.000000000+0000,0.9242,0.9343,0.9202,0.9332
2000-07-21T00:00:00.000000000+0000,0.9333,0.9379,0.9315,0.936
2000-07-22T00:00:00.000000000+0000,0.936,0.936,0.936,0.936
2000-07-23T00:00:00.000000000+0000,0.936,0.936,0.936,0.936
2000-07-24T00:00:00.000000000+0000,0.9362,0.9376,0.9312,0.9335
2000-07-25T00:00:00.000000000+0000,0.9335,0.9429,0.932,0.9379
2000-07-26T00:00:00.000000000+0000,0.9379,0.9449,0.9379,0.9432
2000-07-27T00:00:00.000000000+0000,0.9434,0.9442,0.9318,0.9316
2000-07-28T00:00:00.000000000+0000,0.9316,0.9337,0.9224,0.9223
2000-07-29T00:00:00.000000000+0000,0.9223,0.9223,0.9223,0.9223
2000-07-30T00:00:00.000000000+0000,0.9223,0.9223,0.9223,0.9223
2000-07-31T00:00:00.000000000+0000,0.9236,0.9293,0.9222,0.9265
2000-08-01T00:00:00.000000000+0000,0.9265,0.9291,0.9133,0.9144
2000-08-02T00:00:00.000000000+0000,0.9145,0.919,0.9116,0.9134
2000-08-03T00:00:00.000000000+0000,0.9136,0.9173,0.9,0.9064
2000-08-04T00:00:00.000000000+0000,0.9064,0.9099,0.9014,0.9079
2000-08-05T00:00:00.000000000+0000,0.9079,0.9079,0.9079,0.9079
2000-08-06T00:00:00.000000000+0000,0.9079,0.9079,0.9079,0.9079
2000-08-07T00:00:00.000000000+0000,0.9071,0.9111,0.9054,0.9071
2000-08-08T00:00:00.000000000+0000,0.9074,0.9088,0.8985,0.9023
2000-08-09T00:00:00.000000000+0000,0.9024,0.9032,0.8964,0.901
2000-08-10T00:00:00.000000000+0000,0.9007,0.9096,0.9006,0.9079
2000-08-11T00:00:00.000000000+0000,0.9077,0.9138,0.9026,0.903
2000-08-12T00:00:00.000000000+0000,0.903,0.903,0.903,0.903
2000-08-13T00:00:00.000000000+0000,0.903,0.903,0.903,0.903
2000-08-14T00:00:00.000000000+0000,0.9037,0.9068,0.9002,0.9058
2000-08-15T00:00:00.000000000+0000,0.9056,0.9138,0.9056,0.9126
2000-08-16T00:00:00.000000000+0000,0.9125,0.9176,0.9065,0.9159
2000-08-17T00:00:00.000000000+0000,0.916,0.9174,0.9117,0.9162
2000-08-18T00:00:00.000000000+0000,0.9161,0.9183,0.9059,0.9066
2000-08-19T00:00:00.000000000+0000,0.9066,0.9066,0.9066,0.9066
2000-08-20T00:00:00.000000000+0000,0.9066,0.9066,0.9066,0.9066
2000-08-21T00:00:00.000000000+0000,0.9068,0.9077,0.901,0.9017
2000-08-22T00:00:00.000000000+0000,0.9021,0.9033,0.8947,0.8971
2000-08-23T00:00:00.000000000+0000,0.897,0.9025,0.8912,0.9021
2000-08-24T00:00:00.000000000+0000,0.9024,0.9051,0.8982,0.9014
2000-08-25T00:00:00.000000000+0000,0.9019,0.9072,0.8977,0.902
2000-08-26T00:00:00.000000000+0000,0.902,0.902,0.902,0.902
2000-08-27T00:00:00.000000000+0000,0.902,0.902,0.902,0.902
2000-08-28T00:00:00.000000000+0000,0.9022,0.9043,0.8987,0.8996
2000-08-29T00:00:00.000000000+0000,0.899,0.9022,0.8915,0.8923
2000-08-30T00:00:00.000000000+0000,0.8924,0.8955,0.887,0.8948
2000-08-31T00:00:00.000000000+0000,0.895,0.8969,0.8843,0.8884
2000-09-01T00:00:00.000000000+0000,0.8885,0.9015,0.8878,0.9001
2000-09-02T00:00:00.000000000+0000,0.9001,0.9001,0.9001,0.9001
2000-09-03T00:00:00.000000000+0000,0.9001,0.9001,0.9001,0.9001
2000-09-04T00:00:00.000000000+0000,0.9001,0.9001,0.9001,0.9001
2000-09-05T00:00:00.000000000+0000,0.8975,0.899,0.885,0.8897
2000-09-06T00:00:00.000000000+0000,0.8895,0.8898,0.8688,0.8715
2000-09-07T00:00:00.000000000+0000,0.8713,0.876,0.8637,0.8721
2000-09-08T00:00:00.000000000+0000,0.8721,0.8745,0.864,0.866
2000-09-09T00:00:00.000000000+0000,0.866,0.866,0.866,0.866
2000-09-10T00:00:00.000000000+0000,0.866,0.866,0.866,0.866
2000-09-11T00:00:00.000000000+0000,0.865,0.8723,0.8567,0.8584
2000-09-12T00:00:00.000000000+0000,0.8582,0.8688,0.8545,0.8633
2000-09-13T00:00:00.000000000+0000,0.8634,0.8703,0.858,0.86
2000-09-14T00:00:00.000000000+0000,0.8597,0.8717,0.8564,0.864
2000-09-15T00:00:00.000000000+0000,0.8642,0.8699,0.8528,0.8532
2000-09-16T00:00:00.000000000+0000,0.8532,0.8532,0.8532,0.8532
2000-09-17T00:00:00.000000000+0000,0.8532,0.8532,0.8532,0.8532
2000-09-18T00:00:00.000000000+0000,0.8519,0.8573,0.8514,0.8542
2000-09-19T00:00:00.000000000+0000,0.8542,0.8564,0.8479,0.851
2000-09-20T00:00:00.000000000+0000,0.8513,0.8518,0.844,0.8491
2000-09-21T00:00:00.000000000+0000,0.8488,0.8617,0.8462,0.8599
2000-09-22T00:00:00.000000000+0000,0.8603,0.9006,0.8575,0.876
2000-09-23T00:00:00.000000000+0000,0.876,0.876,0.876,0.876
2000-09-24T00:00:00.000000000+0000,0.876,0.876,0.876,0.876
2000-09-25T00:00:00.000000000+0000,0.8795,0.8828,0.8714,0.8742
2000-09-26T00:00:00.000000000+0000,0.8743,0.8837,0.873,0.8825
2000-09-27T00:00:00.000000000+0000,0.8825,0.8883,0.8785,0.8827
2000-09-28T00:00:00.000000000+0000,0.8832,0.8862,0.8774,0.879
2000-09-29T00:00:00.000000000+0000,0.88,0.8851,0.8751,0.8837
2000-09-30T00:00:00.000000000+0000,0.8837,0.8837,0.8837,0.8837
2000-10-01T00:00:00.000000000+0000,0.8837,0.8837,0.8837,0.8837
2000-10-02T00:00:00.000000000+0000,0.8838,0.8857,0.8765,0.8772
2000-10-03T00:00:00.000000000+0000,0.8772,0.8786,0.8731,0.8753
2000-10-04T00:00:00.000000000+0000,0.8758,0.8777,0.8719,0.8745
2000-10-05T00:00:00.000000000+0000,0.8742,0.8787,0.868,0.8684
2000-10-06T00:00:00.000000000+0000,0.8691,0.8741,0.8667,0.8677
2000-10-07T00:00:00.000000000+0000,0.8677,0.8677,0.8677,0.8677
2000-10-08T00:00:00.000000000+0000,0.8677,0.8677,0.8677,0.8677
2000-10-09T00:00:00.000000000+0000,0.8683,0.871,0.8664,0.8683
2000-10-10T00:00:00.000000000+0000,0.8682,0.8744,0.8662,0.8713
2000-10-11T00:00:00.000000000+0000,0.8713,0.8765,0.8643,0.8649
2000-10-12T00:00:00.000000000+0000,0.8643,0.868,0.8613,0.862
2000-10-13T00:00:00.000000000+0000,0.8625,0.8658,0.853,0.8559
2000-10-14T00:00:00.000000000+0000,0.8559,0.8559,0.8559,0.8559
2000-10-15T00:00:00.000000000+0000,0.8559,0.8559,0.8559,0.8559
2000-10-16T00:00:00.000000000+0000,0.8555,0.8559,0.8462,0.85
2000-10-17T00:00:00.000000000+0000,0.85,0.8561,0.8478,0.8541
2000-10-18T00:00:00.000000000+0000,0.854,0.8573,0.8329,0.8386
2000-10-19T00:00:00.000000000+0000,0.8385,0.8492,0.8383,0.8429
2000-10-20T00:00:00.000000000+0000,0.8425,0.8481,0.8352,0.8418
2000-10-21T00:00:00.000000000+0000,0.8418,0.8418,0.8418,0.8418
2000-10-22T00:00:00.000000000+0000,0.8418,0.8418,0.8418,0.8418
2000-10-23T00:00:00.000000000+0000,0.841,0.8422,0.8347,0.8351
2000-10-24T00:00:00.000000000+0000,0.8352,0.8396,0.8346,0.8359
2000-10-25T00:00:00.000000000+0000,0.8362,0.8385,0.825,0.8264
2000-10-26T00:00:00.000000000+0000,0.8267,0.8324,0.8229,0.8305
2000-10-27T00:00:00.000000000+0000,0.8307,0.8441,0.8288,0.8387
2000-10-28T00:00:00.000000000+0000,0.8387,0.8387,0.8387,0.8387
2000-10-29T00:00:00.000000000+0000,0.8387,0.8387,0.8387,0.8387
2000-10-30T00:00:00.000000000+0000,0.8411,0.8528,0.8392,0.8402
2000-10-31T00:00:00.000000000+0000,0.8396,0.8498,0.8386,0.8484
2000-11-01T00:00:00.000000000+0000,0.8489,0.8615,0.8473,0.8612
2000-11-02T00:00:00.000000000+0000,0.8606,0.8665,0.8556,0.8584
2000-11-03T00:00:00.000000000+0000,0.8578,0.8794,0.8578,0.866
2000-11-04T00:00:00.000000000+0000,0.866,0.866,0.866,0.866
2000-11-05T00:00:00.000000000+0000,0.866,0.866,0.866,0.866
2000-11-06T00:00:00.000000000+0000,0.866,0.873,0.856,0.8614
2000-11-07T00:00:00.000000000+0000,0.8628,0.8665,0.8577,0.8602
2000-11-08T00:00:00.000000000+0000,0.8603,0.8691,0.8519,0.8553
2000-11-09T00:00:00.000000000+0000,0.8547,0.8675,0.852,0.866
2000-11-10T00:00:00.000000000+0000,0.8662,0.8704,0.8591,0.8598
2000-11-11T00:00:00.000000000+0000,0.8598,0.8598,0.8598,0.8598
2000-11-12T00:00:00.000000000+0000,0.8598,0.8598,0.8598,0.8598
2000-11-13T00:00:00.000000000+0000,0.8619,0.8664,0.8559,0.856
2000-11-14T00:00:00.000000000+0000,0.8573,0.8615,0.8551,0.8574
2000-11-15T00:00:00.000000000+0000,0.8573,0.8629,0.8555,0.8572
2000-11-16T00:00:00.000000000+0000,0.8571,0.8598,0.8507,0.8534
2000-11-17T00:00:00.000000000+0000,0.8534,0.8576,0.847,0.8472
2000-11-18T00:00:00.000000000+0000,0.8472,0.8472,0.8472,0.8472
2000-11-19T00:00:00.000000000+0000,0.8472,0.8472,0.8472,0.8472
2000-11-20T00:00:00.000000000+0000,0.848,0.8521,0.8459,0.8505
2000-11-21T00:00:00.000000000+0000,0.8504,0.8533,0.8411,0.8432
2000-11-22T00:00:00.000000000+0000,0.8432,0.8484,0.841,0.8444
2000-11-23T00:00:00.000000000+0000,0.8444,0.8444,0.8444,0.8444
2000-11-24T00:00:00.000000000+0000,0.8394,0.8457,0.8377,0.8377
2000-11-25T00:00:00.000000000+0000,0.8377,0.8377,0.8377,0.8377
2000-11-26T00:00:00.000000000+0000,0.8377,0.8377,0.8377,0.8377
2000-11-27T00:00:00.000000000+0000,0.8392,0.8525,0.8389,0.8515
2000-11-28T00:00:00.000000000+0000,0.8527,0.858,0.8505,0.8562
2000-11-29T00:00:00.000000000+0000,0.8558,0.8658,0.8558,0.8569
2000-11-30T00:00:00.000000000+0000,0.8578,0.8734,0.857,0.8723
2000-12-01T00:00:00.000000000+0000,0.8724,0.8793,0.8702,0.879
2000-12-02T00:00:00.000000000+0000,0.879,0.879,0.879,0.879
2000-12-03T00:00:00.000000000+0000,0.879,0.879,0.879,0.879
2000-12-04T00:00:00.000000000+0000,0.8785,0.8932,0.8755,0.8876
2000-12-05T00:00:00.000000000+0000,0.8843,0.8907,0.8785,0.8795
2000-12-06T00:00:00.000000000+0000,0.8797,0.8921,0.8773,0.8914
2000-12-07T00:00:00.000000000+0000,0.8909,0.8974,0.8855,0.8896
2000-12-08T00:00:00.000000000+0000,0.8883,0.8914,0.881,0.8873
2000-12-09T00:00:00.000000000+0000,0.8873,0.8873,0.8873,0.8873
2000-12-10T00:00:00.000000000+0000,0.8873,0.8873,0.8873,0.8873
2000-12-11T00:00:00.000000000+0000,0.8811,0.8862,0.8751,0.8772
2000-12-12T00:00:00.000000000+0000,0.8782,0.8838,0.8752,0.8792
2000-12-13T00:00:00.000000000+0000,0.8797,0.8825,0.8718,0.8767
2000-12-14T00:00:00.000000000+0000,0.8797,0.8922,0.8755,0.8919
2000-12-15T00:00:00.000000000+0000,0.8922,0.9,0.8905,0.8948
2000-12-16T00:00:00.000000000+0000,0.8948,0.8948,0.8948,0.8948
2000-12-17T00:00:00.000000000+0000,0.8948,0.8948,0.8948,0.8948
2000-12-18T00:00:00.000000000+0000,0.8944,0.9014,0.8922,0.8943
2000-12-19T00:00:00.000000000+0000,0.8956,0.8967,0.8882,0.895
2000-12-20T00:00:00.000000000+0000,0.895,0.9099,0.895,0.909
2000-12-21T00:00:00.000000000+0000,0.9092,0.917,0.9062,0.9163
2000-12-22T00:00:00.000000000+0000,0.9162,0.926,0.9144,0.9227
2000-12-23T00:00:00.000000000+0000,0.9227,0.9227,0.9227,0.9227
2000-12-24T00:00:00.000000000+0000,0.9227,0.9227,0.9227,0.9227
2000-12-25T00:00:00.000000000+0000,0.9227,0.9227,0.9227,0.9227
2000-12-26T00:00:00.000000000+0000,0.9256,0.9323,0.9237,0.9301
2000-12-27T00:00:00.000000000+0000,0.9303,0.9338,0.9276,0.9306
2000-12-28T00:00:00.000000000+0000,0.9311,0.9317,0.9249,0.929
2000-12-29T00:00:00.000000000+0000,0.9296,0.9425,0.9282,0.9417
2001-01-01T00:00:00.000000000+0000,0.9506,0.9506,0.9506,0.9506
2001-01-02T00:00:00.000000000+0000,0.9421,0.9514,0.937,0.9506
2001-01-03T00:00:00.000000000+0000,0.9503,0.9571,0.9273,0.927
2001-01-04T00:00:00.000000000+0000,0.9274,0.9518,0.9272,0.9497
2001-01-05T00:00:00.000000000+0000,0.9505,0.9594,0.9466,0.9574
2001-01-06T00:00:00.000000000+0000,0.9574,0.9574,0.9574,0.9574
2001-01-07T00:00:00.000000000+0000,0.9574,0.9574,0.9574,0.9574
2001-01-08T00:00:00.000000000+0000,0.9582,0.9591,0.9466,0.9469
2001-01-09T00:00:00.000000000+0000,0.9472,0.9478,0.9386,0.9435
2001-01-10T00:00:00.000000000+0000,0.9438,0.9465,0.9364,0.9363
2001-01-11T00:00:00.000000000+0000,0.9371,0.9553,0.9367,0.9524
2001-01-12T00:00:00.000000000+0000,0.9521,0.9577,0.9471,0.9515
2001-01-13T00:00:00.000000000+0000,0.9515,0.9515,0.9515,0.9515
2001-01-14T00:00:00.000000000+0000,0.9515,0.9515,0.9515,0.9515
2001-01-15T00:00:00.000000000+0000,0.9515,0.9515,0.9515,0.9515
2001-01-16T00:00:00.000000000+0000,0.9432,0.944,0.9373,0.9422
2001-01-17T00:00:00.000000000+0000,0.9419,0.9445,0.9289,0.9356
2001-01-18T00:00:00.000000000+0000,0.9354,0.9465,0.9354,0.9426
2001-01-19T00:00:00.000000000+0000,0.9422,0.9503,0.9333,0.9337
2001-01-20T00:00:00.000000000+0000,0.9337,0.9337,0.9337,0.9337
2001-01-21T00:00:00.000000000+0000,0.9337,0.9337,0.9337,0.9337
2001-01-22T00:00:00.000000000+0000,0.9345,0.9403,0.9272,0.9385
2001-01-23T00:00:00.000000000+0000,0.9386,0.945,0.9372,0.9371
2001-01-24T00:00:00.000000000+0000,0.9345,0.9371,0.9211,0.9214
2001-01-25T00:00:00.000000000+0000,0.9236,0.9251,0.9117,0.9236
2001-01-26T00:00:00.000000000+0000,0.9246,0.9316,0.92,0.9236
2001-01-27T00:00:00.000000000+0000,0.9236,0.9236,0.9236,0.9236
2001-01-28T00:00:00.000000000+0000,0.9236,0.9236,0.9236,0.9236
2001-01-29T00:00:00.000000000+0000,0.9244,0.926,0.916,0.917
2001-01-30T00:00:00.000000000+0000,0.9164,0.928,0.9144,0.9264
2001-01-31T00:00:00.000000000+0000,0.926,0.9376,0.9255,0.9369
2001-02-01T00:00:00.000000000+0000,0.9362,0.9443,0.936,0.9381
2001-02-02T00:00:00.000000000+0000,0.9377,0.9418,0.9319,0.9355
2001-02-03T00:00:00.000000000+0000,0.9355,0.9355,0.9355,0.9355
2001-02-04T00:00:00.000000000+0000,0.9355,0.9355,0.9355,0.9355
2001-02-05T00:00:00.000000000+0000,0.9348,0.9439,0.9344,0.9373
2001-02-06T00:00:00.000000000+0000,0.9371,0.9385,0.9284,0.9308
2001-02-07T00:00:00.000000000+0000,0.9312,0.9349,0.926,0.9279
2001-02-08T00:00:00.000000000+0000,0.9278,0.9299,0.9153,0.9174
2001-02-09T00:00:00.000000000+0000,0.9175,0.9274,0.9133,0.9243
2001-02-10T00:00:00.000000000+0000,0.9243,0.9243,0.9243,0.9243
2001-02-11T00:00:00.000000000+0000,0.9243,0.9243,0.9243,0.9243
2001-02-12T00:00:00.000000000+0000,0.9253,0.9328,0.925,0.9316
2001-02-13T00:00:00.000000000+0000,0.9308,0.933,0.9173,0.9198
2001-02-14T00:00:00.000000000+0000,0.9201,0.9218,0.9166,0.9178
2001-02-15T00:00:00.000000000+0000,0.9201,0.9194,0.9027,0.9048
2001-02-16T00:00:00.000000000+0000,0.9046,0.9176,0.9046,0.9137
2001-02-17T00:00:00.000000000+0000,0.9137,0.9137,0.9137,0.9137
2001-02-18T00:00:00.000000000+0000,0.9137,0.9137,0.9137,0.9137
2001-02-19T00:00:00.000000000+0000,0.9127,0.9234,0.9118,0.921
2001-02-20T00:00:00.000000000+0000,0.9208,0.9238,0.9052,0.9121
2001-02-21T00:00:00.000000000+0000,0.9118,0.9181,0.9056,0.9088
2001-02-22T00:00:00.000000000+0000,0.9088,0.9129,0.9016,0.9044
2001-02-23T00:00:00.000000000+0000,0.9036,0.9206,0.9028,0.9175
2001-02-24T00:00:00.000000000+0000,0.9175,0.9175,0.9175,0.9175
2001-02-25T00:00:00.000000000+0000,0.9175,0.9175,0.9175,0.9175
2001-02-26T00:00:00.000000000+0000,0.9173,0.9184,0.9078,0.91
2001-02-27T00:00:00.000000000+0000,0.9095,0.9211,0.9085,0.9183
2001-02-28T00:00:00.000000000+0000,0.918,0.9257,0.9163,0.9235
2001-03-01T00:00:00.000000000+0000,0.9234,0.9321,0.9227,0.9293
2001-03-02T00:00:00.000000000+0000,0.9293,0.938,0.9289,0.9348
2001-03-03T00:00:00.000000000+0000,0.9348,0.9348,0.9348,0.9348
2001-03-04T00:00:00.000000000+0000,0.9348,0.9348,0.9348,0.9348
2001-03-05T00:00:00.000000000+0000,0.9362,0.9365,0.9284,0.9285
2001-03-06T00:00:00.000000000+0000,0.9273,0.9349,0.9254,0.9335
2001-03-07T00:00:00.000000000+0000,0.9336,0.9371,0.9266,0.929
2001-03-08T00:00:00.000000000+0000,0.929,0.934,0.9274,0.9318
2001-03-09T00:00:00.000000000+0000,0.932,0.9373,0.9294,0.9331
2001-03-10T00:00:00.000000000+0000,0.9331,0.9331,0.9331,0.9331
2001-03-11T00:00:00.000000000+0000,0.9331,0.9331,0.9331,0.9331
2001-03-12T00:00:00.000000000+0000,0.9325,0.934,0.926,0.9275
2001-03-13T00:00:00.000000000+0000,0.9276,0.93,0.9129,0.9151
2001-03-14T00:00:00.000000000+0000,0.9149,0.921,0.9081,0.911
2001-03-15T00:00:00.000000000+0000,0.9149,0.913,0.8954,0.8969
2001-03-16T00:00:00.000000000+0000,0.8964,0.9002,0.8915,0.8972
2001-03-17T00:00:00.000000000+0000,0.8972,0.8972,0.8972,0.8972
2001-03-18T00:00:00.000000000+0000,0.8972,0.8972,0.8972,0.8972
2001-03-19T00:00:00.000000000+0000,0.8966,0.9018,0.8935,0.8987
2001-03-20T00:00:00.000000000+0000,0.8988,0.9099,0.8988,0.9092
2001-03-21T00:00:00.000000000+0000,0.9092,0.9123,0.8933,0.8958
2001-03-22T00:00:00.000000000+0000,0.8958,0.8966,0.8833,0.8889
2001-03-23T00:00:00.000000000+0000,0.8888,0.8967,0.8855,0.8894
2001-03-24T00:00:00.000000000+0000,0.8894,0.8894,0.8894,0.8894
2001-03-25T00:00:00.000000000+0000,0.8894,0.8894,0.8894,0.8894
2001-03-26T00:00:00.000000000+0000,0.8907,0.897,0.8886,0.8955
2001-03-27T00:00:00.000000000+0000,0.8958,0.8991,0.8899,0.8933
2001-03-28T00:00:00.000000000+0000,0.8929,0.8946,0.8847,0.8857
2001-03-29T00:00:00.000000000+0000,0.8858,0.8884,0.8798,0.8829
2001-03-30T00:00:00.000000000+0000,0.8858,0.8878,0.8751,0.8776
2001-03-31T00:00:00.000000000+0000,0.8776,0.8776,0.8776,0.8776
2001-04-01T00:00:00.000000000+0000,0.8776,0.8776,0.8776,0.8776
2001-04-02T00:00:00.000000000+0000,0.874,0.8835,0.8733,0.8789
2001-04-03T00:00:00.000000000+0000,0.8791,0.8995,0.8791,0.8974
2001-04-04T00:00:00.000000000+0000,0.8791,0.905,0.8936,0.9006
2001-04-05T00:00:00.000000000+0000,0.9009,0.9091,0.894,0.8966
2001-04-06T00:00:00.000000000+0000,0.8966,0.905,0.8926,0.9035
2001-04-07T00:00:00.000000000+0000,0.9035,0.9035,0.9035,0.9035
2001-04-08T00:00:00.000000000+0000,0.9035,0.9035,0.9035,0.9035
2001-04-09T00:00:00.000000000+0000,0.9033,0.9047,0.8962,0.8963
2001-04-10T00:00:00.000000000+0000,0.8962,0.8992,0.8866,0.8888
2001-04-11T00:00:00.000000000+0000,0.8885,0.8915,0.881,0.8881
2001-04-12T00:00:00.000000000+0000,0.8877,0.8943,0.8838,0.8919
2001-04-13T00:00:00.000000000+0000,0.8919,0.8919,0.8919,0.8919
2001-04-14T00:00:00.000000000+0000,0.8919,0.8919,0.8919,0.8919
2001-04-15T00:00:00.000000000+0000,0.8919,0.8919,0.8919,0.8919
2001-04-16T00:00:00.000000000+0000,0.8884,0.8901,0.883,0.8881
2001-04-17T00:00:00.000000000+0000,0.8887,0.891,0.8777,0.8835
2001-04-18T00:00:00.000000000+0000,0.883,0.8896,0.8699,0.8828
2001-04-19T00:00:00.000000000+0000,0.8836,0.8986,0.8809,0.8974
2001-04-20T00:00:00.000000000+0000,0.8973,0.9046,0.8954,0.9033
2001-04-21T00:00:00.000000000+0000,0.9033,0.9033,0.9033,0.9033
2001-04-22T00:00:00.000000000+0000,0.9033,0.9033,0.9033,0.9033
2001-04-23T00:00:00.000000000+0000,0.9013,0.9079,0.8949,0.896
2001-04-24T00:00:00.000000000+0000,0.9013,0.9019,0.8932,0.8945
2001-04-25T00:00:00.000000000+0000,0.8939,0.9001,0.891,0.8976
2001-04-26T00:00:00.000000000+0000,0.897,0.9043,0.8948,0.9034
2001-04-27T00:00:00.000000000+0000,0.9027,0.9054,0.8889,0.8913
2001-04-28T00:00:00.000000000+0000,0.8913,0.8913,0.8913,0.8913
2001-04-29T00:00:00.000000000+0000,0.8913,0.8913,0.8913,0.8913
2001-04-30T00:00:00.000000000+0000,0.8912,0.8925,0.8853,0.889
2001-05-01T00:00:00.000000000+0000,0.8888,0.894,0.8856,0.8935
2001-05-02T00:00:00.000000000+0000,0.8928,0.8951,0.8887,0.8932
2001-05-03T00:00:00.000000000+0000,0.8928,0.8977,0.8881,0.8892
2001-05-04T00:00:00.000000000+0000,0.8928,0.9007,0.8894,0.8921
2001-05-05T00:00:00.000000000+0000,0.8921,0.8921,0.8921,0.8921
2001-05-06T00:00:00.000000000+0000,0.8921,0.8921,0.8921,0.8921
2001-05-07T00:00:00.000000000+0000,0.8924,0.8934,0.8899,0.8902
2001-05-08T00:00:00.000000000+0000,0.8903,0.8915,0.8824,0.8851
2001-05-09T00:00:00.000000000+0000,0.8849,0.8865,0.8811,0.8864
2001-05-10T00:00:00.000000000+0000,0.8859,0.8921,0.8784,0.8813
2001-05-11T00:00:00.000000000+0000,0.8812,0.8824,0.8735,0.8747
2001-05-12T00:00:00.000000000+0000,0.8747,0.8747,0.8747,0.8747
2001-05-13T00:00:00.000000000+0000,0.8747,0.8747,0.8747,0.8747
2001-05-14T00:00:00.000000000+0000,0.8755,0.8758,0.8728,0.8734
2001-05-15T00:00:00.000000000+0000,0.8738,0.8799,0.8733,0.8784
2001-05-16T00:00:00.000000000+0000,0.8775,0.8867,0.8746,0.883
2001-05-17T00:00:00.000000000+0000,0.8827,0.888,0.8793,0.8825
2001-05-18T00:00:00.000000000+0000,0.8824,0.8829,0.8755,0.8813
2001-05-19T00:00:00.000000000+0000,0.8813,0.8813,0.8813,0.8813
2001-05-20T00:00:00.000000000+0000,0.8813,0.8813,0.8813,0.8813
2001-05-21T00:00:00.000000000+0000,0.8797,0.8816,0.8742,0.8766
2001-05-22T00:00:00.000000000+0000,0.8761,0.8774,0.8628,0.8651
2001-05-23T00:00:00.000000000+0000,0.8649,0.8661,0.855,0.8552
2001-05-24T00:00:00.000000000+0000,0.8551,0.8612,0.8497,0.8568
2001-05-25T00:00:00.000000000+0000,0.8567,0.8627,0.8539,0.8608
2001-05-26T00:00:00.000000000+0000,0.8608,0.8608,0.8608,0.8608
2001-05-27T00:00:00.000000000+0000,0.8608,0.8608,0.8608,0.8608
2001-05-28T00:00:00.000000000+0000,0.8608,0.8608,0.8608,0.8608
2001-05-29T00:00:00.000000000+0000,0.8601,0.8612,0.853,0.8557
2001-05-30T00:00:00.000000000+0000,0.8553,0.859,0.8536,0.8553
2001-05-31T00:00:00.000000000+0000,0.8546,0.8565,0.8441,0.8446
2001-06-01T00:00:00.000000000+0000,0.8444,0.8497,0.8433,0.8476
2001-06-02T00:00:00.000000000+0000,0.8476,0.8476,0.8476,0.8476
2001-06-03T00:00:00.000000000+0000,0.8476,0.8476,0.8476,0.8476
2001-06-04T00:00:00.000000000+0000,0.8466,0.8536,0.8442,0.8455
2001-06-05T00:00:00.000000000+0000,0.8457,0.8547,0.8427,0.8541
2001-06-06T00:00:00.000000000+0000,0.8544,0.8568,0.8448,0.8466
2001-06-07T00:00:00.000000000+0000,0.8464,0.8519,0.8458,0.8513
2001-06-08T00:00:00.000000000+0000,0.8513,0.8518,0.8459,0.8502
2001-06-09T00:00:00.000000000+0000,0.8502,0.8502,0.8502,0.8502
2001-06-10T00:00:00.000000000+0000,0.8509,0.8509,0.8502,0.8498
2001-06-11T00:00:00.000000000+0000,0.8498,0.854,0.8411,0.8427
2001-06-12T00:00:00.000000000+0000,0.8437,0.8538,0.8416,0.8528
2001-06-13T00:00:00.000000000+0000,0.853,0.8566,0.8511,0.8548
2001-06-14T00:00:00.000000000+0000,0.8549,0.8633,0.8488,0.8623
2001-06-15T00:00:00.000000000+0000,0.8619,0.8673,0.86,0.8608
2001-06-16T00:00:00.000000000+0000,0.8608,0.8608,0.8608,0.8608
2001-06-17T00:00:00.000000000+0000,0.8608,0.8608,0.8608,0.8608
2001-06-18T00:00:00.000000000+0000,0.8627,0.8645,0.8577,0.8605
2001-06-19T00:00:00.000000000+0000,0.86,0.8606,0.8527,0.8536
2001-06-20T00:00:00.000000000+0000,0.8537,0.8556,0.8497,0.8552
2001-06-21T00:00:00.000000000+0000,0.8552,0.8584,0.8515,0.8542
2001-06-22T00:00:00.000000000+0000,0.8546,0.8575,0.8511,0.8568
2001-06-23T00:00:00.000000000+0000,0.8568,0.8568,0.8568,0.8568
2001-06-24T00:00:00.000000000+0000,0.8568,0.8568,0.8568,0.8568
2001-06-25T00:00:00.000000000+0000,0.8563,0.8625,0.8563,0.8588
2001-06-26T00:00:00.000000000+0000,0.8585,0.8651,0.8585,0.8638
2001-06-27T00:00:00.000000000+0000,0.8633,0.8659,0.8588,0.8584
2001-06-28T00:00:00.000000000+0000,0.859,0.8614,0.8433,0.8442
2001-06-29T00:00:00.000000000+0000,0.8437,0.8506,0.8437,0.8491
2001-06-30T00:00:00.000000000+0000,0.8491,0.8491,0.8491,0.8491
2001-07-01T00:00:00.000000000+0000,0.8491,0.8491,0.8491,0.8491
2001-07-02T00:00:00.000000000+0000,0.8504,0.8504,0.8442,0.8479
2001-07-03T00:00:00.000000000+0000,0.8473,0.8507,0.8455,0.8481
2001-07-04T00:00:00.000000000+0000,0.8481,0.8481,0.8481,0.8481
2001-07-05T00:00:00.000000000+0000,0.8458,0.8479,0.8355,0.8366
2001-07-06T00:00:00.000000000+0000,0.8391,0.8478,0.8349,0.8474
2001-07-07T00:00:00.000000000+0000,0.8474,0.8474,0.8474,0.8474
2001-07-08T00:00:00.000000000+0000,0.8474,0.8474,0.8474,0.8474
2001-07-09T00:00:00.000000000+0000,0.8466,0.8522,0.8446,0.8497
2001-07-10T00:00:00.000000000+0000,0.8496,0.8574,0.849,0.8547
2001-07-11T00:00:00.000000000+0000,0.8552,0.8642,0.8533,0.8584
2001-07-12T00:00:00.000000000+0000,0.8575,0.8611,0.8505,0.8536
2001-07-13T00:00:00.000000000+0000,0.8535,0.8561,0.851,0.8541
2001-07-14T00:00:00.000000000+0000,0.8541,0.8541,0.8541,0.8541
2001-07-15T00:00:00.000000000+0000,0.8541,0.8541,0.8541,0.8541
2001-07-16T00:00:00.000000000+0000,0.8538,0.8591,0.8522,0.8522
2001-07-17T00:00:00.000000000+0000,0.8522,0.8608,0.8491,0.8592
2001-07-18T00:00:00.000000000+0000,0.8588,0.8742,0.8571,0.874
2001-07-19T00:00:00.000000000+0000,0.8733,0.8779,0.8679,0.8718
2001-07-20T00:00:00.000000000+0000,0.8713,0.8786,0.8705,0.8705
2001-07-21T00:00:00.000000000+0000,0.8705,0.8705,0.8705,0.8705
2001-07-22T00:00:00.000000000+0000,0.8705,0.8705,0.8705,0.8705
2001-07-23T00:00:00.000000000+0000,0.8703,0.872,0.8652,0.869
2001-07-24T00:00:00.000000000+0000,0.8691,0.8771,0.8687,0.8732
2001-07-25T00:00:00.000000000+0000,0.8732,0.8813,0.8717,0.8803
2001-07-26T00:00:00.000000000+0000,0.8801,0.8823,0.8748,0.8774
2001-07-27T00:00:00.000000000+0000,0.8774,0.8805,0.8722,0.8768
2001-07-28T00:00:00.000000000+0000,0.8768,0.8768,0.8768,0.8768
2001-07-29T00:00:00.000000000+0000,0.8768,0.8768,0.8768,0.8768
2001-07-30T00:00:00.000000000+0000,0.8775,0.8775,0.8722,0.874
2001-07-31T00:00:00.000000000+0000,0.874,0.878,0.8725,0.8762
2001-08-01T00:00:00.000000000+0000,0.8759,0.8831,0.8757,0.8808
2001-08-02T00:00:00.000000000+0000,0.8808,0.8841,0.8786,0.8832
2001-08-03T00:00:00.000000000+0000,0.8832,0.8876,0.8777,0.8839
2001-08-04T00:00:00.000000000+0000,0.8839,0.8839,0.8839,0.8839
2001-08-05T00:00:00.000000000+0000,0.8839,0.8839,0.8839,0.8839
2001-08-06T00:00:00.000000000+0000,0.8828,0.8832,0.8787,0.8814
2001-08-07T00:00:00.000000000+0000,0.8808,0.8814,0.8754,0.8773
2001-08-08T00:00:00.000000000+0000,0.8768,0.8808,0.8739,0.8804
2001-08-09T00:00:00.000000000+0000,0.8799,0.8941,0.8799,0.892
2001-08-10T00:00:00.000000000+0000,0.8916,0.896,0.8911,0.8926
2001-08-11T00:00:00.000000000+0000,0.8926,0.8926,0.8926,0.8926
2001-08-12T00:00:00.000000000+0000,0.8926,0.8926,0.8926,0.8926
2001-08-13T00:00:00.000000000+0000,0.8935,0.9008,0.8922,0.8968
2001-08-14T00:00:00.000000000+0000,0.8968,0.9036,0.8938,0.9023
2001-08-15T00:00:00.000000000+0000,0.9024,0.915,0.9019,0.9136
2001-08-16T00:00:00.000000000+0000,0.9156,0.9201,0.9091,0.9113
2001-08-17T00:00:00.000000000+0000,0.9111,0.9183,0.9103,0.9178
2001-08-18T00:00:00.000000000+0000,0.9178,0.9178,0.9178,0.9178
2001-08-19T00:00:00.000000000+0000,0.9178,0.9178,0.9178,0.9178
2001-08-20T00:00:00.000000000+0000,0.9174,0.9202,0.911,0.9139
2001-08-21T00:00:00.000000000+0000,0.9137,0.9183,0.908,0.9178
2001-08-22T00:00:00.000000000+0000,0.9173,0.9239,0.9122,0.9123
2001-08-23T00:00:00.000000000+0000,0.9124,0.9167,0.91,0.9145
2001-08-24T00:00:00.000000000+0000,0.9144,0.9166,0.9077,0.9143
2001-08-25T00:00:00.000000000+0000,0.9143,0.9143,0.9143,0.9143
2001-08-26T00:00:00.000000000+0000,0.9143,0.9143,0.9143,0.9143
2001-08-27T00:00:00.000000000+0000,0.9143,0.9144,0.9085,0.9115
2001-08-28T00:00:00.000000000+0000,0.9112,0.9133,0.9029,0.9129
2001-08-29T00:00:00.000000000+0000,0.9122,0.9148,0.9087,0.9087
2001-08-30T00:00:00.000000000+0000,0.9122,0.9183,0.9056,0.9161
2001-08-31T00:00:00.000000000+0000,0.9122,0.9198,0.9064,0.912
2001-09-01T00:00:00.000000000+0000,0.912,0.912,0.912,0.912
2001-09-02T00:00:00.000000000+0000,0.9117,0.9124,0.9095,0.9095
2001-09-03T00:00:00.000000000+0000,0.9095,0.9095,0.9095,0.9095
2001-09-04T00:00:00.000000000+0000,0.9074,0.9076,0.885,0.8875
2001-09-05T00:00:00.000000000+0000,0.888,0.8912,0.8844,0.8862
2001-09-06T00:00:00.000000000+0000,0.886,0.8967,0.8825,0.8954
2001-09-07T00:00:00.000000000+0000,0.8949,0.9075,0.8931,0.9071
2001-09-08T00:00:00.000000000+0000,0.9071,0.9071,0.9071,0.9071
2001-09-09T00:00:00.000000000+0000,0.9071,0.9071,0.9071,0.9071
2001-09-10T00:00:00.000000000+0000,0.9058,0.9079,0.8973,0.8974
2001-09-11T00:00:00.000000000+0000,0.8977,0.9169,0.8955,0.9114
2001-09-12T00:00:00.000000000+0000,0.9103,0.9149,0.901,0.9067
2001-09-13T00:00:00.000000000+0000,0.9064,0.9125,0.9048,0.9105
2001-09-14T00:00:00.000000000+0000,0.9105,0.9248,0.9082,0.9201
2001-09-15T00:00:00.000000000+0000,0.9201,0.9201,0.9201,0.9201
2001-09-16T00:00:00.000000000+0000,0.9201,0.9201,0.9201,0.9201
2001-09-17T00:00:00.000000000+0000,0.9234,0.9332,0.9173,0.9247
2001-09-18T00:00:00.000000000+0000,0.9237,0.9282,0.9184,0.9265
2001-09-19T00:00:00.000000000+0000,0.9256,0.9325,0.926,0.9256
2001-09-20T00:00:00.000000000+0000,0.9262,0.9293,0.923,0.9274
2001-09-21T00:00:00.000000000+0000,0.9273,0.9273,0.9087,0.914
2001-09-22T00:00:00.000000000+0000,0.914,0.914,0.914,0.914
2001-09-23T00:00:00.000000000+0000,0.914,0.914,0.914,0.914
2001-09-24T00:00:00.000000000+0000,0.9132,0.9202,0.9106,0.9164
2001-09-25T00:00:00.000000000+0000,0.9159,0.9249,0.9148,0.9225
2001-09-26T00:00:00.000000000+0000,0.9226,0.9243,0.9197,0.9222
2001-09-27T00:00:00.000000000+0000,0.9223,0.9232,0.9161,0.918
2001-09-28T00:00:00.000000000+0000,0.9178,0.9183,0.9083,0.9109
2001-09-29T00:00:00.000000000+0000,0.9109,0.9109,0.9109,0.9109
2001-09-30T00:00:00.000000000+0000,0.9109,0.9109,0.9109,0.9109
2001-10-01T00:00:00.000000000+0000,0.9113,0.9177,0.9062,0.9169
2001-10-02T00:00:00.000000000+0000,0.9165,0.9197,0.9135,0.9178
2001-10-03T00:00:00.000000000+0000,0.9179,0.9232,0.9127,0.9141
2001-10-04T00:00:00.000000000+0000,0.9136,0.9185,0.9111,0.9175
2001-10-05T00:00:00.000000000+0000,0.9177,0.9206,0.9156,0.9178
2001-10-06T00:00:00.000000000+0000,0.9178,0.9178,0.9178,0.9178
2001-10-07T00:00:00.000000000+0000,0.9178,0.9178,0.9178,0.9178
2001-10-08T00:00:00.000000000+0000,0.9189,0.9244,0.9166,0.9202
2001-10-09T00:00:00.000000000+0000,0.92,0.9225,0.9127,0.9129
2001-10-10T00:00:00.000000000+0000,0.9128,0.9157,0.91,0.9102
2001-10-11T00:00:00.000000000+0000,0.9101,0.9125,0.8989,0.9026
2001-10-12T00:00:00.000000000+0000,0.9025,0.9124,0.9011,0.911
2001-10-13T00:00:00.000000000+0000,0.911,0.911,0.911,0.911
2001-10-14T00:00:00.000000000+0000,0.911,0.911,0.911,0.911
2001-10-15T00:00:00.000000000+0000,0.9115,0.9136,0.9066,0.9083
2001-10-16T00:00:00.000000000+0000,0.9073,0.9112,0.9039,0.9082
2001-10-17T00:00:00.000000000+0000,0.9077,0.9095,0.9011,0.903
2001-10-18T00:00:00.000000000+0000,0.9028,0.9056,0.8998,0.9027
2001-10-19T00:00:00.000000000+0000,0.9029,0.9034,0.8966,0.8983
2001-10-20T00:00:00.000000000+0000,0.8983,0.8983,0.8983,0.8983
2001-10-21T00:00:00.000000000+0000,0.8983,0.8983,0.8983,0.8983
2001-10-22T00:00:00.000000000+0000,0.8983,0.9002,0.8897,0.8905
2001-10-23T00:00:00.000000000+0000,0.8909,0.8927,0.887,0.8903
2001-10-24T00:00:00.000000000+0000,0.8899,0.8944,0.8899,0.8936
2001-10-25T00:00:00.000000000+0000,0.8936,0.8978,0.888,0.8924
2001-10-26T00:00:00.000000000+0000,0.8919,0.895,0.8906,0.8923
2001-10-27T00:00:00.000000000+0000,0.8923,0.8923,0.8923,0.8923
2001-10-28T00:00:00.000000000+0000,0.8923,0.8923,0.8923,0.8923
2001-10-29T00:00:00.000000000+0000,0.892,0.905,0.892,0.9047
2001-10-30T00:00:00.000000000+0000,0.9051,0.9101,0.9036,0.9043
2001-10-31T00:00:00.000000000+0000,0.9042,0.9076,0.8988,0.9
2001-11-01T00:00:00.000000000+0000,0.8997,0.912,0.8995,0.9018
2001-11-02T00:00:00.000000000+0000,0.9018,0.9073,0.9009,0.9021
2001-11-03T00:00:00.000000000+0000,0.9021,0.9021,0.9021,0.9021
2001-11-04T00:00:00.000000000+0000,0.9021,0.9021,0.9021,0.9021
2001-11-05T00:00:00.000000000+0000,0.9013,0.9019,0.8944,0.8972
2001-11-06T00:00:00.000000000+0000,0.8971,0.8993,0.8942,0.8943
2001-11-07T00:00:00.000000000+0000,0.8939,0.9046,0.8939,0.8978
2001-11-08T00:00:00.000000000+0000,0.8972,0.8995,0.8907,0.8924
2001-11-09T00:00:00.000000000+0000,0.8919,0.8951,0.8889,0.8941
2001-11-10T00:00:00.000000000+0000,0.8941,0.8941,0.8941,0.8941
2001-11-11T00:00:00.000000000+0000,0.8941,0.8941,0.8941,0.8941
2001-11-12T00:00:00.000000000+0000,0.8943,0.9015,0.8914,0.8939
2001-11-13T00:00:00.000000000+0000,0.8937,0.8939,0.8792,0.8802
2001-11-14T00:00:00.000000000+0000,0.8807,0.8841,0.8772,0.8821
2001-11-15T00:00:00.000000000+0000,0.8822,0.8853,0.8803,0.8818
2001-11-16T00:00:00.000000000+0000,0.8818,0.8865,0.8811,0.884
2001-11-17T00:00:00.000000000+0000,0.884,0.884,0.884,0.884
2001-11-18T00:00:00.000000000+0000,0.884,0.884,0.884,0.884
2001-11-19T00:00:00.000000000+0000,0.884,0.8851,0.8766,0.8784
2001-11-20T00:00:00.000000000+0000,0.8777,0.8842,0.8777,0.8832
2001-11-21T00:00:00.000000000+0000,0.8827,0.8835,0.8755,0.8784
2001-11-22T00:00:00.000000000+0000,0.8784,0.8784,0.8784,0.8784
2001-11-23T00:00:00.000000000+0000,0.8782,0.8812,0.8737,0.8778
2001-11-24T00:00:00.000000000+0000,0.8778,0.8778,0.8778,0.8778
2001-11-25T00:00:00.000000000+0000,0.8778,0.8778,0.8778,0.8778
2001-11-26T00:00:00.000000000+0000,0.8778,0.8831,0.8778,0.88
2001-11-27T00:00:00.000000000+0000,0.88,0.8837,0.8771,0.883
2001-11-28T00:00:00.000000000+0000,0.8829,0.8885,0.8819,0.8879
2001-11-29T00:00:00.000000000+0000,0.8876,0.8919,0.8858,0.8872
2001-11-30T00:00:00.000000000+0000,0.8871,0.8981,0.885,0.8961
2001-12-01T00:00:00.000000000+0000,0.8961,0.8961,0.8961,0.8961
2001-12-02T00:00:00.000000000+0000,0.8961,0.8961,0.8961,0.8961
2001-12-03T00:00:00.000000000+0000,0.8954,0.8968,0.8891,0.8906
2001-12-04T00:00:00.000000000+0000,0.891,0.8922,0.8888,0.8906
2001-12-05T00:00:00.000000000+0000,0.8901,0.8941,0.8848,0.8882
2001-12-06T00:00:00.000000000+0000,0.8874,0.8952,0.8866,0.8947
2001-12-07T00:00:00.000000000+0000,0.8943,0.8947,0.8885,0.8899
2001-12-08T00:00:00.000000000+0000,0.8899,0.8899,0.8899,0.8899
2001-12-09T00:00:00.000000000+0000,0.8899,0.8899,0.8899,0.8899
2001-12-10T00:00:00.000000000+0000,0.8891,0.8916,0.8843,0.8905
2001-12-11T00:00:00.000000000+0000,0.8906,0.8931,0.8884,0.8926
2001-12-12T00:00:00.000000000+0000,0.892,0.8986,0.892,0.8978
2001-12-13T00:00:00.000000000+0000,0.8972,0.8991,0.8922,0.8928
2001-12-14T00:00:00.000000000+0000,0.892,0.9054,0.892,0.9026
2001-12-15T00:00:00.000000000+0000,0.9026,0.9026,0.9026,0.9026
2001-12-16T00:00:00.000000000+0000,0.9026,0.9026,0.9026,0.9026
2001-12-17T00:00:00.000000000+0000,0.9032,0.9081,0.9018,0.902
2001-12-18T00:00:00.000000000+0000,0.9016,0.904,0.8996,0.9032
2001-12-19T00:00:00.000000000+0000,0.9028,0.9032,0.8953,0.9008
2001-12-20T00:00:00.000000000+0000,0.9006,0.9009,0.8963,0.9001
2001-12-21T00:00:00.000000000+0000,0.8989,0.9014,0.8855,0.888
2001-12-22T00:00:00.000000000+0000,0.888,0.888,0.888,0.888
2001-12-23T00:00:00.000000000+0000,0.888,0.888,0.888,0.888
2001-12-24T00:00:00.000000000+0000,0.8885,0.8907,0.8743,0.8774
2001-12-25T00:00:00.000000000+0000,0.8774,0.8774,0.8774,0.8774
2001-12-26T00:00:00.000000000+0000,0.8789,0.8819,0.8766,0.88
2001-12-27T00:00:00.000000000+0000,0.8798,0.887,0.8777,0.8831
2001-12-28T00:00:00.000000000+0000,0.8834,0.8859,0.879,0.8847
2001-12-29T00:00:00.000000000+0000,0.8847,0.8847,0.8847,0.8847
2001-12-30T00:00:00.000000000+0000,0.8847,0.8847,0.8847,0.8847
2001-12-31T00:00:00.000000000+0000,0.8839,0.8922,0.8827,0.889
2002-01-01T00:00:00.000000000+0000,0.9032,0.9032,0.9032,0.9032
2002-01-02T00:00:00.000000000+0000,0.8892,0.9066,0.8885,0.9032
2002-01-03T00:00:00.000000000+0000,0.903,0.9058,0.8977,0.8986
2002-01-04T00:00:00.000000000+0000,0.899,0.9001,0.8939,0.8945
2002-01-05T00:00:00.000000000+0000,0.8945,0.8945,0.8945,0.8945
2002-01-06T00:00:00.000000000+0000,0.8945,0.8945,0.8945,0.8945
2002-01-07T00:00:00.000000000+0000,0.8947,0.8996,0.8883,0.8932
2002-01-08T00:00:00.000000000+0000,0.8929,0.8936,0.8884,0.8928
2002-01-09T00:00:00.000000000+0000,0.8928,0.8951,0.8866,0.8909
2002-01-10T00:00:00.000000000+0000,0.891,0.8938,0.8903,0.8912
2002-01-11T00:00:00.000000000+0000,0.8912,0.8931,0.8896,0.8924
2002-01-12T00:00:00.000000000+0000,0.8924,0.8924,0.8924,0.8924
2002-01-13T00:00:00.000000000+0000,0.8924,0.8924,0.8924,0.8924
2002-01-14T00:00:00.000000000+0000,0.8942,0.8953,0.8915,0.8942
2002-01-15T00:00:00.000000000+0000,0.894,0.8944,0.8822,0.8826
2002-01-16T00:00:00.000000000+0000,0.8834,0.8845,0.8805,0.8822
2002-01-17T00:00:00.000000000+0000,0.8834,0.8852,0.8794,0.8812
2002-01-18T00:00:00.000000000+0000,0.8812,0.8857,0.8797,0.884
2002-01-19T00:00:00.000000000+0000,0.884,0.884,0.884,0.884
2002-01-20T00:00:00.000000000+0000,0.884,0.884,0.884,0.884
2002-01-21T00:00:00.000000000+0000,0.8835,0.8866,0.8822,0.8831
2002-01-22T00:00:00.000000000+0000,0.8829,0.8864,0.8814,0.8859
2002-01-23T00:00:00.000000000+0000,0.8862,0.889,0.877,0.8783
2002-01-24T00:00:00.000000000+0000,0.8771,0.8793,0.8754,0.8777
2002-01-25T00:00:00.000000000+0000,0.8772,0.8785,0.8632,0.8648
2002-01-26T00:00:00.000000000+0000,0.8648,0.8648,0.8648,0.8648
2002-01-27T00:00:00.000000000+0000,0.8648,0.8648,0.8648,0.8648
2002-01-28T00:00:00.000000000+0000,0.8643,0.8663,0.8574,0.8621
2002-01-29T00:00:00.000000000+0000,0.8613,0.8657,0.8593,0.8655
2002-01-30T00:00:00.000000000+0000,0.8647,0.8674,0.86,0.8611
2002-01-31T00:00:00.000000000+0000,0.8619,0.8645,0.8577,0.8586
2002-02-01T00:00:00.000000000+0000,0.8588,0.8642,0.8562,0.8619
2002-02-02T00:00:00.000000000+0000,0.8619,0.8619,0.8619,0.8619
2002-02-03T00:00:00.000000000+0000,0.8619,0.8619,0.8619,0.8619
2002-02-04T00:00:00.000000000+0000,0.8613,0.8711,0.8608,0.8704
2002-02-05T00:00:00.000000000+0000,0.8693,0.873,0.8654,0.8666
2002-02-06T00:00:00.000000000+0000,0.8668,0.8706,0.8633,0.8675
2002-02-07T00:00:00.000000000+0000,0.8664,0.8716,0.8645,0.8702
2002-02-08T00:00:00.000000000+0000,0.87,0.8753,0.87,0.8722
2002-02-09T00:00:00.000000000+0000,0.8722,0.8722,0.8722,0.8722
2002-02-10T00:00:00.000000000+0000,0.8722,0.8722,0.8722,0.8722
2002-02-11T00:00:00.000000000+0000,0.8705,0.88,0.8705,0.8764
2002-02-12T00:00:00.000000000+0000,0.8765,0.8799,0.8742,0.8773
2002-02-13T00:00:00.000000000+0000,0.8762,0.8769,0.8708,0.8712
2002-02-14T00:00:00.000000000+0000,0.8711,0.8746,0.8682,0.8737
2002-02-15T00:00:00.000000000+0000,0.8738,0.8742,0.8696,0.8734
2002-02-16T00:00:00.000000000+0000,0.8734,0.8734,0.8734,0.8734
2002-02-17T00:00:00.000000000+0000,0.8734,0.8734,0.8734,0.8734
2002-02-18T00:00:00.000000000+0000,0.873,0.874,0.8701,0.8704
2002-02-19T00:00:00.000000000+0000,0.8704,0.8782,0.8666,0.8767
2002-02-20T00:00:00.000000000+0000,0.8758,0.8782,0.8689,0.8693
2002-02-21T00:00:00.000000000+0000,0.869,0.872,0.8682,0.87
2002-02-22T00:00:00.000000000+0000,0.8699,0.8776,0.8682,0.8753
2002-02-23T00:00:00.000000000+0000,0.8753,0.8753,0.8753,0.8753
2002-02-24T00:00:00.000000000+0000,0.8753,0.8753,0.8753,0.8753
2002-02-25T00:00:00.000000000+0000,0.875,0.8757,0.8689,0.8686
2002-02-26T00:00:00.000000000+0000,0.8686,0.872,0.8617,0.8635
2002-02-27T00:00:00.000000000+0000,0.8635,0.8668,0.8627,0.8655
2002-02-28T00:00:00.000000000+0000,0.8658,0.8698,0.8624,0.8687
2002-03-01T00:00:00.000000000+0000,0.869,0.8695,0.8631,0.8651
2002-03-02T00:00:00.000000000+0000,0.8651,0.8651,0.8651,0.8651
2002-03-03T00:00:00.000000000+0000,0.8651,0.8651,0.8651,0.8651
2002-03-04T00:00:00.000000000+0000,0.8645,0.8714,0.8633,0.8696
2002-03-05T00:00:00.000000000+0000,0.8694,0.8726,0.865,0.8716
2002-03-06T00:00:00.000000000+0000,0.8712,0.8774,0.8696,0.8765
2002-03-07T00:00:00.000000000+0000,0.8759,0.8839,0.8741,0.8816
2002-03-08T00:00:00.000000000+0000,0.881,0.8817,0.8722,0.8738
2002-03-09T00:00:00.000000000+0000,0.8738,0.8738,0.8738,0.8738
2002-03-10T00:00:00.000000000+0000,0.8738,0.8738,0.8738,0.8738
2002-03-11T00:00:00.000000000+0000,0.8735,0.8771,0.8733,0.8749
2002-03-12T00:00:00.000000000+0000,0.875,0.8768,0.8706,0.8758
2002-03-13T00:00:00.000000000+0000,0.8752,0.8784,0.8726,0.8756
2002-03-14T00:00:00.000000000+0000,0.8755,0.8844,0.8755,0.8822
2002-03-15T00:00:00.000000000+0000,0.8825,0.8868,0.8809,0.8824
2002-03-16T00:00:00.000000000+0000,0.8824,0.8824,0.8824,0.8824
2002-03-17T00:00:00.000000000+0000,0.8824,0.8824,0.8824,0.8824
2002-03-18T00:00:00.000000000+0000,0.8809,0.883,0.8784,0.8826
2002-03-19T00:00:00.000000000+0000,0.882,0.8842,0.8797,0.8819
2002-03-20T00:00:00.000000000+0000,0.8817,0.8858,0.8788,0.8852
2002-03-21T00:00:00.000000000+0000,0.8852,0.8859,0.8808,0.8822
2002-03-22T00:00:00.000000000+0000,0.8823,0.8826,0.8751,0.8772
2002-03-23T00:00:00.000000000+0000,0.8772,0.8772,0.8772,0.8772
2002-03-24T00:00:00.000000000+0000,0.8772,0.8772,0.8772,0.8772
2002-03-25T00:00:00.000000000+0000,0.877,0.8781,0.8755,0.877
2002-03-26T00:00:00.000000000+0000,0.8768,0.8796,0.8733,0.8765
2002-03-27T00:00:00.000000000+0000,0.8766,0.877,0.8721,0.8724
2002-03-28T00:00:00.000000000+0000,0.872,0.8741,0.8699,0.8704
2002-03-29T00:00:00.000000000+0000,0.8709,0.8728,0.8709,0.8711
2002-03-30T00:00:00.000000000+0000,0.8711,0.8711,0.8711,0.8711
2002-03-31T00:00:00.000000000+0000,0.8711,0.8711,0.8711,0.8711
2002-04-01T00:00:00.000000000+0000,0.8714,0.8821,0.8714,0.8804
2002-04-02T00:00:00.000000000+0000,0.8803,0.8815,0.8774,0.8791
2002-04-03T00:00:00.000000000+0000,0.8793,0.883,0.8777,0.8808
2002-04-04T00:00:00.000000000+0000,0.8804,0.8857,0.8766,0.8781
2002-04-05T00:00:00.000000000+0000,0.8774,0.8814,0.8774,0.8782
2002-04-06T00:00:00.000000000+0000,0.8782,0.8782,0.8782,0.8782
2002-04-07T00:00:00.000000000+0000,0.8782,0.8782,0.8782,0.8782
2002-04-08T00:00:00.000000000+0000,0.8788,0.8792,0.8737,0.8743
2002-04-09T00:00:00.000000000+0000,0.8743,0.8813,0.8738,0.8807
2002-04-10T00:00:00.000000000+0000,0.8806,0.8825,0.8788,0.8802
2002-04-11T00:00:00.000000000+0000,0.8801,0.8845,0.8789,0.8818
2002-04-12T00:00:00.000000000+0000,0.8815,0.8826,0.8777,0.8804
2002-04-13T00:00:00.000000000+0000,0.8804,0.8804,0.8804,0.8804
2002-04-14T00:00:00.000000000+0000,0.8804,0.8804,0.8804,0.8804
2002-04-15T00:00:00.000000000+0000,0.8792,0.8822,0.8789,0.8793
2002-04-16T00:00:00.000000000+0000,0.879,0.8839,0.879,0.8819
2002-04-17T00:00:00.000000000+0000,0.8818,0.8909,0.8818,0.8897
2002-04-18T00:00:00.000000000+0000,0.89,0.892,0.8857,0.8907
2002-04-19T00:00:00.000000000+0000,0.8902,0.8925,0.8878,0.8912
2002-04-20T00:00:00.000000000+0000,0.8912,0.8912,0.8912,0.8912
2002-04-21T00:00:00.000000000+0000,0.8912,0.8912,0.8912,0.8912
2002-04-22T00:00:00.000000000+0000,0.8891,0.8908,0.8867,0.8894
2002-04-23T00:00:00.000000000+0000,0.8893,0.8902,0.8861,0.888
2002-04-24T00:00:00.000000000+0000,0.8884,0.893,0.8875,0.8923
2002-04-25T00:00:00.000000000+0000,0.8923,0.8992,0.8917,0.8975
2002-04-26T00:00:00.000000000+0000,0.8974,0.9021,0.8962,0.9015
2002-04-27T00:00:00.000000000+0000,0.9015,0.9015,0.9015,0.9015
2002-04-28T00:00:00.000000000+0000,0.9015,0.9015,0.9015,0.9015
2002-04-29T00:00:00.000000000+0000,0.9011,0.9048,0.9008,0.9031
2002-04-30T00:00:00.000000000+0000,0.9027,0.904,0.8989,0.9001
2002-05-01T00:00:00.000000000+0000,0.9,0.9086,0.8992,0.9059
2002-05-02T00:00:00.000000000+0000,0.9061,0.9078,0.9011,0.9029
2002-05-03T00:00:00.000000000+0000,0.9026,0.9175,0.9026,0.9161
2002-05-04T00:00:00.000000000+0000,0.9161,0.9161,0.9161,0.9161
2002-05-05T00:00:00.000000000+0000,0.9161,0.9161,0.9161,0.9161
2002-05-06T00:00:00.000000000+0000,0.9161,0.9185,0.9134,0.9179
2002-05-07T00:00:00.000000000+0000,0.9176,0.9189,0.9115,0.914
2002-05-08T00:00:00.000000000+0000,0.9139,0.9144,0.9038,0.9048
2002-05-09T00:00:00.000000000+0000,0.9044,0.9113,0.904,0.9093
2002-05-10T00:00:00.000000000+0000,0.9092,0.9149,0.9087,0.914
2002-05-11T00:00:00.000000000+0000,0.914,0.914,0.914,0.914
2002-05-12T00:00:00.000000000+0000,0.914,0.914,0.914,0.914
2002-05-13T00:00:00.000000000+0000,0.9127,0.9168,0.9097,0.9118
2002-05-14T00:00:00.000000000+0000,0.9115,0.9118,0.9011,0.9028
2002-05-15T00:00:00.000000000+0000,0.9025,0.9125,0.8997,0.9119
2002-05-16T00:00:00.000000000+0000,0.9117,0.914,0.9087,0.9112
2002-05-17T00:00:00.000000000+0000,0.9115,0.9219,0.9115,0.9207
2002-05-18T00:00:00.000000000+0000,0.9207,0.9207,0.9207,0.9207
2002-05-19T00:00:00.000000000+0000,0.9207,0.9207,0.9207,0.9207
2002-05-20T00:00:00.000000000+0000,0.9203,0.9229,0.9181,0.9207
2002-05-21T00:00:00.000000000+0000,0.9206,0.9221,0.9163,0.919
2002-05-22T00:00:00.000000000+0000,0.9188,0.9278,0.918,0.9253
2002-05-23T00:00:00.000000000+0000,0.9188,0.9269,0.9182,0.9211
2002-05-24T00:00:00.000000000+0000,0.921,0.923,0.9166,0.9201
2002-05-25T00:00:00.000000000+0000,0.9201,0.9201,0.9201,0.9201
2002-05-26T00:00:00.000000000+0000,0.9201,0.9201,0.9201,0.9201
2002-05-27T00:00:00.000000000+0000,0.919,0.9224,0.9184,0.9202
2002-05-28T00:00:00.000000000+0000,0.9206,0.9307,0.92,0.9277
2002-05-29T00:00:00.000000000+0000,0.9283,0.9372,0.9272,0.9342
2002-05-30T00:00:00.000000000+0000,0.9349,0.9412,0.9349,0.9362
2002-05-31T00:00:00.000000000+0000,0.9364,0.94,0.9284,0.9337
2002-06-01T00:00:00.000000000+0000,0.9337,0.9337,0.9337,0.9337
2002-06-02T00:00:00.000000000+0000,0.9337,0.9337,0.9337,0.9337
2002-06-03T00:00:00.000000000+0000,0.9338,0.9421,0.9305,0.9407
2002-06-04T00:00:00.000000000+0000,0.9401,0.9453,0.9389,0.9392
2002-06-05T00:00:00.000000000+0000,0.9387,0.9417,0.9354,0.9391
2002-06-06T00:00:00.000000000+0000,0.9386,0.9478,0.9338,0.9469
2002-06-07T00:00:00.000000000+0000,0.947,0.9488,0.9426,0.9429
2002-06-08T00:00:00.000000000+0000,0.9429,0.9429,0.9429,0.9429
2002-06-09T00:00:00.000000000+0000,0.9429,0.9429,0.9429,0.9429
2002-06-10T00:00:00.000000000+0000,0.9433,0.9482,0.9389,0.943
2002-06-11T00:00:00.000000000+0000,0.9439,0.9495,0.9406,0.9481
2002-06-12T00:00:00.000000000+0000,0.9477,0.9505,0.9427,0.943
2002-06-13T00:00:00.000000000+0000,0.9433,0.9473,0.9396,0.9424
2002-06-14T00:00:00.000000000+0000,0.9426,0.9522,0.9417,0.9449
2002-06-15T00:00:00.000000000+0000,0.9449,0.9449,0.9449,0.9449
2002-06-16T00:00:00.000000000+0000,0.9449,0.9449,0.9449,0.9449
2002-06-17T00:00:00.000000000+0000,0.945,0.9467,0.9411,0.9434
2002-06-18T00:00:00.000000000+0000,0.9442,0.9526,0.9438,0.9522
2002-06-19T00:00:00.000000000+0000,0.9523,0.958,0.9517,0.9572
2002-06-20T00:00:00.000000000+0000,0.9572,0.9668,0.9558,0.9642
2002-06-21T00:00:00.000000000+0000,0.964,0.9718,0.9632,0.9703
2002-06-22T00:00:00.000000000+0000,0.9703,0.9703,0.9703,0.9703
2002-06-23T00:00:00.000000000+0000,0.9703,0.9703,0.9703,0.9703
2002-06-24T00:00:00.000000000+0000,0.9703,0.9813,0.9682,0.9703
2002-06-25T00:00:00.000000000+0000,0.97,0.98,0.9663,0.9792
2002-06-26T00:00:00.000000000+0000,0.9789,0.9944,0.9788,0.9816
2002-06-27T00:00:00.000000000+0000,0.9819,0.9898,0.981,0.9882
2002-06-28T00:00:00.000000000+0000,0.9873,0.999,0.9839,0.9906
2002-06-29T00:00:00.000000000+0000,0.9906,0.9906,0.9906,0.9906
2002-06-30T00:00:00.000000000+0000,0.9906,0.9906,0.9906,0.9906
2002-07-01T00:00:00.000000000+0000,0.9905,0.9972,0.9863,0.9907
2002-07-02T00:00:00.000000000+0000,0.9907,0.9918,0.98,0.9862
2002-07-03T00:00:00.000000000+0000,0.9858,0.9862,0.9767,0.9799
2002-07-04T00:00:00.000000000+0000,0.9801,0.9818,0.9746,0.9786
2002-07-05T00:00:00.000000000+0000,0.9781,0.9785,0.9717,0.9733
2002-07-06T00:00:00.000000000+0000,0.9733,0.9733,0.9733,0.9733
2002-07-07T00:00:00.000000000+0000,0.9733,0.9733,0.9733,0.9733
2002-07-08T00:00:00.000000000+0000,0.9729,0.9915,0.9729,0.9909
2002-07-09T00:00:00.000000000+0000,0.9901,0.9952,0.9873,0.9927
2002-07-10T00:00:00.000000000+0000,0.9929,0.9969,0.9861,0.9889
2002-07-11T00:00:00.000000000+0000,0.9889,0.9939,0.9835,0.9876
2002-07-12T00:00:00.000000000+0000,0.9878,0.9924,0.9853,0.9904
2002-07-13T00:00:00.000000000+0000,0.9904,0.9904,0.9904,0.9904
2002-07-14T00:00:00.000000000+0000,0.9904,0.9904,0.9904,0.9904
2002-07-15T00:00:00.000000000+0000,0.991,1.0089,0.9909,1.003
2002-07-16T00:00:00.000000000+0000,1.0031,1.0146,1.0031,1.0124
2002-07-17T00:00:00.000000000+0000,1.0119,1.016,1.0033,1.0071
2002-07-18T00:00:00.000000000+0000,1.0066,1.0118,1.0043,1.0112
2002-07-19T00:00:00.000000000+0000,1.0117,1.0206,1.0106,1.0097
2002-07-20T00:00:00.000000000+0000,1.0097,1.0097,1.0097,1.0097
2002-07-21T00:00:00.000000000+0000,1.0097,1.0097,1.0097,1.0097
2002-07-22T00:00:00.000000000+0000,1.0125,1.0134,1.0055,1.0082
2002-07-23T00:00:00.000000000+0000,1.0072,1.0077,0.9846,0.989
2002-07-24T00:00:00.000000000+0000,0.9889,0.9981,0.9875,0.9951
2002-07-25T00:00:00.000000000+0000,0.9951,1.006,0.9941,1.004
2002-07-26T00:00:00.000000000+0000,1.003,1.0067,0.9858,0.9853
2002-07-27T00:00:00.000000000+0000,0.9853,0.9853,0.9853,0.9853
2002-07-28T00:00:00.000000000+0000,0.9853,0.9853,0.9853,0.9853
2002-07-29T00:00:00.000000000+0000,0.9866,0.9889,0.9772,0.9809
2002-07-30T00:00:00.000000000+0000,0.9807,0.9891,0.978,0.9831
2002-07-31T00:00:00.000000000+0000,0.983,0.9853,0.976,0.9764
2002-08-01T00:00:00.000000000+0000,0.9768,0.9856,0.9727,0.984
2002-08-02T00:00:00.000000000+0000,0.9841,0.9917,0.9836,0.9858
2002-08-03T00:00:00.000000000+0000,0.9858,0.9858,0.9858,0.9858
2002-08-04T00:00:00.000000000+0000,0.9858,0.9858,0.9858,0.9858
2002-08-05T00:00:00.000000000+0000,0.987,0.9878,0.9798,0.9807
2002-08-06T00:00:00.000000000+0000,0.98,0.9805,0.9622,0.9658
2002-08-07T00:00:00.000000000+0000,0.9659,0.9763,0.9644,0.974
2002-08-08T00:00:00.000000000+0000,0.9741,0.9771,0.9642,0.9665
2002-08-09T00:00:00.000000000+0000,0.9663,0.9739,0.9655,0.9695
2002-08-10T00:00:00.000000000+0000,0.9695,0.9695,0.9695,0.9695
2002-08-11T00:00:00.000000000+0000,0.9695,0.9695,0.9695,0.9695
2002-08-12T00:00:00.000000000+0000,0.9706,0.9799,0.9694,0.9784
2002-08-13T00:00:00.000000000+0000,0.9783,0.9848,0.9755,0.9845
2002-08-14T00:00:00.000000000+0000,0.9844,0.9892,0.9766,0.9765
2002-08-15T00:00:00.000000000+0000,0.977,0.9848,0.9749,0.9817
2002-08-16T00:00:00.000000000+0000,0.9822,0.9865,0.9785,0.9862
2002-08-17T00:00:00.000000000+0000,0.9862,0.9862,0.9862,0.9862
2002-08-18T00:00:00.000000000+0000,0.9862,0.9862,0.9862,0.9862
2002-08-19T00:00:00.000000000+0000,0.9849,0.987,0.9751,0.9766
2002-08-20T00:00:00.000000000+0000,0.977,0.9807,0.9732,0.9782
2002-08-21T00:00:00.000000000+0000,0.9778,0.9846,0.9754,0.9802
2002-08-22T00:00:00.000000000+0000,0.9795,0.9805,0.9674,0.9688
2002-08-23T00:00:00.000000000+0000,0.9689,0.9732,0.9666,0.972
2002-08-24T00:00:00.000000000+0000,0.972,0.972,0.972,0.972
2002-08-25T00:00:00.000000000+0000,0.972,0.972,0.972,0.972
2002-08-26T00:00:00.000000000+0000,0.9724,0.9739,0.9686,0.971
2002-08-27T00:00:00.000000000+0000,0.9709,0.9838,0.9706,0.9817
2002-08-28T00:00:00.000000000+0000,0.9824,0.9834,0.9781,0.9781
2002-08-29T00:00:00.000000000+0000,0.9782,0.9885,0.9778,0.9832
2002-08-30T00:00:00.000000000+0000,0.9831,0.9863,0.9795,0.981
2002-08-31T00:00:00.000000000+0000,0.981,0.981,0.981,0.981
2002-09-01T00:00:00.000000000+0000,0.981,0.981,0.981,0.981
2002-09-02T00:00:00.000000000+0000,0.9823,0.9854,0.9799,0.9831
2002-09-03T00:00:00.000000000+0000,0.9829,0.9974,0.9829,0.9965
2002-09-04T00:00:00.000000000+0000,0.9964,0.9972,0.9907,0.9917
2002-09-05T00:00:00.000000000+0000,0.9921,0.9989,0.9889,0.9923
2002-09-06T00:00:00.000000000+0000,0.991,0.9953,0.9807,0.9803
2002-09-07T00:00:00.000000000+0000,0.9803,0.9803,0.9803,0.9803
2002-09-08T00:00:00.000000000+0000,0.9803,0.9803,0.9803,0.9803
2002-09-09T00:00:00.000000000+0000,0.9816,0.9828,0.9782,0.9793
2002-09-10T00:00:00.000000000+0000,0.9792,0.9842,0.9722,0.9747
2002-09-11T00:00:00.000000000+0000,0.9748,0.9768,0.9702,0.9759
2002-09-12T00:00:00.000000000+0000,0.9758,0.9822,0.9742,0.9816
2002-09-13T00:00:00.000000000+0000,0.9805,0.9838,0.9704,0.9714
2002-09-14T00:00:00.000000000+0000,0.9714,0.9714,0.9714,0.9714
2002-09-15T00:00:00.000000000+0000,0.9714,0.9714,0.9714,0.9714
2002-09-16T00:00:00.000000000+0000,0.9706,0.9727,0.9662,0.9685
2002-09-17T00:00:00.000000000+0000,0.9683,0.9748,0.961,0.9732
2002-09-18T00:00:00.000000000+0000,0.9735,0.9795,0.9687,0.9775
2002-09-19T00:00:00.000000000+0000,0.9766,0.9873,0.9765,0.9867
2002-09-20T00:00:00.000000000+0000,0.987,0.9875,0.9785,0.9819
2002-09-21T00:00:00.000000000+0000,0.9819,0.9819,0.9819,0.9819
2002-09-22T00:00:00.000000000+0000,0.9819,0.9819,0.9819,0.9819
2002-09-23T00:00:00.000000000+0000,0.9808,0.9857,0.9753,0.9777
2002-09-24T00:00:00.000000000+0000,0.9775,0.9836,0.976,0.9821
2002-09-25T00:00:00.000000000+0000,0.9821,0.9852,0.9758,0.9764
2002-09-26T00:00:00.000000000+0000,0.9759,0.9809,0.973,0.9769
2002-09-27T00:00:00.000000000+0000,0.9765,0.9811,0.9749,0.9791
2002-09-28T00:00:00.000000000+0000,0.9791,0.9791,0.9791,0.9791
2002-09-29T00:00:00.000000000+0000,0.9791,0.9791,0.9791,0.9791
2002-09-30T00:00:00.000000000+0000,0.97,0.9899,0.97,0.9863
2002-10-01T00:00:00.000000000+0000,0.9861,0.9892,0.9822,0.9825
2002-10-02T00:00:00.000000000+0000,0.9817,0.987,0.9811,0.9861
2002-10-03T00:00:00.000000000+0000,0.9859,0.9908,0.9858,0.9873
2002-10-04T00:00:00.000000000+0000,0.987,0.9881,0.9783,0.9785
2002-10-05T00:00:00.000000000+0000,0.9785,0.9785,0.9785,0.9785
2002-10-06T00:00:00.000000000+0000,0.9785,0.9785,0.9785,0.9785
2002-10-07T00:00:00.000000000+0000,0.979,0.9838,0.9778,0.9823
2002-10-08T00:00:00.000000000+0000,0.9822,0.9843,0.9766,0.979
2002-10-09T00:00:00.000000000+0000,0.979,0.9912,0.9779,0.99
2002-10-10T00:00:00.000000000+0000,0.9896,0.9929,0.985,0.9861
2002-10-11T00:00:00.000000000+0000,0.986,0.9878,0.9835,0.9871
2002-10-12T00:00:00.000000000+0000,0.9871,0.9871,0.9871,0.9871
2002-10-13T00:00:00.000000000+0000,0.9871,0.9871,0.9871,0.9871
2002-10-14T00:00:00.000000000+0000,0.9865,0.9892,0.9855,0.9872
2002-10-15T00:00:00.000000000+0000,0.9873,0.9894,0.9787,0.9809
2002-10-16T00:00:00.000000000+0000,0.9818,0.9843,0.9795,0.9806
2002-10-17T00:00:00.000000000+0000,0.9806,0.9818,0.9694,0.9712
2002-10-18T00:00:00.000000000+0000,0.9703,0.975,0.9694,0.9721
2002-10-19T00:00:00.000000000+0000,0.9721,0.9721,0.9721,0.9721
2002-10-20T00:00:00.000000000+0000,0.9721,0.9721,0.9721,0.9721
2002-10-21T00:00:00.000000000+0000,0.972,0.977,0.9683,0.9733
2002-10-22T00:00:00.000000000+0000,0.9729,0.9808,0.9715,0.9774
2002-10-23T00:00:00.000000000+0000,0.9772,0.9806,0.9743,0.9753
2002-10-24T00:00:00.000000000+0000,0.9749,0.9793,0.972,0.9771
2002-10-25T00:00:00.000000000+0000,0.977,0.9803,0.9753,0.9755
2002-10-26T00:00:00.000000000+0000,0.9755,0.9755,0.9755,0.9755
2002-10-27T00:00:00.000000000+0000,0.9755,0.9755,0.9755,0.9755
2002-10-28T00:00:00.000000000+0000,0.9761,0.9856,0.9722,0.9842
2002-10-29T00:00:00.000000000+0000,0.9842,0.9873,0.9803,0.9826
2002-10-30T00:00:00.000000000+0000,0.9824,0.9859,0.9811,0.9837
2002-10-31T00:00:00.000000000+0000,0.9844,0.9917,0.983,0.9905
2002-11-01T00:00:00.000000000+0000,0.9902,1.001,0.9884,0.9962
2002-11-02T00:00:00.000000000+0000,0.9962,0.9962,0.9962,0.9962
2002-11-03T00:00:00.000000000+0000,0.9962,0.9962,0.9962,0.9962
2002-11-04T00:00:00.000000000+0000,0.9966,0.9988,0.9926,0.9978
2002-11-05T00:00:00.000000000+0000,0.9971,1.0047,0.9965,0.9996
2002-11-06T00:00:00.000000000+0000,0.9986,1.0057,0.9936,1.0036
2002-11-07T00:00:00.000000000+0000,1.0057,1.0106,0.9986,1.0089
2002-11-08T00:00:00.000000000+0000,1.0082,1.0157,1.007,1.0129
2002-11-09T00:00:00.000000000+0000,1.0129,1.0129,1.0129,1.0129
2002-11-10T00:00:00.000000000+0000,1.0129,1.0129,1.0129,1.0129
2002-11-11T00:00:00.000000000+0000,1.0132,1.0178,1.009,1.0107
2002-11-12T00:00:00.000000000+0000,1.0099,1.0142,1.0064,1.0123
2002-11-13T00:00:00.000000000+0000,1.0121,1.0132,1.0042,1.0079
2002-11-14T00:00:00.000000000+0000,1.0083,1.0107,1.0026,1.0042
2002-11-15T00:00:00.000000000+0000,1.0037,1.0106,1.0007,1.0094
2002-11-16T00:00:00.000000000+0000,1.0094,1.0094,1.0094,1.0094
2002-11-17T00:00:00.000000000+0000,1.0094,1.0094,1.0094,1.0094
2002-11-18T00:00:00.000000000+0000,1.0084,1.0128,1.0055,1.0087
2002-11-19T00:00:00.000000000+0000,1.0095,1.0147,1.0005,1.0034
2002-11-20T00:00:00.000000000+0000,1.0032,1.0054,0.9987,1.0015
2002-11-21T00:00:00.000000000+0000,1.0017,1.0049,0.9974,1.0017
2002-11-22T00:00:00.000000000+0000,1.0015,1.0043,0.9957,0.9969
2002-11-23T00:00:00.000000000+0000,0.9969,0.9969,0.9969,0.9969
2002-11-24T00:00:00.000000000+0000,0.9969,0.9969,0.9969,0.9969
2002-11-25T00:00:00.000000000+0000,0.9961,0.9979,0.9889,0.9918
2002-11-26T00:00:00.000000000+0000,0.9917,0.9945,0.9892,0.9934
2002-11-27T00:00:00.000000000+0000,0.9933,0.9949,0.9874,0.9904
2002-11-28T00:00:00.000000000+0000,0.9903,0.9967,0.9889,0.9937
2002-11-29T00:00:00.000000000+0000,0.9934,0.9962,0.9915,0.9948
2002-11-30T00:00:00.000000000+0000,0.9948,0.9948,0.9948,0.9948
2002-12-01T00:00:00.000000000+0000,0.9948,0.9948,0.9948,0.9948
2002-12-02T00:00:00.000000000+0000,0.9944,0.999,0.9858,0.9974
2002-12-03T00:00:00.000000000+0000,0.9972,1.0008,0.9948,0.9963
2002-12-04T00:00:00.000000000+0000,0.9965,1.0038,0.996,1.0008
2002-12-05T00:00:00.000000000+0000,1.0006,1.0029,0.9967,1.0005
2002-12-06T00:00:00.000000000+0000,1.0003,1.0134,0.9994,1.0095
2002-12-07T00:00:00.000000000+0000,1.0095,1.0095,1.0095,1.0095
2002-12-08T00:00:00.000000000+0000,1.0095,1.0095,1.0095,1.0095
2002-12-09T00:00:00.000000000+0000,1.0096,1.0126,1.0065,1.0101
2002-12-10T00:00:00.000000000+0000,1.01,1.0146,1.0067,1.0076
2002-12-11T00:00:00.000000000+0000,1.0077,1.0106,1.0056,1.0085
2002-12-12T00:00:00.000000000+0000,1.0082,1.0201,1.0071,1.0182
2002-12-13T00:00:00.000000000+0000,1.0182,1.0267,1.0163,1.0236
2002-12-14T00:00:00.000000000+0000,1.0236,1.0236,1.0236,1.0236
2002-12-15T00:00:00.000000000+0000,1.0236,1.0236,1.0236,1.0236
2002-12-16T00:00:00.000000000+0000,1.0236,1.0255,1.0191,1.0225
2002-12-17T00:00:00.000000000+0000,1.0225,1.034,1.0206,1.0285
2002-12-18T00:00:00.000000000+0000,1.028,1.0295,1.0223,1.0267
2002-12-19T00:00:00.000000000+0000,1.0265,1.0296,1.0204,1.0275
2002-12-20T00:00:00.000000000+0000,1.027,1.0283,1.0238,1.0268
2002-12-21T00:00:00.000000000+0000,1.0268,1.0268,1.0268,1.0268
2002-12-22T00:00:00.000000000+0000,1.0268,1.0268,1.0268,1.0268
2002-12-23T00:00:00.000000000+0000,1.0265,1.0323,1.0214,1.026
2002-12-24T00:00:00.000000000+0000,1.0261,1.0331,1.025,1.0302
2002-12-25T00:00:00.000000000+0000,1.03,1.0333,1.0276,1.0319
2002-12-26T00:00:00.000000000+0000,1.0314,1.0388,1.0311,1.0374
2002-12-27T00:00:00.000000000+0000,1.0375,1.0449,1.0356,1.0436
2002-12-28T00:00:00.000000000+0000,1.0436,1.0436,1.0436,1.0436
2002-12-29T00:00:00.000000000+0000,1.0436,1.0436,1.0436,1.0436
2002-12-30T00:00:00.000000000+0000,1.0431,1.0498,1.0403,1.0486
2002-12-31T00:00:00.000000000+0000,1.0489,1.0512,1.0451,1.0491
2003-01-01T00:00:00.000000000+0000,1.0491,1.0506,1.0461,1.0489
2003-01-02T00:00:00.000000000+0000,1.049,1.0502,1.0331,1.0359
2003-01-03T00:00:00.000000000+0000,1.0355,1.0445,1.0335,1.0425
2003-01-04T00:00:00.000000000+0000,1.0425,1.0425,1.0425,1.0425
2003-01-05T00:00:00.000000000+0000,1.0425,1.0425,1.0425,1.0425
2003-01-06T00:00:00.000000000+0000,1.0419,1.05,1.041,1.0461
2003-01-07T00:00:00.000000000+0000,1.0459,1.0477,1.0392,1.0408
2003-01-08T00:00:00.000000000+0000,1.0406,1.0539,1.0356,1.0492
2003-01-09T00:00:00.000000000+0000,1.0493,1.0547,1.0443,1.0485
2003-01-10T00:00:00.000000000+0000,1.0484,1.0591,1.047,1.0573
2003-01-11T00:00:00.000000000+0000,1.0573,1.0573,1.0573,1.0573
2003-01-12T00:00:00.000000000+0000,1.0573,1.0573,1.0573,1.0573
2003-01-13T00:00:00.000000000+0000,1.0572,1.059,1.0522,1.0537
2003-01-14T00:00:00.000000000+0000,1.0534,1.0605,1.053,1.055
2003-01-15T00:00:00.000000000+0000,1.0551,1.0599,1.0499,1.0552
2003-01-16T00:00:00.000000000+0000,1.0556,1.0633,1.054,1.0612
2003-01-17T00:00:00.000000000+0000,1.0618,1.0685,1.0599,1.0667
2003-01-18T00:00:00.000000000+0000,1.0667,1.0667,1.0667,1.0667
2003-01-19T00:00:00.000000000+0000,1.0667,1.0667,1.0667,1.0667
2003-01-20T00:00:00.000000000+0000,1.0664,1.0697,1.0628,1.0673
2003-01-21T00:00:00.000000000+0000,1.0674,1.0741,1.0629,1.0727
2003-01-22T00:00:00.000000000+0000,1.0724,1.0747,1.068,1.0737
2003-01-23T00:00:00.000000000+0000,1.0728,1.0785,1.0701,1.0746
2003-01-24T00:00:00.000000000+0000,1.0741,1.0861,1.0736,1.0826
2003-01-25T00:00:00.000000000+0000,1.0826,1.0826,1.0826,1.0826
2003-01-26T00:00:00.000000000+0000,1.0826,1.0826,1.0826,1.0826
2003-01-27T00:00:00.000000000+0000,1.0826,1.0913,1.0779,1.0855
2003-01-28T00:00:00.000000000+0000,1.0845,1.0862,1.0778,1.0828
2003-01-29T00:00:00.000000000+0000,1.0821,1.0899,1.0806,1.0839
2003-01-30T00:00:00.000000000+0000,1.0838,1.0852,1.0726,1.0818
2003-01-31T00:00:00.000000000+0000,1.0813,1.0838,1.072,1.0769
2003-02-01T00:00:00.000000000+0000,1.0769,1.0769,1.0769,1.0769
2003-02-02T00:00:00.000000000+0000,1.0769,1.0769,1.0769,1.0769
2003-02-03T00:00:00.000000000+0000,1.0768,1.0802,1.0688,1.0791
2003-02-04T00:00:00.000000000+0000,1.0783,1.0912,1.0761,1.0886
2003-02-05T00:00:00.000000000+0000,1.0888,1.0942,1.0734,1.0778
2003-02-06T00:00:00.000000000+0000,1.078,1.0864,1.0764,1.0829
2003-02-07T00:00:00.000000000+0000,1.0821,1.0837,1.0731,1.0823
2003-02-08T00:00:00.000000000+0000,1.0823,1.0823,1.0823,1.0823
2003-02-09T00:00:00.000000000+0000,1.0823,1.0823,1.0823,1.0823
2003-02-10T00:00:00.000000000+0000,1.0813,1.0827,1.0726,1.073
2003-02-11T00:00:00.000000000+0000,1.073,1.0762,1.0666,1.0734
2003-02-12T00:00:00.000000000+0000,1.0732,1.0769,1.0704,1.0705
2003-02-13T00:00:00.000000000+0000,1.0705,1.0858,1.0705,1.0828
2003-02-14T00:00:00.000000000+0000,1.0827,1.085,1.0762,1.079
2003-02-15T00:00:00.000000000+0000,1.079,1.079,1.079,1.079
2003-02-16T00:00:00.000000000+0000,1.079,1.079,1.079,1.079
2003-02-17T00:00:00.000000000+0000,1.0787,1.0794,1.0675,1.0722
2003-02-18T00:00:00.000000000+0000,1.0711,1.0757,1.0676,1.0682
2003-02-19T00:00:00.000000000+0000,1.0686,1.0766,1.0666,1.0745
2003-02-20T00:00:00.000000000+0000,1.0746,1.0835,1.074,1.0817
2003-02-21T00:00:00.000000000+0000,1.0825,1.0847,1.0752,1.0769
2003-02-22T00:00:00.000000000+0000,1.0769,1.0769,1.0769,1.0769
2003-02-23T00:00:00.000000000+0000,1.0769,1.0769,1.0769,1.0769
2003-02-24T00:00:00.000000000+0000,1.0771,1.0807,1.0708,1.0794
2003-02-25T00:00:00.000000000+0000,1.0795,1.0822,1.0744,1.0757
2003-02-26T00:00:00.000000000+0000,1.0759,1.081,1.0731,1.0781
2003-02-27T00:00:00.000000000+0000,1.0781,1.0837,1.0737,1.0743
2003-02-28T00:00:00.000000000+0000,1.0741,1.0807,1.0737,1.08
2003-03-01T00:00:00.000000000+0000,1.08,1.08,1.08,1.08
2003-03-02T00:00:00.000000000+0000,1.08,1.08,1.08,1.08
2003-03-03T00:00:00.000000000+0000,1.0802,1.0901,1.077,1.0891
2003-03-04T00:00:00.000000000+0000,1.0892,1.0936,1.0876,1.0886
2003-03-05T00:00:00.000000000+0000,1.0886,1.1003,1.0886,1.0955
2003-03-06T00:00:00.000000000+0000,1.0958,1.1009,1.0926,1.0971
2003-03-07T00:00:00.000000000+0000,1.0967,1.1066,1.0967,1.1008
2003-03-08T00:00:00.000000000+0000,1.1008,1.1008,1.1008,1.1008
2003-03-09T00:00:00.000000000+0000,1.1008,1.1008,1.1008,1.1008
2003-03-10T00:00:00.000000000+0000,1.1005,1.1073,1.0998,1.1055
2003-03-11T00:00:00.000000000+0000,1.1056,1.1083,1.1006,1.1038
2003-03-12T00:00:00.000000000+0000,1.1041,1.1057,1.0984,1.0996
2003-03-13T00:00:00.000000000+0000,1.0995,1.0995,1.0781,1.0783
2003-03-14T00:00:00.000000000+0000,1.0774,1.082,1.0694,1.0736
2003-03-15T00:00:00.000000000+0000,1.0736,1.0736,1.0736,1.0736
2003-03-16T00:00:00.000000000+0000,1.0736,1.0736,1.0736,1.0736
2003-03-17T00:00:00.000000000+0000,1.074,1.0843,1.0584,1.0618
2003-03-18T00:00:00.000000000+0000,1.0621,1.0653,1.0544,1.0632
2003-03-19T00:00:00.000000000+0000,1.0616,1.0653,1.0538,1.0644
2003-03-20T00:00:00.000000000+0000,1.0644,1.0655,1.055,1.0583
2003-03-21T00:00:00.000000000+0000,1.0583,1.067,1.0532,1.0602
2003-03-22T00:00:00.000000000+0000,1.0602,1.0602,1.0602,1.0602
2003-03-23T00:00:00.000000000+0000,1.0602,1.0602,1.0602,1.0602
2003-03-24T00:00:00.000000000+0000,1.0529,1.0607,1.0529,1.0595
2003-03-25T00:00:00.000000000+0000,1.0596,1.0674,1.0564,1.0645
2003-03-26T00:00:00.000000000+0000,1.0646,1.0721,1.0629,1.066
2003-03-27T00:00:00.000000000+0000,1.066,1.0702,1.0619,1.0694
2003-03-28T00:00:00.000000000+0000,1.0695,1.0744,1.0658,1.0695
2003-03-29T00:00:00.000000000+0000,1.0695,1.0695,1.0695,1.0695
2003-03-30T00:00:00.000000000+0000,1.0695,1.0695,1.0695,1.0695
2003-03-31T00:00:00.000000000+0000,1.0782,1.08,1.0777,1.0786
2003-04-01T00:00:00.000000000+0000,1.0786,1.0931,1.0779,1.0917
2003-04-02T00:00:00.000000000+0000,1.0917,1.0958,1.083,1.0935
2003-04-03T00:00:00.000000000+0000,1.0933,1.0942,1.0728,1.0763
2003-04-04T00:00:00.000000000+0000,1.0761,1.0791,1.0682,1.0762
2003-04-05T00:00:00.000000000+0000,1.0762,1.0762,1.0762,1.0762
2003-04-06T00:00:00.000000000+0000,1.0762,1.0762,1.0762,1.0762
2003-04-07T00:00:00.000000000+0000,1.0732,1.0732,1.0657,1.0674
2003-04-08T00:00:00.000000000+0000,1.0674,1.0702,1.0557,1.0678
2003-04-09T00:00:00.000000000+0000,1.0675,1.0728,1.0638,1.0717
2003-04-10T00:00:00.000000000+0000,1.0717,1.0782,1.0671,1.0769
2003-04-11T00:00:00.000000000+0000,1.077,1.083,1.0757,1.0784
2003-04-12T00:00:00.000000000+0000,1.0784,1.0784,1.0784,1.0784
2003-04-13T00:00:00.000000000+0000,1.0784,1.0784,1.0784,1.0784
2003-04-14T00:00:00.000000000+0000,1.0754,1.0754,1.0714,1.0724
2003-04-15T00:00:00.000000000+0000,1.0726,1.0811,1.0713,1.0773
2003-04-16T00:00:00.000000000+0000,1.0774,1.0821,1.0715,1.0792
2003-04-17T00:00:00.000000000+0000,1.0791,1.0919,1.078,1.0906
2003-04-18T00:00:00.000000000+0000,1.0905,1.0975,1.0863,1.088
2003-04-19T00:00:00.000000000+0000,1.088,1.088,1.088,1.088
2003-04-20T00:00:00.000000000+0000,1.088,1.088,1.088,1.088
2003-04-21T00:00:00.000000000+0000,1.0877,1.0906,1.0874,1.0899
2003-04-22T00:00:00.000000000+0000,1.0898,1.0906,1.0819,1.0857
2003-04-23T00:00:00.000000000+0000,1.0858,1.1002,1.0845,1.0962
2003-04-24T00:00:00.000000000+0000,1.0963,1.0982,1.0918,1.0954
2003-04-25T00:00:00.000000000+0000,1.0954,1.1048,1.0941,1.1033
2003-04-26T00:00:00.000000000+0000,1.1033,1.1033,1.1033,1.1033
2003-04-27T00:00:00.000000000+0000,1.1033,1.1033,1.1033,1.1033
2003-04-28T00:00:00.000000000+0000,1.1034,1.1045,1.1025,1.1034
2003-04-29T00:00:00.000000000+0000,1.1034,1.1076,1.0971,1.0975
2003-04-30T00:00:00.000000000+0000,1.0973,1.1124,1.0927,1.1107
2003-05-01T00:00:00.000000000+0000,1.1109,1.1187,1.1095,1.1172
2003-05-02T00:00:00.000000000+0000,1.1171,1.1285,1.115,1.1236
2003-05-03T00:00:00.000000000+0000,1.1236,1.1236,1.1236,1.1236
2003-05-04T00:00:00.000000000+0000,1.12273,1.12338,1.1216,1.12169
2003-05-05T00:00:00.000000000+0000,1.12161,1.13009,1.12014,1.12924
2003-05-06T00:00:00.000000000+0000,1.12921,1.14506,1.12723,1.14234
2003-05-07T00:00:00.000000000+0000,1.14218,1.14323,1.13265,1.13494
2003-05-08T00:00:00.000000000+0000,1.13507,1.15077,1.13006,1.1482
2003-05-09T00:00:00.000000000+0000,1.14831,1.15366,1.14346,1.14867
2003-05-10T00:00:00.000000000+0000,1.14867,1.14867,1.14867,1.14867
2003-05-11T00:00:00.000000000+0000,1.1487,1.15645,1.14867,1.15605
2003-05-12T00:00:00.000000000+0000,1.15632,1.16229,1.15225,1.15559
2003-05-13T00:00:00.000000000+0000,1.15544,1.15591,1.1462,1.15277
2003-05-14T00:00:00.000000000+0000,1.15265,1.15352,1.14661,1.1477
2003-05-15T00:00:00.000000000+0000,1.14767,1.1487,1.13702,1.13838
2003-05-16T00:00:00.000000000+0000,1.13825,1.15936,1.13675,1.15936
2003-05-17T00:00:00.000000000+0000,1.15936,1.15936,1.15936,1.15936
2003-05-18T00:00:00.000000000+0000,1.15938,1.16841,1.1583,1.16576
2003-05-19T00:00:00.000000000+0000,1.16546,1.17353,1.16205,1.1641
2003-05-20T00:00:00.000000000+0000,1.16404,1.17364,1.15998,1.17321
2003-05-21T00:00:00.000000000+0000,1.17312,1.17437,1.16226,1.16404
2003-05-22T00:00:00.000000000+0000,1.16424,1.17266,1.16181,1.16908
2003-05-23T00:00:00.000000000+0000,1.16892,1.18411,1.16635,1.18378
2003-05-24T00:00:00.000000000+0000,1.18378,1.18378,1.18378,1.18378
2003-05-25T00:00:00.000000000+0000,1.18387,1.18402,1.18144,1.18177
2003-05-26T00:00:00.000000000+0000,1.18158,1.18744,1.17955,1.18567
2003-05-27T00:00:00.000000000+0000,1.18548,1.19286,1.1807,1.18102
2003-05-28T00:00:00.000000000+0000,1.18107,1.18439,1.17037,1.17516
2003-05-29T00:00:00.000000000+0000,1.17522,1.19144,1.16909,1.18922
2003-05-30T00:00:00.000000000+0000,1.18908,1.18963,1.17419,1.17815
2003-05-31T00:00:00.000000000+0000,1.17815,1.17815,1.17815,1.17815
2003-06-01T00:00:00.000000000+0000,1.178,1.17813,1.17058,1.17203
2003-06-02T00:00:00.000000000+0000,1.172,1.17671,1.16504,1.17441
2003-06-03T00:00:00.000000000+0000,1.17411,1.17773,1.16858,1.17337
2003-06-04T00:00:00.000000000+0000,1.17324,1.17463,1.16321,1.16444
2003-06-05T00:00:00.000000000+0000,1.16448,1.1885,1.16273,1.18397
2003-06-06T00:00:00.000000000+0000,1.18391,1.18772,1.16829,1.16973
2003-06-07T00:00:00.000000000+0000,1.16973,1.16973,1.16973,1.16973
2003-06-08T00:00:00.000000000+0000,1.16977,1.17102,1.16839,1.16989
2003-06-09T00:00:00.000000000+0000,1.16983,1.17846,1.16548,1.17094
2003-06-10T00:00:00.000000000+0000,1.17087,1.174,1.1662,1.16773
2003-06-11T00:00:00.000000000+0000,1.16755,1.17805,1.16571,1.17571
2003-06-12T00:00:00.000000000+0000,1.1755,1.18038,1.1702,1.17693
2003-06-13T00:00:00.000000000+0000,1.17674,1.18758,1.17338,1.18651
2003-06-14T00:00:00.000000000+0000,1.18651,1.18651,1.18651,1.18651
2003-06-15T00:00:00.000000000+0000,1.18663,1.18759,1.18573,1.18759
2003-06-16T00:00:00.000000000+0000,1.18763,1.19263,1.18125,1.18178
2003-06-17T00:00:00.000000000+0000,1.18178,1.18652,1.1767,1.17831
2003-06-18T00:00:00.000000000+0000,1.1781,1.18016,1.16604,1.16817
2003-06-19T00:00:00.000000000+0000,1.16816,1.17372,1.15826,1.17041
2003-06-20T00:00:00.000000000+0000,1.17026,1.17333,1.15501,1.16021
2003-06-21T00:00:00.000000000+0000,1.16021,1.16021,1.16021,1.16021
2003-06-22T00:00:00.000000000+0000,1.15922,1.15997,1.15707,1.1585
2003-06-23T00:00:00.000000000+0000,1.15839,1.16028,1.15069,1.1549
2003-06-24T00:00:00.000000000+0000,1.15488,1.15801,1.1475,1.14959
2003-06-25T00:00:00.000000000+0000,1.14968,1.16205,1.14937,1.15365
2003-06-26T00:00:00.000000000+0000,1.15352,1.15425,1.14105,1.1423
2003-06-27T00:00:00.000000000+0000,1.14231,1.14665,1.13984,1.14291
2003-06-28T00:00:00.000000000+0000,1.14291,1.14291,1.14291,1.14291
2003-06-29T00:00:00.000000000+0000,1.1428,1.1436,1.1419,1.14234
2003-06-30T00:00:00.000000000+0000,1.14228,1.1532,1.13964,1.15196
2003-07-01T00:00:00.000000000+0000,1.15201,1.16069,1.15045,1.15613
2003-07-02T00:00:00.000000000+0000,1.15593,1.15668,1.15035,1.153
2003-07-03T00:00:00.000000000+0000,1.15282,1.15387,1.14316,1.14915
2003-07-04T00:00:00.000000000+0000,1.14888,1.14933,1.14462,1.14912
2003-07-05T00:00:00.000000000+0000,1.14912,1.14912,1.14912,1.14912
2003-07-06T00:00:00.000000000+0000,1.14902,1.14902,1.14526,1.14663
2003-07-07T00:00:00.000000000+0000,1.14641,1.14693,1.1308,1.13213
2003-07-08T00:00:00.000000000+0000,1.13219,1.13498,1.12577,1.13135
2003-07-09T00:00:00.000000000+0000,1.13165,1.1365,1.13029,1.13362
2003-07-10T00:00:00.000000000+0000,1.13356,1.13914,1.13085,1.13593
2003-07-11T00:00:00.000000000+0000,1.13552,1.13601,1.12735,1.12773
2003-07-12T00:00:00.000000000+0000,1.12773,1.12773,1.12773,1.12773
2003-07-13T00:00:00.000000000+0000,1.12773,1.1297,1.1266,1.12788
2003-07-14T00:00:00.000000000+0000,1.12776,1.1307,1.1241,1.12702
2003-07-15T00:00:00.000000000+0000,1.12701,1.13358,1.1155,1.11762
2003-07-16T00:00:00.000000000+0000,1.11763,1.12305,1.11113,1.12269
2003-07-17T00:00:00.000000000+0000,1.12243,1.12477,1.11556,1.12323
2003-07-18T00:00:00.000000000+0000,1.12336,1.13022,1.11701,1.1267
2003-07-19T00:00:00.000000000+0000,1.1267,1.1267,1.1267,1.1267
2003-07-20T00:00:00.000000000+0000,1.12673,1.12711,1.12434,1.12452
2003-07-21T00:00:00.000000000+0000,1.12439,1.1356,1.12401,1.13349
2003-07-22T00:00:00.000000000+0000,1.13309,1.13713,1.13044,1.1325
2003-07-23T00:00:00.000000000+0000,1.13224,1.1491,1.13119,1.1483
2003-07-24T00:00:00.000000000+0000,1.14842,1.15091,1.1422,1.14695
2003-07-25T00:00:00.000000000+0000,1.14668,1.15477,1.14425,1.15094
2003-07-26T00:00:00.000000000+0000,1.15094,1.15094,1.15094,1.15094
2003-07-27T00:00:00.000000000+0000,1.15583,1.15601,1.14716,1.14959
2003-07-28T00:00:00.000000000+0000,1.14939,1.15172,1.14511,1.14842
2003-07-29T00:00:00.000000000+0000,1.14852,1.15365,1.14268,1.14413
2003-07-30T00:00:00.000000000+0000,1.1441,1.14509,1.13338,1.13476
2003-07-31T00:00:00.000000000+0000,1.13501,1.13611,1.12222,1.12363
2003-08-01T00:00:00.000000000+0000,1.1235,1.1281,1.11338,1.12709
2003-08-02T00:00:00.000000000+0000,1.12709,1.12709,1.12709,1.12709
2003-08-03T00:00:00.000000000+0000,1.1277,1.12883,1.1263,1.12678
2003-08-04T00:00:00.000000000+0000,1.12672,1.13734,1.12564,1.13523
2003-08-05T00:00:00.000000000+0000,1.13518,1.13969,1.13054,1.13908
2003-08-06T00:00:00.000000000+0000,1.13868,1.1425,1.13238,1.13364
2003-08-07T00:00:00.000000000+0000,1.13375,1.14138,1.13173,1.1364
2003-08-08T00:00:00.000000000+0000,1.13632,1.13774,1.12861,1.13053
2003-08-09T00:00:00.000000000+0000,1.13053,1.13053,1.13053,1.13053
2003-08-10T00:00:00.000000000+0000,1.13053,1.13053,1.13053,1.13053
2003-08-11T00:00:00.000000000+0000,1.12882,1.13788,1.12615,1.13544
2003-08-12T00:00:00.000000000+0000,1.13535,1.13709,1.12659,1.12727
2003-08-13T00:00:00.000000000+0000,1.12724,1.13302,1.12169,1.13093
2003-08-14T00:00:00.000000000+0000,1.13097,1.13365,1.12234,1.1265
2003-08-15T00:00:00.000000000+0000,1.12629,1.12868,1.12396,1.12597
2003-08-16T00:00:00.000000000+0000,1.12597,1.12597,1.12597,1.12597
2003-08-17T00:00:00.000000000+0000,1.12525,1.13219,1.12337,1.12614
2003-08-18T00:00:00.000000000+0000,1.12601,1.12672,1.11221,1.11382
2003-08-19T00:00:00.000000000+0000,1.11377,1.1147,1.10534,1.11293
2003-08-20T00:00:00.000000000+0000,1.11277,1.11397,1.10783,1.11084
2003-08-21T00:00:00.000000000+0000,1.11067,1.11088,1.08826,1.09295
2003-08-22T00:00:00.000000000+0000,1.09287,1.09445,1.0835,1.08845
2003-08-23T00:00:00.000000000+0000,1.08845,1.08845,1.08845,1.08845
2003-08-24T00:00:00.000000000+0000,1.08496,1.08695,1.08469,1.08551
2003-08-25T00:00:00.000000000+0000,1.08533,1.09169,1.07973,1.08265
2003-08-26T00:00:00.000000000+0000,1.08269,1.0908,1.07911,1.08739
2003-08-27T00:00:00.000000000+0000,1.08714,1.09288,1.08303,1.08512
2003-08-28T00:00:00.000000000+0000,1.08491,1.09114,1.08082,1.08791
2003-08-29T00:00:00.000000000+0000,1.08784,1.09964,1.08678,1.09792
2003-08-30T00:00:00.000000000+0000,1.09792,1.09792,1.09792,1.09792
2003-08-31T00:00:00.000000000+0000,1.09873,1.09938,1.09794,1.09887
2003-09-01T00:00:00.000000000+0000,1.09882,1.10125,1.09487,1.09576
2003-09-02T00:00:00.000000000+0000,1.09581,1.0961,1.07975,1.08022
2003-09-03T00:00:00.000000000+0000,1.08036,1.08715,1.07606,1.08167
2003-09-04T00:00:00.000000000+0000,1.08164,1.09485,1.08075,1.09305
2003-09-05T00:00:00.000000000+0000,1.09326,1.11116,1.0915,1.11077
2003-09-06T00:00:00.000000000+0000,1.11077,1.11077,1.11077,1.11077
2003-09-07T00:00:00.000000000+0000,1.10973,1.11043,1.10762,1.10892
2003-09-08T00:00:00.000000000+0000,1.10899,1.11282,1.10448,1.10653
2003-09-09T00:00:00.000000000+0000,1.10657,1.1239,1.10514,1.12168
2003-09-10T00:00:00.000000000+0000,1.12169,1.12347,1.11608,1.11811
2003-09-11T00:00:00.000000000+0000,1.11792,1.12695,1.11537,1.11831
2003-09-12T00:00:00.000000000+0000,1.11816,1.13208,1.11329,1.12877
2003-09-13T00:00:00.000000000+0000,1.12877,1.12877,1.12877,1.12877
2003-09-14T00:00:00.000000000+0000,1.12675,1.12779,1.12502,1.12748
2003-09-15T00:00:00.000000000+0000,1.12744,1.13082,1.12401,1.12766
2003-09-16T00:00:00.000000000+0000,1.12765,1.13165,1.11523,1.11632
2003-09-17T00:00:00.000000000+0000,1.11625,1.12989,1.11366,1.1275
2003-09-18T00:00:00.000000000+0000,1.1275,1.13414,1.12246,1.12482
2003-09-19T00:00:00.000000000+0000,1.12476,1.13905,1.12374,1.13793
2003-09-20T00:00:00.000000000+0000,1.13793,1.13793,1.13793,1.13793
2003-09-21T00:00:00.000000000+0000,1.14333,1.14954,1.14246,1.14568
2003-09-22T00:00:00.000000000+0000,1.14542,1.15031,1.14124,1.14694
2003-09-23T00:00:00.000000000+0000,1.1469,1.15233,1.1426,1.1438
2003-09-24T00:00:00.000000000+0000,1.14377,1.15034,1.14262,1.14814
2003-09-25T00:00:00.000000000+0000,1.14819,1.15321,1.14568,1.14667
2003-09-26T00:00:00.000000000+0000,1.14673,1.14965,1.14385,1.14744
2003-09-27T00:00:00.000000000+0000,1.14744,1.14744,1.14744,1.14744
2003-09-28T00:00:00.000000000+0000,1.14488,1.14656,1.14488,1.14593
2003-09-29T00:00:00.000000000+0000,1.14592,1.16366,1.13927,1.15753
2003-09-30T00:00:00.000000000+0000,1.15756,1.17323,1.15717,1.16738
2003-10-01T00:00:00.000000000+0000,1.1671,1.17327,1.16523,1.17151
2003-10-02T00:00:00.000000000+0000,1.17147,1.17668,1.16596,1.1676
2003-10-03T00:00:00.000000000+0000,1.16764,1.17193,1.15487,1.15734
2003-10-04T00:00:00.000000000+0000,1.15734,1.15734,1.15734,1.15734
2003-10-05T00:00:00.000000000+0000,1.15585,1.15943,1.15557,1.15893
2003-10-06T00:00:00.000000000+0000,1.15889,1.17212,1.15309,1.17121
2003-10-07T00:00:00.000000000+0000,1.17128,1.18098,1.1696,1.17741
2003-10-08T00:00:00.000000000+0000,1.17761,1.18399,1.17675,1.1821
2003-10-09T00:00:00.000000000+0000,1.18217,1.18588,1.1683,1.17344
2003-10-10T00:00:00.000000000+0000,1.17325,1.18461,1.17012,1.17954
2003-10-11T00:00:00.000000000+0000,1.17954,1.17954,1.17954,1.17954
2003-10-12T00:00:00.000000000+0000,1.18039,1.18138,1.17982,1.18103
2003-10-13T00:00:00.000000000+0000,1.18094,1.18113,1.16512,1.16904
2003-10-14T00:00:00.000000000+0000,1.169,1.17638,1.15803,1.17241
2003-10-15T00:00:00.000000000+0000,1.17202,1.17431,1.15889,1.16171
2003-10-16T00:00:00.000000000+0000,1.16172,1.16942,1.15721,1.15786
2003-10-17T00:00:00.000000000+0000,1.15775,1.16828,1.15515,1.16734
2003-10-18T00:00:00.000000000+0000,1.16734,1.16734,1.16734,1.16734
2003-10-19T00:00:00.000000000+0000,1.17028,1.1727,1.16852,1.16979
2003-10-20T00:00:00.000000000+0000,1.1696,1.16974,1.16,1.16264
2003-10-21T00:00:00.000000000+0000,1.16268,1.16991,1.16152,1.1649
2003-10-22T00:00:00.000000000+0000,1.16519,1.18276,1.16463,1.18177
2003-10-23T00:00:00.000000000+0000,1.18166,1.18434,1.17546,1.18201
2003-10-24T00:00:00.000000000+0000,1.18182,1.18546,1.17589,1.17738
2003-10-25T00:00:00.000000000+0000,1.17738,1.17738,1.17738,1.17738
2003-10-26T00:00:00.000000000+0000,1.17615,1.17829,1.17589,1.1777
2003-10-27T00:00:00.000000000+0000,1.17752,1.17805,1.1717,1.17347
2003-10-28T00:00:00.000000000+0000,1.17338,1.17383,1.16535,1.16629
2003-10-29T00:00:00.000000000+0000,1.1663,1.1717,1.16554,1.16597
2003-10-30T00:00:00.000000000+0000,1.16629,1.17536,1.16096,1.16225
2003-10-31T00:00:00.000000000+0000,1.16228,1.16551,1.15615,1.15851
2003-11-01T00:00:00.000000000+0000,1.15851,1.15851,1.15851,1.15851
2003-11-02T00:00:00.000000000+0000,1.15835,1.15894,1.15689,1.1579
2003-11-03T00:00:00.000000000+0000,1.15796,1.16177,1.14264,1.14547
2003-11-04T00:00:00.000000000+0000,1.14544,1.15118,1.14244,1.14722
2003-11-05T00:00:00.000000000+0000,1.1471,1.14956,1.14118,1.14239
2003-11-06T00:00:00.000000000+0000,1.14251,1.14614,1.13873,1.14081
2003-11-07T00:00:00.000000000+0000,1.14075,1.15414,1.13769,1.15269
2003-11-08T00:00:00.000000000+0000,1.15269,1.15269,1.15269,1.15269
2003-11-09T00:00:00.000000000+0000,1.151,1.15177,1.14941,1.15031
2003-11-10T00:00:00.000000000+0000,1.15028,1.15337,1.14418,1.14494
2003-11-11T00:00:00.000000000+0000,1.14465,1.15294,1.14416,1.15056
2003-11-12T00:00:00.000000000+0000,1.15066,1.16589,1.15024,1.16462
2003-11-13T00:00:00.000000000+0000,1.16447,1.17503,1.16305,1.17374
2003-11-14T00:00:00.000000000+0000,1.17367,1.18006,1.17289,1.17732
2003-11-15T00:00:00.000000000+0000,1.17732,1.17732,1.17732,1.17732
2003-11-16T00:00:00.000000000+0000,1.1784,1.18334,1.17714,1.1829
2003-11-17T00:00:00.000000000+0000,1.18271,1.18474,1.17234,1.17462
2003-11-18T00:00:00.000000000+0000,1.17462,1.19727,1.17319,1.19537
2003-11-19T00:00:00.000000000+0000,1.19556,1.19767,1.18699,1.18929
2003-11-20T00:00:00.000000000+0000,1.18919,1.19543,1.18808,1.1899
2003-11-21T00:00:00.000000000+0000,1.18993,1.19369,1.18553,1.19126
2003-11-22T00:00:00.000000000+0000,1.19126,1.19126,1.19126,1.19126
2003-11-23T00:00:00.000000000+0000,1.19135,1.19185,1.18996,1.19064
2003-11-24T00:00:00.000000000+0000,1.19097,1.19167,1.17544,1.17807
2003-11-25T00:00:00.000000000+0000,1.17805,1.18175,1.17509,1.17741
2003-11-26T00:00:00.000000000+0000,1.17766,1.1947,1.17732,1.19255
2003-11-27T00:00:00.000000000+0000,1.19274,1.19362,1.18821,1.19104
2003-11-28T00:00:00.000000000+0000,1.19101,1.20129,1.18959,1.19902
2003-11-29T00:00:00.000000000+0000,1.19902,1.19902,1.19902,1.19902
2003-11-30T00:00:00.000000000+0000,1.19711,1.20297,1.19643,1.2027
2003-12-01T00:00:00.000000000+0000,1.20283,1.20392,1.19354,1.19596
2003-12-02T00:00:00.000000000+0000,1.19572,1.21111,1.19391,1.20835
2003-12-03T00:00:00.000000000+0000,1.20839,1.21255,1.20683,1.21122
2003-12-04T00:00:00.000000000+0000,1.21112,1.21533,1.20286,1.20724
2003-12-05T00:00:00.000000000+0000,1.20721,1.21767,1.20601,1.21634
2003-12-06T00:00:00.000000000+0000,1.21634,1.21634,1.21634,1.21634
2003-12-07T00:00:00.000000000+0000,1.21635,1.21762,1.21581,1.21652
2003-12-08T00:00:00.000000000+0000,1.2163,1.22376,1.21466,1.22152
2003-12-09T00:00:00.000000000+0000,1.22157,1.22735,1.21851,1.22443
2003-12-10T00:00:00.000000000+0000,1.22438,1.22639,1.21511,1.21852
2003-12-11T00:00:00.000000000+0000,1.21869,1.22321,1.21113,1.22226
2003-12-12T00:00:00.000000000+0000,1.22187,1.23047,1.22056,1.2273
2003-12-13T00:00:00.000000000+0000,1.2273,1.2273,1.2273,1.2273
2003-12-14T00:00:00.000000000+0000,1.22505,1.22505,1.21273,1.21841
2003-12-15T00:00:00.000000000+0000,1.21842,1.23216,1.21694,1.23098
2003-12-16T00:00:00.000000000+0000,1.23094,1.23584,1.22984,1.23169
2003-12-17T00:00:00.000000000+0000,1.23167,1.24198,1.22939,1.23978
2003-12-18T00:00:00.000000000+0000,1.23957,1.24369,1.23571,1.24179
2003-12-19T00:00:00.000000000+0000,1.24164,1.24311,1.23408,1.23713
2003-12-20T00:00:00.000000000+0000,1.23713,1.23713,1.23713,1.23713
2003-12-21T00:00:00.000000000+0000,1.2388,1.24085,1.23468,1.23527
2003-12-22T00:00:00.000000000+0000,1.23503,1.24447,1.23497,1.2392
2003-12-23T00:00:00.000000000+0000,1.23909,1.24239,1.23803,1.2395
2003-12-24T00:00:00.000000000+0000,1.2395,1.24688,1.23929,1.24525
2003-12-25T00:00:00.000000000+0000,1.24453,1.24608,1.24324,1.24432
2003-12-26T00:00:00.000000000+0000,1.24425,1.24676,1.24191,1.24246
2003-12-27T00:00:00.000000000+0000,1.24246,1.24246,1.24246,1.24246
2003-12-28T00:00:00.000000000+0000,1.2437,1.24377,1.24214,1.24294
2003-12-29T00:00:00.000000000+0000,1.24258,1.25058,1.24212,1.24793
2003-12-30T00:00:00.000000000+0000,1.24805,1.25603,1.24742,1.2545
2003-12-31T00:00:00.000000000+0000,1.25429,1.26455,1.25119,1.2594
2004-01-01T00:00:00.000000000+0000,1.25934,1.26035,1.24679,1.25723
2004-01-02T00:00:00.000000000+0000,1.25701,1.26263,1.25198,1.25806
2004-01-03T00:00:00.000000000+0000,1.25806,1.25806,1.25806,1.25806
2004-01-04T00:00:00.000000000+0000,1.25855,1.26477,1.25779,1.26308
2004-01-05T00:00:00.000000000+0000,1.26308,1.26924,1.26288,1.2682
2004-01-06T00:00:00.000000000+0000,1.2682,1.28083,1.2665,1.2714
2004-01-07T00:00:00.000000000+0000,1.27145,1.27404,1.26168,1.26367
2004-01-08T00:00:00.000000000+0000,1.26353,1.27839,1.25576,1.27686
2004-01-09T00:00:00.000000000+0000,1.27682,1.28665,1.27021,1.28123
2004-01-10T00:00:00.000000000+0000,1.28123,1.28123,1.28123,1.28123
2004-01-11T00:00:00.000000000+0000,1.28209,1.28559,1.28209,1.28467
2004-01-12T00:00:00.000000000+0000,1.28482,1.28956,1.27306,1.2738
2004-01-13T00:00:00.000000000+0000,1.27352,1.27947,1.27114,1.27826
2004-01-14T00:00:00.000000000+0000,1.27834,1.2785,1.26276,1.26504
2004-01-15T00:00:00.000000000+0000,1.26501,1.26693,1.25562,1.25937
2004-01-16T00:00:00.000000000+0000,1.25947,1.26071,1.23494,1.23936
2004-01-17T00:00:00.000000000+0000,1.23936,1.23936,1.23936,1.23936
2004-01-18T00:00:00.000000000+0000,1.23768,1.24002,1.23569,1.23822
2004-01-19T00:00:00.000000000+0000,1.23817,1.24226,1.23323,1.23493
2004-01-20T00:00:00.000000000+0000,1.2349,1.25977,1.23411,1.25812
2004-01-21T00:00:00.000000000+0000,1.25792,1.26695,1.25488,1.26529
2004-01-22T00:00:00.000000000+0000,1.26541,1.27475,1.26349,1.27184
2004-01-23T00:00:00.000000000+0000,1.27195,1.27732,1.25621,1.25781
2004-01-24T00:00:00.000000000+0000,1.25781,1.25781,1.25781,1.25781
2004-01-25T00:00:00.000000000+0000,1.25739,1.25857,1.25606,1.2567
2004-01-26T00:00:00.000000000+0000,1.25661,1.26095,1.24542,1.24824
2004-01-27T00:00:00.000000000+0000,1.24834,1.26608,1.24391,1.26318
2004-01-28T00:00:00.000000000+0000,1.26337,1.26415,1.24113,1.24345
2004-01-29T00:00:00.000000000+0000,1.24349,1.25252,1.23607,1.2405
2004-01-30T00:00:00.000000000+0000,1.24037,1.24897,1.23491,1.24731
2004-01-31T00:00:00.000000000+0000,1.24731,1.24731,1.24731,1.24731
2004-02-01T00:00:00.000000000+0000,1.24741,1.24848,1.24646,1.24721
2004-02-02T00:00:00.000000000+0000,1.24704,1.24792,1.23882,1.2427
2004-02-03T00:00:00.000000000+0000,1.24272,1.25967,1.24124,1.25417
2004-02-04T00:00:00.000000000+0000,1.25392,1.25593,1.24919,1.25354
2004-02-05T00:00:00.000000000+0000,1.25325,1.26348,1.25157,1.25643
2004-02-06T00:00:00.000000000+0000,1.25654,1.27226,1.251,1.27
2004-02-07T00:00:00.000000000+0000,1.27,1.27,1.27,1.27
2004-02-08T00:00:00.000000000+0000,1.26218,1.26466,1.25963,1.26429
2004-02-09T00:00:00.000000000+0000,1.2645,1.27589,1.26441,1.26872
2004-02-10T00:00:00.000000000+0000,1.26875,1.27848,1.26649,1.26789
2004-02-11T00:00:00.000000000+0000,1.26783,1.2843,1.26482,1.2825
2004-02-12T00:00:00.000000000+0000,1.28227,1.28432,1.27873,1.28148
2004-02-13T00:00:00.000000000+0000,1.28112,1.28898,1.27135,1.27305
2004-02-14T00:00:00.000000000+0000,1.27305,1.27305,1.27305,1.27305
2004-02-15T00:00:00.000000000+0000,1.27417,1.2755,1.2721,1.27252
2004-02-16T00:00:00.000000000+0000,1.27267,1.2787,1.27139,1.27589
2004-02-17T00:00:00.000000000+0000,1.27594,1.28751,1.27533,1.28558
2004-02-18T00:00:00.000000000+0000,1.28548,1.29247,1.26561,1.27246
2004-02-19T00:00:00.000000000+0000,1.27243,1.27643,1.26516,1.27492
2004-02-20T00:00:00.000000000+0000,1.27525,1.27579,1.24928,1.25319
2004-02-21T00:00:00.000000000+0000,1.25319,1.25319,1.25319,1.25319
2004-02-22T00:00:00.000000000+0000,1.25261,1.25314,1.24969,1.25063
2004-02-23T00:00:00.000000000+0000,1.25026,1.25932,1.24494,1.25651
2004-02-24T00:00:00.000000000+0000,1.25663,1.27115,1.25203,1.26713
2004-02-25T00:00:00.000000000+0000,1.2671,1.27039,1.24716,1.24955
2004-02-26T00:00:00.000000000+0000,1.24939,1.25129,1.23826,1.24409
2004-02-27T00:00:00.000000000+0000,1.24393,1.25049,1.23718,1.24887
2004-02-28T00:00:00.000000000+0000,1.24887,1.24887,1.24887,1.24887
2004-02-29T00:00:00.000000000+0000,1.24823,1.25315,1.24726,1.25297
2004-03-01T00:00:00.000000000+0000,1.253,1.25398,1.24215,1.24431
2004-03-02T00:00:00.000000000+0000,1.24432,1.24489,1.21938,1.21976
2004-03-03T00:00:00.000000000+0000,1.2197,1.22158,1.20546,1.21874
2004-03-04T00:00:00.000000000+0000,1.21877,1.2238,1.21334,1.21984
2004-03-05T00:00:00.000000000+0000,1.21978,1.24275,1.21731,1.23642
2004-03-06T00:00:00.000000000+0000,1.23642,1.23642,1.23642,1.23642
2004-03-07T00:00:00.000000000+0000,1.23781,1.23888,1.23552,1.23609
2004-03-08T00:00:00.000000000+0000,1.23604,1.2423,1.23359,1.24182
2004-03-09T00:00:00.000000000+0000,1.24182,1.24573,1.22716,1.23138
2004-03-10T00:00:00.000000000+0000,1.23145,1.23282,1.21946,1.22271
2004-03-11T00:00:00.000000000+0000,1.22256,1.23831,1.2162,1.23448
2004-03-12T00:00:00.000000000+0000,1.23425,1.23519,1.21707,1.22145
2004-03-13T00:00:00.000000000+0000,1.22145,1.22145,1.22145,1.22145
2004-03-14T00:00:00.000000000+0000,1.22277,1.22336,1.21802,1.22099
2004-03-15T00:00:00.000000000+0000,1.22088,1.23154,1.22013,1.22645
2004-03-16T00:00:00.000000000+0000,1.22645,1.23695,1.22295,1.22545
2004-03-17T00:00:00.000000000+0000,1.22542,1.2287,1.2173,1.22215
2004-03-18T00:00:00.000000000+0000,1.2221,1.24315,1.22184,1.23819
2004-03-19T00:00:00.000000000+0000,1.23825,1.24058,1.2254,1.22829
2004-03-20T00:00:00.000000000+0000,1.22829,1.22829,1.22829,1.22829
2004-03-21T00:00:00.000000000+0000,1.22727,1.22865,1.22657,1.2273
2004-03-22T00:00:00.000000000+0000,1.22733,1.23983,1.22189,1.23385
2004-03-23T00:00:00.000000000+0000,1.234,1.23678,1.22628,1.23379
2004-03-24T00:00:00.000000000+0000,1.2337,1.23653,1.21027,1.2133
2004-03-25T00:00:00.000000000+0000,1.21334,1.21987,1.20962,1.21324
2004-03-26T00:00:00.000000000+0000,1.21324,1.22083,1.20733,1.21272
2004-03-27T00:00:00.000000000+0000,1.21272,1.21272,1.21272,1.21272
2004-03-28T00:00:00.000000000+0000,1.21142,1.21403,1.21033,1.21146
2004-03-29T00:00:00.000000000+0000,1.21141,1.21668,1.20559,1.21558
2004-03-30T00:00:00.000000000+0000,1.21543,1.22263,1.21534,1.21774
2004-03-31T00:00:00.000000000+0000,1.2177,1.23203,1.21682,1.23016
2004-04-01T00:00:00.000000000+0000,1.22994,1.23862,1.22532,1.23526
2004-04-02T00:00:00.000000000+0000,1.23527,1.23677,1.20978,1.21305
2004-04-03T00:00:00.000000000+0000,1.21305,1.21305,1.21305,1.21305
2004-04-04T00:00:00.000000000+0000,1.21076,1.21187,1.20936,1.21021
2004-04-05T00:00:00.000000000+0000,1.2099,1.21263,1.19808,1.20074
2004-04-06T00:00:00.000000000+0000,1.20086,1.21419,1.19802,1.21197
2004-04-07T00:00:00.000000000+0000,1.21189,1.21966,1.20472,1.21656
2004-04-08T00:00:00.000000000+0000,1.2165,1.22166,1.20574,1.20738
2004-04-09T00:00:00.000000000+0000,1.20731,1.21104,1.20607,1.20869
2004-04-10T00:00:00.000000000+0000,1.20869,1.20869,1.20869,1.20869
2004-04-11T00:00:00.000000000+0000,1.20857,1.20922,1.20667,1.20683
2004-04-12T00:00:00.000000000+0000,1.20726,1.20956,1.2049,1.20731
2004-04-13T00:00:00.000000000+0000,1.2073,1.20808,1.19021,1.1924
2004-04-14T00:00:00.000000000+0000,1.19248,1.19739,1.18678,1.19383
2004-04-15T00:00:00.000000000+0000,1.19407,1.1992,1.1891,1.19727
2004-04-16T00:00:00.000000000+0000,1.19732,1.20442,1.1921,1.19929
2004-04-17T00:00:00.000000000+0000,1.19929,1.19929,1.19929,1.19929
2004-04-18T00:00:00.000000000+0000,1.19989,1.20261,1.1998,1.20123
2004-04-19T00:00:00.000000000+0000,1.20132,1.20756,1.19952,1.20022
2004-04-20T00:00:00.000000000+0000,1.20049,1.20089,1.18198,1.18271
2004-04-21T00:00:00.000000000+0000,1.18272,1.19111,1.17758,1.17937
2004-04-22T00:00:00.000000000+0000,1.17941,1.19401,1.17913,1.19227
2004-04-23T00:00:00.000000000+0000,1.19223,1.19262,1.17935,1.1838
2004-04-24T00:00:00.000000000+0000,1.1838,1.1838,1.1838,1.1838
2004-04-25T00:00:00.000000000+0000,1.18177,1.1821,1.17799,1.17893
2004-04-26T00:00:00.000000000+0000,1.17908,1.1884,1.17573,1.18606
2004-04-27T00:00:00.000000000+0000,1.18602,1.19456,1.18302,1.19238
2004-04-28T00:00:00.000000000+0000,1.19212,1.19496,1.182,1.18232
2004-04-29T00:00:00.000000000+0000,1.18257,1.19841,1.18027,1.19538
2004-04-30T00:00:00.000000000+0000,1.19547,1.20089,1.19185,1.19827
2004-05-01T00:00:00.000000000+0000,1.19827,1.19827,1.19827,1.19827
2004-05-02T00:00:00.000000000+0000,1.1977,1.2,1.19745,1.19837
2004-05-03T00:00:00.000000000+0000,1.19844,1.19934,1.19189,1.19336
2004-05-04T00:00:00.000000000+0000,1.19309,1.21173,1.19284,1.21049
2004-05-05T00:00:00.000000000+0000,1.21052,1.21786,1.20998,1.21584
2004-05-06T00:00:00.000000000+0000,1.21604,1.21734,1.20625,1.20685
2004-05-07T00:00:00.000000000+0000,1.20684,1.21313,1.1872,1.18887
2004-05-08T00:00:00.000000000+0000,1.18887,1.18887,1.18887,1.18887
2004-05-09T00:00:00.000000000+0000,1.18648,1.18936,1.1858,1.18602
2004-05-10T00:00:00.000000000+0000,1.18619,1.18785,1.18103,1.18631
2004-05-11T00:00:00.000000000+0000,1.18658,1.18885,1.17869,1.18752
2004-05-12T00:00:00.000000000+0000,1.18752,1.19402,1.18322,1.19092
2004-05-13T00:00:00.000000000+0000,1.19081,1.19294,1.17708,1.18015
2004-05-14T00:00:00.000000000+0000,1.18023,1.19007,1.17806,1.18869
2004-05-15T00:00:00.000000000+0000,1.18869,1.18869,1.18869,1.18869
2004-05-16T00:00:00.000000000+0000,1.18832,1.18958,1.18758,1.18799
2004-05-17T00:00:00.000000000+0000,1.18838,1.2058,1.18782,1.20364
2004-05-18T00:00:00.000000000+0000,1.20349,1.20358,1.19272,1.19397
2004-05-19T00:00:00.000000000+0000,1.19429,1.20409,1.19381,1.19997
2004-05-20T00:00:00.000000000+0000,1.20001,1.20127,1.18942,1.19544
2004-05-21T00:00:00.000000000+0000,1.19542,1.20679,1.1953,1.19761
2004-05-22T00:00:00.000000000+0000,1.19761,1.19761,1.19761,1.19761
2004-05-23T00:00:00.000000000+0000,1.19817,1.20021,1.19782,1.19897
2004-05-24T00:00:00.000000000+0000,1.19899,1.20231,1.19324,1.19926
2004-05-25T00:00:00.000000000+0000,1.19924,1.21263,1.19888,1.21077
2004-05-26T00:00:00.000000000+0000,1.21082,1.21422,1.20814,1.20992
2004-05-27T00:00:00.000000000+0000,1.21,1.22884,1.20867,1.22695
2004-05-28T00:00:00.000000000+0000,1.22714,1.22956,1.22002,1.22186
2004-05-29T00:00:00.000000000+0000,1.22186,1.22186,1.22186,1.22186
2004-05-30T00:00:00.000000000+0000,1.22304,1.22529,1.22272,1.22299
2004-05-31T00:00:00.000000000+0000,1.22307,1.22362,1.21722,1.21765
2004-06-01T00:00:00.000000000+0000,1.21772,1.22657,1.21543,1.22408
2004-06-02T00:00:00.000000000+0000,1.22415,1.2303,1.2203,1.22117
2004-06-03T00:00:00.000000000+0000,1.22137,1.22496,1.2168,1.22105
2004-06-04T00:00:00.000000000+0000,1.22105,1.23179,1.21395,1.22816
2004-06-05T00:00:00.000000000+0000,1.22816,1.22816,1.22816,1.22816
2004-06-06T00:00:00.000000000+0000,1.22867,1.23339,1.22742,1.23253
2004-06-07T00:00:00.000000000+0000,1.23269,1.23373,1.22992,1.23107
2004-06-08T00:00:00.000000000+0000,1.2313,1.235,1.22434,1.22654
2004-06-09T00:00:00.000000000+0000,1.22666,1.22716,1.20225,1.20309
2004-06-10T00:00:00.000000000+0000,1.20324,1.21179,1.20276,1.20868
2004-06-11T00:00:00.000000000+0000,1.20855,1.20877,1.19624,1.20056
2004-06-12T00:00:00.000000000+0000,1.20056,1.20056,1.20056,1.20056
2004-06-13T00:00:00.000000000+0000,1.1996,1.20011,1.196,1.1976
2004-06-14T00:00:00.000000000+0000,1.19745,1.20872,1.19512,1.20621
2004-06-15T00:00:00.000000000+0000,1.20632,1.21694,1.20254,1.21498
2004-06-16T00:00:00.000000000+0000,1.21465,1.21677,1.19787,1.20022
2004-06-17T00:00:00.000000000+0000,1.20035,1.20769,1.19901,1.20351
2004-06-18T00:00:00.000000000+0000,1.20311,1.21467,1.19725,1.21377
2004-06-19T00:00:00.000000000+0000,1.21377,1.21377,1.21377,1.21377
2004-06-20T00:00:00.000000000+0000,1.21308,1.2145,1.21287,1.21289
2004-06-21T00:00:00.000000000+0000,1.21305,1.21441,1.20749,1.21172
2004-06-22T00:00:00.000000000+0000,1.21152,1.21306,1.20652,1.21062
2004-06-23T00:00:00.000000000+0000,1.2105,1.21911,1.20624,1.20793
2004-06-24T00:00:00.000000000+0000,1.2075,1.21889,1.2038,1.21677
2004-06-25T00:00:00.000000000+0000,1.21685,1.21841,1.21062,1.21771
2004-06-26T00:00:00.000000000+0000,1.21771,1.21771,1.21771,1.21771
2004-06-27T00:00:00.000000000+0000,1.2173,1.21816,1.21634,1.21659
2004-06-28T00:00:00.000000000+0000,1.21641,1.22268,1.21209,1.21874
2004-06-29T00:00:00.000000000+0000,1.21848,1.21865,1.20646,1.20869
2004-06-30T00:00:00.000000000+0000,1.20849,1.22078,1.2063,1.21997
2004-07-01T00:00:00.000000000+0000,1.21987,1.22068,1.21319,1.21618
2004-07-02T00:00:00.000000000+0000,1.21629,1.23271,1.21416,1.23174
2004-07-03T00:00:00.000000000+0000,1.23174,1.23174,1.23174,1.23174
2004-07-04T00:00:00.000000000+0000,1.23205,1.2335,1.23093,1.23254
2004-07-05T00:00:00.000000000+0000,1.23279,1.23304,1.22654,1.23033
2004-07-06T00:00:00.000000000+0000,1.23027,1.2329,1.22638,1.22956
2004-07-07T00:00:00.000000000+0000,1.22934,1.23879,1.22715,1.23749
2004-07-08T00:00:00.000000000+0000,1.23742,1.24042,1.23386,1.23893
2004-07-09T00:00:00.000000000+0000,1.23877,1.2422,1.23677,1.24148
2004-07-10T00:00:00.000000000+0000,1.24148,1.24148,1.24148,1.24148
2004-07-11T00:00:00.000000000+0000,1.2406,1.2418,1.24016,1.24151
2004-07-12T00:00:00.000000000+0000,1.24146,1.2435,1.23795,1.23943
2004-07-13T00:00:00.000000000+0000,1.23934,1.23958,1.22979,1.23247
2004-07-14T00:00:00.000000000+0000,1.23235,1.24201,1.23173,1.23857
2004-07-15T00:00:00.000000000+0000,1.23855,1.23861,1.23255,1.23518
2004-07-16T00:00:00.000000000+0000,1.23505,1.24579,1.23269,1.24487
2004-07-17T00:00:00.000000000+0000,1.24487,1.24487,1.24487,1.24487
2004-07-18T00:00:00.000000000+0000,1.24412,1.24602,1.24355,1.24521
2004-07-19T00:00:00.000000000+0000,1.24509,1.24609,1.23975,1.24271
2004-07-20T00:00:00.000000000+0000,1.24256,1.24536,1.22981,1.23184
2004-07-21T00:00:00.000000000+0000,1.23171,1.2348,1.22089,1.22572
2004-07-22T00:00:00.000000000+0000,1.22556,1.22911,1.22279,1.22566
2004-07-23T00:00:00.000000000+0000,1.2254,1.22673,1.20843,1.20918
2004-07-24T00:00:00.000000000+0000,1.20918,1.20918,1.20918,1.20918
2004-07-25T00:00:00.000000000+0000,1.20932,1.21157,1.20895,1.21046
2004-07-26T00:00:00.000000000+0000,1.21067,1.21699,1.20853,1.21321
2004-07-27T00:00:00.000000000+0000,1.21327,1.2189,1.20338,1.2063
2004-07-28T00:00:00.000000000+0000,1.20629,1.2078,1.19972,1.20484
2004-07-29T00:00:00.000000000+0000,1.20509,1.20932,1.19912,1.20361
2004-07-30T00:00:00.000000000+0000,1.20349,1.21183,1.19997,1.20135
2004-07-31T00:00:00.000000000+0000,1.20135,1.20135,1.20135,1.20135
2004-08-01T00:00:00.000000000+0000,1.20114,1.20757,1.20103,1.20565
2004-08-02T00:00:00.000000000+0000,1.20563,1.20928,1.20128,1.202
2004-08-03T00:00:00.000000000+0000,1.20207,1.20751,1.19941,1.20522
2004-08-04T00:00:00.000000000+0000,1.20547,1.20659,1.19695,1.20559
2004-08-05T00:00:00.000000000+0000,1.20546,1.20727,1.20189,1.20554
2004-08-06T00:00:00.000000000+0000,1.20525,1.229,1.20431,1.2279
2004-08-07T00:00:00.000000000+0000,1.2279,1.2279,1.2279,1.2279
2004-08-08T00:00:00.000000000+0000,1.22805,1.22883,1.22622,1.22725
2004-08-09T00:00:00.000000000+0000,1.22697,1.22885,1.22444,1.22642
2004-08-10T00:00:00.000000000+0000,1.2264,1.23179,1.22191,1.22334
2004-08-11T00:00:00.000000000+0000,1.22339,1.22497,1.21937,1.22271
2004-08-12T00:00:00.000000000+0000,1.22234,1.22948,1.22186,1.22354
2004-08-13T00:00:00.000000000+0000,1.22347,1.23754,1.2175,1.23723
2004-08-14T00:00:00.000000000+0000,1.23723,1.23723,1.23723,1.23723
2004-08-15T00:00:00.000000000+0000,1.23668,1.23826,1.23668,1.23707
2004-08-16T00:00:00.000000000+0000,1.23717,1.2378,1.23158,1.23555
2004-08-17T00:00:00.000000000+0000,1.23554,1.23845,1.23096,1.23485
2004-08-18T00:00:00.000000000+0000,1.23482,1.23642,1.22847,1.23376
2004-08-19T00:00:00.000000000+0000,1.23347,1.23781,1.23305,1.23624
2004-08-20T00:00:00.000000000+0000,1.23639,1.23804,1.22791,1.23169
2004-08-21T00:00:00.000000000+0000,1.23169,1.23169,1.23169,1.23169
2004-08-22T00:00:00.000000000+0000,1.23088,1.23231,1.22955,1.23099
2004-08-23T00:00:00.000000000+0000,1.23124,1.2314,1.21298,1.21486
2004-08-24T00:00:00.000000000+0000,1.21479,1.21656,1.20583,1.20701
2004-08-25T00:00:00.000000000+0000,1.20702,1.21156,1.20504,1.20784
2004-08-26T00:00:00.000000000+0000,1.20764,1.21157,1.2045,1.21069
2004-08-27T00:00:00.000000000+0000,1.21047,1.21343,1.19995,1.20086
2004-08-28T00:00:00.000000000+0000,1.20086,1.20086,1.20086,1.20086
2004-08-29T00:00:00.000000000+0000,1.20061,1.20174,1.20007,1.20086
2004-08-30T00:00:00.000000000+0000,1.20071,1.2067,1.19849,1.20458
2004-08-31T00:00:00.000000000+0000,1.20439,1.21934,1.2043,1.21768
2004-09-01T00:00:00.000000000+0000,1.21738,1.22198,1.21461,1.21879
2004-09-02T00:00:00.000000000+0000,1.21883,1.2199,1.21392,1.21656
2004-09-03T00:00:00.000000000+0000,1.21647,1.21917,1.20399,1.20532
2004-09-04T00:00:00.000000000+0000,1.20532,1.20532,1.20532,1.20532
2004-09-05T00:00:00.000000000+0000,1.20558,1.20688,1.20501,1.20652
2004-09-06T00:00:00.000000000+0000,1.20641,1.20783,1.20449,1.2064
2004-09-07T00:00:00.000000000+0000,1.20624,1.21112,1.20508,1.2085
2004-09-08T00:00:00.000000000+0000,1.20835,1.21914,1.20242,1.21804
2004-09-09T00:00:00.000000000+0000,1.21792,1.22481,1.21575,1.22326
2004-09-10T00:00:00.000000000+0000,1.22317,1.23069,1.21974,1.22664
2004-09-11T00:00:00.000000000+0000,1.22664,1.22664,1.22664,1.22664
2004-09-12T00:00:00.000000000+0000,1.2257,1.22842,1.22568,1.22824
2004-09-13T00:00:00.000000000+0000,1.22813,1.22865,1.22215,1.22643
2004-09-14T00:00:00.000000000+0000,1.22649,1.22938,1.22236,1.22481
2004-09-15T00:00:00.000000000+0000,1.22477,1.22593,1.21323,1.21463
2004-09-16T00:00:00.000000000+0000,1.21455,1.21971,1.21192,1.21835
2004-09-17T00:00:00.000000000+0000,1.2183,1.22215,1.21555,1.21842
2004-09-18T00:00:00.000000000+0000,1.21842,1.21842,1.21842,1.21842
2004-09-19T00:00:00.000000000+0000,1.21749,1.2184,1.21576,1.21654
2004-09-20T00:00:00.000000000+0000,1.21647,1.21784,1.21212,1.2172
2004-09-21T00:00:00.000000000+0000,1.21699,1.23459,1.21663,1.23235
2004-09-22T00:00:00.000000000+0000,1.23236,1.23297,1.22277,1.22657
2004-09-23T00:00:00.000000000+0000,1.22664,1.2332,1.22514,1.22756
2004-09-24T00:00:00.000000000+0000,1.22745,1.23595,1.22363,1.22714
2004-09-25T00:00:00.000000000+0000,1.22714,1.22714,1.22714,1.22714
2004-09-26T00:00:00.000000000+0000,1.22742,1.22855,1.22647,1.22751
2004-09-27T00:00:00.000000000+0000,1.22725,1.2314,1.22449,1.22999
2004-09-28T00:00:00.000000000+0000,1.22986,1.23462,1.22766,1.23128
2004-09-29T00:00:00.000000000+0000,1.23118,1.23383,1.22874,1.23271
2004-09-30T00:00:00.000000000+0000,1.23277,1.24427,1.23126,1.24261
2004-10-01T00:00:00.000000000+0000,1.24233,1.24328,1.23822,1.23972
2004-10-02T00:00:00.000000000+0000,1.23972,1.23972,1.23972,1.23972
2004-10-03T00:00:00.000000000+0000,1.23879,1.23992,1.23789,1.23871
2004-10-04T00:00:00.000000000+0000,1.2387,1.23907,1.22561,1.22801
2004-10-05T00:00:00.000000000+0000,1.22827,1.23281,1.22607,1.2315
2004-10-06T00:00:00.000000000+0000,1.23145,1.23219,1.22455,1.22841
2004-10-07T00:00:00.000000000+0000,1.22847,1.23125,1.22698,1.2295
2004-10-08T00:00:00.000000000+0000,1.22954,1.24317,1.22812,1.24077
2004-10-09T00:00:00.000000000+0000,1.24077,1.24077,1.24077,1.24077
2004-10-10T00:00:00.000000000+0000,1.24112,1.24209,1.24021,1.24077
2004-10-11T00:00:00.000000000+0000,1.24085,1.24157,1.23671,1.23736
2004-10-12T00:00:00.000000000+0000,1.23704,1.23726,1.2286,1.23155
2004-10-13T00:00:00.000000000+0000,1.23144,1.23549,1.22257,1.23392
2004-10-14T00:00:00.000000000+0000,1.2339,1.24178,1.23196,1.2385
2004-10-15T00:00:00.000000000+0000,1.23804,1.24987,1.23788,1.24767
2004-10-16T00:00:00.000000000+0000,1.24767,1.24767,1.24767,1.24767
2004-10-17T00:00:00.000000000+0000,1.24713,1.24846,1.24678,1.24819
2004-10-18T00:00:00.000000000+0000,1.24795,1.25328,1.24592,1.24808
2004-10-19T00:00:00.000000000+0000,1.24767,1.25249,1.24488,1.2511
2004-10-20T00:00:00.000000000+0000,1.25077,1.2627,1.24855,1.25788
2004-10-21T00:00:00.000000000+0000,1.25782,1.2648,1.25729,1.26108
2004-10-22T00:00:00.000000000+0000,1.26107,1.269,1.25981,1.26856
2004-10-23T00:00:00.000000000+0000,1.26856,1.26856,1.26856,1.26856
2004-10-24T00:00:00.000000000+0000,1.26911,1.27407,1.26911,1.27366
2004-10-25T00:00:00.000000000+0000,1.2734,1.28276,1.27318,1.27845
2004-10-26T00:00:00.000000000+0000,1.27846,1.284,1.27244,1.27487
2004-10-27T00:00:00.000000000+0000,1.27462,1.28108,1.2691,1.2692
2004-10-28T00:00:00.000000000+0000,1.26927,1.27649,1.26405,1.27447
2004-10-29T00:00:00.000000000+0000,1.27436,1.27976,1.27079,1.27867
2004-10-30T00:00:00.000000000+0000,1.27867,1.27867,1.27867,1.27867
2004-10-31T00:00:00.000000000+0000,1.27886,1.28298,1.27886,1.28243
2004-11-01T00:00:00.000000000+0000,1.2822,1.28253,1.27164,1.27411
2004-11-02T00:00:00.000000000+0000,1.274,1.27471,1.26634,1.27134
2004-11-03T00:00:00.000000000+0000,1.27157,1.28294,1.26575,1.28209
2004-11-04T00:00:00.000000000+0000,1.28205,1.28954,1.27898,1.28693
2004-11-05T00:00:00.000000000+0000,1.28685,1.29709,1.27545,1.29591
2004-11-06T00:00:00.000000000+0000,1.29591,1.29591,1.29591,1.29591
2004-11-07T00:00:00.000000000+0000,1.29608,1.29725,1.29548,1.29606
2004-11-08T00:00:00.000000000+0000,1.29601,1.29841,1.29021,1.29076
2004-11-09T00:00:00.000000000+0000,1.29029,1.29372,1.28842,1.28949
2004-11-10T00:00:00.000000000+0000,1.28921,1.30014,1.28496,1.28803
2004-11-11T00:00:00.000000000+0000,1.28804,1.29181,1.28577,1.29042
2004-11-12T00:00:00.000000000+0000,1.2904,1.2987,1.28741,1.29712
2004-11-13T00:00:00.000000000+0000,1.29712,1.29712,1.29712,1.29712
2004-11-14T00:00:00.000000000+0000,1.29798,1.29887,1.29644,1.29856
2004-11-15T00:00:00.000000000+0000,1.29834,1.29969,1.29154,1.29339
2004-11-16T00:00:00.000000000+0000,1.29336,1.29915,1.29163,1.29567
2004-11-17T00:00:00.000000000+0000,1.29587,1.30448,1.29487,1.30324
2004-11-18T00:00:00.000000000+0000,1.30341,1.30715,1.29381,1.29456
2004-11-19T00:00:00.000000000+0000,1.2943,1.3066,1.29372,1.30201
2004-11-20T00:00:00.000000000+0000,1.30201,1.30201,1.30201,1.30201
2004-11-21T00:00:00.000000000+0000,1.30255,1.30483,1.30176,1.30203
2004-11-22T00:00:00.000000000+0000,1.30193,1.30505,1.3012,1.30356
2004-11-23T00:00:00.000000000+0000,1.30357,1.3101,1.29758,1.30973
2004-11-24T00:00:00.000000000+0000,1.30957,1.31879,1.30814,1.31724
2004-11-25T00:00:00.000000000+0000,1.31743,1.32794,1.31602,1.32536
2004-11-26T00:00:00.000000000+0000,1.32551,1.33278,1.31847,1.32926
2004-11-27T00:00:00.000000000+0000,1.32926,1.32926,1.32926,1.32926
2004-11-28T00:00:00.000000000+0000,1.32845,1.32851,1.32628,1.32669
2004-11-29T00:00:00.000000000+0000,1.32656,1.33033,1.32281,1.32601
2004-11-30T00:00:00.000000000+0000,1.32596,1.33297,1.32297,1.32937
2004-12-01T00:00:00.000000000+0000,1.32909,1.33544,1.32734,1.33436
2004-12-02T00:00:00.000000000+0000,1.33435,1.33806,1.32359,1.32566
2004-12-03T00:00:00.000000000+0000,1.32564,1.34592,1.32501,1.34479
2004-12-04T00:00:00.000000000+0000,1.34479,1.34479,1.34479,1.34479
2004-12-05T00:00:00.000000000+0000,1.34424,1.3452,1.34344,1.34458
2004-12-06T00:00:00.000000000+0000,1.34433,1.34538,1.33862,1.33932
2004-12-07T00:00:00.000000000+0000,1.33912,1.34681,1.33891,1.34264
2004-12-08T00:00:00.000000000+0000,1.34268,1.34295,1.31924,1.33429
2004-12-09T00:00:00.000000000+0000,1.33426,1.33577,1.32499,1.33008
2004-12-10T00:00:00.000000000+0000,1.32974,1.33002,1.31391,1.32214
2004-12-11T00:00:00.000000000+0000,1.32214,1.32214,1.32214,1.32214
2004-12-12T00:00:00.000000000+0000,1.32053,1.32285,1.31871,1.32188
2004-12-13T00:00:00.000000000+0000,1.32196,1.33247,1.32135,1.33148
2004-12-14T00:00:00.000000000+0000,1.3315,1.33304,1.3258,1.33026
2004-12-15T00:00:00.000000000+0000,1.33027,1.34415,1.32592,1.33993
2004-12-16T00:00:00.000000000+0000,1.33986,1.3427,1.31917,1.32491
2004-12-17T00:00:00.000000000+0000,1.3247,1.33148,1.32259,1.33049
2004-12-18T00:00:00.000000000+0000,1.33049,1.33049,1.33049,1.33049
2004-12-19T00:00:00.000000000+0000,1.33086,1.3339,1.32964,1.33088
2004-12-20T00:00:00.000000000+0000,1.33101,1.3407,1.32945,1.33875
2004-12-21T00:00:00.000000000+0000,1.33874,1.34062,1.33364,1.33637
2004-12-22T00:00:00.000000000+0000,1.33634,1.3402,1.3341,1.33866
2004-12-23T00:00:00.000000000+0000,1.33872,1.35145,1.33784,1.35069
2004-12-24T00:00:00.000000000+0000,1.35045,1.35455,1.34821,1.3529
2004-12-25T00:00:00.000000000+0000,1.3529,1.3529,1.3529,1.3529
2004-12-26T00:00:00.000000000+0000,1.35265,1.3534,1.35173,1.35229
2004-12-27T00:00:00.000000000+0000,1.35231,1.36374,1.3511,1.36194
2004-12-28T00:00:00.000000000+0000,1.36187,1.36415,1.35725,1.35902
2004-12-29T00:00:00.000000000+0000,1.35899,1.36448,1.35557,1.36032
2004-12-30T00:00:00.000000000+0000,1.36028,1.36649,1.3573,1.36212
2004-12-31T00:00:00.000000000+0000,1.36211,1.36581,1.35027,1.35523
2005-01-01T00:00:00.000000000+0000,1.35761,1.35761,1.35761,1.35761
2005-01-02T00:00:00.000000000+0000,1.35385,1.35771,1.35351,1.35761
2005-01-03T00:00:00.000000000+0000,1.35772,1.35777,1.33856,1.34624
2005-01-04T00:00:00.000000000+0000,1.34649,1.34931,1.32493,1.32778
2005-01-05T00:00:00.000000000+0000,1.32788,1.33004,1.32147,1.32731
2005-01-06T00:00:00.000000000+0000,1.32757,1.32765,1.31539,1.31782
2005-01-07T00:00:00.000000000+0000,1.3178,1.32479,1.30234,1.30505
2005-01-08T00:00:00.000000000+0000,1.30505,1.30505,1.30505,1.30505
2005-01-09T00:00:00.000000000+0000,1.30452,1.30722,1.30452,1.30706
2005-01-10T00:00:00.000000000+0000,1.30719,1.31203,1.30552,1.31047
2005-01-11T00:00:00.000000000+0000,1.31056,1.3169,1.30971,1.31125
2005-01-12T00:00:00.000000000+0000,1.31125,1.32908,1.30813,1.32552
2005-01-13T00:00:00.000000000+0000,1.32547,1.32639,1.31918,1.32063
2005-01-14T00:00:00.000000000+0000,1.32065,1.32082,1.30556,1.31078
2005-01-15T00:00:00.000000000+0000,1.31078,1.31078,1.31078,1.31078
2005-01-16T00:00:00.000000000+0000,1.31021,1.31142,1.3094,1.30949
2005-01-17T00:00:00.000000000+0000,1.30953,1.3126,1.30332,1.30449
2005-01-18T00:00:00.000000000+0000,1.30464,1.3072,1.29928,1.30125
2005-01-19T00:00:00.000000000+0000,1.30124,1.3116,1.29633,1.29973
2005-01-20T00:00:00.000000000+0000,1.29984,1.30214,1.29241,1.29596
2005-01-21T00:00:00.000000000+0000,1.29582,1.3066,1.29197,1.30373
2005-01-22T00:00:00.000000000+0000,1.30373,1.30373,1.30373,1.30373
2005-01-23T00:00:00.000000000+0000,1.3039,1.30478,1.30336,1.30371
2005-01-24T00:00:00.000000000+0000,1.30374,1.30966,1.30267,1.30347
2005-01-25T00:00:00.000000000+0000,1.30364,1.30741,1.29436,1.29664
2005-01-26T00:00:00.000000000+0000,1.29659,1.31065,1.29634,1.30734
2005-01-27T00:00:00.000000000+0000,1.30737,1.31209,1.30089,1.30359
2005-01-28T00:00:00.000000000+0000,1.3037,1.30776,1.29838,1.30334
2005-01-29T00:00:00.000000000+0000,1.30334,1.30334,1.30334,1.30334
2005-01-30T00:00:00.000000000+0000,1.30315,1.30366,1.30039,1.30185
2005-01-31T00:00:00.000000000+0000,1.30189,1.30568,1.29752,1.30463
2005-02-01T00:00:00.000000000+0000,1.30458,1.30627,1.29956,1.30374
2005-02-02T00:00:00.000000000+0000,1.30441,1.30912,1.30039,1.30291
2005-02-03T00:00:00.000000000+0000,1.30273,1.30349,1.294,1.29668
2005-02-04T00:00:00.000000000+0000,1.29655,1.30367,1.2845,1.28664
2005-02-05T00:00:00.000000000+0000,1.28664,1.28664,1.28664,1.28664
2005-02-06T00:00:00.000000000+0000,1.2864,1.28648,1.28472,1.28504
2005-02-07T00:00:00.000000000+0000,1.28508,1.28627,1.27311,1.27592
2005-02-08T00:00:00.000000000+0000,1.27577,1.27961,1.27299,1.27679
2005-02-09T00:00:00.000000000+0000,1.27665,1.28129,1.27323,1.28089
2005-02-10T00:00:00.000000000+0000,1.2807,1.29033,1.27359,1.28721
2005-02-11T00:00:00.000000000+0000,1.28724,1.28941,1.28422,1.2862
2005-02-12T00:00:00.000000000+0000,1.2862,1.2862,1.2862,1.2862
2005-02-13T00:00:00.000000000+0000,1.2859,1.2886,1.28564,1.28826
2005-02-14T00:00:00.000000000+0000,1.2879,1.29877,1.28776,1.29658
2005-02-15T00:00:00.000000000+0000,1.29672,1.3048,1.29432,1.30104
2005-02-16T00:00:00.000000000+0000,1.30105,1.30608,1.29573,1.30194
2005-02-17T00:00:00.000000000+0000,1.30207,1.30882,1.3012,1.30705
2005-02-18T00:00:00.000000000+0000,1.307,1.30813,1.30128,1.30699
2005-02-19T00:00:00.000000000+0000,1.30699,1.30699,1.30699,1.30699
2005-02-20T00:00:00.000000000+0000,1.30563,1.30682,1.30396,1.30659
2005-02-21T00:00:00.000000000+0000,1.30658,1.30764,1.30303,1.30605
2005-02-22T00:00:00.000000000+0000,1.30608,1.3267,1.30504,1.32569
2005-02-23T00:00:00.000000000+0000,1.32545,1.32731,1.31843,1.31992
2005-02-24T00:00:00.000000000+0000,1.31987,1.32682,1.31519,1.31773
2005-02-25T00:00:00.000000000+0000,1.31787,1.32468,1.31432,1.32423
2005-02-26T00:00:00.000000000+0000,1.32423,1.32423,1.32423,1.32423
2005-02-27T00:00:00.000000000+0000,1.3233,1.32491,1.3228,1.32477
2005-02-28T00:00:00.000000000+0000,1.32469,1.32777,1.3206,1.32146
2005-03-01T00:00:00.000000000+0000,1.32127,1.3224,1.31622,1.31681
2005-03-02T00:00:00.000000000+0000,1.31687,1.3177,1.30869,1.31329
2005-03-03T00:00:00.000000000+0000,1.31335,1.31632,1.30953,1.31008
2005-03-04T00:00:00.000000000+0000,1.30999,1.3253,1.30884,1.32335
2005-03-05T00:00:00.000000000+0000,1.32335,1.32335,1.32335,1.32335
2005-03-06T00:00:00.000000000+0000,1.32352,1.3243,1.32296,1.3233
2005-03-07T00:00:00.000000000+0000,1.32334,1.32461,1.31763,1.3216
2005-03-08T00:00:00.000000000+0000,1.32167,1.33602,1.32048,1.33436
2005-03-09T00:00:00.000000000+0000,1.33444,1.34211,1.33294,1.33732
2005-03-10T00:00:00.000000000+0000,1.3371,1.34519,1.33665,1.34361
2005-03-11T00:00:00.000000000+0000,1.34356,1.34767,1.33964,1.34536
2005-03-12T00:00:00.000000000+0000,1.34536,1.34536,1.34536,1.34536
2005-03-13T00:00:00.000000000+0000,1.34509,1.34732,1.34494,1.34685
2005-03-14T00:00:00.000000000+0000,1.34714,1.34759,1.33345,1.33615
2005-03-15T00:00:00.000000000+0000,1.33571,1.34075,1.329,1.33073
2005-03-16T00:00:00.000000000+0000,1.3306,1.34377,1.32894,1.34068
2005-03-17T00:00:00.000000000+0000,1.34067,1.34175,1.33264,1.33769
2005-03-18T00:00:00.000000000+0000,1.33753,1.33843,1.32583,1.33216
2005-03-19T00:00:00.000000000+0000,1.33216,1.33216,1.33216,1.33216
2005-03-20T00:00:00.000000000+0000,1.33172,1.33174,1.33025,1.33132
2005-03-21T00:00:00.000000000+0000,1.33157,1.33159,1.31393,1.31571
2005-03-22T00:00:00.000000000+0000,1.31553,1.32217,1.30322,1.3072
2005-03-23T00:00:00.000000000+0000,1.30714,1.30841,1.29559,1.29875
2005-03-24T00:00:00.000000000+0000,1.29845,1.30293,1.29249,1.29269
2005-03-25T00:00:00.000000000+0000,1.29257,1.29674,1.29241,1.29536
2005-03-26T00:00:00.000000000+0000,1.29536,1.29536,1.29536,1.29536
2005-03-27T00:00:00.000000000+0000,1.29509,1.29633,1.29406,1.29509
2005-03-28T00:00:00.000000000+0000,1.29508,1.29549,1.28536,1.28827
2005-03-29T00:00:00.000000000+0000,1.28817,1.29545,1.28771,1.29333
2005-03-30T00:00:00.000000000+0000,1.29321,1.29825,1.29067,1.2921
2005-03-31T00:00:00.000000000+0000,1.29205,1.3018,1.29087,1.29624
2005-04-01T00:00:00.000000000+0000,1.29617,1.30445,1.28701,1.2908
2005-04-02T00:00:00.000000000+0000,1.2908,1.2908,1.2908,1.2908
2005-04-03T00:00:00.000000000+0000,1.29021,1.2903,1.28751,1.28812
2005-04-04T00:00:00.000000000+0000,1.28809,1.29022,1.2817,1.28459
2005-04-05T00:00:00.000000000+0000,1.2842,1.28747,1.27977,1.2845
2005-04-06T00:00:00.000000000+0000,1.28443,1.29051,1.28357,1.2869
2005-04-07T00:00:00.000000000+0000,1.28705,1.29362,1.28305,1.28305
2005-04-08T00:00:00.000000000+0000,1.283,1.29367,1.28061,1.2931
2005-04-09T00:00:00.000000000+0000,1.2931,1.2931,1.2931,1.2931
2005-04-10T00:00:00.000000000+0000,1.29314,1.29347,1.29056,1.29239
2005-04-11T00:00:00.000000000+0000,1.2919,1.30019,1.29027,1.29759
2005-04-12T00:00:00.000000000+0000,1.29721,1.30045,1.28496,1.29011
2005-04-13T00:00:00.000000000+0000,1.29021,1.29525,1.28496,1.29057
2005-04-14T00:00:00.000000000+0000,1.29037,1.29075,1.27667,1.28094
2005-04-15T00:00:00.000000000+0000,1.28104,1.29382,1.27757,1.29187
2005-04-16T00:00:00.000000000+0000,1.29187,1.29187,1.29187,1.29187
2005-04-17T00:00:00.000000000+0000,1.29086,1.29219,1.28878,1.29132
2005-04-18T00:00:00.000000000+0000,1.29094,1.30417,1.28725,1.30109
2005-04-19T00:00:00.000000000+0000,1.30085,1.30761,1.29801,1.30594
2005-04-20T00:00:00.000000000+0000,1.30599,1.31038,1.29901,1.31001
2005-04-21T00:00:00.000000000+0000,1.30979,1.31192,1.30239,1.30361
2005-04-22T00:00:00.000000000+0000,1.30345,1.30908,1.30195,1.30577
2005-04-23T00:00:00.000000000+0000,1.30577,1.30577,1.30577,1.30577
2005-04-24T00:00:00.000000000+0000,1.30602,1.30686,1.30318,1.30435
2005-04-25T00:00:00.000000000+0000,1.30413,1.30448,1.2954,1.29847
2005-04-26T00:00:00.000000000+0000,1.29838,1.30128,1.29454,1.29735
2005-04-27T00:00:00.000000000+0000,1.29733,1.29865,1.29028,1.2924
2005-04-28T00:00:00.000000000+0000,1.29237,1.29393,1.28789,1.29015
2005-04-29T00:00:00.000000000+0000,1.29004,1.29779,1.28511,1.28696
2005-04-30T00:00:00.000000000+0000,1.28696,1.28696,1.28696,1.28696
2005-05-01T00:00:00.000000000+0000,1.28628,1.28643,1.28476,1.2848
2005-05-02T00:00:00.000000000+0000,1.28493,1.2873,1.28356,1.28536
2005-05-03T00:00:00.000000000+0000,1.28512,1.29111,1.28264,1.28759
2005-05-04T00:00:00.000000000+0000,1.28755,1.29711,1.28726,1.29419
2005-05-05T00:00:00.000000000+0000,1.2941,1.2988,1.29226,1.29452
2005-05-06T00:00:00.000000000+0000,1.29429,1.29616,1.28083,1.28343
2005-05-07T00:00:00.000000000+0000,1.28343,1.28343,1.28343,1.28343
2005-05-08T00:00:00.000000000+0000,1.28174,1.28287,1.28077,1.28129
2005-05-09T00:00:00.000000000+0000,1.28132,1.28742,1.27887,1.28443
2005-05-10T00:00:00.000000000+0000,1.28444,1.28875,1.28139,1.28744
2005-05-11T00:00:00.000000000+0000,1.28738,1.29099,1.2776,1.28007
2005-05-12T00:00:00.000000000+0000,1.28015,1.28057,1.26628,1.26787
2005-05-13T00:00:00.000000000+0000,1.26789,1.26864,1.26086,1.2633
2005-05-14T00:00:00.000000000+0000,1.2633,1.2633,1.2633,1.2633
2005-05-15T00:00:00.000000000+0000,1.2632,1.26338,1.25817,1.26035
2005-05-16T00:00:00.000000000+0000,1.26016,1.26468,1.25603,1.26249
2005-05-17T00:00:00.000000000+0000,1.2623,1.26616,1.25874,1.25903
2005-05-18T00:00:00.000000000+0000,1.25867,1.26885,1.25841,1.26686
2005-05-19T00:00:00.000000000+0000,1.26665,1.26883,1.26035,1.26306
2005-05-20T00:00:00.000000000+0000,1.263,1.26521,1.25268,1.25457
2005-05-21T00:00:00.000000000+0000,1.25457,1.25457,1.25457,1.25457
2005-05-22T00:00:00.000000000+0000,1.25454,1.25519,1.25375,1.25475
2005-05-23T00:00:00.000000000+0000,1.2549,1.25953,1.25339,1.2572
2005-05-24T00:00:00.000000000+0000,1.25716,1.2627,1.25513,1.25589
2005-05-25T00:00:00.000000000+0000,1.2558,1.26179,1.25484,1.26019
2005-05-26T00:00:00.000000000+0000,1.26035,1.26121,1.24906,1.25076
2005-05-27T00:00:00.000000000+0000,1.25075,1.25874,1.25052,1.25803
2005-05-28T00:00:00.000000000+0000,1.25803,1.25803,1.25803,1.25803
2005-05-29T00:00:00.000000000+0000,1.25718,1.25764,1.25094,1.25137
2005-05-30T00:00:00.000000000+0000,1.25122,1.25441,1.24566,1.248
2005-05-31T00:00:00.000000000+0000,1.2476,1.2479,1.22888,1.22998
2005-06-01T00:00:00.000000000+0000,1.22981,1.23386,1.21581,1.21952
2005-06-02T00:00:00.000000000+0000,1.21958,1.22933,1.21785,1.22697
2005-06-03T00:00:00.000000000+0000,1.22697,1.23318,1.21989,1.22316
2005-06-04T00:00:00.000000000+0000,1.22316,1.22316,1.22316,1.22316
2005-06-05T00:00:00.000000000+0000,1.22218,1.22288,1.22137,1.22202
2005-06-06T00:00:00.000000000+0000,1.22174,1.22919,1.22174,1.22615
2005-06-07T00:00:00.000000000+0000,1.22592,1.23124,1.22342,1.22818
2005-06-08T00:00:00.000000000+0000,1.22798,1.23508,1.22055,1.22364
2005-06-09T00:00:00.000000000+0000,1.22382,1.22547,1.2177,1.22289
2005-06-10T00:00:00.000000000+0000,1.22237,1.2247,1.21032,1.21159
2005-06-11T00:00:00.000000000+0000,1.21159,1.21159,1.21159,1.21159
2005-06-12T00:00:00.000000000+0000,1.21041,1.21163,1.2102,1.21136
2005-06-13T00:00:00.000000000+0000,1.21121,1.21183,1.20262,1.21033
2005-06-14T00:00:00.000000000+0000,1.21022,1.21496,1.20121,1.20277
2005-06-15T00:00:00.000000000+0000,1.2027,1.21306,1.20252,1.2109
2005-06-16T00:00:00.000000000+0000,1.211,1.21656,1.20556,1.21044
2005-06-17T00:00:00.000000000+0000,1.21037,1.22887,1.20871,1.2277
2005-06-18T00:00:00.000000000+0000,1.2277,1.2277,1.2277,1.2277
2005-06-19T00:00:00.000000000+0000,1.22377,1.22505,1.2179,1.22082
2005-06-20T00:00:00.000000000+0000,1.22072,1.22648,1.21215,1.21272
2005-06-21T00:00:00.000000000+0000,1.21298,1.22032,1.20682,1.21856
2005-06-22T00:00:00.000000000+0000,1.21844,1.2196,1.20971,1.21281
2005-06-23T00:00:00.000000000+0000,1.21272,1.21414,1.2014,1.20213
2005-06-24T00:00:00.000000000+0000,1.20202,1.21058,1.19861,1.20867
2005-06-25T00:00:00.000000000+0000,1.20867,1.20867,1.20867,1.20867
2005-06-26T00:00:00.000000000+0000,1.2082,1.21354,1.20805,1.21243
2005-06-27T00:00:00.000000000+0000,1.21236,1.21836,1.21169,1.21647
2005-06-28T00:00:00.000000000+0000,1.21639,1.21722,1.20435,1.20687
2005-06-29T00:00:00.000000000+0000,1.20642,1.21096,1.20144,1.20911
2005-06-30T00:00:00.000000000+0000,1.20899,1.21184,1.20421,1.20853
2005-07-01T00:00:00.000000000+0000,1.20838,1.21028,1.19354,1.19547
2005-07-02T00:00:00.000000000+0000,1.19547,1.19547,1.19547,1.19547
2005-07-03T00:00:00.000000000+0000,1.19462,1.19462,1.19047,1.19309
2005-07-04T00:00:00.000000000+0000,1.19319,1.19479,1.18834,1.19088
2005-07-05T00:00:00.000000000+0000,1.19064,1.19376,1.18663,1.19192
2005-07-06T00:00:00.000000000+0000,1.19227,1.19492,1.18893,1.19255
2005-07-07T00:00:00.000000000+0000,1.19247,1.2038,1.19046,1.19308
2005-07-08T00:00:00.000000000+0000,1.19341,1.1983,1.18738,1.19655
2005-07-09T00:00:00.000000000+0000,1.19655,1.19655,1.19655,1.19655
2005-07-10T00:00:00.000000000+0000,1.19633,1.19739,1.19526,1.19665
2005-07-11T00:00:00.000000000+0000,1.19651,1.20839,1.19551,1.20551
2005-07-12T00:00:00.000000000+0000,1.20516,1.22549,1.20485,1.22151
2005-07-13T00:00:00.000000000+0000,1.22154,1.22203,1.20611,1.20749
2005-07-14T00:00:00.000000000+0000,1.2077,1.2123,1.20528,1.20937
2005-07-15T00:00:00.000000000+0000,1.20944,1.2135,1.20209,1.20328
2005-07-16T00:00:00.000000000+0000,1.20328,1.20328,1.20328,1.20328
2005-07-17T00:00:00.000000000+0000,1.20389,1.20425,1.20151,1.20425
2005-07-18T00:00:00.000000000+0000,1.20413,1.20869,1.20355,1.20586
2005-07-19T00:00:00.000000000+0000,1.20587,1.20606,1.19521,1.20278
2005-07-20T00:00:00.000000000+0000,1.20248,1.21859,1.20174,1.21395
2005-07-21T00:00:00.000000000+0000,1.21395,1.2246,1.20978,1.2156
2005-07-22T00:00:00.000000000+0000,1.21529,1.2188,1.2049,1.20619
2005-07-23T00:00:00.000000000+0000,1.20619,1.20619,1.20619,1.20619
2005-07-24T00:00:00.000000000+0000,1.20567,1.20594,1.20329,1.20582
2005-07-25T00:00:00.000000000+0000,1.20549,1.20859,1.20242,1.20418
2005-07-26T00:00:00.000000000+0000,1.20455,1.20614,1.1978,1.20168
2005-07-27T00:00:00.000000000+0000,1.20133,1.20823,1.19634,1.20656
2005-07-28T00:00:00.000000000+0000,1.20674,1.21479,1.20336,1.21258
2005-07-29T00:00:00.000000000+0000,1.21242,1.2158,1.20732,1.21194
2005-07-30T00:00:00.000000000+0000,1.21194,1.21194,1.21194,1.21194
2005-07-31T00:00:00.000000000+0000,1.21149,1.21258,1.21132,1.21219
2005-08-01T00:00:00.000000000+0000,1.21196,1.22453,1.21193,1.21898
2005-08-02T00:00:00.000000000+0000,1.21885,1.22479,1.21804,1.21918
2005-08-03T00:00:00.000000000+0000,1.21924,1.23426,1.21453,1.23286
2005-08-04T00:00:00.000000000+0000,1.23283,1.24006,1.22984,1.2385
2005-08-05T00:00:00.000000000+0000,1.23828,1.23934,1.2307,1.23662
2005-08-06T00:00:00.000000000+0000,1.23662,1.23662,1.23662,1.23662
2005-08-07T00:00:00.000000000+0000,1.23497,1.2359,1.23202,1.23283
2005-08-08T00:00:00.000000000+0000,1.23299,1.23883,1.23114,1.23594
2005-08-09T00:00:00.000000000+0000,1.23591,1.24123,1.23267,1.23552
2005-08-10T00:00:00.000000000+0000,1.2355,1.24237,1.23329,1.23818
2005-08-11T00:00:00.000000000+0000,1.23804,1.24769,1.23728,1.24571
2005-08-12T00:00:00.000000000+0000,1.24545,1.24846,1.23833,1.24397
2005-08-13T00:00:00.000000000+0000,1.24397,1.24397,1.24397,1.24397
2005-08-14T00:00:00.000000000+0000,1.24462,1.24667,1.24334,1.24507
2005-08-15T00:00:00.000000000+0000,1.24528,1.24528,1.23424,1.23482
2005-08-16T00:00:00.000000000+0000,1.23461,1.23712,1.22957,1.23559
2005-08-17T00:00:00.000000000+0000,1.23566,1.23663,1.22532,1.22604
2005-08-18T00:00:00.000000000+0000,1.22605,1.22924,1.21528,1.2182
2005-08-19T00:00:00.000000000+0000,1.21821,1.21917,1.21246,1.21483
2005-08-20T00:00:00.000000000+0000,1.21483,1.21483,1.21483,1.21483
2005-08-21T00:00:00.000000000+0000,1.21606,1.21673,1.21517,1.21607
2005-08-22T00:00:00.000000000+0000,1.21607,1.22418,1.21571,1.22281
2005-08-23T00:00:00.000000000+0000,1.2228,1.22528,1.21871,1.22192
2005-08-24T00:00:00.000000000+0000,1.2219,1.22791,1.2158,1.22567
2005-08-25T00:00:00.000000000+0000,1.2256,1.2325,1.22548,1.2281
2005-08-26T00:00:00.000000000+0000,1.22812,1.2339,1.22698,1.22815
2005-08-27T00:00:00.000000000+0000,1.22815,1.22815,1.22815,1.22815
2005-08-28T00:00:00.000000000+0000,1.22825,1.23428,1.22784,1.23367
2005-08-29T00:00:00.000000000+0000,1.23362,1.23448,1.2215,1.22208
2005-08-30T00:00:00.000000000+0000,1.22202,1.2234,1.2169,1.22151
2005-08-31T00:00:00.000000000+0000,1.22138,1.23559,1.21843,1.23383
2005-09-01T00:00:00.000000000+0000,1.23384,1.25225,1.23212,1.24761
2005-09-02T00:00:00.000000000+0000,1.24717,1.25875,1.24624,1.25097
2005-09-03T00:00:00.000000000+0000,1.25097,1.25097,1.25097,1.25097
2005-09-04T00:00:00.000000000+0000,1.25151,1.25429,1.25135,1.25333
2005-09-05T00:00:00.000000000+0000,1.25282,1.2583,1.25008,1.25019
2005-09-06T00:00:00.000000000+0000,1.25037,1.25145,1.24422,1.24571
2005-09-07T00:00:00.000000000+0000,1.24577,1.25359,1.24023,1.24169
2005-09-08T00:00:00.000000000+0000,1.24159,1.24508,1.2381,1.24048
2005-09-09T00:00:00.000000000+0000,1.24021,1.24567,1.23724,1.24072
2005-09-10T00:00:00.000000000+0000,1.24072,1.24072,1.24072,1.24072
2005-09-11T00:00:00.000000000+0000,1.24161,1.24161,1.23913,1.24117
2005-09-12T00:00:00.000000000+0000,1.24112,1.24129,1.22664,1.22936
2005-09-13T00:00:00.000000000+0000,1.22918,1.23144,1.22456,1.2284
2005-09-14T00:00:00.000000000+0000,1.228,1.23257,1.22596,1.22712
2005-09-15T00:00:00.000000000+0000,1.22725,1.22727,1.2193,1.22299
2005-09-16T00:00:00.000000000+0000,1.22271,1.23071,1.21995,1.22344
2005-09-17T00:00:00.000000000+0000,1.22344,1.22344,1.22344,1.22344
2005-09-18T00:00:00.000000000+0000,1.22287,1.22308,1.21422,1.2162
2005-09-19T00:00:00.000000000+0000,1.21623,1.21733,1.20967,1.21411
2005-09-20T00:00:00.000000000+0000,1.21436,1.21897,1.2103,1.21148
2005-09-21T00:00:00.000000000+0000,1.21154,1.22662,1.21077,1.22598
2005-09-22T00:00:00.000000000+0000,1.22584,1.22667,1.21322,1.21408
2005-09-23T00:00:00.000000000+0000,1.21407,1.21657,1.20251,1.20347
2005-09-24T00:00:00.000000000+0000,1.20347,1.20347,1.20347,1.20347
2005-09-25T00:00:00.000000000+0000,1.2029,1.20369,1.20151,1.20325
2005-09-26T00:00:00.000000000+0000,1.20316,1.20786,1.20102,1.20716
2005-09-27T00:00:00.000000000+0000,1.20711,1.20802,1.19778,1.201
2005-09-28T00:00:00.000000000+0000,1.20097,1.2068,1.19914,1.20541
2005-09-29T00:00:00.000000000+0000,1.20536,1.20738,1.20052,1.20187
2005-09-30T00:00:00.000000000+0000,1.2018,1.20879,1.19958,1.20638
2005-10-01T00:00:00.000000000+0000,1.20638,1.20638,1.20638,1.20638
2005-10-02T00:00:00.000000000+0000,1.20552,1.20608,1.20099,1.2024
2005-10-03T00:00:00.000000000+0000,1.20231,1.20289,1.18985,1.19166
2005-10-04T00:00:00.000000000+0000,1.19165,1.19466,1.19038,1.19174
2005-10-05T00:00:00.000000000+0000,1.19164,1.20159,1.19136,1.20112
2005-10-06T00:00:00.000000000+0000,1.20122,1.22032,1.20107,1.21619
2005-10-07T00:00:00.000000000+0000,1.21616,1.21778,1.20948,1.21261
2005-10-08T00:00:00.000000000+0000,1.21261,1.21261,1.21261,1.21261
2005-10-09T00:00:00.000000000+0000,1.21143,1.21322,1.21066,1.21253
2005-10-10T00:00:00.000000000+0000,1.21245,1.21517,1.20392,1.20503
2005-10-11T00:00:00.000000000+0000,1.205,1.2054,1.19604,1.19655
2005-10-12T00:00:00.000000000+0000,1.19636,1.2051,1.19498,1.20204
2005-10-13T00:00:00.000000000+0000,1.20201,1.20357,1.19127,1.20094
2005-10-14T00:00:00.000000000+0000,1.20095,1.21042,1.19794,1.20742
2005-10-15T00:00:00.000000000+0000,1.20742,1.20742,1.20742,1.20742
2005-10-16T00:00:00.000000000+0000,1.20727,1.20885,1.20545,1.20635
2005-10-17T00:00:00.000000000+0000,1.20607,1.21184,1.19912,1.20023
2005-10-18T00:00:00.000000000+0000,1.20042,1.20103,1.19149,1.19265
2005-10-19T00:00:00.000000000+0000,1.19275,1.20013,1.18742,1.19817
2005-10-20T00:00:00.000000000+0000,1.19816,1.20362,1.19483,1.20353
2005-10-21T00:00:00.000000000+0000,1.2036,1.20738,1.19278,1.19576
2005-10-22T00:00:00.000000000+0000,1.19576,1.19576,1.19576,1.19576
2005-10-23T00:00:00.000000000+0000,1.19457,1.19484,1.19239,1.19289
2005-10-24T00:00:00.000000000+0000,1.19288,1.20196,1.19185,1.19574
2005-10-25T00:00:00.000000000+0000,1.19575,1.21166,1.19353,1.20961
2005-10-26T00:00:00.000000000+0000,1.20926,1.2135,1.20424,1.20496
2005-10-27T00:00:00.000000000+0000,1.20487,1.21709,1.20481,1.21385
2005-10-28T00:00:00.000000000+0000,1.2139,1.21687,1.20473,1.20619
2005-10-29T00:00:00.000000000+0000,1.20619,1.20619,1.20619,1.20619
2005-10-30T00:00:00.000000000+0000,1.20584,1.20684,1.2041,1.20599
2005-10-31T00:00:00.000000000+0000,1.20591,1.20877,1.19668,1.19865
2005-11-01T00:00:00.000000000+0000,1.19866,1.20398,1.19715,1.20184
2005-11-02T00:00:00.000000000+0000,1.20184,1.20825,1.19854,1.20651
2005-11-03T00:00:00.000000000+0000,1.20622,1.20802,1.19338,1.19475
2005-11-04T00:00:00.000000000+0000,1.1948,1.19918,1.18023,1.18098
2005-11-05T00:00:00.000000000+0000,1.18098,1.18098,1.18098,1.18098
2005-11-06T00:00:00.000000000+0000,1.18055,1.18111,1.17958,1.18022
2005-11-07T00:00:00.000000000+0000,1.18024,1.18297,1.17753,1.17869
2005-11-08T00:00:00.000000000+0000,1.17881,1.17927,1.1709,1.17634
2005-11-09T00:00:00.000000000+0000,1.17615,1.17879,1.17177,1.17732
2005-11-10T00:00:00.000000000+0000,1.17738,1.1793,1.16692,1.16703
2005-11-11T00:00:00.000000000+0000,1.167,1.17328,1.16698,1.17306
2005-11-12T00:00:00.000000000+0000,1.17306,1.17306,1.17306,1.17306
2005-11-13T00:00:00.000000000+0000,1.1727,1.1733,1.17081,1.17318
2005-11-14T00:00:00.000000000+0000,1.17309,1.17716,1.16594,1.1688
2005-11-15T00:00:00.000000000+0000,1.16854,1.17339,1.16404,1.17292
2005-11-16T00:00:00.000000000+0000,1.1728,1.17301,1.16454,1.16735
2005-11-17T00:00:00.000000000+0000,1.16728,1.17615,1.16417,1.17451
2005-11-18T00:00:00.000000000+0000,1.17443,1.17909,1.1663,1.17715
2005-11-19T00:00:00.000000000+0000,1.17715,1.17715,1.17715,1.17715
2005-11-20T00:00:00.000000000+0000,1.17663,1.17819,1.17637,1.17721
2005-11-21T00:00:00.000000000+0000,1.17716,1.18357,1.17169,1.17296
2005-11-22T00:00:00.000000000+0000,1.17304,1.18231,1.16865,1.18108
2005-11-23T00:00:00.000000000+0000,1.18112,1.18612,1.17634,1.18065
2005-11-24T00:00:00.000000000+0000,1.1806,1.18231,1.17694,1.17775
2005-11-25T00:00:00.000000000+0000,1.17772,1.17784,1.17075,1.17194
2005-11-26T00:00:00.000000000+0000,1.17194,1.17194,1.17194,1.17194
2005-11-27T00:00:00.000000000+0000,1.17112,1.17186,1.17027,1.17119
2005-11-28T00:00:00.000000000+0000,1.17114,1.19005,1.16796,1.18428
2005-11-29T00:00:00.000000000+0000,1.18432,1.18609,1.17369,1.17635
2005-11-30T00:00:00.000000000+0000,1.17623,1.18002,1.17439,1.17956
2005-12-01T00:00:00.000000000+0000,1.17964,1.18022,1.16895,1.17378
2005-12-02T00:00:00.000000000+0000,1.17382,1.17461,1.1662,1.17134
2005-12-03T00:00:00.000000000+0000,1.17134,1.17134,1.17134,1.17134
2005-12-04T00:00:00.000000000+0000,1.16972,1.17171,1.16914,1.17154
2005-12-05T00:00:00.000000000+0000,1.17143,1.18188,1.16865,1.17825
2005-12-06T00:00:00.000000000+0000,1.17823,1.18054,1.17548,1.17968
2005-12-07T00:00:00.000000000+0000,1.17962,1.17971,1.17029,1.17138
2005-12-08T00:00:00.000000000+0000,1.17144,1.1848,1.17024,1.18105
2005-12-09T00:00:00.000000000+0000,1.18105,1.18348,1.17649,1.1813
2005-12-10T00:00:00.000000000+0000,1.1813,1.1813,1.1813,1.1813
2005-12-11T00:00:00.000000000+0000,1.17999,1.18035,1.17753,1.17886
2005-12-12T00:00:00.000000000+0000,1.17893,1.19813,1.17877,1.19509
2005-12-13T00:00:00.000000000+0000,1.19508,1.19849,1.19044,1.19445
2005-12-14T00:00:00.000000000+0000,1.19434,1.20586,1.19428,1.19712
2005-12-15T00:00:00.000000000+0000,1.19694,1.20377,1.19346,1.1963
2005-12-16T00:00:00.000000000+0000,1.1965,1.20247,1.1936,1.20104
2005-12-17T00:00:00.000000000+0000,1.20104,1.20104,1.20104,1.20104
2005-12-18T00:00:00.000000000+0000,1.20133,1.20363,1.19501,1.20337
2005-12-19T00:00:00.000000000+0000,1.2033,1.20358,1.19741,1.20035
2005-12-20T00:00:00.000000000+0000,1.20028,1.2011,1.18378,1.18725
2005-12-21T00:00:00.000000000+0000,1.18722,1.19087,1.17999,1.18294
2005-12-22T00:00:00.000000000+0000,1.18284,1.18949,1.18094,1.1869
2005-12-23T00:00:00.000000000+0000,1.18693,1.1883,1.183,1.18669
2005-12-24T00:00:00.000000000+0000,1.18669,1.18669,1.18669,1.18669
2005-12-25T00:00:00.000000000+0000,1.18601,1.18765,1.18479,1.18545
2005-12-26T00:00:00.000000000+0000,1.1853,1.18934,1.18261,1.18343
2005-12-27T00:00:00.000000000+0000,1.18336,1.18751,1.18208,1.18513
2005-12-28T00:00:00.000000000+0000,1.1851,1.19297,1.18105,1.18441
2005-12-29T00:00:00.000000000+0000,1.18442,1.18783,1.18178,1.18466
2005-12-30T00:00:00.000000000+0000,1.18467,1.18858,1.17764,1.1846
2006-01-01T00:00:00.000000000+0000,1.18391,1.18456,1.18391,1.1844
2006-01-02T00:00:00.000000000+0000,1.18428,1.18458,1.18088,1.18125
2006-01-03T00:00:00.000000000+0000,1.18115,1.20329,1.18108,1.20308
2006-01-04T00:00:00.000000000+0000,1.20301,1.21427,1.20237,1.21072
2006-01-05T00:00:00.000000000+0000,1.2107,1.21189,1.20663,1.21027
2006-01-06T00:00:00.000000000+0000,1.21022,1.21765,1.20794,1.21504
2006-01-07T00:00:00.000000000+0000,1.21504,1.21504,1.21504,1.21504
2006-01-08T00:00:00.000000000+0000,1.21417,1.2152,1.21338,1.21383
2006-01-09T00:00:00.000000000+0000,1.21388,1.21519,1.20533,1.20717
2006-01-10T00:00:00.000000000+0000,1.20721,1.21073,1.20358,1.20595
2006-01-11T00:00:00.000000000+0000,1.20592,1.21436,1.20447,1.21356
2006-01-12T00:00:00.000000000+0000,1.21362,1.21612,1.20061,1.20407
2006-01-13T00:00:00.000000000+0000,1.20407,1.21411,1.20279,1.21405
2006-01-14T00:00:00.000000000+0000,1.21405,1.21405,1.21405,1.21405
2006-01-15T00:00:00.000000000+0000,1.2136,1.21727,1.21331,1.21645
2006-01-16T00:00:00.000000000+0000,1.21629,1.21689,1.2104,1.21155
2006-01-17T00:00:00.000000000+0000,1.21146,1.21386,1.20502,1.21058
2006-01-18T00:00:00.000000000+0000,1.2105,1.21546,1.20702,1.21047
2006-01-19T00:00:00.000000000+0000,1.21045,1.21224,1.20528,1.20887
2006-01-20T00:00:00.000000000+0000,1.20872,1.21403,1.20427,1.21339
2006-01-21T00:00:00.000000000+0000,1.21339,1.21339,1.21339,1.21339
2006-01-22T00:00:00.000000000+0000,1.21306,1.21659,1.2128,1.21625
2006-01-23T00:00:00.000000000+0000,1.2162,1.23188,1.21603,1.23027
2006-01-24T00:00:00.000000000+0000,1.23009,1.23077,1.22565,1.22619
2006-01-25T00:00:00.000000000+0000,1.2261,1.23204,1.2232,1.22423
2006-01-26T00:00:00.000000000+0000,1.22422,1.22676,1.21964,1.22119
2006-01-27T00:00:00.000000000+0000,1.22103,1.22332,1.2086,1.20925
2006-01-28T00:00:00.000000000+0000,1.20925,1.20925,1.20925,1.20925
2006-01-29T00:00:00.000000000+0000,1.20895,1.2108,1.20877,1.2103
2006-01-30T00:00:00.000000000+0000,1.21032,1.21132,1.20632,1.20817
2006-01-31T00:00:00.000000000+0000,1.20812,1.2188,1.20782,1.21448
2006-02-01T00:00:00.000000000+0000,1.21441,1.2162,1.20479,1.20623
2006-02-02T00:00:00.000000000+0000,1.2063,1.21062,1.20314,1.2081
2006-02-03T00:00:00.000000000+0000,1.20802,1.21087,1.19694,1.2023
2006-02-04T00:00:00.000000000+0000,1.2023,1.2023,1.2023,1.2023
2006-02-05T00:00:00.000000000+0000,1.20191,1.20363,1.20165,1.20238
2006-02-06T00:00:00.000000000+0000,1.20239,1.2045,1.19448,1.19575
2006-02-07T00:00:00.000000000+0000,1.19574,1.20136,1.19416,1.19883
2006-02-08T00:00:00.000000000+0000,1.19874,1.19912,1.19223,1.19605
2006-02-09T00:00:00.000000000+0000,1.19602,1.19931,1.19461,1.19906
2006-02-10T00:00:00.000000000+0000,1.19901,1.20238,1.18874,1.19014
2006-02-11T00:00:00.000000000+0000,1.19014,1.19014,1.19014,1.19014
2006-02-12T00:00:00.000000000+0000,1.18984,1.19044,1.18909,1.18981
2006-02-13T00:00:00.000000000+0000,1.18988,1.19179,1.18783,1.19097
2006-02-14T00:00:00.000000000+0000,1.1908,1.19247,1.18585,1.19113
2006-02-15T00:00:00.000000000+0000,1.19103,1.19497,1.18696,1.18825
2006-02-16T00:00:00.000000000+0000,1.1882,1.19109,1.18494,1.19025
2006-02-17T00:00:00.000000000+0000,1.19017,1.19462,1.1857,1.19365
2006-02-18T00:00:00.000000000+0000,1.19365,1.19365,1.19365,1.19365
2006-02-19T00:00:00.000000000+0000,1.1928,1.19474,1.1919,1.19439
2006-02-20T00:00:00.000000000+0000,1.19428,1.19726,1.19233,1.19306
2006-02-21T00:00:00.000000000+0000,1.19294,1.19336,1.18907,1.19162
2006-02-22T00:00:00.000000000+0000,1.19159,1.19283,1.18624,1.19135
2006-02-23T00:00:00.000000000+0000,1.1912,1.19677,1.18896,1.19186
2006-02-24T00:00:00.000000000+0000,1.19193,1.1932,1.18609,1.1876
2006-02-25T00:00:00.000000000+0000,1.1876,1.1876,1.1876,1.1876
2006-02-26T00:00:00.000000000+0000,1.18674,1.18784,1.18285,1.1835
2006-02-27T00:00:00.000000000+0000,1.18353,1.18762,1.18254,1.18456
2006-02-28T00:00:00.000000000+0000,1.18451,1.19399,1.18324,1.19293
2006-03-01T00:00:00.000000000+0000,1.19279,1.19719,1.18903,1.19166
2006-03-02T00:00:00.000000000+0000,1.19162,1.20433,1.19104,1.20348
2006-03-03T00:00:00.000000000+0000,1.2035,1.20507,1.19951,1.2042
2006-03-04T00:00:00.000000000+0000,1.2042,1.2042,1.2042,1.2042
2006-03-05T00:00:00.000000000+0000,1.20408,1.20907,1.20395,1.2079
2006-03-06T00:00:00.000000000+0000,1.20799,1.2091,1.19895,1.20128
2006-03-07T00:00:00.000000000+0000,1.2012,1.20195,1.18669,1.18875
2006-03-08T00:00:00.000000000+0000,1.18872,1.19387,1.18713,1.19208
2006-03-09T00:00:00.000000000+0000,1.19207,1.19492,1.18962,1.18988
2006-03-10T00:00:00.000000000+0000,1.18992,1.19259,1.18593,1.19064
2006-03-11T00:00:00.000000000+0000,1.19064,1.19064,1.19064,1.19064
2006-03-12T00:00:00.000000000+0000,1.19032,1.19188,1.19032,1.19138
2006-03-13T00:00:00.000000000+0000,1.19139,1.19672,1.19139,1.19633
2006-03-14T00:00:00.000000000+0000,1.19636,1.20299,1.194,1.20138
2006-03-15T00:00:00.000000000+0000,1.20138,1.20732,1.20042,1.20681
2006-03-16T00:00:00.000000000+0000,1.20684,1.21878,1.20341,1.21709
2006-03-17T00:00:00.000000000+0000,1.21712,1.22061,1.21415,1.21865
2006-03-18T00:00:00.000000000+0000,1.21865,1.21865,1.21865,1.21865
2006-03-19T00:00:00.000000000+0000,1.21787,1.21849,1.21645,1.21749
2006-03-20T00:00:00.000000000+0000,1.21746,1.21948,1.21469,1.21593
2006-03-21T00:00:00.000000000+0000,1.21577,1.21642,1.20749,1.2104
2006-03-22T00:00:00.000000000+0000,1.21037,1.21061,1.20632,1.20747
2006-03-23T00:00:00.000000000+0000,1.20738,1.20781,1.1953,1.19684
2006-03-24T00:00:00.000000000+0000,1.19674,1.20451,1.19482,1.20354
2006-03-25T00:00:00.000000000+0000,1.20354,1.20354,1.20354,1.20354
2006-03-26T00:00:00.000000000+0000,1.20274,1.20372,1.20221,1.20322
2006-03-27T00:00:00.000000000+0000,1.20317,1.20561,1.20003,1.20113
2006-03-28T00:00:00.000000000+0000,1.20118,1.21046,1.19905,1.20046
2006-03-29T00:00:00.000000000+0000,1.20034,1.20478,1.19804,1.20264
2006-03-30T00:00:00.000000000+0000,1.20263,1.21708,1.20222,1.21673
2006-03-31T00:00:00.000000000+0000,1.21659,1.21736,1.20834,1.21134
2006-04-01T00:00:00.000000000+0000,1.21134,1.21134,1.21134,1.21134
2006-04-02T00:00:00.000000000+0000,1.21075,1.21203,1.21016,1.21019
2006-04-03T00:00:00.000000000+0000,1.21011,1.21499,1.2033,1.21442
2006-04-04T00:00:00.000000000+0000,1.2144,1.22739,1.21192,1.22525
2006-04-05T00:00:00.000000000+0000,1.22523,1.23043,1.22408,1.22801
2006-04-06T00:00:00.000000000+0000,1.22795,1.23294,1.21916,1.22035
2006-04-07T00:00:00.000000000+0000,1.22028,1.22207,1.20801,1.20859
2006-04-08T00:00:00.000000000+0000,1.20859,1.20859,1.20859,1.20859
2006-04-09T00:00:00.000000000+0000,1.20884,1.21095,1.20859,1.21007
2006-04-10T00:00:00.000000000+0000,1.20999,1.21278,1.20751,1.21035
2006-04-11T00:00:00.000000000+0000,1.21031,1.21608,1.20884,1.21544
2006-04-12T00:00:00.000000000+0000,1.21544,1.21661,1.20648,1.21012
2006-04-13T00:00:00.000000000+0000,1.2101,1.21307,1.20684,1.21075
2006-04-14T00:00:00.000000000+0000,1.21072,1.21149,1.20953,1.21033
2006-04-15T00:00:00.000000000+0000,1.21033,1.21033,1.21033,1.21033
2006-04-16T00:00:00.000000000+0000,1.21142,1.21369,1.21116,1.21343
2006-04-17T00:00:00.000000000+0000,1.2134,1.22853,1.21325,1.22569
2006-04-18T00:00:00.000000000+0000,1.22561,1.23666,1.22233,1.23554
2006-04-19T00:00:00.000000000+0000,1.23552,1.23927,1.22856,1.23718
2006-04-20T00:00:00.000000000+0000,1.23713,1.2373,1.22683,1.22965
2006-04-21T00:00:00.000000000+0000,1.22972,1.23564,1.22693,1.23381
2006-04-22T00:00:00.000000000+0000,1.23381,1.23381,1.23381,1.23381
2006-04-23T00:00:00.000000000+0000,1.23515,1.23766,1.2351,1.23662
2006-04-24T00:00:00.000000000+0000,1.23667,1.24126,1.23326,1.23795
2006-04-25T00:00:00.000000000+0000,1.23779,1.24376,1.23636,1.24226
2006-04-26T00:00:00.000000000+0000,1.2422,1.24691,1.23853,1.24485
2006-04-27T00:00:00.000000000+0000,1.24482,1.25461,1.24045,1.25388
2006-04-28T00:00:00.000000000+0000,1.25384,1.2639,1.25133,1.26269
2006-04-29T00:00:00.000000000+0000,1.26269,1.26269,1.26269,1.26269
2006-04-30T00:00:00.000000000+0000,1.2622,1.26312,1.26091,1.26143
2006-05-01T00:00:00.000000000+0000,1.26155,1.26873,1.25545,1.25638
2006-05-02T00:00:00.000000000+0000,1.25639,1.26652,1.25574,1.26067
2006-05-03T00:00:00.000000000+0000,1.26071,1.26674,1.25914,1.26288
2006-05-04T00:00:00.000000000+0000,1.26293,1.27172,1.25707,1.26944
2006-05-05T00:00:00.000000000+0000,1.26947,1.27615,1.26731,1.27195
2006-05-06T00:00:00.000000000+0000,1.27195,1.27195,1.27195,1.27195
2006-05-07T00:00:00.000000000+0000,1.27222,1.27485,1.27192,1.27397
2006-05-08T00:00:00.000000000+0000,1.27385,1.27838,1.26918,1.26979
2006-05-09T00:00:00.000000000+0000,1.26975,1.27805,1.2661,1.27594
2006-05-10T00:00:00.000000000+0000,1.27589,1.28296,1.27496,1.27558
2006-05-11T00:00:00.000000000+0000,1.2756,1.28696,1.26842,1.28465
2006-05-12T00:00:00.000000000+0000,1.28462,1.29528,1.284,1.29203
2006-05-13T00:00:00.000000000+0000,1.29203,1.29203,1.29203,1.29203
2006-05-14T00:00:00.000000000+0000,1.29238,1.29698,1.29178,1.29486
2006-05-15T00:00:00.000000000+0000,1.2946,1.29497,1.27753,1.27898
2006-05-16T00:00:00.000000000+0000,1.27891,1.28663,1.27696,1.28495
2006-05-17T00:00:00.000000000+0000,1.28489,1.29155,1.27012,1.27411
2006-05-18T00:00:00.000000000+0000,1.27403,1.28695,1.27355,1.28576
2006-05-19T00:00:00.000000000+0000,1.28588,1.28629,1.26946,1.27631
2006-05-20T00:00:00.000000000+0000,1.27631,1.27631,1.27631,1.27631
2006-05-21T00:00:00.000000000+0000,1.27743,1.27763,1.27466,1.27594
2006-05-22T00:00:00.000000000+0000,1.27598,1.28843,1.2695,1.28494
2006-05-23T00:00:00.000000000+0000,1.28484,1.2877,1.27631,1.27895
2006-05-24T00:00:00.000000000+0000,1.27884,1.28848,1.27296,1.27665
2006-05-25T00:00:00.000000000+0000,1.27662,1.2824,1.27453,1.27982
2006-05-26T00:00:00.000000000+0000,1.28004,1.28314,1.26994,1.27309
2006-05-27T00:00:00.000000000+0000,1.27309,1.27309,1.27309,1.27309
2006-05-28T00:00:00.000000000+0000,1.27347,1.27542,1.27159,1.27472
2006-05-29T00:00:00.000000000+0000,1.2746,1.27663,1.27319,1.2745
2006-05-30T00:00:00.000000000+0000,1.27468,1.29062,1.27413,1.2855
2006-05-31T00:00:00.000000000+0000,1.28544,1.29008,1.28,1.28144
2006-06-01T00:00:00.000000000+0000,1.28139,1.28221,1.2722,1.28171
2006-06-02T00:00:00.000000000+0000,1.28168,1.29367,1.27936,1.29147
2006-06-03T00:00:00.000000000+0000,1.29147,1.29147,1.29147,1.29147
2006-06-04T00:00:00.000000000+0000,1.2916,1.29316,1.29083,1.29245
2006-06-05T00:00:00.000000000+0000,1.2925,1.29767,1.28917,1.28936
2006-06-06T00:00:00.000000000+0000,1.28932,1.2932,1.28037,1.28242
2006-06-07T00:00:00.000000000+0000,1.28249,1.28356,1.27599,1.28
2006-06-08T00:00:00.000000000+0000,1.27998,1.28008,1.26256,1.26405
2006-06-09T00:00:00.000000000+0000,1.26399,1.26816,1.25963,1.2631
2006-06-10T00:00:00.000000000+0000,1.2631,1.2631,1.2631,1.2631
2006-06-11T00:00:00.000000000+0000,1.26364,1.26378,1.26034,1.26067
2006-06-12T00:00:00.000000000+0000,1.26068,1.2649,1.25662,1.25786
2006-06-13T00:00:00.000000000+0000,1.25779,1.26135,1.25237,1.25457
2006-06-14T00:00:00.000000000+0000,1.25446,1.26458,1.24987,1.26062
2006-06-15T00:00:00.000000000+0000,1.26045,1.26555,1.25812,1.26414
2006-06-16T00:00:00.000000000+0000,1.26414,1.26701,1.26165,1.26439
2006-06-17T00:00:00.000000000+0000,1.26439,1.26439,1.26439,1.26439
2006-06-18T00:00:00.000000000+0000,1.26395,1.26467,1.26276,1.26341
2006-06-19T00:00:00.000000000+0000,1.26331,1.26351,1.25503,1.2574
2006-06-20T00:00:00.000000000+0000,1.25728,1.26154,1.25368,1.25975
2006-06-21T00:00:00.000000000+0000,1.25964,1.26763,1.25892,1.26656
2006-06-22T00:00:00.000000000+0000,1.26642,1.2677,1.25496,1.25775
2006-06-23T00:00:00.000000000+0000,1.25781,1.25862,1.24764,1.25046
2006-06-24T00:00:00.000000000+0000,1.25046,1.25046,1.25046,1.25046
2006-06-25T00:00:00.000000000+0000,1.25024,1.25185,1.24907,1.25155
2006-06-26T00:00:00.000000000+0000,1.25148,1.26066,1.25019,1.26054
2006-06-27T00:00:00.000000000+0000,1.26052,1.2616,1.256,1.25679
2006-06-28T00:00:00.000000000+0000,1.25669,1.25828,1.25153,1.25414
2006-06-29T00:00:00.000000000+0000,1.254,1.26669,1.24861,1.26608
2006-06-30T00:00:00.000000000+0000,1.26622,1.27927,1.26589,1.27839
2006-07-01T00:00:00.000000000+0000,1.27839,1.27839,1.27839,1.27839
2006-07-02T00:00:00.000000000+0000,1.27799,1.27892,1.27744,1.27876
2006-07-03T00:00:00.000000000+0000,1.27874,1.28196,1.27609,1.27987
2006-07-04T00:00:00.000000000+0000,1.27976,1.28192,1.27714,1.27773
2006-07-05T00:00:00.000000000+0000,1.27769,1.28357,1.27058,1.2727
2006-07-06T00:00:00.000000000+0000,1.2727,1.278,1.2718,1.27723
2006-07-07T00:00:00.000000000+0000,1.27719,1.28571,1.27385,1.28047
2006-07-08T00:00:00.000000000+0000,1.28047,1.28047,1.28047,1.28047
2006-07-09T00:00:00.000000000+0000,1.2812,1.2816,1.28029,1.28083
2006-07-10T00:00:00.000000000+0000,1.28062,1.28092,1.27205,1.2735
2006-07-11T00:00:00.000000000+0000,1.27347,1.27769,1.27042,1.27624
2006-07-12T00:00:00.000000000+0000,1.27615,1.2777,1.26768,1.26978
2006-07-13T00:00:00.000000000+0000,1.26957,1.27284,1.26642,1.269
2006-07-14T00:00:00.000000000+0000,1.2688,1.26912,1.26263,1.26465
2006-07-15T00:00:00.000000000+0000,1.26465,1.26465,1.26465,1.26465
2006-07-16T00:00:00.000000000+0000,1.26433,1.26561,1.26249,1.2631
2006-07-17T00:00:00.000000000+0000,1.26305,1.26404,1.25076,1.25205
2006-07-18T00:00:00.000000000+0000,1.2519,1.25571,1.24755,1.24983
2006-07-19T00:00:00.000000000+0000,1.24968,1.26071,1.24439,1.2595
2006-07-20T00:00:00.000000000+0000,1.25934,1.26519,1.25872,1.26315
2006-07-21T00:00:00.000000000+0000,1.26312,1.27039,1.26258,1.26955
2006-07-22T00:00:00.000000000+0000,1.26955,1.26955,1.26955,1.26955
2006-07-23T00:00:00.000000000+0000,1.27003,1.27094,1.2692,1.2695
2006-07-24T00:00:00.000000000+0000,1.26903,1.26929,1.26085,1.26211
2006-07-25T00:00:00.000000000+0000,1.26217,1.267,1.2561,1.2577
2006-07-26T00:00:00.000000000+0000,1.25767,1.27242,1.2558,1.27077
2006-07-27T00:00:00.000000000+0000,1.27069,1.27693,1.26792,1.26848
2006-07-28T00:00:00.000000000+0000,1.26852,1.27712,1.26576,1.2757
2006-07-29T00:00:00.000000000+0000,1.2757,1.2757,1.2757,1.2757
2006-07-30T00:00:00.000000000+0000,1.27557,1.27701,1.27544,1.27694
2006-07-31T00:00:00.000000000+0000,1.27699,1.27813,1.27391,1.27625
2006-08-01T00:00:00.000000000+0000,1.27622,1.2828,1.27182,1.28215
2006-08-02T00:00:00.000000000+0000,1.28217,1.2833,1.27747,1.27908
2006-08-03T00:00:00.000000000+0000,1.27913,1.28324,1.27391,1.27982
2006-08-04T00:00:00.000000000+0000,1.27969,1.29075,1.27746,1.28687
2006-08-05T00:00:00.000000000+0000,1.28687,1.28687,1.28687,1.28687
2006-08-06T00:00:00.000000000+0000,1.28685,1.28907,1.28643,1.28848
2006-08-07T00:00:00.000000000+0000,1.28852,1.28861,1.28043,1.28194
2006-08-08T00:00:00.000000000+0000,1.28192,1.28884,1.27644,1.27881
2006-08-09T00:00:00.000000000+0000,1.27856,1.28995,1.27689,1.28677
2006-08-10T00:00:00.000000000+0000,1.28672,1.2909,1.2746,1.279
2006-08-11T00:00:00.000000000+0000,1.279,1.27932,1.27101,1.27227
2006-08-12T00:00:00.000000000+0000,1.27227,1.27227,1.27227,1.27227
2006-08-13T00:00:00.000000000+0000,1.2722,1.27438,1.26884,1.27365
2006-08-14T00:00:00.000000000+0000,1.27353,1.27602,1.27044,1.27205
2006-08-15T00:00:00.000000000+0000,1.27195,1.28027,1.26953,1.27845
2006-08-16T00:00:00.000000000+0000,1.27844,1.28628,1.2767,1.28495
2006-08-17T00:00:00.000000000+0000,1.28494,1.28845,1.28109,1.28286
2006-08-18T00:00:00.000000000+0000,1.28283,1.28431,1.27788,1.28224
2006-08-19T00:00:00.000000000+0000,1.28224,1.28224,1.28224,1.28224
2006-08-20T00:00:00.000000000+0000,1.2818,1.28381,1.28019,1.28342
2006-08-21T00:00:00.000000000+0000,1.28342,1.29374,1.28313,1.28629
2006-08-22T00:00:00.000000000+0000,1.28626,1.28842,1.27822,1.2796
2006-08-23T00:00:00.000000000+0000,1.27955,1.285,1.27744,1.27791
2006-08-24T00:00:00.000000000+0000,1.27785,1.28363,1.27513,1.27583
2006-08-25T00:00:00.000000000+0000,1.27571,1.27803,1.2726,1.27492
2006-08-26T00:00:00.000000000+0000,1.27492,1.27492,1.27492,1.27492
2006-08-27T00:00:00.000000000+0000,1.27511,1.27694,1.275,1.27578
2006-08-28T00:00:00.000000000+0000,1.27561,1.28183,1.27558,1.27891
2006-08-29T00:00:00.000000000+0000,1.27869,1.28371,1.27489,1.28293
2006-08-30T00:00:00.000000000+0000,1.28276,1.28486,1.28102,1.28305
2006-08-31T00:00:00.000000000+0000,1.28313,1.28776,1.2784,1.28064
2006-09-01T00:00:00.000000000+0000,1.2807,1.28456,1.27561,1.28304
2006-09-02T00:00:00.000000000+0000,1.28304,1.28304,1.28304,1.28304
2006-09-03T00:00:00.000000000+0000,1.28306,1.2856,1.28294,1.28525
2006-09-04T00:00:00.000000000+0000,1.28527,1.28737,1.28381,1.28581
2006-09-05T00:00:00.000000000+0000,1.28575,1.28603,1.27944,1.28139
2006-09-06T00:00:00.000000000+0000,1.28124,1.28309,1.27666,1.2816
2006-09-07T00:00:00.000000000+0000,1.28103,1.28282,1.27035,1.27258
2006-09-08T00:00:00.000000000+0000,1.27255,1.273,1.26495,1.26719
2006-09-09T00:00:00.000000000+0000,1.26719,1.26719,1.26719,1.26719
2006-09-10T00:00:00.000000000+0000,1.2664,1.26727,1.26595,1.26671
2006-09-11T00:00:00.000000000+0000,1.26685,1.27376,1.26471,1.26973
2006-09-12T00:00:00.000000000+0000,1.26984,1.2728,1.26587,1.26797
2006-09-13T00:00:00.000000000+0000,1.26793,1.2716,1.26656,1.26972
2006-09-14T00:00:00.000000000+0000,1.26958,1.27507,1.2673,1.27167
2006-09-15T00:00:00.000000000+0000,1.27186,1.2734,1.26309,1.26568
2006-09-16T00:00:00.000000000+0000,1.26568,1.26568,1.26568,1.26568
2006-09-17T00:00:00.000000000+0000,1.26459,1.2653,1.26232,1.26358
2006-09-18T00:00:00.000000000+0000,1.26358,1.27095,1.26346,1.27056
2006-09-19T00:00:00.000000000+0000,1.27054,1.27266,1.2647,1.26736
2006-09-20T00:00:00.000000000+0000,1.26738,1.27258,1.2662,1.26917
2006-09-21T00:00:00.000000000+0000,1.26904,1.27968,1.26881,1.27844
2006-09-22T00:00:00.000000000+0000,1.2784,1.28292,1.27652,1.27754
2006-09-23T00:00:00.000000000+0000,1.27754,1.27754,1.27754,1.27754
2006-09-24T00:00:00.000000000+0000,1.27723,1.27941,1.27698,1.27856
2006-09-25T00:00:00.000000000+0000,1.27885,1.28183,1.27303,1.27523
2006-09-26T00:00:00.000000000+0000,1.27522,1.2762,1.26604,1.2694
2006-09-27T00:00:00.000000000+0000,1.26927,1.27152,1.2668,1.271
2006-09-28T00:00:00.000000000+0000,1.27113,1.27309,1.26774,1.27044
2006-09-29T00:00:00.000000000+0000,1.27047,1.27121,1.26387,1.26694
2006-09-30T00:00:00.000000000+0000,1.26694,1.26694,1.26694,1.26694
2006-10-01T00:00:00.000000000+0000,1.2672,1.2687,1.26708,1.2681
2006-10-02T00:00:00.000000000+0000,1.26808,1.27566,1.26604,1.27417
2006-10-03T00:00:00.000000000+0000,1.27394,1.27637,1.27162,1.27306
2006-10-04T00:00:00.000000000+0000,1.27315,1.27379,1.26667,1.27176
2006-10-05T00:00:00.000000000+0000,1.27159,1.27241,1.26707,1.269
2006-10-06T00:00:00.000000000+0000,1.26912,1.27022,1.25722,1.25983
2006-10-07T00:00:00.000000000+0000,1.25983,1.25983,1.25983,1.25983
2006-10-08T00:00:00.000000000+0000,1.25892,1.25957,1.25826,1.25938
2006-10-09T00:00:00.000000000+0000,1.25944,1.26124,1.25817,1.2592
2006-10-10T00:00:00.000000000+0000,1.25909,1.2612,1.25182,1.25328
2006-10-11T00:00:00.000000000+0000,1.25314,1.25555,1.25002,1.2518
2006-10-12T00:00:00.000000000+0000,1.25183,1.25654,1.25138,1.25559
2006-10-13T00:00:00.000000000+0000,1.2555,1.25763,1.24823,1.25241
2006-10-14T00:00:00.000000000+0000,1.25241,1.25241,1.25241,1.25241
2006-10-15T00:00:00.000000000+0000,1.25111,1.2518,1.24946,1.24984
2006-10-16T00:00:00.000000000+0000,1.24972,1.25412,1.24863,1.25288
2006-10-17T00:00:00.000000000+0000,1.2527,1.2566,1.25102,1.25375
2006-10-18T00:00:00.000000000+0000,1.25365,1.25575,1.25001,1.25405
2006-10-19T00:00:00.000000000+0000,1.25404,1.26394,1.25299,1.26257
2006-10-20T00:00:00.000000000+0000,1.26253,1.26397,1.25975,1.26121
2006-10-21T00:00:00.000000000+0000,1.26121,1.26121,1.26121,1.26121
2006-10-22T00:00:00.000000000+0000,1.26115,1.26193,1.26037,1.26143
2006-10-23T00:00:00.000000000+0000,1.2616,1.26209,1.25353,1.25457
2006-10-24T00:00:00.000000000+0000,1.25448,1.25757,1.25228,1.2556
2006-10-25T00:00:00.000000000+0000,1.25513,1.26214,1.25512,1.26124
2006-10-26T00:00:00.000000000+0000,1.26133,1.27006,1.26087,1.26869
2006-10-27T00:00:00.000000000+0000,1.2687,1.27493,1.26612,1.27343
2006-10-28T00:00:00.000000000+0000,1.27343,1.27343,1.27343,1.27343
2006-10-29T00:00:00.000000000+0000,1.27264,1.27362,1.27199,1.27269
2006-10-30T00:00:00.000000000+0000,1.27284,1.27341,1.26996,1.27139
2006-10-31T00:00:00.000000000+0000,1.27149,1.27808,1.26793,1.27638
2006-11-01T00:00:00.000000000+0000,1.27637,1.27961,1.27413,1.27531
2006-11-02T00:00:00.000000000+0000,1.27535,1.27836,1.27347,1.27759
2006-11-03T00:00:00.000000000+0000,1.27748,1.27808,1.26825,1.27148
2006-11-04T00:00:00.000000000+0000,1.27148,1.27148,1.27148,1.27148
2006-11-05T00:00:00.000000000+0000,1.27083,1.27185,1.27062,1.27156
2006-11-06T00:00:00.000000000+0000,1.27151,1.27326,1.2689,1.27238
2006-11-07T00:00:00.000000000+0000,1.27218,1.28186,1.27198,1.27758
2006-11-08T00:00:00.000000000+0000,1.27755,1.28059,1.27457,1.27586
2006-11-09T00:00:00.000000000+0000,1.27562,1.28469,1.27472,1.28319
2006-11-10T00:00:00.000000000+0000,1.28308,1.28963,1.28263,1.28385
2006-11-11T00:00:00.000000000+0000,1.28385,1.28385,1.28385,1.28385
2006-11-12T00:00:00.000000000+0000,1.2836,1.28517,1.28317,1.28457
2006-11-13T00:00:00.000000000+0000,1.28437,1.28768,1.27935,1.282
2006-11-14T00:00:00.000000000+0000,1.28185,1.28695,1.27916,1.28114
2006-11-15T00:00:00.000000000+0000,1.28092,1.28328,1.27725,1.28204
2006-11-16T00:00:00.000000000+0000,1.2822,1.28361,1.27823,1.27897
2006-11-17T00:00:00.000000000+0000,1.27876,1.28444,1.27586,1.28255
2006-11-18T00:00:00.000000000+0000,1.28255,1.28255,1.28255,1.28255
2006-11-19T00:00:00.000000000+0000,1.28203,1.28314,1.28155,1.28182
2006-11-20T00:00:00.000000000+0000,1.28179,1.28499,1.2801,1.28132
2006-11-21T00:00:00.000000000+0000,1.28131,1.28529,1.2797,1.28409
2006-11-22T00:00:00.000000000+0000,1.28378,1.29552,1.2837,1.29368
2006-11-23T00:00:00.000000000+0000,1.29346,1.29735,1.29233,1.29487
2006-11-24T00:00:00.000000000+0000,1.29494,1.31043,1.29431,1.3091
2006-11-25T00:00:00.000000000+0000,1.3091,1.3091,1.3091,1.3091
2006-11-26T00:00:00.000000000+0000,1.31103,1.31714,1.31096,1.31546
2006-11-27T00:00:00.000000000+0000,1.3154,1.31565,1.30856,1.31308
2006-11-28T00:00:00.000000000+0000,1.31307,1.32163,1.31166,1.31997
2006-11-29T00:00:00.000000000+0000,1.32003,1.32147,1.31322,1.31454
2006-11-30T00:00:00.000000000+0000,1.31431,1.32732,1.31393,1.3248
2006-12-01T00:00:00.000000000+0000,1.32504,1.33454,1.32187,1.33323
2006-12-02T00:00:00.000000000+0000,1.33323,1.33323,1.33323,1.33323
2006-12-03T00:00:00.000000000+0000,1.33303,1.33653,1.33266,1.33536
2006-12-04T00:00:00.000000000+0000,1.33526,1.33541,1.32815,1.33318
2006-12-05T00:00:00.000000000+0000,1.33335,1.33611,1.32878,1.33135
2006-12-06T00:00:00.000000000+0000,1.33141,1.33397,1.32542,1.32831
2006-12-07T00:00:00.000000000+0000,1.32832,1.33232,1.32709,1.32828
2006-12-08T00:00:00.000000000+0000,1.32816,1.3361,1.31911,1.31985
2006-12-09T00:00:00.000000000+0000,1.31985,1.31985,1.31985,1.31985
2006-12-10T00:00:00.000000000+0000,1.31791,1.31934,1.31649,1.3184
2006-12-11T00:00:00.000000000+0000,1.31819,1.32614,1.31287,1.32481
2006-12-12T00:00:00.000000000+0000,1.32481,1.32906,1.32126,1.32812
2006-12-13T00:00:00.000000000+0000,1.32791,1.32858,1.31907,1.32143
2006-12-14T00:00:00.000000000+0000,1.32144,1.32508,1.31373,1.31521
2006-12-15T00:00:00.000000000+0000,1.31512,1.31817,1.30586,1.30785
2006-12-16T00:00:00.000000000+0000,1.30785,1.30785,1.30785,1.30785
2006-12-17T00:00:00.000000000+0000,1.3068,1.3086,1.3068,1.30803
2006-12-18T00:00:00.000000000+0000,1.30804,1.31165,1.30522,1.3101
2006-12-19T00:00:00.000000000+0000,1.30995,1.32141,1.30794,1.3204
2006-12-20T00:00:00.000000000+0000,1.32033,1.32432,1.31584,1.31827
2006-12-21T00:00:00.000000000+0000,1.31825,1.32121,1.3142,1.31789
2006-12-22T00:00:00.000000000+0000,1.31797,1.32116,1.31084,1.31247
2006-12-23T00:00:00.000000000+0000,1.31247,1.31247,1.31247,1.31247
2006-12-24T00:00:00.000000000+0000,1.31207,1.31361,1.31141,1.31349
2006-12-25T00:00:00.000000000+0000,1.31316,1.31648,1.30974,1.31318
2006-12-26T00:00:00.000000000+0000,1.31312,1.31401,1.30865,1.31059
2006-12-27T00:00:00.000000000+0000,1.3107,1.31764,1.30973,1.31211
2006-12-28T00:00:00.000000000+0000,1.31219,1.31997,1.31017,1.31437
2006-12-29T00:00:00.000000000+0000,1.31425,1.32049,1.31347,1.3192
2006-12-30T00:00:00.000000000+0000,1.3192,1.3192,1.3192,1.3192
2006-12-31T00:00:00.000000000+0000,1.31917,1.31975,1.31876,1.31913
2007-01-01T00:00:00.000000000+0000,1.31908,1.32176,1.3165,1.3212
2007-01-02T00:00:00.000000000+0000,1.32137,1.32951,1.32101,1.32724
2007-01-03T00:00:00.000000000+0000,1.32702,1.32903,1.31461,1.3169
2007-01-04T00:00:00.000000000+0000,1.31689,1.31783,1.30704,1.3086
2007-01-05T00:00:00.000000000+0000,1.30866,1.31029,1.29804,1.29995
2007-01-06T00:00:00.000000000+0000,1.29995,1.29995,1.29995,1.29995
2007-01-07T00:00:00.000000000+0000,1.29963,1.30166,1.29921,1.30039
2007-01-08T00:00:00.000000000+0000,1.30055,1.30389,1.29722,1.30356
2007-01-09T00:00:00.000000000+0000,1.3035,1.30517,1.29855,1.29919
2007-01-10T00:00:00.000000000+0000,1.29921,1.30002,1.29261,1.29347
2007-01-11T00:00:00.000000000+0000,1.29345,1.30124,1.28804,1.2891
2007-01-12T00:00:00.000000000+0000,1.28909,1.29418,1.28668,1.29215
2007-01-13T00:00:00.000000000+0000,1.29215,1.29215,1.29215,1.29215
2007-01-14T00:00:00.000000000+0000,1.29124,1.29301,1.29124,1.29242
2007-01-15T00:00:00.000000000+0000,1.29254,1.2955,1.29121,1.29299
2007-01-16T00:00:00.000000000+0000,1.29338,1.29875,1.29062,1.29165
2007-01-17T00:00:00.000000000+0000,1.29159,1.29494,1.28973,1.29368
2007-01-18T00:00:00.000000000+0000,1.29372,1.29756,1.28971,1.2959
2007-01-19T00:00:00.000000000+0000,1.29594,1.29998,1.29129,1.29485
2007-01-20T00:00:00.000000000+0000,1.29485,1.29485,1.29485,1.29485
2007-01-21T00:00:00.000000000+0000,1.29467,1.2964,1.29441,1.2959
2007-01-22T00:00:00.000000000+0000,1.29597,1.29769,1.29201,1.29466
2007-01-23T00:00:00.000000000+0000,1.29486,1.30423,1.29288,1.302
2007-01-24T00:00:00.000000000+0000,1.30195,1.30357,1.29475,1.29609
2007-01-25T00:00:00.000000000+0000,1.2959,1.30002,1.29139,1.29357
2007-01-26T00:00:00.000000000+0000,1.29329,1.29391,1.28807,1.29154
2007-01-27T00:00:00.000000000+0000,1.29154,1.29154,1.29154,1.29154
2007-01-28T00:00:00.000000000+0000,1.2913,1.29246,1.2907,1.29192
2007-01-29T00:00:00.000000000+0000,1.29215,1.29655,1.28948,1.29601
2007-01-30T00:00:00.000000000+0000,1.29608,1.298,1.29436,1.29617
2007-01-31T00:00:00.000000000+0000,1.2963,1.30356,1.29239,1.3022
2007-02-01T00:00:00.000000000+0000,1.30211,1.30482,1.30011,1.30123
2007-02-02T00:00:00.000000000+0000,1.3014,1.30615,1.29474,1.2958
2007-02-03T00:00:00.000000000+0000,1.2958,1.2958,1.2958,1.2958
2007-02-04T00:00:00.000000000+0000,1.29532,1.29646,1.29498,1.29582
2007-02-05T00:00:00.000000000+0000,1.29597,1.29651,1.29126,1.29316
2007-02-06T00:00:00.000000000+0000,1.29302,1.29904,1.29095,1.29802
2007-02-07T00:00:00.000000000+0000,1.2982,1.30232,1.29647,1.30209
2007-02-08T00:00:00.000000000+0000,1.30208,1.30428,1.29759,1.30343
2007-02-09T00:00:00.000000000+0000,1.30359,1.30452,1.29817,1.30047
2007-02-10T00:00:00.000000000+0000,1.30047,1.30047,1.30047,1.30047
2007-02-11T00:00:00.000000000+0000,1.29899,1.30237,1.2983,1.30167
2007-02-12T00:00:00.000000000+0000,1.30147,1.30359,1.2939,1.2956
2007-02-13T00:00:00.000000000+0000,1.29546,1.30426,1.29498,1.30298
2007-02-14T00:00:00.000000000+0000,1.30264,1.31488,1.30218,1.31368
2007-02-15T00:00:00.000000000+0000,1.31346,1.31716,1.31173,1.31329
2007-02-16T00:00:00.000000000+0000,1.31316,1.31443,1.30958,1.31356
2007-02-17T00:00:00.000000000+0000,1.31356,1.31356,1.31356,1.31356
2007-02-18T00:00:00.000000000+0000,1.31266,1.31621,1.31266,1.31465
2007-02-19T00:00:00.000000000+0000,1.31462,1.3161,1.31201,1.31498
2007-02-20T00:00:00.000000000+0000,1.31492,1.31881,1.31271,1.3146
2007-02-21T00:00:00.000000000+0000,1.31434,1.31648,1.31116,1.31361
2007-02-22T00:00:00.000000000+0000,1.31354,1.31404,1.30796,1.31212
2007-02-23T00:00:00.000000000+0000,1.31227,1.31863,1.31013,1.31627
2007-02-24T00:00:00.000000000+0000,1.31627,1.31627,1.31627,1.31627
2007-02-25T00:00:00.000000000+0000,1.31622,1.3186,1.31581,1.318
2007-02-26T00:00:00.000000000+0000,1.31808,1.31971,1.31491,1.31911
2007-02-27T00:00:00.000000000+0000,1.31911,1.32578,1.31579,1.32259
2007-02-28T00:00:00.000000000+0000,1.32297,1.32369,1.31787,1.32273
2007-03-01T00:00:00.000000000+0000,1.32255,1.32389,1.31547,1.31644
2007-03-02T00:00:00.000000000+0000,1.31656,1.31998,1.31408,1.31882
2007-03-03T00:00:00.000000000+0000,1.31882,1.31882,1.31882,1.31882
2007-03-04T00:00:00.000000000+0000,1.31847,1.32101,1.31817,1.3182
2007-03-05T00:00:00.000000000+0000,1.31802,1.31926,1.30723,1.3084
2007-03-06T00:00:00.000000000+0000,1.30813,1.3139,1.30798,1.31332
2007-03-07T00:00:00.000000000+0000,1.31338,1.31844,1.31086,1.31747
2007-03-08T00:00:00.000000000+0000,1.31735,1.31813,1.31154,1.31365
2007-03-09T00:00:00.000000000+0000,1.31343,1.31583,1.30864,1.31126
2007-03-10T00:00:00.000000000+0000,1.31126,1.31126,1.31126,1.31126
2007-03-11T00:00:00.000000000+0000,1.31236,1.31415,1.31068,1.31242
2007-03-12T00:00:00.000000000+0000,1.31221,1.31992,1.31054,1.3186
2007-03-13T00:00:00.000000000+0000,1.31857,1.32186,1.31547,1.31867
2007-03-14T00:00:00.000000000+0000,1.31856,1.3244,1.31764,1.32318
2007-03-15T00:00:00.000000000+0000,1.32323,1.32791,1.31919,1.32783
2007-03-16T00:00:00.000000000+0000,1.3278,1.33381,1.32722,1.33103
2007-03-17T00:00:00.000000000+0000,1.33103,1.33103,1.33103,1.33103
2007-03-18T00:00:00.000000000+0000,1.33082,1.33196,1.33039,1.33161
2007-03-19T00:00:00.000000000+0000,1.33142,1.33241,1.3278,1.33095
2007-03-20T00:00:00.000000000+0000,1.33097,1.33232,1.32701,1.33135
2007-03-21T00:00:00.000000000+0000,1.33137,1.34094,1.32861,1.33956
2007-03-22T00:00:00.000000000+0000,1.33958,1.34002,1.3309,1.33285
2007-03-23T00:00:00.000000000+0000,1.33311,1.33407,1.32749,1.32812
2007-03-24T00:00:00.000000000+0000,1.32812,1.32812,1.32812,1.32812
2007-03-25T00:00:00.000000000+0000,1.32795,1.32949,1.32571,1.32708
2007-03-26T00:00:00.000000000+0000,1.32724,1.33455,1.32534,1.33267
2007-03-27T00:00:00.000000000+0000,1.33277,1.33667,1.33013,1.33482
2007-03-28T00:00:00.000000000+0000,1.332,1.33716,1.33006,1.33082
2007-03-29T00:00:00.000000000+0000,1.33084,1.33517,1.32984,1.33285
2007-03-30T00:00:00.000000000+0000,1.33277,1.33985,1.3288,1.33535
2007-03-31T00:00:00.000000000+0000,1.33535,1.33535,1.33535,1.33535
2007-04-01T00:00:00.000000000+0000,1.33525,1.3379,1.33495,1.3354
2007-04-02T00:00:00.000000000+0000,1.3353,1.33802,1.33312,1.33715
2007-04-03T00:00:00.000000000+0000,1.33709,1.33802,1.33179,1.33225
2007-04-04T00:00:00.000000000+0000,1.3323,1.3381,1.3321,1.3374
2007-04-05T00:00:00.000000000+0000,1.3374,1.3441,1.33525,1.34245
2007-04-06T00:00:00.000000000+0000,1.34245,1.3428,1.3364,1.33835
2007-04-07T00:00:00.000000000+0000,1.33835,1.33835,1.33835,1.33835
2007-04-08T00:00:00.000000000+0000,1.33732,1.3387,1.33635,1.3368
2007-04-09T00:00:00.000000000+0000,1.3368,1.3379,1.334,1.3353
2007-04-10T00:00:00.000000000+0000,1.3353,1.3456,1.3349,1.34285
2007-04-11T00:00:00.000000000+0000,1.3429,1.3441,1.34065,1.3436
2007-04-12T00:00:00.000000000+0000,1.3436,1.3504,1.34315,1.3486
2007-04-13T00:00:00.000000000+0000,1.3485,1.35525,1.34815,1.35233
2007-04-14T00:00:00.000000000+0000,1.35233,1.35233,1.35233,1.35233
2007-04-15T00:00:00.000000000+0000,1.35285,1.3577,1.35221,1.3568
2007-04-16T00:00:00.000000000+0000,1.35685,1.357,1.35221,1.3527
2007-04-17T00:00:00.000000000+0000,1.3527,1.3594,1.3525,1.35715
2007-04-18T00:00:00.000000000+0000,1.3572,1.362,1.3556,1.36145
2007-04-19T00:00:00.000000000+0000,1.36145,1.3628,1.35605,1.3624
2007-04-20T00:00:00.000000000+0000,1.3624,1.3637,1.35809,1.35853
2007-04-21T00:00:00.000000000+0000,1.35853,1.35853,1.35853,1.35853
2007-04-22T00:00:00.000000000+0000,1.35893,1.3607,1.3585,1.3599
2007-04-23T00:00:00.000000000+0000,1.3598,1.36025,1.354,1.358
2007-04-24T00:00:00.000000000+0000,1.358,1.3643,1.3548,1.36335
2007-04-25T00:00:00.000000000+0000,1.3634,1.3665,1.3622,1.3639
2007-04-26T00:00:00.000000000+0000,1.3639,1.3654,1.3584,1.3592
2007-04-27T00:00:00.000000000+0000,1.3593,1.3682,1.35865,1.36541
2007-04-28T00:00:00.000000000+0000,1.36541,1.36541,1.36541,1.36541
2007-04-29T00:00:00.000000000+0000,1.36492,1.36553,1.3615,1.36235
2007-04-30T00:00:00.000000000+0000,1.36235,1.36777,1.35884,1.3651
2007-05-01T00:00:00.000000000+0000,1.36515,1.36711,1.35897,1.36021
2007-05-02T00:00:00.000000000+0000,1.36026,1.36097,1.35598,1.35927
2007-05-03T00:00:00.000000000+0000,1.3593,1.36193,1.35459,1.35508
2007-05-04T00:00:00.000000000+0000,1.35512,1.36088,1.35344,1.35826
2007-05-05T00:00:00.000000000+0000,1.35826,1.35826,1.35826,1.35826
2007-05-06T00:00:00.000000000+0000,1.35891,1.36031,1.35882,1.35917
2007-05-07T00:00:00.000000000+0000,1.3592,1.36255,1.35897,1.35957
2007-05-08T00:00:00.000000000+0000,1.35962,1.36202,1.35155,1.35377
2007-05-09T00:00:00.000000000+0000,1.35379,1.35641,1.35187,1.35326
2007-05-10T00:00:00.000000000+0000,1.35325,1.35624,1.34656,1.34757
2007-05-11T00:00:00.000000000+0000,1.3476,1.35305,1.34628,1.35206
2007-05-12T00:00:00.000000000+0000,1.35206,1.35206,1.35206,1.35206
2007-05-13T00:00:00.000000000+0000,1.3526,1.35433,1.3517,1.35397
2007-05-14T00:00:00.000000000+0000,1.35395,1.3557,1.35235,1.35417
2007-05-15T00:00:00.000000000+0000,1.3542,1.36071,1.35264,1.35896
2007-05-16T00:00:00.000000000+0000,1.35901,1.36081,1.35035,1.35208
2007-05-17T00:00:00.000000000+0000,1.3521,1.35421,1.34773,1.34937
2007-05-18T00:00:00.000000000+0000,1.3494,1.35205,1.34648,1.35058
2007-05-19T00:00:00.000000000+0000,1.35058,1.35058,1.35058,1.35058
2007-05-20T00:00:00.000000000+0000,1.35051,1.35288,1.34979,1.35195
2007-05-21T00:00:00.000000000+0000,1.35195,1.35214,1.34359,1.3462
2007-05-22T00:00:00.000000000+0000,1.34615,1.34744,1.34376,1.34487
2007-05-23T00:00:00.000000000+0000,1.34487,1.35004,1.34149,1.34541
2007-05-24T00:00:00.000000000+0000,1.34537,1.34602,1.34155,1.34221
2007-05-25T00:00:00.000000000+0000,1.34215,1.34714,1.34114,1.34497
2007-05-26T00:00:00.000000000+0000,1.34497,1.34497,1.34497,1.34497
2007-05-27T00:00:00.000000000+0000,1.34388,1.3451,1.34322,1.3446
2007-05-28T00:00:00.000000000+0000,1.34456,1.34579,1.34425,1.34505
2007-05-29T00:00:00.000000000+0000,1.34509,1.35183,1.34192,1.34507
2007-05-30T00:00:00.000000000+0000,1.34511,1.34563,1.34079,1.3431
2007-05-31T00:00:00.000000000+0000,1.3431,1.3471,1.34219,1.34528
2007-06-01T00:00:00.000000000+0000,1.34526,1.34602,1.33915,1.34406
2007-06-02T00:00:00.000000000+0000,1.34406,1.34406,1.34406,1.34406
2007-06-03T00:00:00.000000000+0000,1.34468,1.34473,1.34353,1.3442
2007-06-04T00:00:00.000000000+0000,1.34422,1.34978,1.34317,1.34907
2007-06-05T00:00:00.000000000+0000,1.34909,1.35515,1.34885,1.35157
2007-06-06T00:00:00.000000000+0000,1.35162,1.35371,1.34844,1.34957
2007-06-07T00:00:00.000000000+0000,1.34963,1.35113,1.34209,1.34247
2007-06-08T00:00:00.000000000+0000,1.34251,1.34269,1.33225,1.33684
2007-06-09T00:00:00.000000000+0000,1.33684,1.33684,1.33684,1.33684
2007-06-10T00:00:00.000000000+0000,1.33717,1.33729,1.33513,1.33559
2007-06-11T00:00:00.000000000+0000,1.33557,1.33606,1.33325,1.3349
2007-06-12T00:00:00.000000000+0000,1.33496,1.33683,1.32981,1.33
2007-06-13T00:00:00.000000000+0000,1.32997,1.33144,1.32621,1.3307
2007-06-14T00:00:00.000000000+0000,1.33067,1.33221,1.32789,1.3308
2007-06-15T00:00:00.000000000+0000,1.33077,1.33888,1.33047,1.33741
2007-06-16T00:00:00.000000000+0000,1.33741,1.33741,1.33741,1.33741
2007-06-17T00:00:00.000000000+0000,1.33859,1.3388,1.33737,1.33855
2007-06-18T00:00:00.000000000+0000,1.3386,1.34178,1.33822,1.34147
2007-06-19T00:00:00.000000000+0000,1.34156,1.34343,1.3384,1.34229
2007-06-20T00:00:00.000000000+0000,1.34233,1.3436,1.339,1.33967
2007-06-21T00:00:00.000000000+0000,1.33973,1.34044,1.33717,1.33888
2007-06-22T00:00:00.000000000+0000,1.33889,1.34683,1.33772,1.34629
2007-06-23T00:00:00.000000000+0000,1.34629,1.34629,1.34629,1.34629
2007-06-24T00:00:00.000000000+0000,1.34667,1.34711,1.34548,1.34616
2007-06-25T00:00:00.000000000+0000,1.34617,1.34719,1.34384,1.34623
2007-06-26T00:00:00.000000000+0000,1.34617,1.34764,1.3431,1.34491
2007-06-27T00:00:00.000000000+0000,1.34484,1.34548,1.34167,1.3454
2007-06-28T00:00:00.000000000+0000,1.34536,1.34788,1.34233,1.34363
2007-06-29T00:00:00.000000000+0000,1.34359,1.35464,1.34284,1.35416
2007-06-30T00:00:00.000000000+0000,1.35416,1.35416,1.35416,1.35416
2007-07-01T00:00:00.000000000+0000,1.35411,1.35465,1.35258,1.35343
2007-07-02T00:00:00.000000000+0000,1.35344,1.36374,1.35258,1.36187
2007-07-03T00:00:00.000000000+0000,1.36193,1.36323,1.35833,1.36054
2007-07-04T00:00:00.000000000+0000,1.36061,1.36299,1.36044,1.36159
2007-07-05T00:00:00.000000000+0000,1.36164,1.36574,1.35784,1.35922
2007-07-06T00:00:00.000000000+0000,1.35931,1.36396,1.35678,1.36226
2007-07-07T00:00:00.000000000+0000,1.36226,1.36226,1.36226,1.36226
2007-07-08T00:00:00.000000000+0000,1.36247,1.36347,1.36204,1.36237
2007-07-09T00:00:00.000000000+0000,1.3624,1.36372,1.36086,1.36203
2007-07-10T00:00:00.000000000+0000,1.36196,1.37822,1.35935,1.37429
2007-07-11T00:00:00.000000000+0000,1.37419,1.37795,1.37299,1.37443
2007-07-12T00:00:00.000000000+0000,1.37437,1.37971,1.37419,1.37823
2007-07-13T00:00:00.000000000+0000,1.37817,1.38103,1.37621,1.37843
2007-07-14T00:00:00.000000000+0000,1.37843,1.37843,1.37843,1.37843
2007-07-15T00:00:00.000000000+0000,1.37832,1.37901,1.37676,1.3775
2007-07-16T00:00:00.000000000+0000,1.37749,1.38019,1.37603,1.37733
2007-07-17T00:00:00.000000000+0000,1.37734,1.37974,1.3758,1.37935
2007-07-18T00:00:00.000000000+0000,1.37932,1.3831,1.37565,1.38045
2007-07-19T00:00:00.000000000+0000,1.38044,1.38284,1.37852,1.37968
2007-07-20T00:00:00.000000000+0000,1.37955,1.38418,1.37777,1.38315
2007-07-21T00:00:00.000000000+0000,1.38315,1.38315,1.38315,1.38315
2007-07-22T00:00:00.000000000+0000,1.38334,1.38438,1.38268,1.38364
2007-07-23T00:00:00.000000000+0000,1.38357,1.38452,1.37912,1.37982
2007-07-24T00:00:00.000000000+0000,1.37997,1.38515,1.37951,1.38195
2007-07-25T00:00:00.000000000+0000,1.38179,1.38251,1.36944,1.37203
2007-07-26T00:00:00.000000000+0000,1.372,1.37714,1.36888,1.37502
2007-07-27T00:00:00.000000000+0000,1.37499,1.37521,1.36204,1.36322
2007-07-28T00:00:00.000000000+0000,1.36322,1.36322,1.36322,1.36322
2007-07-29T00:00:00.000000000+0000,1.36206,1.36415,1.36058,1.36322
2007-07-30T00:00:00.000000000+0000,1.36321,1.37274,1.36175,1.37197
2007-07-31T00:00:00.000000000+0000,1.37197,1.3724,1.36636,1.36711
2007-08-01T00:00:00.000000000+0000,1.3671,1.37099,1.36363,1.36642
2007-08-02T00:00:00.000000000+0000,1.36625,1.37063,1.36478,1.37024
2007-08-03T00:00:00.000000000+0000,1.37024,1.38178,1.36811,1.37806
2007-08-04T00:00:00.000000000+0000,1.37806,1.37806,1.37806,1.37806
2007-08-05T00:00:00.000000000+0000,1.3786,1.38387,1.3786,1.38163
2007-08-06T00:00:00.000000000+0000,1.38176,1.38386,1.37764,1.3808
2007-08-07T00:00:00.000000000+0000,1.38098,1.38132,1.37314,1.37496
2007-08-08T00:00:00.000000000+0000,1.37526,1.38259,1.37185,1.37993
2007-08-09T00:00:00.000000000+0000,1.37984,1.38167,1.36533,1.36624
2007-08-10T00:00:00.000000000+0000,1.36655,1.37049,1.36406,1.3693
2007-08-11T00:00:00.000000000+0000,1.3693,1.3693,1.3693,1.3693
2007-08-12T00:00:00.000000000+0000,1.36887,1.36936,1.3678,1.36897
2007-08-13T00:00:00.000000000+0000,1.36883,1.37091,1.35974,1.36069
2007-08-14T00:00:00.000000000+0000,1.36062,1.3625,1.35238,1.35295
2007-08-15T00:00:00.000000000+0000,1.353,1.35319,1.34127,1.34281
2007-08-16T00:00:00.000000000+0000,1.34292,1.34464,1.33594,1.34285
2007-08-17T00:00:00.000000000+0000,1.3425,1.3546,1.33691,1.34714
2007-08-18T00:00:00.000000000+0000,1.34714,1.34714,1.34714,1.34714
2007-08-19T00:00:00.000000000+0000,1.3476,1.3489,1.34705,1.34705
2007-08-20T00:00:00.000000000+0000,1.34734,1.35076,1.34573,1.3471
2007-08-21T00:00:00.000000000+0000,1.3471,1.35203,1.34485,1.34658
2007-08-22T00:00:00.000000000+0000,1.34635,1.35576,1.34459,1.35456
2007-08-23T00:00:00.000000000+0000,1.35477,1.35879,1.35324,1.3561
2007-08-24T00:00:00.000000000+0000,1.35613,1.36836,1.35497,1.36789
2007-08-25T00:00:00.000000000+0000,1.36789,1.36789,1.36789,1.36789
2007-08-26T00:00:00.000000000+0000,1.36745,1.36814,1.36612,1.36777
2007-08-27T00:00:00.000000000+0000,1.36777,1.36852,1.36303,1.36343
2007-08-28T00:00:00.000000000+0000,1.3634,1.36799,1.35698,1.3574
2007-08-29T00:00:00.000000000+0000,1.3576,1.36802,1.3557,1.36682
2007-08-30T00:00:00.000000000+0000,1.36671,1.3672,1.35883,1.36674
2007-08-31T00:00:00.000000000+0000,1.36669,1.37191,1.36158,1.36284
2007-09-01T00:00:00.000000000+0000,1.36284,1.36284,1.36284,1.36284
2007-09-02T00:00:00.000000000+0000,1.36276,1.36349,1.36223,1.36308
2007-09-03T00:00:00.000000000+0000,1.36299,1.36541,1.36017,1.36109
2007-09-04T00:00:00.000000000+0000,1.36094,1.36256,1.3548,1.36221
2007-09-05T00:00:00.000000000+0000,1.36209,1.36712,1.3566,1.36506
2007-09-06T00:00:00.000000000+0000,1.36498,1.37098,1.36308,1.36902
2007-09-07T00:00:00.000000000+0000,1.36906,1.37978,1.36601,1.37647
2007-09-08T00:00:00.000000000+0000,1.37647,1.37647,1.37647,1.37647
2007-09-09T00:00:00.000000000+0000,1.37681,1.37851,1.37659,1.37772
2007-09-10T00:00:00.000000000+0000,1.37743,1.38143,1.37644,1.37907
2007-09-11T00:00:00.000000000+0000,1.37906,1.38482,1.37756,1.38372
2007-09-12T00:00:00.000000000+0000,1.38352,1.39141,1.38207,1.38928
2007-09-13T00:00:00.000000000+0000,1.38923,1.39265,1.386,1.3871
2007-09-14T00:00:00.000000000+0000,1.38696,1.38947,1.38414,1.38725
2007-09-15T00:00:00.000000000+0000,1.38725,1.38725,1.38725,1.38725
2007-09-16T00:00:00.000000000+0000,1.3868,1.38727,1.38522,1.38585
2007-09-17T00:00:00.000000000+0000,1.38589,1.38899,1.38474,1.38649
2007-09-18T00:00:00.000000000+0000,1.3865,1.39889,1.38271,1.39748
2007-09-19T00:00:00.000000000+0000,1.39726,1.39867,1.39323,1.39722
2007-09-20T00:00:00.000000000+0000,1.39717,1.40993,1.39659,1.4067
2007-09-21T00:00:00.000000000+0000,1.40669,1.41195,1.40394,1.40887
2007-09-22T00:00:00.000000000+0000,1.40887,1.40887,1.40887,1.40887
2007-09-23T00:00:00.000000000+0000,1.40901,1.40938,1.40811,1.40901
2007-09-24T00:00:00.000000000+0000,1.40897,1.41293,1.40653,1.40704
2007-09-25T00:00:00.000000000+0000,1.4071,1.41628,1.40567,1.41454
2007-09-26T00:00:00.000000000+0000,1.4145,1.41556,1.41084,1.41263
2007-09-27T00:00:00.000000000+0000,1.41268,1.41892,1.41195,1.41544
2007-09-28T00:00:00.000000000+0000,1.41537,1.42772,1.41462,1.42697
2007-09-29T00:00:00.000000000+0000,1.42697,1.42697,1.42697,1.42697
2007-09-30T00:00:00.000000000+0000,1.42723,1.42808,1.42604,1.42671
2007-10-01T00:00:00.000000000+0000,1.42678,1.42751,1.42075,1.42299
2007-10-02T00:00:00.000000000+0000,1.42329,1.42389,1.41353,1.41517
2007-10-03T00:00:00.000000000+0000,1.41512,1.42012,1.40791,1.40961
2007-10-04T00:00:00.000000000+0000,1.40947,1.41488,1.40641,1.41342
2007-10-05T00:00:00.000000000+0000,1.41336,1.41569,1.40313,1.41293
2007-10-06T00:00:00.000000000+0000,1.41293,1.41293,1.41293,1.41293
2007-10-07T00:00:00.000000000+0000,1.4134,1.41526,1.41335,1.41481
2007-10-08T00:00:00.000000000+0000,1.41468,1.41487,1.40321,1.4044
2007-10-09T00:00:00.000000000+0000,1.40434,1.41147,1.40093,1.41049
2007-10-10T00:00:00.000000000+0000,1.41067,1.41715,1.40914,1.41373
2007-10-11T00:00:00.000000000+0000,1.4137,1.42402,1.41318,1.41973
2007-10-12T00:00:00.000000000+0000,1.41982,1.42125,1.41522,1.41703
2007-10-13T00:00:00.000000000+0000,1.41703,1.41703,1.41703,1.41703
2007-10-14T00:00:00.000000000+0000,1.41745,1.41866,1.41609,1.41649
2007-10-15T00:00:00.000000000+0000,1.4164,1.42429,1.41559,1.4198
2007-10-16T00:00:00.000000000+0000,1.42043,1.42265,1.41397,1.41742
2007-10-17T00:00:00.000000000+0000,1.41751,1.42301,1.41562,1.42045
2007-10-18T00:00:00.000000000+0000,1.4204,1.43097,1.41921,1.42893
2007-10-19T00:00:00.000000000+0000,1.42905,1.43179,1.42426,1.42988
2007-10-20T00:00:00.000000000+0000,1.42988,1.42988,1.42988,1.42988
2007-10-21T00:00:00.000000000+0000,1.43037,1.43501,1.43037,1.43364
2007-10-22T00:00:00.000000000+0000,1.43364,1.43437,1.41231,1.41747
2007-10-23T00:00:00.000000000+0000,1.4174,1.42782,1.41687,1.42545
2007-10-24T00:00:00.000000000+0000,1.4254,1.42698,1.41873,1.42599
2007-10-25T00:00:00.000000000+0000,1.42583,1.43443,1.42436,1.43223
2007-10-26T00:00:00.000000000+0000,1.43222,1.4399,1.43137,1.43894
2007-10-27T00:00:00.000000000+0000,1.43894,1.43894,1.43894,1.43894
2007-10-28T00:00:00.000000000+0000,1.44146,1.44221,1.43989,1.44021
2007-10-29T00:00:00.000000000+0000,1.44037,1.44378,1.43738,1.44153
2007-10-30T00:00:00.000000000+0000,1.44135,1.44428,1.43717,1.44369
2007-10-31T00:00:00.000000000+0000,1.44376,1.45035,1.44172,1.44695
2007-11-01T00:00:00.000000000+0000,1.44688,1.44788,1.43995,1.4423
2007-11-02T00:00:00.000000000+0000,1.44234,1.45273,1.44184,1.44977
2007-11-03T00:00:00.000000000+0000,1.44977,1.44977,1.44977,1.44977
2007-11-04T00:00:00.000000000+0000,1.45126,1.45234,1.44982,1.45023
2007-11-05T00:00:00.000000000+0000,1.45002,1.45095,1.44406,1.4475
2007-11-06T00:00:00.000000000+0000,1.44746,1.45706,1.44654,1.45593
2007-11-07T00:00:00.000000000+0000,1.45623,1.47294,1.45495,1.46203
2007-11-08T00:00:00.000000000+0000,1.46218,1.47027,1.46159,1.46762
2007-11-09T00:00:00.000000000+0000,1.46761,1.47519,1.46286,1.46725
2007-11-10T00:00:00.000000000+0000,1.46725,1.46725,1.46725,1.46725
2007-11-11T00:00:00.000000000+0000,1.46713,1.46778,1.46322,1.46558
2007-11-12T00:00:00.000000000+0000,1.46544,1.46632,1.45168,1.45178
2007-11-13T00:00:00.000000000+0000,1.4521,1.46325,1.45172,1.46182
2007-11-14T00:00:00.000000000+0000,1.46171,1.47245,1.46092,1.46492
2007-11-15T00:00:00.000000000+0000,1.4649,1.47038,1.46009,1.46174
2007-11-16T00:00:00.000000000+0000,1.46181,1.46721,1.45786,1.46584
2007-11-17T00:00:00.000000000+0000,1.46584,1.46584,1.46584,1.46584
2007-11-18T00:00:00.000000000+0000,1.4668,1.46734,1.46618,1.4667
2007-11-19T00:00:00.000000000+0000,1.46682,1.46884,1.4617,1.46656
2007-11-20T00:00:00.000000000+0000,1.46657,1.48517,1.46303,1.48295
2007-11-21T00:00:00.000000000+0000,1.48294,1.48689,1.47707,1.48547
2007-11-22T00:00:00.000000000+0000,1.48551,1.4873,1.48185,1.48502
2007-11-23T00:00:00.000000000+0000,1.48495,1.49646,1.47816,1.48358
2007-11-24T00:00:00.000000000+0000,1.48358,1.48358,1.48358,1.48358
2007-11-25T00:00:00.000000000+0000,1.4826,1.48381,1.48158,1.48322
2007-11-26T00:00:00.000000000+0000,1.48342,1.48869,1.48011,1.4871
2007-11-27T00:00:00.000000000+0000,1.48707,1.49078,1.48061,1.48332
2007-11-28T00:00:00.000000000+0000,1.48337,1.48579,1.47078,1.48372
2007-11-29T00:00:00.000000000+0000,1.48368,1.48442,1.47188,1.47561
2007-11-30T00:00:00.000000000+0000,1.47552,1.47849,1.46231,1.46313
2007-12-01T00:00:00.000000000+0000,1.46313,1.46313,1.46313,1.46313
2007-12-02T00:00:00.000000000+0000,1.46315,1.46653,1.46298,1.46583
2007-12-03T00:00:00.000000000+0000,1.46585,1.47077,1.4618,1.46682
2007-12-04T00:00:00.000000000+0000,1.46673,1.47688,1.46315,1.47609
2007-12-05T00:00:00.000000000+0000,1.47599,1.47701,1.45905,1.45932
2007-12-06T00:00:00.000000000+0000,1.4595,1.46593,1.45234,1.4655
2007-12-07T00:00:00.000000000+0000,1.46557,1.46725,1.45946,1.46534
2007-12-08T00:00:00.000000000+0000,1.46534,1.46534,1.46534,1.46534
2007-12-09T00:00:00.000000000+0000,1.46527,1.46593,1.46443,1.46508
2007-12-10T00:00:00.000000000+0000,1.46512,1.47356,1.46361,1.47072
2007-12-11T00:00:00.000000000+0000,1.47061,1.47506,1.46378,1.46586
2007-12-12T00:00:00.000000000+0000,1.46609,1.4748,1.46469,1.4711
2007-12-13T00:00:00.000000000+0000,1.47108,1.47379,1.45742,1.46248
2007-12-14T00:00:00.000000000+0000,1.46246,1.46578,1.44094,1.44282
2007-12-15T00:00:00.000000000+0000,1.44282,1.44282,1.44282,1.44282
2007-12-16T00:00:00.000000000+0000,1.43901,1.44173,1.43784,1.44139
2007-12-17T00:00:00.000000000+0000,1.44144,1.44521,1.43273,1.44084
2007-12-18T00:00:00.000000000+0000,1.44101,1.44357,1.43639,1.44166
2007-12-19T00:00:00.000000000+0000,1.44167,1.44235,1.43229,1.43797
2007-12-20T00:00:00.000000000+0000,1.43817,1.43899,1.43073,1.43292
2007-12-21T00:00:00.000000000+0000,1.43289,1.44101,1.43218,1.43772
2007-12-22T00:00:00.000000000+0000,1.43772,1.43772,1.43772,1.43772
2007-12-23T00:00:00.000000000+0000,1.43714,1.43824,1.43643,1.43724
2007-12-24T00:00:00.000000000+0000,1.43763,1.44129,1.43692,1.43933
2007-12-25T00:00:00.000000000+0000,1.43938,1.44205,1.43825,1.4394
2007-12-26T00:00:00.000000000+0000,1.43936,1.45058,1.43866,1.44819
2007-12-27T00:00:00.000000000+0000,1.44846,1.46411,1.44643,1.46082
2007-12-28T00:00:00.000000000+0000,1.46094,1.47273,1.45873,1.4721
2007-12-29T00:00:00.000000000+0000,1.4721,1.4721,1.4721,1.4721
2007-12-30T00:00:00.000000000+0000,1.47195,1.47351,1.47022,1.47312
2007-12-31T00:00:00.000000000+0000,1.47344,1.47491,1.45651,1.45844
2008-01-01T00:00:00.000000000+0000,1.45841,1.46285,1.45718,1.46174
2008-01-02T00:00:00.000000000+0000,1.46172,1.4749,1.45925,1.4714
2008-01-03T00:00:00.000000000+0000,1.47142,1.47807,1.46842,1.47411
2008-01-04T00:00:00.000000000+0000,1.47404,1.48241,1.4691,1.47397
2008-01-05T00:00:00.000000000+0000,1.47397,1.47397,1.47397,1.47397
2008-01-06T00:00:00.000000000+0000,1.47506,1.47547,1.47395,1.47472
2008-01-07T00:00:00.000000000+0000,1.47483,1.47494,1.46557,1.46802
2008-01-08T00:00:00.000000000+0000,1.4681,1.47428,1.46754,1.47042
2008-01-09T00:00:00.000000000+0000,1.4705,1.47427,1.46357,1.46584
2008-01-10T00:00:00.000000000+0000,1.46582,1.48133,1.46387,1.4798
2008-01-11T00:00:00.000000000+0000,1.47976,1.4819,1.47585,1.47717
2008-01-12T00:00:00.000000000+0000,1.47717,1.47717,1.47717,1.47717
2008-01-13T00:00:00.000000000+0000,1.47733,1.48159,1.47733,1.48029
2008-01-14T00:00:00.000000000+0000,1.48035,1.49146,1.47931,1.48644
2008-01-15T00:00:00.000000000+0000,1.48647,1.49219,1.47698,1.4799
2008-01-16T00:00:00.000000000+0000,1.4799,1.48583,1.45923,1.4659
2008-01-17T00:00:00.000000000+0000,1.46598,1.47141,1.45863,1.46362
2008-01-18T00:00:00.000000000+0000,1.4636,1.46941,1.45982,1.46168
2008-01-19T00:00:00.000000000+0000,1.46168,1.46168,1.46168,1.46168
2008-01-20T00:00:00.000000000+0000,1.45965,1.4608,1.45849,1.45942
2008-01-21T00:00:00.000000000+0000,1.45941,1.45977,1.44085,1.44158
2008-01-22T00:00:00.000000000+0000,1.44154,1.4684,1.43621,1.4642
2008-01-23T00:00:00.000000000+0000,1.46419,1.46518,1.45072,1.46262
2008-01-24T00:00:00.000000000+0000,1.46253,1.47779,1.45874,1.47685
2008-01-25T00:00:00.000000000+0000,1.47672,1.47736,1.46567,1.46807
2008-01-26T00:00:00.000000000+0000,1.46807,1.46807,1.46807,1.46807
2008-01-27T00:00:00.000000000+0000,1.46812,1.47084,1.46736,1.4689
2008-01-28T00:00:00.000000000+0000,1.46886,1.47977,1.46588,1.47847
2008-01-29T00:00:00.000000000+0000,1.47831,1.4788,1.47346,1.47659
2008-01-30T00:00:00.000000000+0000,1.47666,1.49073,1.47508,1.48247
2008-01-31T00:00:00.000000000+0000,1.48246,1.49137,1.47994,1.48619
2008-02-01T00:00:00.000000000+0000,1.48596,1.49468,1.47839,1.47995
2008-02-02T00:00:00.000000000+0000,1.47995,1.47995,1.47995,1.47995
2008-02-03T00:00:00.000000000+0000,1.48053,1.48106,1.47895,1.48011
2008-02-04T00:00:00.000000000+0000,1.47997,1.48482,1.47889,1.48243
2008-02-05T00:00:00.000000000+0000,1.48232,1.48314,1.46185,1.46334
2008-02-06T00:00:00.000000000+0000,1.46316,1.46699,1.45877,1.46114
2008-02-07T00:00:00.000000000+0000,1.46119,1.46513,1.44366,1.44742
2008-02-08T00:00:00.000000000+0000,1.44737,1.45475,1.44467,1.4503
2008-02-09T00:00:00.000000000+0000,1.4503,1.4503,1.4503,1.4503
2008-02-10T00:00:00.000000000+0000,1.45197,1.45279,1.45076,1.45234
2008-02-11T00:00:00.000000000+0000,1.45228,1.45786,1.44788,1.44972
2008-02-12T00:00:00.000000000+0000,1.44974,1.46141,1.44923,1.4578
2008-02-13T00:00:00.000000000+0000,1.45778,1.45988,1.45307,1.4552
2008-02-14T00:00:00.000000000+0000,1.45526,1.46475,1.45457,1.46391
2008-02-15T00:00:00.000000000+0000,1.46409,1.47084,1.46266,1.46802
2008-02-16T00:00:00.000000000+0000,1.46802,1.46802,1.46802,1.46802
2008-02-17T00:00:00.000000000+0000,1.46748,1.46806,1.46626,1.46708
2008-02-18T00:00:00.000000000+0000,1.46712,1.46901,1.46081,1.46478
2008-02-19T00:00:00.000000000+0000,1.46468,1.4756,1.46378,1.47274
2008-02-20T00:00:00.000000000+0000,1.47305,1.4733,1.46123,1.47207
2008-02-21T00:00:00.000000000+0000,1.472,1.48366,1.46986,1.48108
2008-02-22T00:00:00.000000000+0000,1.48095,1.48614,1.47847,1.48235
2008-02-23T00:00:00.000000000+0000,1.48235,1.48235,1.48235,1.48235
2008-02-24T00:00:00.000000000+0000,1.4831,1.48396,1.48259,1.48307
2008-02-25T00:00:00.000000000+0000,1.48313,1.4844,1.47909,1.48303
2008-02-26T00:00:00.000000000+0000,1.48312,1.50454,1.47754,1.49949
2008-02-27T00:00:00.000000000+0000,1.49948,1.51435,1.49774,1.5115
2008-02-28T00:00:00.000000000+0000,1.51132,1.52301,1.50706,1.51913
2008-02-29T00:00:00.000000000+0000,1.51908,1.52383,1.51417,1.51762
2008-03-01T00:00:00.000000000+0000,1.51762,1.51762,1.51762,1.51762
2008-03-02T00:00:00.000000000+0000,1.51832,1.52256,1.51781,1.51987
2008-03-03T00:00:00.000000000+0000,1.51987,1.52734,1.51554,1.51957
2008-03-04T00:00:00.000000000+0000,1.51958,1.52467,1.51706,1.52044
2008-03-05T00:00:00.000000000+0000,1.5204,1.53015,1.51425,1.52749
2008-03-06T00:00:00.000000000+0000,1.52764,1.53957,1.52678,1.53792
2008-03-07T00:00:00.000000000+0000,1.53811,1.54591,1.53138,1.5354
2008-03-08T00:00:00.000000000+0000,1.5354,1.5354,1.5354,1.5354
2008-03-09T00:00:00.000000000+0000,1.53607,1.5403,1.53544,1.53924
2008-03-10T00:00:00.000000000+0000,1.5392,1.54003,1.53116,1.53352
2008-03-11T00:00:00.000000000+0000,1.53349,1.54948,1.52812,1.53355
2008-03-12T00:00:00.000000000+0000,1.53372,1.55725,1.53323,1.55386
2008-03-13T00:00:00.000000000+0000,1.55392,1.56433,1.55181,1.56189
2008-03-14T00:00:00.000000000+0000,1.56194,1.56869,1.55294,1.56816
2008-03-15T00:00:00.000000000+0000,1.56816,1.56816,1.56816,1.56816
2008-03-16T00:00:00.000000000+0000,1.56745,1.57694,1.56709,1.57478
2008-03-17T00:00:00.000000000+0000,1.57478,1.59021,1.56859,1.57418
2008-03-18T00:00:00.000000000+0000,1.57425,1.58311,1.56081,1.5653
2008-03-19T00:00:00.000000000+0000,1.56519,1.57852,1.55808,1.56345
2008-03-20T00:00:00.000000000+0000,1.56355,1.56404,1.53926,1.54357
2008-03-21T00:00:00.000000000+0000,1.54324,1.54739,1.54014,1.54305
2008-03-22T00:00:00.000000000+0000,1.54305,1.54305,1.54305,1.54305
2008-03-23T00:00:00.000000000+0000,1.54349,1.54389,1.54003,1.5403
2008-03-24T00:00:00.000000000+0000,1.5406,1.54543,1.53381,1.54316
2008-03-25T00:00:00.000000000+0000,1.54311,1.56579,1.54079,1.5609
2008-03-26T00:00:00.000000000+0000,1.56093,1.58582,1.55795,1.5819
2008-03-27T00:00:00.000000000+0000,1.58185,1.58455,1.57237,1.58086
2008-03-28T00:00:00.000000000+0000,1.58101,1.58387,1.57392,1.57953
2008-03-29T00:00:00.000000000+0000,1.57953,1.57953,1.57953,1.57953
2008-03-30T00:00:00.000000000+0000,1.57956,1.57984,1.57931,1.57963
2008-03-31T00:00:00.000000000+0000,1.5796,1.58974,1.57444,1.57568
2008-04-01T00:00:00.000000000+0000,1.57559,1.57857,1.55612,1.56168
2008-04-02T00:00:00.000000000+0000,1.56158,1.57007,1.5531,1.56732
2008-04-03T00:00:00.000000000+0000,1.56731,1.56858,1.55073,1.56599
2008-04-04T00:00:00.000000000+0000,1.56575,1.57726,1.56345,1.57266
2008-04-05T00:00:00.000000000+0000,1.57266,1.57266,1.57266,1.57266
2008-04-06T00:00:00.000000000+0000,1.57302,1.57375,1.57071,1.573
2008-04-07T00:00:00.000000000+0000,1.573,1.57308,1.56247,1.57058
2008-04-08T00:00:00.000000000+0000,1.57074,1.57983,1.56718,1.56945
2008-04-09T00:00:00.000000000+0000,1.5694,1.58645,1.56835,1.58162
2008-04-10T00:00:00.000000000+0000,1.58155,1.59143,1.57221,1.57563
2008-04-11T00:00:00.000000000+0000,1.57547,1.58564,1.5747,1.57892
2008-04-12T00:00:00.000000000+0000,1.57892,1.57892,1.57892,1.57892
2008-04-13T00:00:00.000000000+0000,1.57834,1.57834,1.56913,1.57101
2008-04-14T00:00:00.000000000+0000,1.57097,1.58867,1.56684,1.58242
2008-04-15T00:00:00.000000000+0000,1.58224,1.58754,1.57486,1.57846
2008-04-16T00:00:00.000000000+0000,1.5785,1.59786,1.57746,1.59365
2008-04-17T00:00:00.000000000+0000,1.59371,1.59826,1.58446,1.59046
2008-04-18T00:00:00.000000000+0000,1.59037,1.59566,1.57092,1.58139
2008-04-19T00:00:00.000000000+0000,1.58139,1.58139,1.58139,1.58139
2008-04-20T00:00:00.000000000+0000,1.58086,1.58207,1.57924,1.5808
2008-04-21T00:00:00.000000000+0000,1.58097,1.59466,1.5789,1.59096
2008-04-22T00:00:00.000000000+0000,1.59117,1.60183,1.58307,1.59721
2008-04-23T00:00:00.000000000+0000,1.5972,1.59977,1.58583,1.58804
2008-04-24T00:00:00.000000000+0000,1.58795,1.58836,1.56331,1.56727
2008-04-25T00:00:00.000000000+0000,1.56764,1.57063,1.55506,1.56292
2008-04-26T00:00:00.000000000+0000,1.56292,1.56292,1.56292,1.56292
2008-04-27T00:00:00.000000000+0000,1.56242,1.56291,1.55892,1.56165
2008-04-28T00:00:00.000000000+0000,1.56168,1.56924,1.55904,1.5654
2008-04-29T00:00:00.000000000+0000,1.56534,1.56587,1.55384,1.55752
2008-04-30T00:00:00.000000000+0000,1.55772,1.56415,1.55161,1.56241
2008-05-01T00:00:00.000000000+0000,1.56238,1.56425,1.54273,1.54764
2008-05-02T00:00:00.000000000+0000,1.54765,1.54978,1.53599,1.54227
2008-05-03T00:00:00.000000000+0000,1.54227,1.54227,1.54227,1.54227
2008-05-04T00:00:00.000000000+0000,1.5427,1.54394,1.54204,1.54345
2008-05-05T00:00:00.000000000+0000,1.54332,1.55196,1.54232,1.55008
2008-05-06T00:00:00.000000000+0000,1.55016,1.55945,1.54495,1.55162
2008-05-07T00:00:00.000000000+0000,1.55161,1.55188,1.53312,1.53416
2008-05-08T00:00:00.000000000+0000,1.53426,1.54407,1.52825,1.54032
2008-05-09T00:00:00.000000000+0000,1.54045,1.54909,1.53889,1.54883
2008-05-10T00:00:00.000000000+0000,1.54883,1.54883,1.54883,1.54883
2008-05-11T00:00:00.000000000+0000,1.54831,1.54831,1.54384,1.54656
2008-05-12T00:00:00.000000000+0000,1.54662,1.55699,1.53627,1.55301
2008-05-13T00:00:00.000000000+0000,1.55298,1.55653,1.54275,1.54683
2008-05-14T00:00:00.000000000+0000,1.5471,1.5486,1.53925,1.5464
2008-05-15T00:00:00.000000000+0000,1.54648,1.5547,1.54173,1.54563
2008-05-16T00:00:00.000000000+0000,1.54579,1.56019,1.54463,1.55724
2008-05-17T00:00:00.000000000+0000,1.55724,1.55724,1.55724,1.55724
2008-05-18T00:00:00.000000000+0000,1.55779,1.5598,1.55687,1.55812
2008-05-19T00:00:00.000000000+0000,1.55802,1.56333,1.54811,1.55264
2008-05-20T00:00:00.000000000+0000,1.55259,1.56796,1.55035,1.56472
2008-05-21T00:00:00.000000000+0000,1.56458,1.57965,1.56287,1.57787
2008-05-22T00:00:00.000000000+0000,1.5779,1.5813,1.56893,1.573
2008-05-23T00:00:00.000000000+0000,1.57318,1.57939,1.56947,1.5762
2008-05-24T00:00:00.000000000+0000,1.5762,1.5762,1.5762,1.5762
2008-05-25T00:00:00.000000000+0000,1.57652,1.57831,1.57457,1.57776
2008-05-26T00:00:00.000000000+0000,1.57769,1.5791,1.57391,1.57763
2008-05-27T00:00:00.000000000+0000,1.57781,1.58178,1.56695,1.56867
2008-05-28T00:00:00.000000000+0000,1.56859,1.576,1.56056,1.56545
2008-05-29T00:00:00.000000000+0000,1.56545,1.5662,1.548,1.5515
2008-05-30T00:00:00.000000000+0000,1.5513,1.55682,1.54594,1.55504
2008-05-31T00:00:00.000000000+0000,1.55504,1.55504,1.55504,1.55504
2008-06-01T00:00:00.000000000+0000,1.55512,1.55655,1.55455,1.55564
2008-06-02T00:00:00.000000000+0000,1.5557,1.55881,1.54845,1.5538
2008-06-03T00:00:00.000000000+0000,1.55384,1.56275,1.54085,1.54489
2008-06-04T00:00:00.000000000+0000,1.5448,1.54825,1.54157,1.5432
2008-06-05T00:00:00.000000000+0000,1.54323,1.56045,1.53633,1.5595
2008-06-06T00:00:00.000000000+0000,1.55928,1.57831,1.55691,1.57794
2008-06-07T00:00:00.000000000+0000,1.57794,1.57794,1.57794,1.57794
2008-06-08T00:00:00.000000000+0000,1.57831,1.57986,1.57719,1.57792
2008-06-09T00:00:00.000000000+0000,1.57787,1.58432,1.5616,1.56469
2008-06-10T00:00:00.000000000+0000,1.56495,1.56495,1.54371,1.54574
2008-06-11T00:00:00.000000000+0000,1.54582,1.55868,1.54507,1.5558
2008-06-12T00:00:00.000000000+0000,1.55585,1.55628,1.53764,1.54457
2008-06-13T00:00:00.000000000+0000,1.54456,1.54621,1.53004,1.53773
2008-06-14T00:00:00.000000000+0000,1.53773,1.53773,1.53773,1.53773
2008-06-15T00:00:00.000000000+0000,1.53826,1.54126,1.53779,1.53829
2008-06-16T00:00:00.000000000+0000,1.5383,1.55188,1.53433,1.54635
2008-06-17T00:00:00.000000000+0000,1.54622,1.55514,1.54558,1.55152
2008-06-18T00:00:00.000000000+0000,1.55156,1.55513,1.54598,1.5543
2008-06-19T00:00:00.000000000+0000,1.55447,1.55863,1.54631,1.54961
2008-06-20T00:00:00.000000000+0000,1.54983,1.5651,1.54878,1.56104
2008-06-21T00:00:00.000000000+0000,1.56104,1.56104,1.56104,1.56104
2008-06-22T00:00:00.000000000+0000,1.56153,1.56357,1.55917,1.5602
2008-06-23T00:00:00.000000000+0000,1.56006,1.56268,1.54661,1.55202
2008-06-24T00:00:00.000000000+0000,1.55192,1.56216,1.54876,1.5572
2008-06-25T00:00:00.000000000+0000,1.55731,1.56872,1.55335,1.56626
2008-06-26T00:00:00.000000000+0000,1.56656,1.57672,1.56249,1.57593
2008-06-27T00:00:00.000000000+0000,1.57587,1.57973,1.57154,1.57832
2008-06-28T00:00:00.000000000+0000,1.57832,1.57832,1.57832,1.57832
2008-06-29T00:00:00.000000000+0000,1.57789,1.57979,1.57701,1.57917
2008-06-30T00:00:00.000000000+0000,1.57894,1.58359,1.57271,1.5759
2008-07-01T00:00:00.000000000+0000,1.57602,1.58249,1.5721,1.57872
2008-07-02T00:00:00.000000000+0000,1.57871,1.58917,1.57736,1.58762
2008-07-03T00:00:00.000000000+0000,1.58757,1.59117,1.56708,1.56833
2008-07-04T00:00:00.000000000+0000,1.56823,1.57262,1.56524,1.57041
2008-07-05T00:00:00.000000000+0000,1.57041,1.57041,1.57041,1.57041
2008-07-06T00:00:00.000000000+0000,1.57002,1.57064,1.56859,1.5693
2008-07-07T00:00:00.000000000+0000,1.56917,1.57533,1.56072,1.57226
2008-07-08T00:00:00.000000000+0000,1.5723,1.57392,1.56333,1.56622
2008-07-09T00:00:00.000000000+0000,1.56644,1.57494,1.56472,1.57282
2008-07-10T00:00:00.000000000+0000,1.57315,1.58022,1.56876,1.5785
2008-07-11T00:00:00.000000000+0000,1.5791,1.59472,1.57604,1.59443
2008-07-12T00:00:00.000000000+0000,1.59443,1.59443,1.59443,1.59443
2008-07-13T00:00:00.000000000+0000,1.59498,1.59709,1.58954,1.5899
2008-07-14T00:00:00.000000000+0000,1.59008,1.5935,1.58392,1.58872
2008-07-15T00:00:00.000000000+0000,1.58888,1.60389,1.58643,1.5915
2008-07-16T00:00:00.000000000+0000,1.59157,1.59477,1.57985,1.58242
2008-07-17T00:00:00.000000000+0000,1.58216,1.58929,1.57815,1.58502
2008-07-18T00:00:00.000000000+0000,1.58501,1.58867,1.58035,1.58464
2008-07-19T00:00:00.000000000+0000,1.58464,1.58464,1.58464,1.58464
2008-07-20T00:00:00.000000000+0000,1.58418,1.58461,1.58265,1.58422
2008-07-21T00:00:00.000000000+0000,1.58424,1.59313,1.58296,1.59103
2008-07-22T00:00:00.000000000+0000,1.5913,1.59442,1.57536,1.57772
2008-07-23T00:00:00.000000000+0000,1.57782,1.57989,1.56664,1.56812
2008-07-24T00:00:00.000000000+0000,1.56809,1.57139,1.56253,1.5683
2008-07-25T00:00:00.000000000+0000,1.56831,1.57537,1.56588,1.57084
2008-07-26T00:00:00.000000000+0000,1.57084,1.57084,1.57084,1.57084
2008-07-27T00:00:00.000000000+0000,1.57047,1.57067,1.56801,1.56896
2008-07-28T00:00:00.000000000+0000,1.56909,1.57683,1.56809,1.57422
2008-07-29T00:00:00.000000000+0000,1.57434,1.57573,1.55493,1.55882
2008-07-30T00:00:00.000000000+0000,1.55877,1.56166,1.55183,1.55805
2008-07-31T00:00:00.000000000+0000,1.55793,1.56995,1.55658,1.55812
2008-08-01T00:00:00.000000000+0000,1.55825,1.55886,1.55142,1.55625
2008-08-02T00:00:00.000000000+0000,1.55625,1.55625,1.55625,1.55625
2008-08-03T00:00:00.000000000+0000,1.55638,1.5579,1.55586,1.55658
2008-08-04T00:00:00.000000000+0000,1.55662,1.56306,1.55526,1.55638
2008-08-05T00:00:00.000000000+0000,1.55624,1.55646,1.54442,1.5464
2008-08-06T00:00:00.000000000+0000,1.5465,1.55167,1.53956,1.54195
2008-08-07T00:00:00.000000000+0000,1.54205,1.55019,1.53068,1.53109
2008-08-08T00:00:00.000000000+0000,1.53117,1.53128,1.4993,1.50062
2008-08-09T00:00:00.000000000+0000,1.50062,1.50062,1.50062,1.50062
2008-08-10T00:00:00.000000000+0000,1.5,1.5,1.49026,1.49321
2008-08-11T00:00:00.000000000+0000,1.49333,1.50835,1.48786,1.49121
2008-08-12T00:00:00.000000000+0000,1.49117,1.49646,1.48112,1.48911
2008-08-13T00:00:00.000000000+0000,1.48891,1.49796,1.48397,1.48963
2008-08-14T00:00:00.000000000+0000,1.48968,1.49499,1.47572,1.47726
2008-08-15T00:00:00.000000000+0000,1.47727,1.47928,1.46554,1.46986
2008-08-16T00:00:00.000000000+0000,1.46986,1.46986,1.46986,1.46986
2008-08-17T00:00:00.000000000+0000,1.46988,1.47009,1.4696,1.4699
2008-08-18T00:00:00.000000000+0000,1.46976,1.47679,1.4666,1.46944
2008-08-19T00:00:00.000000000+0000,1.4694,1.48043,1.46272,1.47914
2008-08-20T00:00:00.000000000+0000,1.47911,1.47985,1.46685,1.47499
2008-08-21T00:00:00.000000000+0000,1.4749,1.49078,1.47398,1.4887
2008-08-22T00:00:00.000000000+0000,1.48851,1.48949,1.47568,1.47843
2008-08-23T00:00:00.000000000+0000,1.47843,1.47843,1.47843,1.47843
2008-08-24T00:00:00.000000000+0000,1.47803,1.47901,1.47737,1.47805
2008-08-25T00:00:00.000000000+0000,1.4781,1.48067,1.46921,1.47242
2008-08-26T00:00:00.000000000+0000,1.4725,1.47269,1.45655,1.46429
2008-08-27T00:00:00.000000000+0000,1.46437,1.47761,1.46419,1.4743
2008-08-28T00:00:00.000000000+0000,1.47462,1.48103,1.46691,1.47013
2008-08-29T00:00:00.000000000+0000,1.47026,1.47674,1.46368,1.46695
2008-08-30T00:00:00.000000000+0000,1.46695,1.46695,1.46695,1.46695
2008-08-31T00:00:00.000000000+0000,1.46748,1.47198,1.46748,1.46967
2008-09-01T00:00:00.000000000+0000,1.46962,1.47029,1.45543,1.4581
2008-09-02T00:00:00.000000000+0000,1.45808,1.45981,1.44626,1.44873
2008-09-03T00:00:00.000000000+0000,1.44866,1.45219,1.43811,1.45129
2008-09-04T00:00:00.000000000+0000,1.45134,1.45438,1.42108,1.42572
2008-09-05T00:00:00.000000000+0000,1.42574,1.43462,1.41957,1.42595
2008-09-06T00:00:00.000000000+0000,1.42595,1.42595,1.42595,1.42595
2008-09-07T00:00:00.000000000+0000,1.42658,1.43986,1.42658,1.43524
2008-09-08T00:00:00.000000000+0000,1.4351,1.4428,1.40516,1.4133
2008-09-09T00:00:00.000000000+0000,1.41335,1.42267,1.40435,1.40919
2008-09-10T00:00:00.000000000+0000,1.40922,1.41796,1.39332,1.39359
2008-09-11T00:00:00.000000000+0000,1.39351,1.4038,1.38778,1.40064
2008-09-12T00:00:00.000000000+0000,1.40081,1.42395,1.39683,1.42178
2008-09-13T00:00:00.000000000+0000,1.42178,1.42178,1.42178,1.42178
2008-09-14T00:00:00.000000000+0000,1.42253,1.43488,1.42253,1.43163
2008-09-15T00:00:00.000000000+0000,1.43164,1.44821,1.4082,1.42425
2008-09-16T00:00:00.000000000+0000,1.42423,1.42826,1.40699,1.41656
2008-09-17T00:00:00.000000000+0000,1.41667,1.43837,1.40966,1.4335
2008-09-18T00:00:00.000000000+0000,1.43353,1.45404,1.42772,1.42985
2008-09-19T00:00:00.000000000+0000,1.42982,1.44975,1.41494,1.44643
2008-09-20T00:00:00.000000000+0000,1.44643,1.44643,1.44643,1.44643
2008-09-21T00:00:00.000000000+0000,1.44698,1.45012,1.4433,1.44887
2008-09-22T00:00:00.000000000+0000,1.44877,1.4864,1.44513,1.48008
2008-09-23T00:00:00.000000000+0000,1.48003,1.48264,1.46195,1.46831
2008-09-24T00:00:00.000000000+0000,1.46822,1.47451,1.45996,1.4651
2008-09-25T00:00:00.000000000+0000,1.46506,1.47667,1.45584,1.46624
2008-09-26T00:00:00.000000000+0000,1.4663,1.46777,1.45538,1.45865
2008-09-27T00:00:00.000000000+0000,1.45865,1.45865,1.45865,1.45865
2008-09-28T00:00:00.000000000+0000,1.45811,1.45811,1.4507,1.45357
2008-09-29T00:00:00.000000000+0000,1.45356,1.45675,1.43001,1.43655
2008-09-30T00:00:00.000000000+0000,1.43677,1.44243,1.40067,1.41178
2008-10-01T00:00:00.000000000+0000,1.4119,1.4174,1.39755,1.39905
2008-10-02T00:00:00.000000000+0000,1.399,1.40145,1.37455,1.3786
2008-10-03T00:00:00.000000000+0000,1.3786,1.39065,1.37025,1.37821
2008-10-04T00:00:00.000000000+0000,1.37821,1.37821,1.37821,1.37821
2008-10-05T00:00:00.000000000+0000,1.37702,1.37728,1.361,1.3649
2008-10-06T00:00:00.000000000+0000,1.3649,1.367,1.3443,1.3515
2008-10-07T00:00:00.000000000+0000,1.3515,1.37425,1.34815,1.357
2008-10-08T00:00:00.000000000+0000,1.35687,1.37535,1.35429,1.3608
2008-10-09T00:00:00.000000000+0000,1.36079,1.37812,1.35528,1.35568
2008-10-10T00:00:00.000000000+0000,1.35567,1.36407,1.32592,1.33868
2008-10-11T00:00:00.000000000+0000,1.33868,1.33868,1.33868,1.33868
2008-10-12T00:00:00.000000000+0000,1.34055,1.36181,1.33977,1.35955
2008-10-13T00:00:00.000000000+0000,1.35969,1.36795,1.34498,1.36528
2008-10-14T00:00:00.000000000+0000,1.3654,1.37639,1.35585,1.35616
2008-10-15T00:00:00.000000000+0000,1.35583,1.36847,1.3421,1.34334
2008-10-16T00:00:00.000000000+0000,1.34333,1.35329,1.33467,1.34835
2008-10-17T00:00:00.000000000+0000,1.34814,1.35116,1.33846,1.34038
2008-10-18T00:00:00.000000000+0000,1.34038,1.34038,1.34038,1.34038
2008-10-19T00:00:00.000000000+0000,1.34057,1.34437,1.33917,1.34418
2008-10-20T00:00:00.000000000+0000,1.34435,1.35299,1.32871,1.33373
2008-10-21T00:00:00.000000000+0000,1.3338,1.33514,1.29995,1.30052
2008-10-22T00:00:00.000000000+0000,1.30056,1.3031,1.27257,1.27701
2008-10-23T00:00:00.000000000+0000,1.27699,1.30016,1.27319,1.28979
2008-10-24T00:00:00.000000000+0000,1.28987,1.29033,1.24941,1.262
2008-10-25T00:00:00.000000000+0000,1.262,1.262,1.262,1.262
2008-10-26T00:00:00.000000000+0000,1.26206,1.26213,1.25293,1.26188
2008-10-27T00:00:00.000000000+0000,1.26219,1.26774,1.23331,1.24602
2008-10-28T00:00:00.000000000+0000,1.24645,1.28374,1.2329,1.28055
2008-10-29T00:00:00.000000000+0000,1.28055,1.2991,1.26235,1.2956
2008-10-30T00:00:00.000000000+0000,1.29565,1.3285,1.2805,1.28685
2008-10-31T00:00:00.000000000+0000,1.28715,1.2885,1.26675,1.273
2008-11-01T00:00:00.000000000+0000,1.273,1.273,1.273,1.273
2008-11-02T00:00:00.000000000+0000,1.27328,1.2783,1.27256,1.27711
2008-11-03T00:00:00.000000000+0000,1.27725,1.28985,1.2575,1.26135
2008-11-04T00:00:00.000000000+0000,1.2615,1.3048,1.2525,1.2981
2008-11-05T00:00:00.000000000+0000,1.2981,1.31145,1.27925,1.29135
2008-11-06T00:00:00.000000000+0000,1.29135,1.2932,1.26735,1.26875
2008-11-07T00:00:00.000000000+0000,1.26875,1.285,1.2652,1.2711
2008-11-08T00:00:00.000000000+0000,1.2711,1.2711,1.2711,1.2711
2008-11-09T00:00:00.000000000+0000,1.27612,1.2827,1.2713,1.2823
2008-11-10T00:00:00.000000000+0000,1.2823,1.2927,1.27175,1.2745
2008-11-11T00:00:00.000000000+0000,1.27455,1.28,1.2476,1.2511
2008-11-12T00:00:00.000000000+0000,1.2511,1.2631,1.24365,1.2457
2008-11-13T00:00:00.000000000+0000,1.2457,1.28525,1.2388,1.2786
2008-11-14T00:00:00.000000000+0000,1.2786,1.2799,1.25765,1.25927
2008-11-15T00:00:00.000000000+0000,1.25927,1.25927,1.25927,1.25927
2008-11-16T00:00:00.000000000+0000,1.25928,1.26035,1.25145,1.25215
2008-11-17T00:00:00.000000000+0000,1.25215,1.27415,1.25115,1.26405
2008-11-18T00:00:00.000000000+0000,1.26415,1.27,1.25665,1.26345
2008-11-19T00:00:00.000000000+0000,1.26345,1.2814,1.2472,1.2503
2008-11-20T00:00:00.000000000+0000,1.2503,1.25935,1.2423,1.2438
2008-11-21T00:00:00.000000000+0000,1.2438,1.26375,1.24295,1.2582
2008-11-22T00:00:00.000000000+0000,1.2582,1.2582,1.2582,1.2582
2008-11-23T00:00:00.000000000+0000,1.2573,1.26535,1.25727,1.264
2008-11-24T00:00:00.000000000+0000,1.264,1.296,1.2567,1.29135
2008-11-25T00:00:00.000000000+0000,1.2914,1.3081,1.28035,1.303
2008-11-26T00:00:00.000000000+0000,1.3031,1.30315,1.2819,1.28935
2008-11-27T00:00:00.000000000+0000,1.28945,1.2968,1.2859,1.28925
2008-11-28T00:00:00.000000000+0000,1.28925,1.2957,1.2645,1.26913
2008-11-29T00:00:00.000000000+0000,1.26913,1.26913,1.26913,1.26913
2008-11-30T00:00:00.000000000+0000,1.26949,1.27157,1.26676,1.26676
2008-12-01T00:00:00.000000000+0000,1.2667,1.27035,1.2581,1.2596
2008-12-02T00:00:00.000000000+0000,1.2596,1.27655,1.2562,1.2708
2008-12-03T00:00:00.000000000+0000,1.27085,1.27415,1.2602,1.2704
2008-12-04T00:00:00.000000000+0000,1.2704,1.28475,1.2549,1.2773
2008-12-05T00:00:00.000000000+0000,1.27725,1.2799,1.2627,1.27167
2008-12-06T00:00:00.000000000+0000,1.27167,1.27167,1.27167,1.27167
2008-12-07T00:00:00.000000000+0000,1.26759,1.2734,1.26748,1.2729
2008-12-08T00:00:00.000000000+0000,1.2729,1.29675,1.27265,1.29125
2008-12-09T00:00:00.000000000+0000,1.29125,1.30005,1.2798,1.2926
2008-12-10T00:00:00.000000000+0000,1.2926,1.307,1.29035,1.3013
2008-12-11T00:00:00.000000000+0000,1.30125,1.3403,1.3005,1.33275
2008-12-12T00:00:00.000000000+0000,1.33275,1.3415,1.32505,1.33575
2008-12-13T00:00:00.000000000+0000,1.33575,1.33575,1.33575,1.33575
2008-12-14T00:00:00.000000000+0000,1.33737,1.34535,1.33484,1.3442
2008-12-15T00:00:00.000000000+0000,1.3442,1.3726,1.343,1.3694
2008-12-16T00:00:00.000000000+0000,1.3694,1.41475,1.363,1.4065
2008-12-17T00:00:00.000000000+0000,1.4064,1.44365,1.4007,1.44055
2008-12-18T00:00:00.000000000+0000,1.44055,1.46925,1.41875,1.4293
2008-12-19T00:00:00.000000000+0000,1.42915,1.43095,1.38265,1.39071
2008-12-20T00:00:00.000000000+0000,1.39071,1.39071,1.39071,1.39071
2008-12-21T00:00:00.000000000+0000,1.39055,1.39755,1.39045,1.39755
2008-12-22T00:00:00.000000000+0000,1.39755,1.41245,1.39025,1.39519
2008-12-23T00:00:00.000000000+0000,1.39519,1.4021,1.39135,1.3933
2008-12-24T00:00:00.000000000+0000,1.39335,1.4019,1.3933,1.40008
2008-12-25T00:00:00.000000000+0000,1.39997,1.40465,1.39757,1.40125
2008-12-26T00:00:00.000000000+0000,1.4012,1.41155,1.39895,1.40215
2008-12-27T00:00:00.000000000+0000,1.40215,1.40215,1.40215,1.40215
2008-12-28T00:00:00.000000000+0000,1.40552,1.41125,1.40444,1.4103
2008-12-29T00:00:00.000000000+0000,1.4104,1.43625,1.39165,1.40335
2008-12-30T00:00:00.000000000+0000,1.40335,1.4221,1.3988,1.41395
2008-12-31T00:00:00.000000000+0000,1.41395,1.41445,1.38505,1.39746
2009-01-01T00:00:00.000000000+0000,1.39734,1.40707,1.396,1.39974
2009-01-02T00:00:00.000000000+0000,1.40013,1.40255,1.38385,1.39162
2009-01-03T00:00:00.000000000+0000,1.39162,1.39162,1.39162,1.39162
2009-01-04T00:00:00.000000000+0000,1.3851,1.39595,1.38508,1.39575
2009-01-05T00:00:00.000000000+0000,1.39575,1.3961,1.35495,1.36365
2009-01-06T00:00:00.000000000+0000,1.3634,1.3637,1.3313,1.35045
2009-01-07T00:00:00.000000000+0000,1.3505,1.3747,1.3432,1.36135
2009-01-08T00:00:00.000000000+0000,1.36135,1.37965,1.35345,1.3696
2009-01-09T00:00:00.000000000+0000,1.36975,1.37305,1.3415,1.34488
2009-01-10T00:00:00.000000000+0000,1.34488,1.34488,1.34488,1.34488
2009-01-11T00:00:00.000000000+0000,1.3426,1.3483,1.3405,1.34155
2009-01-12T00:00:00.000000000+0000,1.3416,1.34455,1.32938,1.3357
2009-01-13T00:00:00.000000000+0000,1.33575,1.3358,1.31402,1.31985
2009-01-14T00:00:00.000000000+0000,1.31995,1.3337,1.3094,1.32115
2009-01-15T00:00:00.000000000+0000,1.3211,1.3234,1.30247,1.31585
2009-01-16T00:00:00.000000000+0000,1.31585,1.33425,1.31445,1.32693
2009-01-17T00:00:00.000000000+0000,1.32693,1.32693,1.32693,1.32693
2009-01-18T00:00:00.000000000+0000,1.32868,1.33845,1.32594,1.3357
2009-01-19T00:00:00.000000000+0000,1.33575,1.33805,1.30565,1.30925
2009-01-20T00:00:00.000000000+0000,1.30925,1.3102,1.2847,1.28825
2009-01-21T00:00:00.000000000+0000,1.28825,1.30855,1.28235,1.3
2009-01-22T00:00:00.000000000+0000,1.3,1.3082,1.29085,1.3004
2009-01-23T00:00:00.000000000+0000,1.3004,1.30345,1.27675,1.29758
2009-01-24T00:00:00.000000000+0000,1.29758,1.29758,1.29758,1.29758
2009-01-25T00:00:00.000000000+0000,1.2982,1.29927,1.2878,1.28945
2009-01-26T00:00:00.000000000+0000,1.2894,1.32355,1.2861,1.3187
2009-01-27T00:00:00.000000000+0000,1.31835,1.3329,1.31165,1.3214
2009-01-28T00:00:00.000000000+0000,1.3214,1.3323,1.31015,1.31525
2009-01-29T00:00:00.000000000+0000,1.3153,1.3179,1.29165,1.2937
2009-01-30T00:00:00.000000000+0000,1.2937,1.29415,1.27625,1.28227
2009-01-31T00:00:00.000000000+0000,1.28227,1.28227,1.28227,1.28227
2009-02-01T00:00:00.000000000+0000,1.28138,1.28158,1.27412,1.27495
2009-02-02T00:00:00.000000000+0000,1.27485,1.28985,1.27055,1.2813
2009-02-03T00:00:00.000000000+0000,1.28115,1.30565,1.2801,1.30105
2009-02-04T00:00:00.000000000+0000,1.30105,1.30705,1.28125,1.28545
2009-02-05T00:00:00.000000000+0000,1.28545,1.2905,1.27615,1.27885
2009-02-06T00:00:00.000000000+0000,1.27885,1.29925,1.2747,1.29212
2009-02-07T00:00:00.000000000+0000,1.29212,1.29212,1.29212,1.29212
2009-02-08T00:00:00.000000000+0000,1.29232,1.2986,1.29228,1.2958
2009-02-09T00:00:00.000000000+0000,1.2958,1.30925,1.2872,1.29605
2009-02-10T00:00:00.000000000+0000,1.296,1.30735,1.28095,1.29105
2009-02-11T00:00:00.000000000+0000,1.2911,1.2998,1.2833,1.28655
2009-02-12T00:00:00.000000000+0000,1.28655,1.2943,1.2721,1.28825
2009-02-13T00:00:00.000000000+0000,1.2883,1.2942,1.2821,1.28602
2009-02-14T00:00:00.000000000+0000,1.28602,1.28602,1.28602,1.28602
2009-02-15T00:00:00.000000000+0000,1.28862,1.28905,1.27525,1.27905
2009-02-16T00:00:00.000000000+0000,1.27905,1.28245,1.27265,1.2797
2009-02-17T00:00:00.000000000+0000,1.27975,1.27995,1.25575,1.25825
2009-02-18T00:00:00.000000000+0000,1.25825,1.264,1.25125,1.25655
2009-02-19T00:00:00.000000000+0000,1.25655,1.276,1.25565,1.26565
2009-02-20T00:00:00.000000000+0000,1.2656,1.2879,1.25565,1.28182
2009-02-21T00:00:00.000000000+0000,1.28182,1.28182,1.28182,1.28182
2009-02-22T00:00:00.000000000+0000,1.2832,1.28358,1.27603,1.2791
2009-02-23T00:00:00.000000000+0000,1.2791,1.29915,1.26645,1.267
2009-02-24T00:00:00.000000000+0000,1.2671,1.28775,1.2662,1.287
2009-02-25T00:00:00.000000000+0000,1.28705,1.28985,1.26895,1.2716
2009-02-26T00:00:00.000000000+0000,1.2716,1.28105,1.2682,1.27175
2009-02-27T00:00:00.000000000+0000,1.2717,1.275,1.2604,1.26677
2009-02-28T00:00:00.000000000+0000,1.26677,1.26677,1.26677,1.26677
2009-03-01T00:00:00.000000000+0000,1.26755,1.26758,1.2585,1.2589
2009-03-02T00:00:00.000000000+0000,1.25915,1.2632,1.25385,1.25605
2009-03-03T00:00:00.000000000+0000,1.25615,1.26775,1.2521,1.2528
2009-03-04T00:00:00.000000000+0000,1.2529,1.2663,1.2456,1.2633
2009-03-05T00:00:00.000000000+0000,1.2633,1.2639,1.24805,1.25445
2009-03-06T00:00:00.000000000+0000,1.25445,1.27505,1.25375,1.26582
2009-03-07T00:00:00.000000000+0000,1.26582,1.26582,1.26582,1.26582
2009-03-08T00:00:00.000000000+0000,1.26345,1.27155,1.26337,1.2715
2009-03-09T00:00:00.000000000+0000,1.2715,1.27265,1.25555,1.2618
2009-03-10T00:00:00.000000000+0000,1.26185,1.28215,1.26105,1.27145
2009-03-11T00:00:00.000000000+0000,1.27145,1.28645,1.2616,1.2805
2009-03-12T00:00:00.000000000+0000,1.2805,1.29445,1.27315,1.2897
2009-03-13T00:00:00.000000000+0000,1.2897,1.2957,1.2862,1.29278
2009-03-14T00:00:00.000000000+0000,1.29278,1.29278,1.29278,1.29278
2009-03-15T00:00:00.000000000+0000,1.2926,1.29278,1.28375,1.28805
2009-03-16T00:00:00.000000000+0000,1.2881,1.3071,1.2867,1.2974
2009-03-17T00:00:00.000000000+0000,1.2973,1.3041,1.293,1.3032
2009-03-18T00:00:00.000000000+0000,1.30315,1.35345,1.2986,1.3487
2009-03-19T00:00:00.000000000+0000,1.34865,1.37375,1.34165,1.36595
2009-03-20T00:00:00.000000000+0000,1.36595,1.3726,1.3517,1.35782
2009-03-21T00:00:00.000000000+0000,1.35782,1.35782,1.35782,1.35782
2009-03-22T00:00:00.000000000+0000,1.35785,1.3674,1.3559,1.36265
2009-03-23T00:00:00.000000000+0000,1.36265,1.3736,1.3485,1.36175
2009-03-24T00:00:00.000000000+0000,1.36175,1.3678,1.34305,1.3481
2009-03-25T00:00:00.000000000+0000,1.3481,1.36465,1.3418,1.3574
2009-03-26T00:00:00.000000000+0000,1.3574,1.36385,1.3494,1.3527
2009-03-27T00:00:00.000000000+0000,1.3528,1.3591,1.32565,1.32852
2009-03-28T00:00:00.000000000+0000,1.32852,1.32852,1.32852,1.32852
2009-03-29T00:00:00.000000000+0000,1.32885,1.32957,1.32105,1.3266
2009-03-30T00:00:00.000000000+0000,1.32665,1.328,1.3116,1.31875
2009-03-31T00:00:00.000000000+0000,1.3188,1.33425,1.31735,1.3256
2009-04-01T00:00:00.000000000+0000,1.32565,1.3286,1.31665,1.32435
2009-04-02T00:00:00.000000000+0000,1.32405,1.3517,1.324,1.3472
2009-04-03T00:00:00.000000000+0000,1.3472,1.3495,1.3365,1.34809
2009-04-04T00:00:00.000000000+0000,1.34809,1.34809,1.34809,1.34809
2009-04-05T00:00:00.000000000+0000,1.34813,1.3552,1.34798,1.3535
2009-04-06T00:00:00.000000000+0000,1.3535,1.35815,1.3322,1.3322
2009-04-07T00:00:00.000000000+0000,1.3322,1.3397,1.32265,1.3268
2009-04-08T00:00:00.000000000+0000,1.3268,1.33075,1.3148,1.3251
2009-04-09T00:00:00.000000000+0000,1.3251,1.33355,1.3097,1.3121
2009-04-10T00:00:00.000000000+0000,1.312,1.31898,1.3092,1.3186
2009-04-11T00:00:00.000000000+0000,1.3186,1.3186,1.3186,1.3186
2009-04-12T00:00:00.000000000+0000,1.31842,1.3189,1.31515,1.31535
2009-04-13T00:00:00.000000000+0000,1.31535,1.33915,1.3127,1.3375
2009-04-14T00:00:00.000000000+0000,1.3375,1.3377,1.3226,1.32675
2009-04-15T00:00:00.000000000+0000,1.32675,1.32975,1.3146,1.32215
2009-04-16T00:00:00.000000000+0000,1.3223,1.3268,1.31265,1.31855
2009-04-17T00:00:00.000000000+0000,1.31845,1.3193,1.3017,1.30401
2009-04-18T00:00:00.000000000+0000,1.30401,1.30401,1.30401,1.30401
2009-04-19T00:00:00.000000000+0000,1.30432,1.30684,1.3006,1.3007
2009-04-20T00:00:00.000000000+0000,1.30065,1.3018,1.2891,1.2904
2009-04-21T00:00:00.000000000+0000,1.2904,1.29935,1.28965,1.29355
2009-04-22T00:00:00.000000000+0000,1.2935,1.3037,1.28845,1.30075
2009-04-23T00:00:00.000000000+0000,1.30065,1.31605,1.29795,1.3125
2009-04-24T00:00:00.000000000+0000,1.3125,1.3301,1.31125,1.324
2009-04-25T00:00:00.000000000+0000,1.324,1.324,1.324,1.324
2009-04-26T00:00:00.000000000+0000,1.31513,1.32544,1.31512,1.32185
2009-04-27T00:00:00.000000000+0000,1.32185,1.32185,1.29985,1.3023
2009-04-28T00:00:00.000000000+0000,1.3023,1.3166,1.29635,1.3131
2009-04-29T00:00:00.000000000+0000,1.31305,1.3339,1.312,1.32655
2009-04-30T00:00:00.000000000+0000,1.32655,1.33855,1.31905,1.3244
2009-05-01T00:00:00.000000000+0000,1.32435,1.33275,1.3227,1.32717
2009-05-02T00:00:00.000000000+0000,1.32717,1.32717,1.32717,1.32717
2009-05-03T00:00:00.000000000+0000,1.32725,1.32899,1.32485,1.32873
2009-05-04T00:00:00.000000000+0000,1.32872,1.34375,1.3212,1.3415
2009-05-05T00:00:00.000000000+0000,1.34145,1.34355,1.3282,1.33035
2009-05-06T00:00:00.000000000+0000,1.3303,1.33745,1.32455,1.33
2009-05-07T00:00:00.000000000+0000,1.33,1.347,1.32515,1.3386
2009-05-08T00:00:00.000000000+0000,1.33855,1.3653,1.33415,1.36334
2009-05-09T00:00:00.000000000+0000,1.36334,1.36334,1.36334,1.36334
2009-05-10T00:00:00.000000000+0000,1.36312,1.36638,1.36145,1.36315
2009-05-11T00:00:00.000000000+0000,1.36315,1.3667,1.3557,1.3584
2009-05-12T00:00:00.000000000+0000,1.35835,1.37075,1.35625,1.36765
2009-05-13T00:00:00.000000000+0000,1.36765,1.3722,1.3534,1.354
2009-05-14T00:00:00.000000000+0000,1.354,1.3665,1.35245,1.3631
2009-05-15T00:00:00.000000000+0000,1.36305,1.365,1.3462,1.34939
2009-05-16T00:00:00.000000000+0000,1.34939,1.34939,1.34939,1.34939
2009-05-17T00:00:00.000000000+0000,1.34878,1.34937,1.3442,1.3453
2009-05-18T00:00:00.000000000+0000,1.3454,1.3563,1.3423,1.355
2009-05-19T00:00:00.000000000+0000,1.355,1.3668,1.353,1.3643
2009-05-20T00:00:00.000000000+0000,1.3642,1.3829,1.35835,1.3783
2009-05-21T00:00:00.000000000+0000,1.3782,1.39405,1.3728,1.39405
2009-05-22T00:00:00.000000000+0000,1.39405,1.405,1.38995,1.39954
2009-05-23T00:00:00.000000000+0000,1.39954,1.39954,1.39954,1.39954
2009-05-24T00:00:00.000000000+0000,1.4,1.4048,1.39827,1.40255
2009-05-25T00:00:00.000000000+0000,1.4025,1.40275,1.39575,1.4009
2009-05-26T00:00:00.000000000+0000,1.40085,1.4022,1.386,1.3992
2009-05-27T00:00:00.000000000+0000,1.3992,1.3996,1.38223,1.38315
2009-05-28T00:00:00.000000000+0000,1.38315,1.3983,1.3793,1.39475
2009-05-29T00:00:00.000000000+0000,1.39475,1.41685,1.39425,1.41534
2009-05-30T00:00:00.000000000+0000,1.41534,1.41534,1.41534,1.41534
2009-05-31T00:00:00.000000000+0000,1.41573,1.41678,1.41,1.41041
2009-06-01T00:00:00.000000000+0000,1.4105,1.4246,1.4099,1.41805
2009-06-02T00:00:00.000000000+0000,1.418,1.4331,1.41015,1.42885
2009-06-03T00:00:00.000000000+0000,1.4289,1.4337,1.41085,1.4142
2009-06-04T00:00:00.000000000+0000,1.41415,1.4241,1.407,1.41675
2009-06-05T00:00:00.000000000+0000,1.41675,1.42675,1.39325,1.39598
2009-06-06T00:00:00.000000000+0000,1.39598,1.39598,1.39598,1.39598
2009-06-07T00:00:00.000000000+0000,1.39665,1.3977,1.39268,1.39745
2009-06-08T00:00:00.000000000+0000,1.39745,1.4002,1.3805,1.39285
2009-06-09T00:00:00.000000000+0000,1.39285,1.4101,1.3852,1.4062
2009-06-10T00:00:00.000000000+0000,1.4062,1.41435,1.3915,1.3988
2009-06-11T00:00:00.000000000+0000,1.39875,1.41715,1.3943,1.41245
2009-06-12T00:00:00.000000000+0000,1.4124,1.4127,1.3936,1.40119
2009-06-13T00:00:00.000000000+0000,1.40119,1.40119,1.40119,1.40119
2009-06-14T00:00:00.000000000+0000,1.40142,1.40312,1.39661,1.39763
2009-06-15T00:00:00.000000000+0000,1.3976,1.39814,1.37575,1.37737
2009-06-16T00:00:00.000000000+0000,1.3775,1.39196,1.37484,1.38143
2009-06-17T00:00:00.000000000+0000,1.38138,1.39699,1.38107,1.39681
2009-06-18T00:00:00.000000000+0000,1.39627,1.39897,1.38819,1.3908
2009-06-19T00:00:00.000000000+0000,1.39076,1.4012,1.3883,1.39374
2009-06-20T00:00:00.000000000+0000,1.39374,1.39374,1.39374,1.39374
2009-06-21T00:00:00.000000000+0000,1.39378,1.39617,1.39244,1.39355
2009-06-22T00:00:00.000000000+0000,1.39355,1.39355,1.3826,1.3849
2009-06-23T00:00:00.000000000+0000,1.3849,1.4108,1.38285,1.4069
2009-06-24T00:00:00.000000000+0000,1.4069,1.4138,1.38875,1.39415
2009-06-25T00:00:00.000000000+0000,1.39415,1.40117,1.38885,1.40092
2009-06-26T00:00:00.000000000+0000,1.40086,1.4118,1.40066,1.40553
2009-06-27T00:00:00.000000000+0000,1.40553,1.40553,1.40553,1.40553
2009-06-28T00:00:00.000000000+0000,1.40515,1.40765,1.40449,1.40695
2009-06-29T00:00:00.000000000+0000,1.40697,1.40703,1.40679,1.40691
2009-06-30T00:00:00.000000000+0000,1.40978,1.40988,1.40962,1.4098
2009-07-01T00:00:00.000000000+0000,1.40364,1.41993,1.39978,1.41447
2009-07-02T00:00:00.000000000+0000,1.41446,1.41488,1.39256,1.39596
2009-07-03T00:00:00.000000000+0000,1.39592,1.40282,1.39494,1.39638
2009-07-04T00:00:00.000000000+0000,1.39638,1.39638,1.39638,1.39638
2009-07-05T00:00:00.000000000+0000,1.39591,1.39693,1.39485,1.39573
2009-07-06T00:00:00.000000000+0000,1.39581,1.39977,1.38749,1.39914
2009-07-07T00:00:00.000000000+0000,1.39913,1.40497,1.38853,1.38957
2009-07-08T00:00:00.000000000+0000,1.38934,1.39391,1.38294,1.38615
2009-07-09T00:00:00.000000000+0000,1.38608,1.40722,1.38582,1.4009
2009-07-10T00:00:00.000000000+0000,1.40084,1.40116,1.38734,1.39312
2009-07-11T00:00:00.000000000+0000,1.39312,1.39312,1.39312,1.39312
2009-07-12T00:00:00.000000000+0000,1.39364,1.39757,1.39361,1.39712
2009-07-13T00:00:00.000000000+0000,1.39722,1.40038,1.38942,1.40015
2009-07-14T00:00:00.000000000+0000,1.40032,1.40136,1.39084,1.39787
2009-07-15T00:00:00.000000000+0000,1.39786,1.41335,1.39662,1.40908
2009-07-16T00:00:00.000000000+0000,1.40924,1.41648,1.40536,1.41309
2009-07-17T00:00:00.000000000+0000,1.41314,1.41492,1.40599,1.40943
2009-07-18T00:00:00.000000000+0000,1.40943,1.40943,1.40943,1.40943
2009-07-19T00:00:00.000000000+0000,1.40953,1.41365,1.40904,1.41333
2009-07-20T00:00:00.000000000+0000,1.41344,1.42494,1.41244,1.42075
2009-07-21T00:00:00.000000000+0000,1.42071,1.4276,1.41601,1.41972
2009-07-22T00:00:00.000000000+0000,1.41967,1.42562,1.41529,1.42008
2009-07-23T00:00:00.000000000+0000,1.42013,1.42908,1.41181,1.41609
2009-07-24T00:00:00.000000000+0000,1.41614,1.42529,1.41337,1.42018
2009-07-25T00:00:00.000000000+0000,1.42018,1.42018,1.42018,1.42018
2009-07-26T00:00:00.000000000+0000,1.42057,1.42316,1.41862,1.41913
2009-07-27T00:00:00.000000000+0000,1.41919,1.42967,1.41692,1.4244
2009-07-28T00:00:00.000000000+0000,1.42448,1.43028,1.41277,1.41451
2009-07-29T00:00:00.000000000+0000,1.41451,1.41949,1.40043,1.40137
2009-07-30T00:00:00.000000000+0000,1.40151,1.4094,1.40124,1.40831
2009-07-31T00:00:00.000000000+0000,1.40831,1.42796,1.40759,1.4254
2009-08-01T00:00:00.000000000+0000,1.4254,1.4254,1.4254,1.4254
2009-08-02T00:00:00.000000000+0000,1.42535,1.43084,1.42432,1.42873
2009-08-03T00:00:00.000000000+0000,1.42866,1.44444,1.42025,1.44065
2009-08-04T00:00:00.000000000+0000,1.44064,1.44295,1.43645,1.44147
2009-08-05T00:00:00.000000000+0000,1.44135,1.44469,1.4354,1.4408
2009-08-06T00:00:00.000000000+0000,1.44085,1.44284,1.43261,1.43683
2009-08-07T00:00:00.000000000+0000,1.43695,1.44111,1.41533,1.41875
2009-08-08T00:00:00.000000000+0000,1.41875,1.41875,1.41875,1.41875
2009-08-09T00:00:00.000000000+0000,1.41828,1.41976,1.41646,1.41917
2009-08-10T00:00:00.000000000+0000,1.41913,1.42177,1.41014,1.41289
2009-08-11T00:00:00.000000000+0000,1.41287,1.41849,1.41066,1.41507
2009-08-12T00:00:00.000000000+0000,1.41485,1.42463,1.40827,1.42157
2009-08-13T00:00:00.000000000+0000,1.42154,1.43264,1.42063,1.42718
2009-08-14T00:00:00.000000000+0000,1.42724,1.43058,1.41561,1.42024
2009-08-15T00:00:00.000000000+0000,1.42024,1.42024,1.42024,1.42024
2009-08-16T00:00:00.000000000+0000,1.41972,1.41972,1.41666,1.41677
2009-08-17T00:00:00.000000000+0000,1.41661,1.41694,1.4044,1.41055
2009-08-18T00:00:00.000000000+0000,1.41071,1.41529,1.40657,1.41271
2009-08-19T00:00:00.000000000+0000,1.41405,1.42656,1.40804,1.42475
2009-08-20T00:00:00.000000000+0000,1.42488,1.42738,1.41999,1.42532
2009-08-21T00:00:00.000000000+0000,1.42533,1.43776,1.42043,1.43206
2009-08-22T00:00:00.000000000+0000,1.43206,1.43206,1.43206,1.43206
2009-08-23T00:00:00.000000000+0000,1.43253,1.43478,1.43253,1.43381
2009-08-24T00:00:00.000000000+0000,1.43386,1.43572,1.42775,1.4288
2009-08-25T00:00:00.000000000+0000,1.42943,1.43609,1.42496,1.42862
2009-08-26T00:00:00.000000000+0000,1.42828,1.43508,1.42026,1.42332
2009-08-27T00:00:00.000000000+0000,1.4236,1.44054,1.42157,1.43704
2009-08-28T00:00:00.000000000+0000,1.43715,1.43884,1.4279,1.42966
2009-08-29T00:00:00.000000000+0000,1.42966,1.42966,1.42966,1.42966
2009-08-30T00:00:00.000000000+0000,1.43009,1.43187,1.42804,1.43039
2009-08-31T00:00:00.000000000+0000,1.43034,1.43685,1.42531,1.43349
2009-09-01T00:00:00.000000000+0000,1.43345,1.4378,1.41741,1.4206
2009-09-02T00:00:00.000000000+0000,1.42067,1.42937,1.41868,1.4269
2009-09-03T00:00:00.000000000+0000,1.42712,1.43466,1.42338,1.42557
2009-09-04T00:00:00.000000000+0000,1.42552,1.43252,1.41894,1.42923
2009-09-05T00:00:00.000000000+0000,1.42923,1.42923,1.42923,1.42923
2009-09-06T00:00:00.000000000+0000,1.42972,1.43208,1.4295,1.43207
2009-09-07T00:00:00.000000000+0000,1.43208,1.4362,1.43142,1.43335
2009-09-08T00:00:00.000000000+0000,1.43324,1.45351,1.4326,1.45002
2009-09-09T00:00:00.000000000+0000,1.44998,1.4598,1.44631,1.45472
2009-09-10T00:00:00.000000000+0000,1.45478,1.46103,1.45007,1.458
2009-09-11T00:00:00.000000000+0000,1.45811,1.46317,1.45527,1.45635
2009-09-12T00:00:00.000000000+0000,1.45635,1.45635,1.45635,1.45635
2009-09-13T00:00:00.000000000+0000,1.45681,1.46067,1.45675,1.45764
2009-09-14T00:00:00.000000000+0000,1.45755,1.46516,1.45121,1.46387
2009-09-15T00:00:00.000000000+0000,1.46373,1.4685,1.45597,1.4669
2009-09-16T00:00:00.000000000+0000,1.46675,1.47353,1.46429,1.47075
2009-09-17T00:00:00.000000000+0000,1.47084,1.47654,1.46853,1.47295
2009-09-18T00:00:00.000000000+0000,1.47305,1.47367,1.46455,1.47145
2009-09-19T00:00:00.000000000+0000,1.47145,1.47145,1.47145,1.47145
2009-09-20T00:00:00.000000000+0000,1.471,1.471,1.46794,1.47027
2009-09-21T00:00:00.000000000+0000,1.47035,1.47121,1.46082,1.46819
2009-09-22T00:00:00.000000000+0000,1.46815,1.48383,1.46807,1.48078
2009-09-23T00:00:00.000000000+0000,1.48084,1.48421,1.46852,1.47258
2009-09-24T00:00:00.000000000+0000,1.47261,1.48026,1.46205,1.46481
2009-09-25T00:00:00.000000000+0000,1.46494,1.47234,1.46114,1.46915
2009-09-26T00:00:00.000000000+0000,1.46915,1.46915,1.46915,1.46915
2009-09-27T00:00:00.000000000+0000,1.4696,1.47197,1.46823,1.47082
2009-09-28T00:00:00.000000000+0000,1.47071,1.4711,1.45593,1.46193
2009-09-29T00:00:00.000000000+0000,1.46198,1.46455,1.45246,1.45917
2009-09-30T00:00:00.000000000+0000,1.45924,1.46728,1.45723,1.46502
2009-10-01T00:00:00.000000000+0000,1.46504,1.46668,1.45084,1.4514
2009-10-02T00:00:00.000000000+0000,1.45138,1.46467,1.44792,1.45703
2009-10-03T00:00:00.000000000+0000,1.45703,1.45703,1.45703,1.45703
2009-10-04T00:00:00.000000000+0000,1.45773,1.46127,1.45772,1.45964
2009-10-05T00:00:00.000000000+0000,1.45953,1.46685,1.45908,1.46558
2009-10-06T00:00:00.000000000+0000,1.46563,1.47612,1.46541,1.47193
2009-10-07T00:00:00.000000000+0000,1.47205,1.47361,1.4648,1.47131
2009-10-08T00:00:00.000000000+0000,1.47125,1.4816,1.47026,1.47717
2009-10-09T00:00:00.000000000+0000,1.47706,1.47759,1.46721,1.47285
2009-10-10T00:00:00.000000000+0000,1.47285,1.47285,1.47285,1.47285
2009-10-11T00:00:00.000000000+0000,1.4724,1.47412,1.47133,1.4718
2009-10-12T00:00:00.000000000+0000,1.47194,1.48127,1.46751,1.47913
2009-10-13T00:00:00.000000000+0000,1.4791,1.48756,1.47575,1.48491
2009-10-14T00:00:00.000000000+0000,1.48471,1.49443,1.48371,1.49319
2009-10-15T00:00:00.000000000+0000,1.49323,1.49687,1.48412,1.49529
2009-10-16T00:00:00.000000000+0000,1.49535,1.4966,1.48463,1.49055
2009-10-17T00:00:00.000000000+0000,1.49055,1.49055,1.49055,1.49055
2009-10-18T00:00:00.000000000+0000,1.49047,1.49178,1.48787,1.48941
2009-10-19T00:00:00.000000000+0000,1.48938,1.49801,1.48301,1.49663
2009-10-20T00:00:00.000000000+0000,1.49658,1.4994,1.48806,1.49295
2009-10-21T00:00:00.000000000+0000,1.49298,1.50456,1.48846,1.50121
2009-10-22T00:00:00.000000000+0000,1.50138,1.5042,1.49413,1.50371
2009-10-23T00:00:00.000000000+0000,1.50378,1.5059,1.4983,1.49951
2009-10-24T00:00:00.000000000+0000,1.49951,1.49951,1.49951,1.49951
2009-10-25T00:00:00.000000000+0000,1.49934,1.50107,1.49823,1.49878
2009-10-26T00:00:00.000000000+0000,1.49883,1.506,1.4842,1.48559
2009-10-27T00:00:00.000000000+0000,1.48567,1.4926,1.4766,1.48179
2009-10-28T00:00:00.000000000+0000,1.48186,1.48405,1.46888,1.47149
2009-10-29T00:00:00.000000000+0000,1.4714,1.48582,1.46836,1.48373
2009-10-30T00:00:00.000000000+0000,1.48383,1.48585,1.47003,1.47295
2009-10-31T00:00:00.000000000+0000,1.47295,1.47295,1.47295,1.47295
2009-11-01T00:00:00.000000000+0000,1.47243,1.47411,1.46814,1.47035
2009-11-02T00:00:00.000000000+0000,1.47037,1.48445,1.47037,1.47705
2009-11-03T00:00:00.000000000+0000,1.47704,1.48088,1.46235,1.47284
2009-11-04T00:00:00.000000000+0000,1.47288,1.49069,1.47003,1.48659
2009-11-05T00:00:00.000000000+0000,1.48655,1.49166,1.48067,1.48748
2009-11-06T00:00:00.000000000+0000,1.48753,1.49138,1.48102,1.48454
2009-11-07T00:00:00.000000000+0000,1.48454,1.48454,1.48454,1.48454
2009-11-08T00:00:00.000000000+0000,1.48499,1.48866,1.48495,1.48649
2009-11-09T00:00:00.000000000+0000,1.48644,1.50197,1.485,1.50037
2009-11-10T00:00:00.000000000+0000,1.50034,1.50206,1.49357,1.499
2009-11-11T00:00:00.000000000+0000,1.49904,1.50495,1.49498,1.49817
2009-11-12T00:00:00.000000000+0000,1.49808,1.50149,1.48201,1.48542
2009-11-13T00:00:00.000000000+0000,1.48541,1.4935,1.48231,1.48991
2009-11-14T00:00:00.000000000+0000,1.48991,1.48991,1.48991,1.48991
2009-11-15T00:00:00.000000000+0000,1.49027,1.49573,1.49019,1.49558
2009-11-16T00:00:00.000000000+0000,1.49555,1.50148,1.48805,1.49783
2009-11-17T00:00:00.000000000+0000,1.49815,1.49984,1.48048,1.48741
2009-11-18T00:00:00.000000000+0000,1.48727,1.49896,1.48661,1.49524
2009-11-19T00:00:00.000000000+0000,1.49542,1.49552,1.48395,1.49129
2009-11-20T00:00:00.000000000+0000,1.49115,1.49347,1.47998,1.48595
2009-11-21T00:00:00.000000000+0000,1.48595,1.48595,1.48595,1.48595
2009-11-22T00:00:00.000000000+0000,1.48625,1.48699,1.48313,1.48664
2009-11-23T00:00:00.000000000+0000,1.48665,1.49977,1.48654,1.49528
2009-11-24T00:00:00.000000000+0000,1.49533,1.49887,1.48859,1.49652
2009-11-25T00:00:00.000000000+0000,1.49645,1.51441,1.4959,1.51252
2009-11-26T00:00:00.000000000+0000,1.51257,1.51381,1.49404,1.49682
2009-11-27T00:00:00.000000000+0000,1.49653,1.49985,1.48264,1.49853
2009-11-28T00:00:00.000000000+0000,1.49853,1.49853,1.49853,1.49853
2009-11-29T00:00:00.000000000+0000,1.49897,1.50284,1.4962,1.49943
2009-11-30T00:00:00.000000000+0000,1.49931,1.50825,1.49702,1.50343
2009-12-01T00:00:00.000000000+0000,1.50351,1.51194,1.49719,1.50885
2009-12-02T00:00:00.000000000+0000,1.50881,1.51096,1.5029,1.50635
2009-12-03T00:00:00.000000000+0000,1.50638,1.51398,1.50344,1.5061
2009-12-04T00:00:00.000000000+0000,1.50618,1.50911,1.48188,1.48547
2009-12-05T00:00:00.000000000+0000,1.48547,1.48547,1.48547,1.48547
2009-12-06T00:00:00.000000000+0000,1.48536,1.48729,1.48455,1.48695
2009-12-07T00:00:00.000000000+0000,1.48705,1.49042,1.47535,1.48371
2009-12-08T00:00:00.000000000+0000,1.48353,1.48652,1.46699,1.46909
2009-12-09T00:00:00.000000000+0000,1.46904,1.47809,1.46717,1.47346
2009-12-10T00:00:00.000000000+0000,1.47356,1.47597,1.46827,1.47275
2009-12-11T00:00:00.000000000+0000,1.47285,1.47758,1.45845,1.46066
2009-12-12T00:00:00.000000000+0000,1.46066,1.46066,1.46066,1.46066
2009-12-13T00:00:00.000000000+0000,1.46105,1.46325,1.45955,1.46217
2009-12-14T00:00:00.000000000+0000,1.46211,1.46848,1.46042,1.46558
2009-12-15T00:00:00.000000000+0000,1.46563,1.46581,1.45011,1.45383
2009-12-16T00:00:00.000000000+0000,1.45398,1.45903,1.45023,1.45219
2009-12-17T00:00:00.000000000+0000,1.45204,1.45306,1.43035,1.43427
2009-12-18T00:00:00.000000000+0000,1.43429,1.44105,1.42582,1.43364
2009-12-19T00:00:00.000000000+0000,1.43364,1.43364,1.43364,1.43364
2009-12-20T00:00:00.000000000+0000,1.43306,1.43376,1.42913,1.43301
2009-12-21T00:00:00.000000000+0000,1.43301,1.43727,1.42636,1.42834
2009-12-22T00:00:00.000000000+0000,1.42838,1.4332,1.42149,1.42518
2009-12-23T00:00:00.000000000+0000,1.42514,1.43646,1.42315,1.43328
2009-12-24T00:00:00.000000000+0000,1.43331,1.4418,1.43278,1.43767
2009-12-25T00:00:00.000000000+0000,1.43761,1.44365,1.43558,1.43772
2009-12-26T00:00:00.000000000+0000,1.43772,1.43772,1.43772,1.43772
2009-12-27T00:00:00.000000000+0000,1.43776,1.43997,1.43564,1.43724
2009-12-28T00:00:00.000000000+0000,1.43726,1.44138,1.43505,1.43719
2009-12-29T00:00:00.000000000+0000,1.43723,1.44572,1.43311,1.43386
2009-12-30T00:00:00.000000000+0000,1.43397,1.43606,1.42694,1.43384
2009-12-31T00:00:00.000000000+0000,1.43377,1.444,1.43025,1.43283
2010-01-01T00:00:00.000000000+0000,1.43283,1.43356,1.43181,1.43335
2010-01-02T00:00:00.000000000+0000,1.43335,1.43335,1.43335,1.43335
2010-01-03T00:00:00.000000000+0000,1.43295,1.43359,1.4291,1.43141
2010-01-04T00:00:00.000000000+0000,1.43143,1.44556,1.42559,1.44244
2010-01-05T00:00:00.000000000+0000,1.44238,1.44834,1.43445,1.43634
2010-01-06T00:00:00.000000000+0000,1.43638,1.44342,1.42807,1.44005
2010-01-07T00:00:00.000000000+0000,1.44008,1.44432,1.42976,1.43155
2010-01-08T00:00:00.000000000+0000,1.43164,1.44382,1.42616,1.44083
2010-01-09T00:00:00.000000000+0000,1.44083,1.44083,1.44083,1.44083
2010-01-10T00:00:00.000000000+0000,1.44123,1.44761,1.44049,1.44631
2010-01-11T00:00:00.000000000+0000,1.44631,1.45539,1.44614,1.45063
2010-01-12T00:00:00.000000000+0000,1.45064,1.45479,1.44507,1.4475
2010-01-13T00:00:00.000000000+0000,1.44751,1.45797,1.4455,1.45215
2010-01-14T00:00:00.000000000+0000,1.45209,1.45546,1.4445,1.44982
2010-01-15T00:00:00.000000000+0000,1.44974,1.45023,1.43347,1.43849
2010-01-16T00:00:00.000000000+0000,1.43849,1.43849,1.43849,1.43849
2010-01-17T00:00:00.000000000+0000,1.43814,1.43814,1.43335,1.43665
2010-01-18T00:00:00.000000000+0000,1.43665,1.4407,1.43325,1.44039
2010-01-19T00:00:00.000000000+0000,1.44025,1.44124,1.42498,1.42788
2010-01-20T00:00:00.000000000+0000,1.42796,1.42877,1.4078,1.41119
2010-01-21T00:00:00.000000000+0000,1.41115,1.41422,1.40247,1.40979
2010-01-22T00:00:00.000000000+0000,1.40977,1.41805,1.40837,1.41361
2010-01-23T00:00:00.000000000+0000,1.41361,1.41361,1.41361,1.41361
2010-01-24T00:00:00.000000000+0000,1.41409,1.41705,1.41396,1.41517
2010-01-25T00:00:00.000000000+0000,1.41498,1.41939,1.41248,1.41458
2010-01-26T00:00:00.000000000+0000,1.41454,1.4178,1.40397,1.40808
2010-01-27T00:00:00.000000000+0000,1.40804,1.40957,1.39944,1.4028
2010-01-28T00:00:00.000000000+0000,1.40274,1.40516,1.39454,1.3962
2010-01-29T00:00:00.000000000+0000,1.39604,1.39861,1.38589,1.38605
2010-01-30T00:00:00.000000000+0000,1.38605,1.38605,1.38605,1.38605
2010-01-31T00:00:00.000000000+0000,1.38565,1.38817,1.38511,1.38732
2010-02-01T00:00:00.000000000+0000,1.38724,1.39366,1.38501,1.392
2010-02-02T00:00:00.000000000+0000,1.39203,1.39756,1.3883,1.39737
2010-02-03T00:00:00.000000000+0000,1.39741,1.40247,1.38803,1.38969
2010-02-04T00:00:00.000000000+0000,1.38951,1.39022,1.37121,1.37395
2010-02-05T00:00:00.000000000+0000,1.37411,1.37448,1.35816,1.36763
2010-02-06T00:00:00.000000000+0000,1.36763,1.36763,1.36763,1.36763
2010-02-07T00:00:00.000000000+0000,1.36815,1.37025,1.36282,1.36409
2010-02-08T00:00:00.000000000+0000,1.36421,1.37128,1.36195,1.36539
2010-02-09T00:00:00.000000000+0000,1.3654,1.38385,1.36456,1.37809
2010-02-10T00:00:00.000000000+0000,1.378,1.38112,1.36747,1.37467
2010-02-11T00:00:00.000000000+0000,1.37449,1.37999,1.3593,1.36857
2010-02-12T00:00:00.000000000+0000,1.36865,1.3688,1.35276,1.36305
2010-02-13T00:00:00.000000000+0000,1.36305,1.36305,1.36305,1.36305
2010-02-14T00:00:00.000000000+0000,1.36257,1.36257,1.35983,1.3622
2010-02-15T00:00:00.000000000+0000,1.36219,1.36323,1.35767,1.35966
2010-02-16T00:00:00.000000000+0000,1.35964,1.37778,1.35872,1.37605
2010-02-17T00:00:00.000000000+0000,1.37601,1.37892,1.35834,1.36065
2010-02-18T00:00:00.000000000+0000,1.36079,1.36529,1.34431,1.34587
2010-02-19T00:00:00.000000000+0000,1.34618,1.36172,1.34525,1.36082
2010-02-20T00:00:00.000000000+0000,1.36082,1.36082,1.36082,1.36082
2010-02-21T00:00:00.000000000+0000,1.3613,1.36477,1.35993,1.36278
2010-02-22T00:00:00.000000000+0000,1.36284,1.36534,1.35723,1.36045
2010-02-23T00:00:00.000000000+0000,1.36048,1.36917,1.3495,1.35227
2010-02-24T00:00:00.000000000+0000,1.35231,1.36253,1.34995,1.35389
2010-02-25T00:00:00.000000000+0000,1.35381,1.35696,1.34484,1.35353
2010-02-26T00:00:00.000000000+0000,1.35358,1.36825,1.3532,1.3628
2010-02-27T00:00:00.000000000+0000,1.3628,1.3628,1.3628,1.3628
2010-02-28T00:00:00.000000000+0000,1.36332,1.36515,1.36134,1.3637
2010-03-01T00:00:00.000000000+0000,1.36385,1.36538,1.34589,1.35588
2010-03-02T00:00:00.000000000+0000,1.35597,1.36207,1.34345,1.36192
2010-03-03T00:00:00.000000000+0000,1.36185,1.37356,1.35898,1.36999
2010-03-04T00:00:00.000000000+0000,1.37003,1.37108,1.35504,1.3581
2010-03-05T00:00:00.000000000+0000,1.35807,1.36297,1.35288,1.36222
2010-03-06T00:00:00.000000000+0000,1.36222,1.36222,1.36222,1.36222
2010-03-07T00:00:00.000000000+0000,1.36229,1.36452,1.36223,1.3635
2010-03-08T00:00:00.000000000+0000,1.36353,1.37038,1.36038,1.36147
2010-03-09T00:00:00.000000000+0000,1.36148,1.36348,1.35337,1.36046
2010-03-10T00:00:00.000000000+0000,1.36051,1.36795,1.35416,1.36408
2010-03-11T00:00:00.000000000+0000,1.36424,1.36862,1.36175,1.3681
2010-03-12T00:00:00.000000000+0000,1.36804,1.37981,1.36671,1.37653
2010-03-13T00:00:00.000000000+0000,1.37653,1.37653,1.37653,1.37653
2010-03-14T00:00:00.000000000+0000,1.37699,1.37778,1.3756,1.37712
2010-03-15T00:00:00.000000000+0000,1.37714,1.37738,1.36382,1.36737
2010-03-16T00:00:00.000000000+0000,1.36734,1.37808,1.36549,1.37663
2010-03-17T00:00:00.000000000+0000,1.37664,1.38171,1.37232,1.37344
2010-03-18T00:00:00.000000000+0000,1.37371,1.37387,1.35826,1.36089
2010-03-19T00:00:00.000000000+0000,1.36081,1.36269,1.34997,1.35292
2010-03-20T00:00:00.000000000+0000,1.35292,1.35292,1.35292,1.35292
2010-03-21T00:00:00.000000000+0000,1.3534,1.35387,1.35093,1.3512
2010-03-22T00:00:00.000000000+0000,1.35124,1.35678,1.34606,1.35661
2010-03-23T00:00:00.000000000+0000,1.35665,1.35679,1.34584,1.34668
2010-03-24T00:00:00.000000000+0000,1.34673,1.34855,1.33017,1.3327
2010-03-25T00:00:00.000000000+0000,1.33283,1.33881,1.32658,1.33038
2010-03-26T00:00:00.000000000+0000,1.33043,1.34246,1.32984,1.34072
2010-03-27T00:00:00.000000000+0000,1.34072,1.34072,1.34072,1.34072
2010-03-28T00:00:00.000000000+0000,1.34147,1.34903,1.34147,1.34441
2010-03-29T00:00:00.000000000+0000,1.34453,1.35051,1.34149,1.34878
2010-03-30T00:00:00.000000000+0000,1.34893,1.35348,1.33931,1.34315
2010-03-31T00:00:00.000000000+0000,1.34323,1.35475,1.33819,1.35257
2010-04-01T00:00:00.000000000+0000,1.35253,1.35904,1.34575,1.35869
2010-04-02T00:00:00.000000000+0000,1.35867,1.35881,1.34713,1.35014
2010-04-03T00:00:00.000000000+0000,1.35014,1.35014,1.35014,1.35014
2010-04-04T00:00:00.000000000+0000,1.3497,1.35016,1.3479,1.34931
2010-04-05T00:00:00.000000000+0000,1.34942,1.3538,1.34562,1.34677
2010-04-06T00:00:00.000000000+0000,1.34685,1.34685,1.33536,1.33811
2010-04-07T00:00:00.000000000+0000,1.33807,1.34018,1.33201,1.33298
2010-04-08T00:00:00.000000000+0000,1.33297,1.33815,1.32786,1.33733
2010-04-09T00:00:00.000000000+0000,1.33736,1.35008,1.33363,1.34985
2010-04-10T00:00:00.000000000+0000,1.34985,1.34985,1.34985,1.34985
2010-04-11T00:00:00.000000000+0000,1.3529,1.36742,1.3529,1.36535
2010-04-12T00:00:00.000000000+0000,1.36548,1.36905,1.35637,1.35854
2010-04-13T00:00:00.000000000+0000,1.35857,1.36265,1.35437,1.36133
2010-04-14T00:00:00.000000000+0000,1.36131,1.36794,1.35929,1.36535
2010-04-15T00:00:00.000000000+0000,1.36538,1.36657,1.35169,1.35628
2010-04-16T00:00:00.000000000+0000,1.35624,1.35637,1.34703,1.35018
2010-04-17T00:00:00.000000000+0000,1.35018,1.35018,1.35018,1.35018
2010-04-18T00:00:00.000000000+0000,1.3497,1.3497,1.34633,1.34752
2010-04-19T00:00:00.000000000+0000,1.34743,1.34946,1.34124,1.34831
2010-04-20T00:00:00.000000000+0000,1.34838,1.35222,1.34154,1.34216
2010-04-21T00:00:00.000000000+0000,1.34214,1.34495,1.33561,1.33863
2010-04-22T00:00:00.000000000+0000,1.33864,1.34209,1.32014,1.32217
2010-04-23T00:00:00.000000000+0000,1.32214,1.33995,1.3202,1.33831
2010-04-24T00:00:00.000000000+0000,1.33831,1.33831,1.33831,1.33831
2010-04-25T00:00:00.000000000+0000,1.33773,1.33773,1.33313,1.33611
2010-04-26T00:00:00.000000000+0000,1.33618,1.34131,1.32892,1.33915
2010-04-27T00:00:00.000000000+0000,1.33938,1.33942,1.31419,1.31765
2010-04-28T00:00:00.000000000+0000,1.31768,1.32654,1.31117,1.31958
2010-04-29T00:00:00.000000000+0000,1.31954,1.32773,1.31819,1.32497
2010-04-30T00:00:00.000000000+0000,1.32494,1.33418,1.32222,1.3289
2010-05-01T00:00:00.000000000+0000,1.3289,1.3289,1.3289,1.3289
2010-05-02T00:00:00.000000000+0000,1.32974,1.33586,1.32974,1.33112
2010-05-03T00:00:00.000000000+0000,1.33117,1.33131,1.31498,1.31949
2010-05-04T00:00:00.000000000+0000,1.31935,1.3213,1.29598,1.29769
2010-05-05T00:00:00.000000000+0000,1.29762,1.29952,1.27847,1.28115
2010-05-06T00:00:00.000000000+0000,1.28107,1.28539,1.25187,1.26529
2010-05-07T00:00:00.000000000+0000,1.26525,1.27974,1.25836,1.27515
2010-05-08T00:00:00.000000000+0000,1.27515,1.27515,1.27515,1.27515
2010-05-09T00:00:00.000000000+0000,1.27799,1.29481,1.27799,1.28687
2010-05-10T00:00:00.000000000+0000,1.28673,1.30918,1.27206,1.27358
2010-05-11T00:00:00.000000000+0000,1.27355,1.27996,1.26141,1.26387
2010-05-12T00:00:00.000000000+0000,1.26385,1.27395,1.26032,1.26434
2010-05-13T00:00:00.000000000+0000,1.26432,1.26833,1.25135,1.25288
2010-05-14T00:00:00.000000000+0000,1.25276,1.25756,1.23522,1.23583
2010-05-15T00:00:00.000000000+0000,1.23583,1.23583,1.23583,1.23583
2010-05-16T00:00:00.000000000+0000,1.23537,1.2371,1.23373,1.23553
2010-05-17T00:00:00.000000000+0000,1.23545,1.24134,1.22373,1.23813
2010-05-18T00:00:00.000000000+0000,1.23823,1.24436,1.21444,1.21457
2010-05-19T00:00:00.000000000+0000,1.21435,1.24304,1.21429,1.23839
2010-05-20T00:00:00.000000000+0000,1.23837,1.25969,1.22951,1.25375
2010-05-21T00:00:00.000000000+0000,1.25385,1.26704,1.24689,1.25727
2010-05-22T00:00:00.000000000+0000,1.25727,1.25727,1.25727,1.25727
2010-05-23T00:00:00.000000000+0000,1.25667,1.25667,1.25059,1.25109
2010-05-24T00:00:00.000000000+0000,1.25108,1.25374,1.2329,1.23379
2010-05-25T00:00:00.000000000+0000,1.23378,1.2387,1.21747,1.23315
2010-05-26T00:00:00.000000000+0000,1.23294,1.23433,1.21498,1.21814
2010-05-27T00:00:00.000000000+0000,1.21814,1.23936,1.21795,1.23653
2010-05-28T00:00:00.000000000+0000,1.23658,1.24518,1.22612,1.22789
2010-05-29T00:00:00.000000000+0000,1.22789,1.22789,1.22789,1.22789
2010-05-30T00:00:00.000000000+0000,1.22748,1.22923,1.22568,1.22874
2010-05-31T00:00:00.000000000+0000,1.22872,1.23335,1.22648,1.22701
2010-06-01T00:00:00.000000000+0000,1.22701,1.23521,1.2108,1.22444
2010-06-02T00:00:00.000000000+0000,1.22451,1.22718,1.21741,1.22486
2010-06-03T00:00:00.000000000+0000,1.22494,1.23263,1.21492,1.21745
2010-06-04T00:00:00.000000000+0000,1.21773,1.22146,1.19536,1.1965
2010-06-05T00:00:00.000000000+0000,1.1965,1.1965,1.1965,1.1965
2010-06-06T00:00:00.000000000+0000,1.19602,1.19649,1.19221,1.19281
2010-06-07T00:00:00.000000000+0000,1.19291,1.19908,1.18746,1.19208
2010-06-08T00:00:00.000000000+0000,1.19208,1.20093,1.18989,1.19554
2010-06-09T00:00:00.000000000+0000,1.19554,1.20728,1.19198,1.19872
2010-06-10T00:00:00.000000000+0000,1.19878,1.21415,1.19543,1.213
2010-06-11T00:00:00.000000000+0000,1.21294,1.21526,1.2044,1.21099
2010-06-12T00:00:00.000000000+0000,1.21099,1.21099,1.21099,1.21099
2010-06-13T00:00:00.000000000+0000,1.21157,1.22059,1.2112,1.2203
2010-06-14T00:00:00.000000000+0000,1.22035,1.22997,1.21596,1.22102
2010-06-15T00:00:00.000000000+0000,1.22086,1.23494,1.21628,1.23134
2010-06-16T00:00:00.000000000+0000,1.23126,1.23517,1.22518,1.22979
2010-06-17T00:00:00.000000000+0000,1.22983,1.24141,1.22393,1.23857
2010-06-18T00:00:00.000000000+0000,1.2384,1.24153,1.23504,1.23882
2010-06-19T00:00:00.000000000+0000,1.23882,1.23882,1.23882,1.23882
2010-06-20T00:00:00.000000000+0000,1.23952,1.2466,1.23952,1.24138
2010-06-21T00:00:00.000000000+0000,1.24146,1.24659,1.23008,1.23208
2010-06-22T00:00:00.000000000+0000,1.23184,1.235,1.22506,1.22633
2010-06-23T00:00:00.000000000+0000,1.22642,1.23438,1.22074,1.23052
2010-06-24T00:00:00.000000000+0000,1.23049,1.23872,1.22583,1.23349
2010-06-25T00:00:00.000000000+0000,1.23347,1.23934,1.22504,1.23753
2010-06-26T00:00:00.000000000+0000,1.23753,1.23753,1.23753,1.23753
2010-06-27T00:00:00.000000000+0000,1.23714,1.23862,1.23659,1.23857
2010-06-28T00:00:00.000000000+0000,1.2383,1.23974,1.22631,1.22841
2010-06-29T00:00:00.000000000+0000,1.2286,1.22904,1.21485,1.21844
2010-06-30T00:00:00.000000000+0000,1.2183,1.23032,1.21634,1.2227
2010-07-01T00:00:00.000000000+0000,1.22257,1.2538,1.21914,1.25089
2010-07-02T00:00:00.000000000+0000,1.25105,1.26106,1.24794,1.25503
2010-07-03T00:00:00.000000000+0000,1.25503,1.25503,1.25503,1.25503
2010-07-04T00:00:00.000000000+0000,1.25547,1.25647,1.25401,1.25453
2010-07-05T00:00:00.000000000+0000,1.25458,1.25568,1.25004,1.25072
2010-07-06T00:00:00.000000000+0000,1.25061,1.26617,1.24783,1.26212
2010-07-07T00:00:00.000000000+0000,1.26209,1.26638,1.25516,1.26229
2010-07-08T00:00:00.000000000+0000,1.26228,1.27107,1.26216,1.2688
2010-07-09T00:00:00.000000000+0000,1.26876,1.27213,1.26079,1.26391
2010-07-10T00:00:00.000000000+0000,1.26391,1.26391,1.26391,1.26391
2010-07-11T00:00:00.000000000+0000,1.26356,1.26465,1.26228,1.26373
2010-07-12T00:00:00.000000000+0000,1.26364,1.2644,1.25477,1.26011
2010-07-13T00:00:00.000000000+0000,1.26021,1.27373,1.25216,1.27179
2010-07-14T00:00:00.000000000+0000,1.27174,1.27778,1.26807,1.27328
2010-07-15T00:00:00.000000000+0000,1.27311,1.29546,1.27066,1.29175
2010-07-16T00:00:00.000000000+0000,1.29172,1.30056,1.28867,1.29273
2010-07-17T00:00:00.000000000+0000,1.29273,1.29273,1.29273,1.29273
2010-07-18T00:00:00.000000000+0000,1.29231,1.29231,1.28855,1.28878
2010-07-19T00:00:00.000000000+0000,1.28884,1.29908,1.28675,1.29366
2010-07-20T00:00:00.000000000+0000,1.29361,1.30272,1.28377,1.29042
2010-07-21T00:00:00.000000000+0000,1.29048,1.2912,1.27293,1.27586
2010-07-22T00:00:00.000000000+0000,1.27589,1.29315,1.27367,1.29111
2010-07-23T00:00:00.000000000+0000,1.29111,1.29649,1.2792,1.29019
2010-07-24T00:00:00.000000000+0000,1.29019,1.29019,1.29019,1.29019
2010-07-25T00:00:00.000000000+0000,1.28977,1.29247,1.28735,1.29207
2010-07-26T00:00:00.000000000+0000,1.29206,1.30055,1.28852,1.29819
2010-07-27T00:00:00.000000000+0000,1.29783,1.30456,1.29493,1.29877
2010-07-28T00:00:00.000000000+0000,1.29875,1.30417,1.29653,1.29963
2010-07-29T00:00:00.000000000+0000,1.29977,1.31041,1.29767,1.30658
2010-07-30T00:00:00.000000000+0000,1.30657,1.30927,1.29775,1.30487
2010-07-31T00:00:00.000000000+0000,1.30487,1.30487,1.30487,1.30487
2010-08-01T00:00:00.000000000+0000,1.30533,1.30669,1.30498,1.3059
2010-08-02T00:00:00.000000000+0000,1.30582,1.31937,1.30529,1.31722
2010-08-03T00:00:00.000000000+0000,1.31682,1.32615,1.3144,1.3219
2010-08-04T00:00:00.000000000+0000,1.32187,1.32383,1.31294,1.31534
2010-08-05T00:00:00.000000000+0000,1.31536,1.32348,1.31173,1.31784
2010-08-06T00:00:00.000000000+0000,1.31777,1.33333,1.31543,1.32808
2010-08-07T00:00:00.000000000+0000,1.32808,1.32808,1.32808,1.32808
2010-08-08T00:00:00.000000000+0000,1.32851,1.32959,1.32699,1.32834
2010-08-09T00:00:00.000000000+0000,1.32828,1.3307,1.3206,1.32147
2010-08-10T00:00:00.000000000+0000,1.32144,1.32266,1.30733,1.3153
2010-08-11T00:00:00.000000000+0000,1.31534,1.316,1.2827,1.28457
2010-08-12T00:00:00.000000000+0000,1.28459,1.29315,1.27802,1.28406
2010-08-13T00:00:00.000000000+0000,1.28418,1.29056,1.27458,1.27505
2010-08-14T00:00:00.000000000+0000,1.27505,1.27505,1.27505,1.27505
2010-08-15T00:00:00.000000000+0000,1.2755,1.27737,1.27527,1.27543
2010-08-16T00:00:00.000000000+0000,1.27541,1.28699,1.27318,1.28094
2010-08-17T00:00:00.000000000+0000,1.28083,1.29155,1.28019,1.28677
2010-08-18T00:00:00.000000000+0000,1.28687,1.29203,1.27903,1.27932
2010-08-19T00:00:00.000000000+0000,1.27947,1.29023,1.27714,1.28067
2010-08-20T00:00:00.000000000+0000,1.2806,1.28316,1.26603,1.27048
2010-08-21T00:00:00.000000000+0000,1.27048,1.27048,1.27048,1.27048
2010-08-22T00:00:00.000000000+0000,1.27026,1.27107,1.26866,1.26971
2010-08-23T00:00:00.000000000+0000,1.2698,1.27296,1.2621,1.26294
2010-08-24T00:00:00.000000000+0000,1.2629,1.27185,1.25837,1.26355
2010-08-25T00:00:00.000000000+0000,1.26349,1.27235,1.26048,1.26715
2010-08-26T00:00:00.000000000+0000,1.26708,1.2763,1.26475,1.27021
2010-08-27T00:00:00.000000000+0000,1.2703,1.27785,1.2675,1.27597
2010-08-28T00:00:00.000000000+0000,1.27597,1.27597,1.27597,1.27597
2010-08-29T00:00:00.000000000+0000,1.27575,1.2769,1.27406,1.27517
2010-08-30T00:00:00.000000000+0000,1.27488,1.27548,1.26544,1.26633
2010-08-31T00:00:00.000000000+0000,1.26616,1.27428,1.26215,1.26722
2010-09-01T00:00:00.000000000+0000,1.2671,1.28542,1.2661,1.27942
2010-09-02T00:00:00.000000000+0000,1.27938,1.28475,1.27735,1.28133
2010-09-03T00:00:00.000000000+0000,1.28123,1.28971,1.28055,1.2894
2010-09-04T00:00:00.000000000+0000,1.2894,1.2894,1.2894,1.2894
2010-09-05T00:00:00.000000000+0000,1.28903,1.28957,1.28786,1.28845
2010-09-06T00:00:00.000000000+0000,1.2884,1.29176,1.27993,1.28179
2010-09-07T00:00:00.000000000+0000,1.28175,1.28181,1.26731,1.26894
2010-09-08T00:00:00.000000000+0000,1.26913,1.27628,1.26577,1.27236
2010-09-09T00:00:00.000000000+0000,1.27265,1.27657,1.26618,1.2678
2010-09-10T00:00:00.000000000+0000,1.26766,1.27463,1.26425,1.26707
2010-09-11T00:00:00.000000000+0000,1.26707,1.26707,1.26707,1.26707
2010-09-12T00:00:00.000000000+0000,1.26748,1.2759,1.26748,1.27579
2010-09-13T00:00:00.000000000+0000,1.27585,1.28917,1.27577,1.28624
2010-09-14T00:00:00.000000000+0000,1.28632,1.30345,1.28265,1.29945
2010-09-15T00:00:00.000000000+0000,1.29953,1.30369,1.29517,1.30089
2010-09-16T00:00:00.000000000+0000,1.30055,1.31149,1.29727,1.30648
2010-09-17T00:00:00.000000000+0000,1.30657,1.31587,1.30181,1.30507
2010-09-18T00:00:00.000000000+0000,1.30507,1.30507,1.30507,1.30507
2010-09-19T00:00:00.000000000+0000,1.3055,1.30654,1.30317,1.30418
2010-09-20T00:00:00.000000000+0000,1.30397,1.31203,1.30313,1.30612
2010-09-21T00:00:00.000000000+0000,1.30584,1.32894,1.30564,1.32819
2010-09-22T00:00:00.000000000+0000,1.32795,1.34387,1.3265,1.33925
2010-09-23T00:00:00.000000000+0000,1.33925,1.34124,1.32892,1.32915
2010-09-24T00:00:00.000000000+0000,1.32924,1.34944,1.32833,1.34863
2010-09-25T00:00:00.000000000+0000,1.34863,1.34863,1.34863,1.34863
2010-09-26T00:00:00.000000000+0000,1.34842,1.34947,1.34674,1.34767
2010-09-27T00:00:00.000000000+0000,1.34794,1.35061,1.34232,1.34285
2010-09-28T00:00:00.000000000+0000,1.34297,1.35948,1.33777,1.35724
2010-09-29T00:00:00.000000000+0000,1.35718,1.36458,1.35637,1.3624
2010-09-30T00:00:00.000000000+0000,1.36238,1.36836,1.35594,1.36295
2010-10-01T00:00:00.000000000+0000,1.36279,1.37939,1.36273,1.3787
2010-10-02T00:00:00.000000000+0000,1.3787,1.3787,1.3787,1.3787
2010-10-03T00:00:00.000000000+0000,1.37923,1.38055,1.37694,1.37751
2010-10-04T00:00:00.000000000+0000,1.37761,1.37844,1.36412,1.36462
2010-10-05T00:00:00.000000000+0000,1.36465,1.38588,1.36343,1.38528
2010-10-06T00:00:00.000000000+0000,1.38521,1.39477,1.37977,1.39152
2010-10-07T00:00:00.000000000+0000,1.39153,1.40274,1.38536,1.39229
2010-10-08T00:00:00.000000000+0000,1.39236,1.39806,1.38332,1.39398
2010-10-09T00:00:00.000000000+0000,1.39398,1.39398,1.39398,1.39398
2010-10-10T00:00:00.000000000+0000,1.39474,1.40091,1.39474,1.39947
2010-10-11T00:00:00.000000000+0000,1.39951,1.39982,1.38537,1.38643
2010-10-12T00:00:00.000000000+0000,1.38641,1.39331,1.37727,1.39191
2010-10-13T00:00:00.000000000+0000,1.39196,1.40007,1.391,1.3982
2010-10-14T00:00:00.000000000+0000,1.39821,1.41218,1.3981,1.40237
2010-10-15T00:00:00.000000000+0000,1.40237,1.41561,1.39364,1.39755
2010-10-16T00:00:00.000000000+0000,1.39755,1.39755,1.39755,1.39755
2010-10-17T00:00:00.000000000+0000,1.398,1.39899,1.39383,1.39502
2010-10-18T00:00:00.000000000+0000,1.39503,1.39984,1.38278,1.39624
2010-10-19T00:00:00.000000000+0000,1.39623,1.39969,1.36961,1.36975
2010-10-20T00:00:00.000000000+0000,1.36976,1.39904,1.36971,1.39742
2010-10-21T00:00:00.000000000+0000,1.39747,1.4049,1.38703,1.39106
2010-10-22T00:00:00.000000000+0000,1.39115,1.39709,1.38566,1.39525
2010-10-23T00:00:00.000000000+0000,1.39525,1.39525,1.39525,1.39525
2010-10-24T00:00:00.000000000+0000,1.3957,1.39762,1.39309,1.39604
2010-10-25T00:00:00.000000000+0000,1.39604,1.40794,1.39056,1.39217
2010-10-26T00:00:00.000000000+0000,1.39216,1.39815,1.38216,1.38449
2010-10-27T00:00:00.000000000+0000,1.38444,1.38767,1.37324,1.37927
2010-10-28T00:00:00.000000000+0000,1.37942,1.39499,1.37749,1.39426
2010-10-29T00:00:00.000000000+0000,1.39424,1.39488,1.38038,1.39447
2010-10-30T00:00:00.000000000+0000,1.39447,1.39447,1.39447,1.39447
2010-10-31T00:00:00.000000000+0000,1.39508,1.3981,1.39491,1.39717
2010-11-01T00:00:00.000000000+0000,1.39724,1.4011,1.3862,1.39086
2010-11-02T00:00:00.000000000+0000,1.3909,1.40573,1.38788,1.40316
2010-11-03T00:00:00.000000000+0000,1.40313,1.41465,1.39885,1.41252
2010-11-04T00:00:00.000000000+0000,1.41246,1.42817,1.40996,1.42262
2010-11-05T00:00:00.000000000+0000,1.42269,1.42289,1.40207,1.40283
2010-11-06T00:00:00.000000000+0000,1.40283,1.40283,1.40283,1.40283
2010-11-07T00:00:00.000000000+0000,1.40326,1.40803,1.40315,1.40734
2010-11-08T00:00:00.000000000+0000,1.40734,1.40825,1.38579,1.38629
2010-11-09T00:00:00.000000000+0000,1.38616,1.39717,1.37457,1.37683
2010-11-10T00:00:00.000000000+0000,1.3768,1.38251,1.36691,1.37735
2010-11-11T00:00:00.000000000+0000,1.37745,1.38205,1.36027,1.36191
2010-11-12T00:00:00.000000000+0000,1.36198,1.37759,1.35714,1.36895
2010-11-13T00:00:00.000000000+0000,1.36895,1.36895,1.36895,1.36895
2010-11-14T00:00:00.000000000+0000,1.3694,1.37094,1.36785,1.36877
2010-11-15T00:00:00.000000000+0000,1.36882,1.37498,1.35631,1.35729
2010-11-16T00:00:00.000000000+0000,1.35729,1.36547,1.34467,1.3494
2010-11-17T00:00:00.000000000+0000,1.34925,1.35653,1.34601,1.35524
2010-11-18T00:00:00.000000000+0000,1.35524,1.3667,1.35423,1.36567
2010-11-19T00:00:00.000000000+0000,1.36557,1.37311,1.36082,1.36714
2010-11-20T00:00:00.000000000+0000,1.36714,1.36714,1.36714,1.36714
2010-11-21T00:00:00.000000000+0000,1.37145,1.37435,1.369,1.37412
2010-11-22T00:00:00.000000000+0000,1.37414,1.37859,1.35764,1.35995
2010-11-23T00:00:00.000000000+0000,1.35987,1.3614,1.33601,1.33855
2010-11-24T00:00:00.000000000+0000,1.33855,1.34209,1.32839,1.33576
2010-11-25T00:00:00.000000000+0000,1.33577,1.3387,1.32864,1.33394
2010-11-26T00:00:00.000000000+0000,1.33394,1.33497,1.32001,1.32376
2010-11-27T00:00:00.000000000+0000,1.32376,1.32376,1.32376,1.32376
2010-11-28T00:00:00.000000000+0000,1.32382,1.33352,1.32305,1.32369
2010-11-29T00:00:00.000000000+0000,1.32369,1.32999,1.30638,1.30998
2010-11-30T00:00:00.000000000+0000,1.31004,1.31497,1.29685,1.29953
2010-12-01T00:00:00.000000000+0000,1.29956,1.3178,1.29707,1.31244
2010-12-02T00:00:00.000000000+0000,1.31244,1.32468,1.30599,1.32114
2010-12-03T00:00:00.000000000+0000,1.32112,1.34376,1.31927,1.33953
2010-12-04T00:00:00.000000000+0000,1.33953,1.33953,1.33953,1.33953
2010-12-05T00:00:00.000000000+0000,1.33993,1.34342,1.33748,1.34128
2010-12-06T00:00:00.000000000+0000,1.34128,1.342,1.32459,1.32878
2010-12-07T00:00:00.000000000+0000,1.32874,1.34,1.32359,1.32478
2010-12-08T00:00:00.000000000+0000,1.32479,1.32796,1.31798,1.32477
2010-12-09T00:00:00.000000000+0000,1.32477,1.33223,1.31643,1.32403
2010-12-10T00:00:00.000000000+0000,1.32403,1.32819,1.31785,1.32224
2010-12-11T00:00:00.000000000+0000,1.32224,1.32224,1.32224,1.32224
2010-12-12T00:00:00.000000000+0000,1.32266,1.32311,1.31896,1.31963
2010-12-13T00:00:00.000000000+0000,1.31964,1.34329,1.31821,1.33938
2010-12-14T00:00:00.000000000+0000,1.33934,1.34979,1.33545,1.33563
2010-12-15T00:00:00.000000000+0000,1.33565,1.33771,1.32078,1.32237
2010-12-16T00:00:00.000000000+0000,1.32245,1.32655,1.31809,1.32386
2010-12-17T00:00:00.000000000+0000,1.32386,1.33581,1.31329,1.3185
2010-12-18T00:00:00.000000000+0000,1.3185,1.3185,1.3185,1.3185
2010-12-19T00:00:00.000000000+0000,1.31844,1.3185,1.31525,1.31629
2010-12-20T00:00:00.000000000+0000,1.31627,1.31825,1.30943,1.31163
2010-12-21T00:00:00.000000000+0000,1.31166,1.32014,1.30732,1.30901
2010-12-22T00:00:00.000000000+0000,1.30901,1.31806,1.3078,1.31139
2010-12-23T00:00:00.000000000+0000,1.31139,1.31512,1.3055,1.31227
2010-12-24T00:00:00.000000000+0000,1.31226,1.31475,1.30976,1.31184
2010-12-25T00:00:00.000000000+0000,1.31184,1.31184,1.31184,1.31184
2010-12-26T00:00:00.000000000+0000,1.31134,1.31192,1.30716,1.30787
2010-12-27T00:00:00.000000000+0000,1.30786,1.31884,1.30783,1.31876
2010-12-28T00:00:00.000000000+0000,1.31879,1.3274,1.30827,1.30847
2010-12-29T00:00:00.000000000+0000,1.30847,1.32378,1.30837,1.32227
2010-12-30T00:00:00.000000000+0000,1.32235,1.33137,1.32188,1.33004
2010-12-31T00:00:00.000000000+0000,1.33004,1.34238,1.32883,1.33824
2011-01-01T00:00:00.000000000+0000,1.33557,1.33557,1.33557,1.33557
2011-01-02T00:00:00.000000000+0000,1.33674,1.33696,1.33235,1.33557
2011-01-03T00:00:00.000000000+0000,1.3356,1.33947,1.325,1.33551
2011-01-04T00:00:00.000000000+0000,1.33566,1.34298,1.32923,1.33179
2011-01-05T00:00:00.000000000+0000,1.33181,1.33248,1.31262,1.31556
2011-01-06T00:00:00.000000000+0000,1.31556,1.31698,1.29723,1.29787
2011-01-07T00:00:00.000000000+0000,1.29787,1.30209,1.29025,1.29034
2011-01-08T00:00:00.000000000+0000,1.29034,1.29034,1.29034,1.29034
2011-01-09T00:00:00.000000000+0000,1.29054,1.29175,1.28638,1.2894
2011-01-10T00:00:00.000000000+0000,1.28947,1.29658,1.28739,1.29637
2011-01-11T00:00:00.000000000+0000,1.29637,1.29905,1.2907,1.29807
2011-01-12T00:00:00.000000000+0000,1.2982,1.31428,1.29621,1.31261
2011-01-13T00:00:00.000000000+0000,1.31256,1.33829,1.30886,1.33506
2011-01-14T00:00:00.000000000+0000,1.33506,1.34521,1.33142,1.33865
2011-01-15T00:00:00.000000000+0000,1.33865,1.33865,1.33865,1.33865
2011-01-16T00:00:00.000000000+0000,1.33854,1.34031,1.33551,1.33784
2011-01-17T00:00:00.000000000+0000,1.33784,1.33791,1.32441,1.32809
2011-01-18T00:00:00.000000000+0000,1.32809,1.34622,1.32527,1.33776
2011-01-19T00:00:00.000000000+0000,1.33776,1.35379,1.33761,1.34515
2011-01-20T00:00:00.000000000+0000,1.34515,1.35218,1.33958,1.3465
2011-01-21T00:00:00.000000000+0000,1.34649,1.36247,1.34485,1.36191
2011-01-22T00:00:00.000000000+0000,1.36191,1.36191,1.36191,1.36191
2011-01-23T00:00:00.000000000+0000,1.36118,1.36437,1.35893,1.36187
2011-01-24T00:00:00.000000000+0000,1.36188,1.36852,1.35407,1.36423
2011-01-25T00:00:00.000000000+0000,1.36425,1.37038,1.35742,1.36846
2011-01-26T00:00:00.000000000+0000,1.36845,1.37212,1.36449,1.37097
2011-01-27T00:00:00.000000000+0000,1.371,1.37572,1.36385,1.37216
2011-01-28T00:00:00.000000000+0000,1.37217,1.37458,1.35831,1.36046
2011-01-29T00:00:00.000000000+0000,1.36046,1.36046,1.36046,1.36046
2011-01-30T00:00:00.000000000+0000,1.36067,1.36118,1.3571,1.35715
2011-01-31T00:00:00.000000000+0000,1.35715,1.37391,1.35699,1.37135
2011-02-01T00:00:00.000000000+0000,1.3713,1.38422,1.37004,1.38282
2011-02-02T00:00:00.000000000+0000,1.3827,1.38612,1.37689,1.38157
2011-02-03T00:00:00.000000000+0000,1.38157,1.38246,1.3609,1.36232
2011-02-04T00:00:00.000000000+0000,1.36235,1.36492,1.35431,1.35764
2011-02-05T00:00:00.000000000+0000,1.35764,1.35764,1.35764,1.35764
2011-02-06T00:00:00.000000000+0000,1.35842,1.35887,1.35441,1.35727
2011-02-07T00:00:00.000000000+0000,1.35727,1.36262,1.35079,1.35922
2011-02-08T00:00:00.000000000+0000,1.35919,1.36881,1.3572,1.36249
2011-02-09T00:00:00.000000000+0000,1.36241,1.37428,1.36106,1.37189
2011-02-10T00:00:00.000000000+0000,1.37189,1.37271,1.35771,1.36028
2011-02-11T00:00:00.000000000+0000,1.36029,1.36202,1.34972,1.35385
2011-02-12T00:00:00.000000000+0000,1.35385,1.35385,1.35385,1.35385
2011-02-13T00:00:00.000000000+0000,1.35191,1.35513,1.3501,1.35116
2011-02-14T00:00:00.000000000+0000,1.35126,1.35582,1.3428,1.34788
2011-02-15T00:00:00.000000000+0000,1.34792,1.35504,1.34609,1.34974
2011-02-16T00:00:00.000000000+0000,1.34971,1.35879,1.34619,1.35734
2011-02-17T00:00:00.000000000+0000,1.35732,1.36268,1.35368,1.36223
2011-02-18T00:00:00.000000000+0000,1.36223,1.37144,1.35459,1.36904
2011-02-19T00:00:00.000000000+0000,1.36904,1.36904,1.36904,1.36904
2011-02-20T00:00:00.000000000+0000,1.37033,1.37147,1.36864,1.37117
2011-02-21T00:00:00.000000000+0000,1.37122,1.37122,1.36471,1.36809
2011-02-22T00:00:00.000000000+0000,1.36809,1.3703,1.35269,1.36717
2011-02-23T00:00:00.000000000+0000,1.36726,1.37863,1.36717,1.37599
2011-02-24T00:00:00.000000000+0000,1.37599,1.3823,1.3704,1.38192
2011-02-25T00:00:00.000000000+0000,1.38195,1.38377,1.37237,1.37573
2011-02-26T00:00:00.000000000+0000,1.37573,1.37573,1.37573,1.37573
2011-02-27T00:00:00.000000000+0000,1.37461,1.38063,1.37299,1.37331
2011-02-28T00:00:00.000000000+0000,1.37332,1.38544,1.37111,1.38202
2011-03-01T00:00:00.000000000+0000,1.38203,1.38538,1.37632,1.37677
