timestamp,open,high,low,close
2000-01-01T00:00:00.000000000+0000,1.6355,1.6355,1.6355,1.6355
2000-01-02T00:00:00.000000000+0000,1.6355,1.6355,1.6355,1.6355
2000-01-03T00:00:00.000000000+0000,1.6129,1.6398,1.6129,1.6355
2000-01-04T00:00:00.000000000+0000,1.6359,1.6413,1.6307,1.6357
2000-01-05T00:00:00.000000000+0000,1.6357,1.6448,1.6357,1.6423
2000-01-06T00:00:00.000000000+0000,1.6423,1.6508,1.6411,1.6469
2000-01-07T00:00:00.000000000+0000,1.6471,1.6495,1.6363,1.6391
2000-01-08T00:00:00.000000000+0000,1.6391,1.6391,1.6391,1.6391
2000-01-09T00:00:00.000000000+0000,1.6391,1.6391,1.6391,1.6391
2000-01-10T00:00:00.000000000+0000,1.6383,1.6399,1.6335,1.6369
2000-01-11T00:00:00.000000000+0000,1.6371,1.6489,1.6362,1.6465
2000-01-12T00:00:00.000000000+0000,1.647,1.6507,1.6453,1.6471
2000-01-13T00:00:00.000000000+0000,1.6464,1.65,1.6402,1.6469
2000-01-14T00:00:00.000000000+0000,1.647,1.6479,1.633,1.6336
2000-01-15T00:00:00.000000000+0000,1.6336,1.6336,1.6336,1.6336
2000-01-16T00:00:00.000000000+0000,1.6336,1.6336,1.6336,1.6336
2000-01-17T00:00:00.000000000+0000,1.6336,1.6336,1.6336,1.6336
2000-01-18T00:00:00.000000000+0000,1.6332,1.6393,1.6314,1.6375
2000-01-19T00:00:00.000000000+0000,1.6379,1.6451,1.6363,1.6447
2000-01-20T00:00:00.000000000+0000,1.6447,1.6578,1.6421,1.6542
2000-01-21T00:00:00.000000000+0000,1.6579,1.6579,1.6479,1.6489
2000-01-22T00:00:00.000000000+0000,1.6489,1.6489,1.6489,1.6489
2000-01-23T00:00:00.000000000+0000,1.6489,1.6489,1.6489,1.6489
2000-01-24T00:00:00.000000000+0000,1.6458,1.6558,1.6457,1.6528
2000-01-25T00:00:00.000000000+0000,1.6528,1.6542,1.6433,1.6448
2000-01-26T00:00:00.000000000+0000,1.6448,1.6471,1.6357,1.6387
2000-01-27T00:00:00.000000000+0000,1.6399,1.6409,1.6345,1.6383
2000-01-28T00:00:00.000000000+0000,1.6393,1.6394,1.6157,1.6186
2000-01-29T00:00:00.000000000+0000,1.6186,1.6186,1.6186,1.6186
2000-01-30T00:00:00.000000000+0000,1.6186,1.6186,1.6186,1.6186
2000-01-31T00:00:00.000000000+0000,1.6224,1.6259,1.613,1.6156
2000-02-01T00:00:00.000000000+0000,1.6158,1.6177,1.6101,1.6144
2000-02-02T00:00:00.000000000+0000,1.6146,1.6151,1.6025,1.6083
2000-02-03T00:00:00.000000000+0000,1.6082,1.6096,1.5943,1.5975
2000-02-04T00:00:00.000000000+0000,1.5976,1.602,1.5833,1.5917
2000-02-05T00:00:00.000000000+0000,1.5917,1.5917,1.5917,1.5917
2000-02-06T00:00:00.000000000+0000,1.5917,1.5917,1.5917,1.5917
2000-02-07T00:00:00.000000000+0000,1.5896,1.5992,1.5886,1.5977
2000-02-08T00:00:00.000000000+0000,1.5982,1.6135,1.597,1.6113
2000-02-09T00:00:00.000000000+0000,1.6116,1.6172,1.6062,1.6163
2000-02-10T00:00:00.000000000+0000,1.6172,1.6178,1.605,1.6094
2000-02-11T00:00:00.000000000+0000,1.609,1.6103,1.5873,1.5921
2000-02-12T00:00:00.000000000+0000,1.5921,1.5921,1.5921,1.5921
2000-02-13T00:00:00.000000000+0000,1.5921,1.5921,1.5921,1.5921
2000-02-14T00:00:00.000000000+0000,1.5931,1.598,1.5856,1.5865
2000-02-15T00:00:00.000000000+0000,1.5863,1.5981,1.5845,1.5962
2000-02-16T00:00:00.000000000+0000,1.5956,1.6087,1.5924,1.6079
2000-02-17T00:00:00.000000000+0000,1.6077,1.6139,1.6025,1.6085
2000-02-18T00:00:00.000000000+0000,1.6083,1.6104,1.5951,1.6011
2000-02-19T00:00:00.000000000+0000,1.6011,1.6011,1.6011,1.6011
2000-02-20T00:00:00.000000000+0000,1.6011,1.6011,1.6011,1.6011
2000-02-21T00:00:00.000000000+0000,1.6011,1.6011,1.6011,1.6011
2000-02-22T00:00:00.000000000+0000,1.6,1.6197,1.5997,1.6121
2000-02-23T00:00:00.000000000+0000,1.6133,1.6164,1.6018,1.6037
2000-02-24T00:00:00.000000000+0000,1.6034,1.6058,1.5972,1.6005
2000-02-25T00:00:00.000000000+0000,1.6001,1.6011,1.5885,1.5949
2000-02-26T00:00:00.000000000+0000,1.5949,1.5949,1.5949,1.5949
2000-02-27T00:00:00.000000000+0000,1.5949,1.5949,1.5949,1.5949
2000-02-28T00:00:00.000000000+0000,1.5909,1.5975,1.5859,1.5953
2000-02-29T00:00:00.000000000+0000,1.5949,1.6021,1.5775,1.5788
2000-03-01T00:00:00.000000000+0000,1.5785,1.5922,1.5756,1.5863
2000-03-02T00:00:00.000000000+0000,1.5851,1.5885,1.5756,1.576
2000-03-03T00:00:00.000000000+0000,1.5769,1.584,1.5754,1.5778
2000-03-04T00:00:00.000000000+0000,1.5778,1.5778,1.5778,1.5778
2000-03-05T00:00:00.000000000+0000,1.5778,1.5778,1.5778,1.5778
2000-03-06T00:00:00.000000000+0000,1.5772,1.5823,1.5713,1.5748
2000-03-07T00:00:00.000000000+0000,1.5745,1.5821,1.5695,1.5796
2000-03-08T00:00:00.000000000+0000,1.5803,1.5873,1.5744,1.5811
2000-03-09T00:00:00.000000000+0000,1.5814,1.5843,1.578,1.5818
2000-03-10T00:00:00.000000000+0000,1.5825,1.5839,1.5755,1.5761
2000-03-11T00:00:00.000000000+0000,1.5761,1.5761,1.5761,1.5761
2000-03-12T00:00:00.000000000+0000,1.5761,1.5761,1.5761,1.5761
2000-03-13T00:00:00.000000000+0000,1.576,1.5831,1.5752,1.5787
2000-03-14T00:00:00.000000000+0000,1.5793,1.5798,1.5681,1.5772
2000-03-15T00:00:00.000000000+0000,1.5779,1.579,1.5699,1.5729
2000-03-16T00:00:00.000000000+0000,1.5727,1.5778,1.5692,1.5753
2000-03-17T00:00:00.000000000+0000,1.5754,1.5769,1.5701,1.5738
2000-03-18T00:00:00.000000000+0000,1.5738,1.5738,1.5738,1.5738
2000-03-19T00:00:00.000000000+0000,1.5738,1.5738,1.5738,1.5738
2000-03-20T00:00:00.000000000+0000,1.5753,1.5759,1.5651,1.569
2000-03-21T00:00:00.000000000+0000,1.5684,1.5774,1.5665,1.5718
2000-03-22T00:00:00.000000000+0000,1.571,1.5804,1.5618,1.5785
2000-03-23T00:00:00.000000000+0000,1.579,1.5901,1.5751,1.5866
2000-03-24T00:00:00.000000000+0000,1.586,1.595,1.5841,1.595
2000-03-25T00:00:00.000000000+0000,1.595,1.595,1.595,1.595
2000-03-26T00:00:00.000000000+0000,1.595,1.595,1.595,1.595
2000-03-27T00:00:00.000000000+0000,1.5927,1.6006,1.584,1.5875
2000-03-28T00:00:00.000000000+0000,1.5881,1.591,1.5825,1.5893
2000-03-29T00:00:00.000000000+0000,1.5889,1.5971,1.5813,1.5929
2000-03-30T00:00:00.000000000+0000,1.5938,1.5975,1.5875,1.595
2000-03-31T00:00:00.000000000+0000,1.595,1.5985,1.59,1.5914
2000-04-01T00:00:00.000000000+0000,1.5914,1.5914,1.5914,1.5914
2000-04-02T00:00:00.000000000+0000,1.5914,1.5914,1.5914,1.5914
2000-04-03T00:00:00.000000000+0000,1.5922,1.5997,1.5871,1.5963
2000-04-04T00:00:00.000000000+0000,1.5931,1.6081,1.5923,1.5937
2000-04-05T00:00:00.000000000+0000,1.5924,1.5982,1.5829,1.5826
2000-04-06T00:00:00.000000000+0000,1.5842,1.589,1.578,1.5793
2000-04-07T00:00:00.000000000+0000,1.5796,1.5856,1.5774,1.5789
2000-04-08T00:00:00.000000000+0000,1.5789,1.5789,1.5789,1.5789
2000-04-09T00:00:00.000000000+0000,1.5789,1.5789,1.5789,1.5789
2000-04-10T00:00:00.000000000+0000,1.5794,1.5861,1.5769,1.5848
2000-04-11T00:00:00.000000000+0000,1.5848,1.5894,1.5832,1.586
2000-04-12T00:00:00.000000000+0000,1.5859,1.5889,1.5825,1.5884
2000-04-13T00:00:00.000000000+0000,1.5887,1.5928,1.585,1.5864
2000-04-14T00:00:00.000000000+0000,1.5861,1.5916,1.5829,1.5878
2000-04-15T00:00:00.000000000+0000,1.5878,1.5878,1.5878,1.5878
2000-04-16T00:00:00.000000000+0000,1.5878,1.5878,1.5878,1.5878
2000-04-17T00:00:00.000000000+0000,1.5887,1.5944,1.5798,1.5799
2000-04-18T00:00:00.000000000+0000,1.5802,1.5845,1.5747,1.5766
2000-04-19T00:00:00.000000000+0000,1.5764,1.5837,1.5757,1.5821
2000-04-20T00:00:00.000000000+0000,1.5818,1.5842,1.5778,1.5796
2000-04-21T00:00:00.000000000+0000,1.5796,1.5796,1.5796,1.5796
2000-04-22T00:00:00.000000000+0000,1.5796,1.5796,1.5796,1.5796
2000-04-23T00:00:00.000000000+0000,1.5796,1.5796,1.5796,1.5796
2000-04-24T00:00:00.000000000+0000,1.5762,1.5813,1.5754,1.579
2000-04-25T00:00:00.000000000+0000,1.5798,1.5824,1.5733,1.5809
2000-04-26T00:00:00.000000000+0000,1.5808,1.5823,1.5748,1.5763
2000-04-27T00:00:00.000000000+0000,1.5769,1.581,1.5712,1.5727
2000-04-28T00:00:00.000000000+0000,1.5796,1.5769,1.5507,1.5497
2000-04-29T00:00:00.000000000+0000,1.5497,1.5497,1.5497,1.5497
2000-04-30T00:00:00.000000000+0000,1.5497,1.5497,1.5497,1.5497
2000-05-01T00:00:00.000000000+0000,1.5529,1.5565,1.5522,1.5533
2000-05-02T00:00:00.000000000+0000,1.5532,1.5668,1.5532,1.5611
2000-05-03T00:00:00.000000000+0000,1.5601,1.5652,1.5555,1.5615
2000-05-04T00:00:00.000000000+0000,1.5611,1.5628,1.5357,1.5422
2000-05-05T00:00:00.000000000+0000,1.5421,1.5442,1.5248,1.5284
2000-05-06T00:00:00.000000000+0000,1.5284,1.5284,1.5284,1.5284
2000-05-07T00:00:00.000000000+0000,1.5284,1.5284,1.5284,1.5284
2000-05-08T00:00:00.000000000+0000,1.5277,1.5357,1.5265,1.5324
2000-05-09T00:00:00.000000000+0000,1.5325,1.5366,1.5292,1.5305
2000-05-10T00:00:00.000000000+0000,1.5303,1.5344,1.508,1.5092
2000-05-11T00:00:00.000000000+0000,1.5093,1.5121,1.4929,1.5042
2000-05-12T00:00:00.000000000+0000,1.5043,1.5197,1.5013,1.5156
2000-05-13T00:00:00.000000000+0000,1.5156,1.5156,1.5156,1.5156
2000-05-14T00:00:00.000000000+0000,1.5156,1.5156,1.5156,1.5156
2000-05-15T00:00:00.000000000+0000,1.5219,1.5225,1.505,1.5047
2000-05-16T00:00:00.000000000+0000,1.5008,1.5063,1.4924,1.4931
2000-05-17T00:00:00.000000000+0000,1.493,1.4983,1.4879,1.4956
2000-05-18T00:00:00.000000000+0000,1.4957,1.4972,1.4771,1.4831
2000-05-19T00:00:00.000000000+0000,1.4824,1.4899,1.4751,1.488
2000-05-20T00:00:00.000000000+0000,1.488,1.488,1.488,1.488
2000-05-21T00:00:00.000000000+0000,1.488,1.488,1.488,1.488
2000-05-22T00:00:00.000000000+0000,1.486,1.4965,1.4823,1.4914
2000-05-23T00:00:00.000000000+0000,1.4913,1.4925,1.4728,1.4762
2000-05-24T00:00:00.000000000+0000,1.4763,1.4792,1.4683,1.4732
2000-05-25T00:00:00.000000000+0000,1.4732,1.4797,1.4667,1.4704
2000-05-26T00:00:00.000000000+0000,1.4698,1.4895,1.4698,1.4895
2000-05-27T00:00:00.000000000+0000,1.4895,1.4895,1.4895,1.4895
2000-05-28T00:00:00.000000000+0000,1.4895,1.4895,1.4895,1.4895
2000-05-29T00:00:00.000000000+0000,1.4895,1.4895,1.4895,1.4895
2000-05-30T00:00:00.000000000+0000,1.4929,1.5042,1.4884,1.497
2000-05-31T00:00:00.000000000+0000,1.4969,1.5021,1.4929,1.5012
2000-06-01T00:00:00.000000000+0000,1.5005,1.5022,1.4899,1.4948
2000-06-02T00:00:00.000000000+0000,1.4944,1.5129,1.4936,1.5094
2000-06-03T00:00:00.000000000+0000,1.5094,1.5094,1.5094,1.5094
2000-06-04T00:00:00.000000000+0000,1.5094,1.5094,1.5094,1.5094
2000-06-05T00:00:00.000000000+0000,1.5101,1.5202,1.5077,1.5185
2000-06-06T00:00:00.000000000+0000,1.5182,1.5312,1.5115,1.5281
2000-06-07T00:00:00.000000000+0000,1.5272,1.5289,1.5188,1.5215
2000-06-08T00:00:00.000000000+0000,1.5211,1.523,1.5059,1.5093
2000-06-09T00:00:00.000000000+0000,1.51,1.5137,1.5006,1.5096
2000-06-10T00:00:00.000000000+0000,1.5096,1.5096,1.5096,1.5096
2000-06-11T00:00:00.000000000+0000,1.5096,1.5096,1.5096,1.5096
2000-06-12T00:00:00.000000000+0000,1.5083,1.5144,1.503,1.5128
2000-06-13T00:00:00.000000000+0000,1.5126,1.5182,1.5059,1.506
2000-06-14T00:00:00.000000000+0000,1.505,1.5107,1.4981,1.4983
2000-06-15T00:00:00.000000000+0000,1.4991,1.514,1.4955,1.5108
2000-06-16T00:00:00.000000000+0000,1.5109,1.5176,1.5093,1.515
2000-06-17T00:00:00.000000000+0000,1.515,1.515,1.515,1.515
2000-06-18T00:00:00.000000000+0000,1.515,1.515,1.515,1.515
2000-06-19T00:00:00.000000000+0000,1.5143,1.5172,1.5109,1.5117
2000-06-20T00:00:00.000000000+0000,1.5118,1.5201,1.5051,1.517
2000-06-21T00:00:00.000000000+0000,1.5179,1.5182,1.4944,1.4996
2000-06-22T00:00:00.000000000+0000,1.499,1.5157,1.4975,1.5128
2000-06-23T00:00:00.000000000+0000,1.5126,1.5136,1.499,1.4989
2000-06-24T00:00:00.000000000+0000,1.4989,1.4989,1.4989,1.4989
2000-06-25T00:00:00.000000000+0000,1.4989,1.4989,1.4989,1.4989
2000-06-26T00:00:00.000000000+0000,1.5009,1.506,1.4969,1.4967
2000-06-27T00:00:00.000000000+0000,1.4974,1.5075,1.4938,1.5065
2000-06-28T00:00:00.000000000+0000,1.5066,1.5142,1.5028,1.5125
2000-06-29T00:00:00.000000000+0000,1.5125,1.5211,1.51,1.5179
2000-06-30T00:00:00.000000000+0000,1.5181,1.5209,1.5101,1.5171
2000-07-01T00:00:00.000000000+0000,1.5171,1.5171,1.5171,1.5171
2000-07-02T00:00:00.000000000+0000,1.5171,1.5171,1.5171,1.5171
2000-07-03T00:00:00.000000000+0000,1.5158,1.5195,1.5095,1.5136
2000-07-04T00:00:00.000000000+0000,1.5136,1.5136,1.5136,1.5136
2000-07-05T00:00:00.000000000+0000,1.5144,1.5166,1.507,1.5066
2000-07-06T00:00:00.000000000+0000,1.5068,1.5153,1.5063,1.507
2000-07-07T00:00:00.000000000+0000,1.5074,1.5168,1.5044,1.5126
2000-07-08T00:00:00.000000000+0000,1.5126,1.5126,1.5126,1.5126
2000-07-09T00:00:00.000000000+0000,1.5126,1.5126,1.5126,1.5126
2000-07-10T00:00:00.000000000+0000,1.5149,1.5195,1.5104,1.5124
2000-07-11T00:00:00.000000000+0000,1.5127,1.5174,1.5097,1.5162
2000-07-12T00:00:00.000000000+0000,1.5164,1.5184,1.5056,1.5062
2000-07-13T00:00:00.000000000+0000,1.5061,1.5073,1.4982,1.5041
2000-07-14T00:00:00.000000000+0000,1.503,1.505,1.4968,1.5016
2000-07-15T00:00:00.000000000+0000,1.5016,1.5016,1.5016,1.5016
2000-07-16T00:00:00.000000000+0000,1.5016,1.5016,1.5016,1.5016
2000-07-17T00:00:00.000000000+0000,1.5001,1.5016,1.4907,1.4946
2000-07-18T00:00:00.000000000+0000,1.4953,1.4999,1.4911,1.4975
2000-07-19T00:00:00.000000000+0000,1.4976,1.4999,1.4928,1.4965
2000-07-20T00:00:00.000000000+0000,1.4966,1.5141,1.491,1.5135
2000-07-21T00:00:00.000000000+0000,1.5121,1.52,1.5089,1.5165
2000-07-22T00:00:00.000000000+0000,1.5165,1.5165,1.5165,1.5165
2000-07-23T00:00:00.000000000+0000,1.5165,1.5165,1.5165,1.5165
2000-07-24T00:00:00.000000000+0000,1.518,1.5213,1.5129,1.515
2000-07-25T00:00:00.000000000+0000,1.5157,1.5219,1.5132,1.5156
2000-07-26T00:00:00.000000000+0000,1.5155,1.5219,1.5138,1.5158
2000-07-27T00:00:00.000000000+0000,1.5157,1.5171,1.51,1.5122
2000-07-28T00:00:00.000000000+0000,1.5126,1.514,1.4991,1.5018
2000-07-29T00:00:00.000000000+0000,1.5018,1.5018,1.5018,1.5018
2000-07-30T00:00:00.000000000+0000,1.5018,1.5018,1.5018,1.5018
2000-07-31T00:00:00.000000000+0000,1.5023,1.505,1.4945,1.4995
2000-08-01T00:00:00.000000000+0000,1.4995,1.5025,1.4913,1.4922
2000-08-02T00:00:00.000000000+0000,1.4924,1.496,1.4865,1.4947
2000-08-03T00:00:00.000000000+0000,1.495,1.4992,1.4826,1.4968
2000-08-04T00:00:00.000000000+0000,1.4971,1.5079,1.4894,1.5049
2000-08-05T00:00:00.000000000+0000,1.5049,1.5049,1.5049,1.5049
2000-08-06T00:00:00.000000000+0000,1.5049,1.5049,1.5049,1.5049
2000-08-07T00:00:00.000000000+0000,1.5044,1.5141,1.5004,1.5118
2000-08-08T00:00:00.000000000+0000,1.5116,1.5125,1.5009,1.5042
2000-08-09T00:00:00.000000000+0000,1.5044,1.5048,1.4992,1.5023
2000-08-10T00:00:00.000000000+0000,1.5025,1.5033,1.495,1.4967
2000-08-11T00:00:00.000000000+0000,1.4975,1.5081,1.4971,1.5008
2000-08-12T00:00:00.000000000+0000,1.5008,1.5008,1.5008,1.5008
2000-08-13T00:00:00.000000000+0000,1.5008,1.5008,1.5008,1.5008
2000-08-14T00:00:00.000000000+0000,1.502,1.5116,1.5004,1.5055
2000-08-15T00:00:00.000000000+0000,1.5054,1.514,1.5023,1.504
2000-08-16T00:00:00.000000000+0000,1.504,1.5059,1.4975,1.4997
2000-08-17T00:00:00.000000000+0000,1.5,1.5015,1.4968,1.4974
2000-08-18T00:00:00.000000000+0000,1.4977,1.4983,1.4878,1.4895
2000-08-19T00:00:00.000000000+0000,1.4895,1.4895,1.4895,1.4895
2000-08-20T00:00:00.000000000+0000,1.4895,1.4895,1.4895,1.4895
2000-08-21T00:00:00.000000000+0000,1.4897,1.4934,1.4863,1.4872
2000-08-22T00:00:00.000000000+0000,1.4881,1.4885,1.4789,1.4823
2000-08-23T00:00:00.000000000+0000,1.4819,1.487,1.4765,1.4858
2000-08-24T00:00:00.000000000+0000,1.4856,1.486,1.477,1.4806
2000-08-25T00:00:00.000000000+0000,1.4807,1.4823,1.4692,1.4691
2000-08-26T00:00:00.000000000+0000,1.4691,1.4691,1.4691,1.4691
2000-08-27T00:00:00.000000000+0000,1.4691,1.4691,1.4691,1.4691
2000-08-28T00:00:00.000000000+0000,1.4706,1.4733,1.4689,1.4699
2000-08-29T00:00:00.000000000+0000,1.4699,1.4717,1.4556,1.456
2000-08-30T00:00:00.000000000+0000,1.4554,1.469,1.4422,1.4588
2000-08-31T00:00:00.000000000+0000,1.4589,1.459,1.4461,1.4471
2000-09-01T00:00:00.000000000+0000,1.4465,1.4645,1.4465,1.4636
2000-09-02T00:00:00.000000000+0000,1.4636,1.4636,1.4636,1.4636
2000-09-03T00:00:00.000000000+0000,1.4636,1.4636,1.4636,1.4636
2000-09-04T00:00:00.000000000+0000,1.4636,1.4636,1.4636,1.4636
2000-09-05T00:00:00.000000000+0000,1.4575,1.4583,1.4478,1.4544
2000-09-06T00:00:00.000000000+0000,1.4541,1.4549,1.4367,1.4375
2000-09-07T00:00:00.000000000+0000,1.4368,1.4416,1.4313,1.4385
2000-09-08T00:00:00.000000000+0000,1.4391,1.4393,1.414,1.4137
2000-09-09T00:00:00.000000000+0000,1.4137,1.4137,1.4137,1.4137
2000-09-10T00:00:00.000000000+0000,1.4137,1.4137,1.4137,1.4137
2000-09-11T00:00:00.000000000+0000,1.4137,1.4228,1.4015,1.402
2000-09-12T00:00:00.000000000+0000,1.4023,1.4154,1.3953,1.406
2000-09-13T00:00:00.000000000+0000,1.4065,1.4132,1.4036,1.4094
2000-09-14T00:00:00.000000000+0000,1.4094,1.4209,1.4032,1.4064
2000-09-15T00:00:00.000000000+0000,1.4066,1.4141,1.3967,1.3968
2000-09-16T00:00:00.000000000+0000,1.3968,1.3968,1.3968,1.3968
2000-09-17T00:00:00.000000000+0000,1.3968,1.3968,1.3968,1.3968
2000-09-18T00:00:00.000000000+0000,1.3985,1.4065,1.3962,1.4057
2000-09-19T00:00:00.000000000+0000,1.4055,1.4126,1.4004,1.4087
2000-09-20T00:00:00.000000000+0000,1.4091,1.419,1.4061,1.411
2000-09-21T00:00:00.000000000+0000,1.411,1.4392,1.4096,1.4384
2000-09-22T00:00:00.000000000+0000,1.4385,1.4756,1.4363,1.453
2000-09-23T00:00:00.000000000+0000,1.453,1.453,1.453,1.453
2000-09-24T00:00:00.000000000+0000,1.453,1.453,1.453,1.453
2000-09-25T00:00:00.000000000+0000,1.4567,1.4641,1.4503,1.4525
2000-09-26T00:00:00.000000000+0000,1.4525,1.464,1.4513,1.463
2000-09-27T00:00:00.000000000+0000,1.4623,1.4676,1.4585,1.4635
2000-09-28T00:00:00.000000000+0000,1.4639,1.4676,1.4603,1.4629
2000-09-29T00:00:00.000000000+0000,1.4629,1.48,1.4612,1.4759
2000-09-30T00:00:00.000000000+0000,1.4759,1.4759,1.4759,1.4759
2000-10-01T00:00:00.000000000+0000,1.4759,1.4759,1.4759,1.4759
2000-10-02T00:00:00.000000000+0000,1.4758,1.4791,1.4649,1.4661
2000-10-03T00:00:00.000000000+0000,1.4657,1.4677,1.456,1.4592
2000-10-04T00:00:00.000000000+0000,1.4589,1.466,1.4524,1.458
2000-10-05T00:00:00.000000000+0000,1.458,1.4596,1.4433,1.4432
2000-10-06T00:00:00.000000000+0000,1.4439,1.4515,1.4423,1.4454
2000-10-07T00:00:00.000000000+0000,1.4454,1.4454,1.4454,1.4454
2000-10-08T00:00:00.000000000+0000,1.4454,1.4454,1.4454,1.4454
2000-10-09T00:00:00.000000000+0000,1.4464,1.4497,1.4456,1.449
2000-10-10T00:00:00.000000000+0000,1.449,1.458,1.4475,1.4558
2000-10-11T00:00:00.000000000+0000,1.4553,1.4659,1.4547,1.4602
2000-10-12T00:00:00.000000000+0000,1.4606,1.4749,1.4587,1.4709
2000-10-13T00:00:00.000000000+0000,1.4713,1.48,1.4499,1.4518
2000-10-14T00:00:00.000000000+0000,1.4518,1.4518,1.4518,1.4518
2000-10-15T00:00:00.000000000+0000,1.4518,1.4518,1.4518,1.4518
2000-10-16T00:00:00.000000000+0000,1.4516,1.4542,1.4421,1.4469
2000-10-17T00:00:00.000000000+0000,1.4472,1.4512,1.4345,1.4499
2000-10-18T00:00:00.000000000+0000,1.4498,1.4614,1.4381,1.4433
2000-10-19T00:00:00.000000000+0000,1.4431,1.4483,1.4398,1.4461
2000-10-20T00:00:00.000000000+0000,1.4458,1.4512,1.4419,1.451
2000-10-21T00:00:00.000000000+0000,1.451,1.451,1.451,1.451
2000-10-22T00:00:00.000000000+0000,1.451,1.451,1.451,1.451
2000-10-23T00:00:00.000000000+0000,1.4523,1.4579,1.4493,1.4534
2000-10-24T00:00:00.000000000+0000,1.4533,1.4558,1.4474,1.4495
2000-10-25T00:00:00.000000000+0000,1.449,1.4514,1.4304,1.4319
2000-10-26T00:00:00.000000000+0000,1.4319,1.4381,1.4193,1.436
2000-10-27T00:00:00.000000000+0000,1.4362,1.4557,1.4323,1.4548
2000-10-28T00:00:00.000000000+0000,1.4548,1.4548,1.4548,1.4548
2000-10-29T00:00:00.000000000+0000,1.4548,1.4548,1.4548,1.4548
2000-10-30T00:00:00.000000000+0000,1.454,1.4672,1.4496,1.4493
2000-10-31T00:00:00.000000000+0000,1.4492,1.4547,1.4449,1.4476
2000-11-01T00:00:00.000000000+0000,1.4472,1.457,1.4421,1.4506
2000-11-02T00:00:00.000000000+0000,1.4513,1.4551,1.4433,1.4448
2000-11-03T00:00:00.000000000+0000,1.443,1.4551,1.4397,1.4485
2000-11-04T00:00:00.000000000+0000,1.4485,1.4485,1.4485,1.4485
2000-11-05T00:00:00.000000000+0000,1.4485,1.4485,1.4485,1.4485
2000-11-06T00:00:00.000000000+0000,1.4489,1.4518,1.4253,1.427
2000-11-07T00:00:00.000000000+0000,1.4276,1.435,1.4243,1.4334
2000-11-08T00:00:00.000000000+0000,1.4333,1.4363,1.4194,1.4235
2000-11-09T00:00:00.000000000+0000,1.4223,1.4341,1.4132,1.4322
2000-11-10T00:00:00.000000000+0000,1.4323,1.4355,1.4241,1.4247
2000-11-11T00:00:00.000000000+0000,1.4247,1.4247,1.4247,1.4247
2000-11-12T00:00:00.000000000+0000,1.4247,1.4247,1.4247,1.4247
2000-11-13T00:00:00.000000000+0000,1.4263,1.4408,1.4255,1.4376
2000-11-14T00:00:00.000000000+0000,1.4366,1.4423,1.4262,1.4297
2000-11-15T00:00:00.000000000+0000,1.4302,1.4339,1.423,1.4269
2000-11-16T00:00:00.000000000+0000,1.4266,1.4281,1.4203,1.4255
2000-11-17T00:00:00.000000000+0000,1.4255,1.4262,1.4192,1.4218
2000-11-18T00:00:00.000000000+0000,1.4218,1.4218,1.4218,1.4218
2000-11-19T00:00:00.000000000+0000,1.4218,1.4218,1.4218,1.4218
2000-11-20T00:00:00.000000000+0000,1.4231,1.4276,1.419,1.4231
2000-11-21T00:00:00.000000000+0000,1.4231,1.4291,1.4143,1.418
2000-11-22T00:00:00.000000000+0000,1.4178,1.4227,1.4059,1.4068
2000-11-23T00:00:00.000000000+0000,1.4068,1.4068,1.4068,1.4068
2000-11-24T00:00:00.000000000+0000,1.4004,1.4078,1.396,1.399
2000-11-25T00:00:00.000000000+0000,1.399,1.399,1.399,1.399
2000-11-26T00:00:00.000000000+0000,1.399,1.399,1.399,1.399
2000-11-27T00:00:00.000000000+0000,1.4003,1.4196,1.4003,1.4169
2000-11-28T00:00:00.000000000+0000,1.4177,1.423,1.414,1.4161
2000-11-29T00:00:00.000000000+0000,1.4179,1.4263,1.4163,1.4228
2000-11-30T00:00:00.000000000+0000,1.4222,1.4271,1.4143,1.4262
2000-12-01T00:00:00.000000000+0000,1.4254,1.4449,1.4235,1.4422
2000-12-02T00:00:00.000000000+0000,1.4422,1.4422,1.4422,1.4422
2000-12-03T00:00:00.000000000+0000,1.4422,1.4422,1.4422,1.4422
2000-12-04T00:00:00.000000000+0000,1.439,1.4554,1.4378,1.4518
2000-12-05T00:00:00.000000000+0000,1.4495,1.4527,1.4309,1.4314
2000-12-06T00:00:00.000000000+0000,1.4334,1.4433,1.4299,1.4426
2000-12-07T00:00:00.000000000+0000,1.4434,1.4496,1.4384,1.4448
2000-12-08T00:00:00.000000000+0000,1.4445,1.453,1.4425,1.4497
2000-12-09T00:00:00.000000000+0000,1.4497,1.4497,1.4497,1.4497
2000-12-10T00:00:00.000000000+0000,1.4497,1.4497,1.4497,1.4497
2000-12-11T00:00:00.000000000+0000,1.4458,1.4582,1.4433,1.4566
2000-12-12T00:00:00.000000000+0000,1.4551,1.4578,1.4449,1.4474
2000-12-13T00:00:00.000000000+0000,1.447,1.4562,1.4439,1.4558
2000-12-14T00:00:00.000000000+0000,1.447,1.4735,1.4541,1.4734
2000-12-15T00:00:00.000000000+0000,1.472,1.4779,1.4685,1.4738
2000-12-16T00:00:00.000000000+0000,1.4738,1.4738,1.4738,1.4738
2000-12-17T00:00:00.000000000+0000,1.4738,1.4738,1.4738,1.4738
2000-12-18T00:00:00.000000000+0000,1.4731,1.4788,1.4649,1.4759
2000-12-19T00:00:00.000000000+0000,1.4751,1.4761,1.4608,1.4688
2000-12-20T00:00:00.000000000+0000,1.4681,1.4795,1.4645,1.4752
2000-12-21T00:00:00.000000000+0000,1.4756,1.4838,1.4666,1.4739
2000-12-22T00:00:00.000000000+0000,1.4732,1.4839,1.4701,1.4765
2000-12-23T00:00:00.000000000+0000,1.4765,1.4765,1.4765,1.4765
2000-12-24T00:00:00.000000000+0000,1.4765,1.4765,1.4765,1.4765
2000-12-25T00:00:00.000000000+0000,1.4765,1.4765,1.4765,1.4765
2000-12-26T00:00:00.000000000+0000,1.4775,1.4845,1.4756,1.4831
2000-12-27T00:00:00.000000000+0000,1.483,1.4979,1.4828,1.4962
2000-12-28T00:00:00.000000000+0000,1.4962,1.4981,1.4864,1.4931
2000-12-29T00:00:00.000000000+0000,1.4924,1.4965,1.4871,1.4927
2001-01-01T00:00:00.000000000+0000,1.5027,1.5027,1.5027,1.5027
2001-01-02T00:00:00.000000000+0000,1.4956,1.5037,1.4887,1.5027
2001-01-03T00:00:00.000000000+0000,1.5014,1.5096,1.4885,1.4889
2001-01-04T00:00:00.000000000+0000,1.4894,1.5039,1.4886,1.5017
2001-01-05T00:00:00.000000000+0000,1.5014,1.5076,1.495,1.5029
2001-01-06T00:00:00.000000000+0000,1.5029,1.5029,1.5029,1.5029
2001-01-07T00:00:00.000000000+0000,1.5029,1.5029,1.5029,1.5029
2001-01-08T00:00:00.000000000+0000,1.5031,1.5104,1.4933,1.4959
2001-01-09T00:00:00.000000000+0000,1.4971,1.4978,1.4875,1.4876
2001-01-10T00:00:00.000000000+0000,1.4892,1.4945,1.4856,1.4865
2001-01-11T00:00:00.000000000+0000,1.4869,1.5012,1.4865,1.4989
2001-01-12T00:00:00.000000000+0000,1.4971,1.5029,1.4756,1.4772
2001-01-13T00:00:00.000000000+0000,1.4772,1.4772,1.4772,1.4772
2001-01-14T00:00:00.000000000+0000,1.4772,1.4772,1.4772,1.4772
2001-01-15T00:00:00.000000000+0000,1.4772,1.4772,1.4772,1.4772
2001-01-16T00:00:00.000000000+0000,1.4766,1.4791,1.4666,1.4723
2001-01-17T00:00:00.000000000+0000,1.4725,1.476,1.4689,1.4734
2001-01-18T00:00:00.000000000+0000,1.4735,1.4772,1.4689,1.4723
2001-01-19T00:00:00.000000000+0000,1.4723,1.4767,1.4629,1.4628
2001-01-20T00:00:00.000000000+0000,1.4628,1.4628,1.4628,1.4628
2001-01-21T00:00:00.000000000+0000,1.4628,1.4628,1.4628,1.4628
2001-01-22T00:00:00.000000000+0000,1.4632,1.4669,1.4515,1.465
2001-01-23T00:00:00.000000000+0000,1.465,1.474,1.4645,1.4691
2001-01-24T00:00:00.000000000+0000,1.4669,1.4683,1.4529,1.4523
2001-01-25T00:00:00.000000000+0000,1.4547,1.4629,1.4467,1.4595
2001-01-26T00:00:00.000000000+0000,1.4598,1.4689,1.4556,1.4602
2001-01-27T00:00:00.000000000+0000,1.4602,1.4602,1.4602,1.4602
2001-01-28T00:00:00.000000000+0000,1.4602,1.4602,1.4602,1.4602
2001-01-29T00:00:00.000000000+0000,1.4613,1.4642,1.4557,1.4575
2001-01-30T00:00:00.000000000+0000,1.457,1.4637,1.4556,1.4623
2001-01-31T00:00:00.000000000+0000,1.4618,1.4647,1.4578,1.4634
2001-02-01T00:00:00.000000000+0000,1.4636,1.4828,1.4632,1.4771
2001-02-02T00:00:00.000000000+0000,1.4775,1.4833,1.4647,1.4691
2001-02-03T00:00:00.000000000+0000,1.4691,1.4691,1.4691,1.4691
2001-02-04T00:00:00.000000000+0000,1.4691,1.4691,1.4691,1.4691
2001-02-05T00:00:00.000000000+0000,1.4688,1.4784,1.4685,1.4745
2001-02-06T00:00:00.000000000+0000,1.4738,1.4751,1.457,1.4593
2001-02-07T00:00:00.000000000+0000,1.4594,1.4646,1.45,1.4514
2001-02-08T00:00:00.000000000+0000,1.4516,1.4549,1.442,1.4444
2001-02-09T00:00:00.000000000+0000,1.4442,1.4498,1.4375,1.4435
2001-02-10T00:00:00.000000000+0000,1.4435,1.4435,1.4435,1.4435
2001-02-11T00:00:00.000000000+0000,1.4435,1.4435,1.4435,1.4435
2001-02-12T00:00:00.000000000+0000,1.4449,1.4553,1.4445,1.4518
2001-02-13T00:00:00.000000000+0000,1.4522,1.4576,1.4481,1.4512
2001-02-14T00:00:00.000000000+0000,1.452,1.4612,1.4511,1.4556
2001-02-15T00:00:00.000000000+0000,1.4544,1.4604,1.445,1.4488
2001-02-16T00:00:00.000000000+0000,1.4487,1.4576,1.4445,1.447
2001-02-17T00:00:00.000000000+0000,1.447,1.447,1.447,1.447
2001-02-18T00:00:00.000000000+0000,1.447,1.447,1.447,1.447
2001-02-19T00:00:00.000000000+0000,1.4467,1.4545,1.4424,1.447
2001-02-20T00:00:00.000000000+0000,1.4466,1.448,1.4311,1.4464
2001-02-21T00:00:00.000000000+0000,1.447,1.4476,1.4377,1.4422
2001-02-22T00:00:00.000000000+0000,1.4416,1.452,1.4393,1.4476
2001-02-23T00:00:00.000000000+0000,1.4468,1.4557,1.4422,1.4542
2001-02-24T00:00:00.000000000+0000,1.4542,1.4542,1.4542,1.4542
2001-02-25T00:00:00.000000000+0000,1.4542,1.4542,1.4542,1.4542
2001-02-26T00:00:00.000000000+0000,1.4538,1.4566,1.4406,1.4437
2001-02-27T00:00:00.000000000+0000,1.4439,1.4475,1.4389,1.443
2001-02-28T00:00:00.000000000+0000,1.4435,1.4501,1.4398,1.4441
2001-03-01T00:00:00.000000000+0000,1.4449,1.4579,1.4445,1.4547
2001-03-02T00:00:00.000000000+0000,1.4551,1.4764,1.4541,1.4701
2001-03-03T00:00:00.000000000+0000,1.4701,1.4701,1.4701,1.4701
2001-03-04T00:00:00.000000000+0000,1.4701,1.4701,1.4701,1.4701
2001-03-05T00:00:00.000000000+0000,1.4691,1.4728,1.4661,1.4658
2001-03-06T00:00:00.000000000+0000,1.4658,1.4687,1.4634,1.4661
2001-03-07T00:00:00.000000000+0000,1.4663,1.4725,1.4577,1.4608
2001-03-08T00:00:00.000000000+0000,1.4611,1.4703,1.4594,1.4689
2001-03-09T00:00:00.000000000+0000,1.4686,1.4749,1.4616,1.4688
2001-03-10T00:00:00.000000000+0000,1.4688,1.4688,1.4688,1.4688
2001-03-11T00:00:00.000000000+0000,1.4688,1.4688,1.4688,1.4688
2001-03-12T00:00:00.000000000+0000,1.4664,1.4696,1.4618,1.464
2001-03-13T00:00:00.000000000+0000,1.4642,1.4655,1.4477,1.4492
2001-03-14T00:00:00.000000000+0000,1.4491,1.4574,1.4437,1.4446
2001-03-15T00:00:00.000000000+0000,1.4452,1.4495,1.4343,1.4343
2001-03-16T00:00:00.000000000+0000,1.4341,1.4382,1.4254,1.4305
2001-03-17T00:00:00.000000000+0000,1.4305,1.4305,1.4305,1.4305
2001-03-18T00:00:00.000000000+0000,1.4305,1.4305,1.4305,1.4305
2001-03-19T00:00:00.000000000+0000,1.4314,1.4337,1.4211,1.425
2001-03-20T00:00:00.000000000+0000,1.4248,1.4358,1.4235,1.4344
2001-03-21T00:00:00.000000000+0000,1.4344,1.439,1.4255,1.431
2001-03-22T00:00:00.000000000+0000,1.4306,1.4313,1.4178,1.4208
2001-03-23T00:00:00.000000000+0000,1.4211,1.4311,1.4197,1.4251
2001-03-24T00:00:00.000000000+0000,1.4251,1.4251,1.4251,1.4251
2001-03-25T00:00:00.000000000+0000,1.4251,1.4251,1.4251,1.4251
2001-03-26T00:00:00.000000000+0000,1.4265,1.4352,1.4253,1.434
2001-03-27T00:00:00.000000000+0000,1.4342,1.4383,1.4278,1.4332
2001-03-28T00:00:00.000000000+0000,1.4329,1.4384,1.4277,1.4365
2001-03-29T00:00:00.000000000+0000,1.4378,1.4425,1.4265,1.4271
2001-03-30T00:00:00.000000000+0000,1.4267,1.4295,1.4155,1.4152
2001-03-31T00:00:00.000000000+0000,1.4152,1.4152,1.4152,1.4152
2001-04-01T00:00:00.000000000+0000,1.4152,1.4152,1.4152,1.4152
2001-04-02T00:00:00.000000000+0000,1.414,1.4238,1.414,1.4181
2001-04-03T00:00:00.000000000+0000,1.4179,1.4342,1.4179,1.4329
2001-04-04T00:00:00.000000000+0000,1.4179,1.4368,1.4297,1.4324
2001-04-05T00:00:00.000000000+0000,1.4322,1.4399,1.4244,1.4268
2001-04-06T00:00:00.000000000+0000,1.4272,1.441,1.4256,1.4393
2001-04-07T00:00:00.000000000+0000,1.4393,1.4393,1.4393,1.4393
2001-04-08T00:00:00.000000000+0000,1.4393,1.4393,1.4393,1.4393
2001-04-09T00:00:00.000000000+0000,1.4396,1.45,1.4378,1.4436
2001-04-10T00:00:00.000000000+0000,1.4432,1.4462,1.43,1.4333
2001-04-11T00:00:00.000000000+0000,1.4332,1.4383,1.4273,1.4365
2001-04-12T00:00:00.000000000+0000,1.4357,1.4417,1.4322,1.4391
2001-04-13T00:00:00.000000000+0000,1.4391,1.4391,1.4391,1.4391
2001-04-14T00:00:00.000000000+0000,1.4391,1.4391,1.4391,1.4391
2001-04-15T00:00:00.000000000+0000,1.4391,1.4391,1.4391,1.4391
2001-04-16T00:00:00.000000000+0000,1.4359,1.4377,1.4322,1.4361
2001-04-17T00:00:00.000000000+0000,1.4363,1.4427,1.4267,1.4319
2001-04-18T00:00:00.000000000+0000,1.4316,1.4333,1.4189,1.4274
2001-04-19T00:00:00.000000000+0000,1.4278,1.4471,1.4256,1.4462
2001-04-20T00:00:00.000000000+0000,1.446,1.4483,1.4373,1.4422
2001-04-21T00:00:00.000000000+0000,1.4422,1.4422,1.4422,1.4422
2001-04-22T00:00:00.000000000+0000,1.4422,1.4422,1.4422,1.4422
2001-04-23T00:00:00.000000000+0000,1.4416,1.4473,1.4363,1.4372
2001-04-24T00:00:00.000000000+0000,1.437,1.4436,1.4334,1.4342
2001-04-25T00:00:00.000000000+0000,1.4337,1.4417,1.4311,1.4411
2001-04-26T00:00:00.000000000+0000,1.4408,1.4429,1.436,1.4412
2001-04-27T00:00:00.000000000+0000,1.4416,1.4437,1.4329,1.4381
2001-04-28T00:00:00.000000000+0000,1.4381,1.4381,1.4381,1.4381
2001-04-29T00:00:00.000000000+0000,1.4381,1.4381,1.4381,1.4381
2001-04-30T00:00:00.000000000+0000,1.4346,1.4374,1.4289,1.4331
2001-05-01T00:00:00.000000000+0000,1.4331,1.4363,1.4267,1.4346
2001-05-02T00:00:00.000000000+0000,1.4345,1.4376,1.4294,1.4331
2001-05-03T00:00:00.000000000+0000,1.4333,1.4378,1.43,1.4352
2001-05-04T00:00:00.000000000+0000,1.4351,1.4451,1.4323,1.4388
2001-05-05T00:00:00.000000000+0000,1.4388,1.4388,1.4388,1.4388
2001-05-06T00:00:00.000000000+0000,1.4388,1.4388,1.4388,1.4388
2001-05-07T00:00:00.000000000+0000,1.4374,1.4412,1.4351,1.4381
2001-05-08T00:00:00.000000000+0000,1.438,1.4387,1.4244,1.4256
2001-05-09T00:00:00.000000000+0000,1.4248,1.4287,1.4178,1.4225
2001-05-10T00:00:00.000000000+0000,1.4224,1.4288,1.4183,1.4222
2001-05-11T00:00:00.000000000+0000,1.422,1.4233,1.4133,1.4183
2001-05-12T00:00:00.000000000+0000,1.4183,1.4183,1.4183,1.4183
2001-05-13T00:00:00.000000000+0000,1.4183,1.4183,1.4183,1.4183
2001-05-14T00:00:00.000000000+0000,1.4189,1.4205,1.4156,1.4179
2001-05-15T00:00:00.000000000+0000,1.4184,1.4251,1.4167,1.4236
2001-05-16T00:00:00.000000000+0000,1.424,1.4315,1.421,1.4302
2001-05-17T00:00:00.000000000+0000,1.4302,1.4328,1.4267,1.4319
2001-05-18T00:00:00.000000000+0000,1.4322,1.4402,1.4266,1.4388
2001-05-19T00:00:00.000000000+0000,1.4388,1.4388,1.4388,1.4388
2001-05-20T00:00:00.000000000+0000,1.4388,1.4388,1.4388,1.4388
2001-05-21T00:00:00.000000000+0000,1.4388,1.4415,1.4353,1.4393
2001-05-22T00:00:00.000000000+0000,1.439,1.4405,1.4239,1.4271
2001-05-23T00:00:00.000000000+0000,1.427,1.4291,1.4175,1.4187
2001-05-24T00:00:00.000000000+0000,1.4192,1.4195,1.4074,1.4072
2001-05-25T00:00:00.000000000+0000,1.4073,1.4238,1.4073,1.4219
2001-05-26T00:00:00.000000000+0000,1.4219,1.4219,1.4219,1.4219
2001-05-27T00:00:00.000000000+0000,1.4219,1.4219,1.4219,1.4219
2001-05-28T00:00:00.000000000+0000,1.4219,1.4219,1.4219,1.4219
2001-05-29T00:00:00.000000000+0000,1.4201,1.4237,1.4152,1.4231
2001-05-30T00:00:00.000000000+0000,1.4232,1.4275,1.4195,1.4257
2001-05-31T00:00:00.000000000+0000,1.426,1.4268,1.4163,1.4179
2001-06-01T00:00:00.000000000+0000,1.4178,1.4213,1.4119,1.417
2001-06-02T00:00:00.000000000+0000,1.417,1.417,1.417,1.417
2001-06-03T00:00:00.000000000+0000,1.417,1.417,1.417,1.417
2001-06-04T00:00:00.000000000+0000,1.4182,1.4213,1.4111,1.4141
2001-06-05T00:00:00.000000000+0000,1.414,1.4145,1.4065,1.4133
2001-06-06T00:00:00.000000000+0000,1.414,1.415,1.389,1.3911
2001-06-07T00:00:00.000000000+0000,1.3905,1.3934,1.3795,1.3923
2001-06-08T00:00:00.000000000+0000,1.3913,1.3938,1.3775,1.3781
2001-06-09T00:00:00.000000000+0000,1.3781,1.3781,1.3781,1.3781
2001-06-10T00:00:00.000000000+0000,1.3781,1.3781,1.3781,1.3781
2001-06-11T00:00:00.000000000+0000,1.382,1.3877,1.3711,1.3727
2001-06-12T00:00:00.000000000+0000,1.373,1.3797,1.3685,1.3729
2001-06-13T00:00:00.000000000+0000,1.3725,1.3923,1.3711,1.3912
2001-06-14T00:00:00.000000000+0000,1.3909,1.4024,1.3875,1.4015
2001-06-15T00:00:00.000000000+0000,1.4015,1.4108,1.3989,1.4025
2001-06-16T00:00:00.000000000+0000,1.4025,1.4025,1.4025,1.4025
2001-06-17T00:00:00.000000000+0000,1.4025,1.4025,1.4025,1.4025
2001-06-18T00:00:00.000000000+0000,1.4038,1.4088,1.4007,1.4036
2001-06-19T00:00:00.000000000+0000,1.4033,1.4041,1.3944,1.4011
2001-06-20T00:00:00.000000000+0000,1.4012,1.4017,1.3908,1.3958
2001-06-21T00:00:00.000000000+0000,1.3961,1.4181,1.3951,1.4152
2001-06-22T00:00:00.000000000+0000,1.4153,1.4192,1.4088,1.4128
2001-06-23T00:00:00.000000000+0000,1.4128,1.4128,1.4128,1.4128
2001-06-24T00:00:00.000000000+0000,1.4128,1.4128,1.4128,1.4128
2001-06-25T00:00:00.000000000+0000,1.4118,1.4176,1.4112,1.4125
2001-06-26T00:00:00.000000000+0000,1.4122,1.417,1.41,1.4164
2001-06-27T00:00:00.000000000+0000,1.417,1.4227,1.4122,1.4167
2001-06-28T00:00:00.000000000+0000,1.4166,1.4195,1.4063,1.408
2001-06-29T00:00:00.000000000+0000,1.4079,1.4164,1.4033,1.4158
2001-06-30T00:00:00.000000000+0000,1.4158,1.4158,1.4158,1.4158
2001-07-01T00:00:00.000000000+0000,1.4158,1.4158,1.4158,1.4158
2001-07-02T00:00:00.000000000+0000,1.4157,1.4181,1.41,1.4169
2001-07-03T00:00:00.000000000+0000,1.417,1.4173,1.4045,1.4065
2001-07-04T00:00:00.000000000+0000,1.4065,1.4065,1.4065,1.4065
2001-07-05T00:00:00.000000000+0000,1.4063,1.4083,1.3989,1.4027
2001-07-06T00:00:00.000000000+0000,1.4028,1.4126,1.3967,1.4115
2001-07-07T00:00:00.000000000+0000,1.4115,1.4115,1.4115,1.4115
2001-07-08T00:00:00.000000000+0000,1.4115,1.4115,1.4115,1.4115
2001-07-09T00:00:00.000000000+0000,1.4101,1.4127,1.4052,1.4082
2001-07-10T00:00:00.000000000+0000,1.4082,1.4134,1.4078,1.4111
2001-07-11T00:00:00.000000000+0000,1.4114,1.4188,1.4067,1.4074
2001-07-12T00:00:00.000000000+0000,1.408,1.4095,1.4034,1.4074
2001-07-13T00:00:00.000000000+0000,1.4069,1.4075,1.3978,1.4042
2001-07-14T00:00:00.000000000+0000,1.4042,1.4042,1.4042,1.4042
2001-07-15T00:00:00.000000000+0000,1.4042,1.4042,1.4042,1.4042
2001-07-16T00:00:00.000000000+0000,1.403,1.404,1.3978,1.3991
2001-07-17T00:00:00.000000000+0000,1.399,1.4065,1.3933,1.4007
2001-07-18T00:00:00.000000000+0000,1.4005,1.422,1.3997,1.4214
2001-07-19T00:00:00.000000000+0000,1.4215,1.432,1.4139,1.4297
2001-07-20T00:00:00.000000000+0000,1.4294,1.4352,1.4263,1.4277
2001-07-21T00:00:00.000000000+0000,1.4277,1.4277,1.4277,1.4277
2001-07-22T00:00:00.000000000+0000,1.4277,1.4277,1.4277,1.4277
2001-07-23T00:00:00.000000000+0000,1.4235,1.426,1.4176,1.4201
2001-07-24T00:00:00.000000000+0000,1.42,1.4257,1.4156,1.4208
2001-07-25T00:00:00.000000000+0000,1.4206,1.4298,1.4189,1.4274
2001-07-26T00:00:00.000000000+0000,1.4272,1.4315,1.4251,1.4268
2001-07-27T00:00:00.000000000+0000,1.4268,1.4302,1.4223,1.4232
2001-07-28T00:00:00.000000000+0000,1.4232,1.4232,1.4232,1.4232
2001-07-29T00:00:00.000000000+0000,1.4232,1.4232,1.4232,1.4232
2001-07-30T00:00:00.000000000+0000,1.4224,1.4275,1.4209,1.4255
2001-07-31T00:00:00.000000000+0000,1.426,1.4302,1.4233,1.425
2001-08-01T00:00:00.000000000+0000,1.425,1.4348,1.4248,1.4338
2001-08-02T00:00:00.000000000+0000,1.4338,1.4356,1.4277,1.4314
2001-08-03T00:00:00.000000000+0000,1.4316,1.432,1.4252,1.4288
2001-08-04T00:00:00.000000000+0000,1.4288,1.4288,1.4288,1.4288
2001-08-05T00:00:00.000000000+0000,1.4288,1.4288,1.4288,1.4288
2001-08-06T00:00:00.000000000+0000,1.4278,1.4283,1.4171,1.4182
2001-08-07T00:00:00.000000000+0000,1.4179,1.4194,1.4123,1.4163
2001-08-08T00:00:00.000000000+0000,1.4166,1.4188,1.4128,1.4162
2001-08-09T00:00:00.000000000+0000,1.4163,1.4288,1.4133,1.4258
2001-08-10T00:00:00.000000000+0000,1.4253,1.4281,1.4228,1.4227
2001-08-11T00:00:00.000000000+0000,1.4227,1.4227,1.4227,1.4227
2001-08-12T00:00:00.000000000+0000,1.4227,1.4227,1.4227,1.4227
2001-08-13T00:00:00.000000000+0000,1.4234,1.4273,1.4189,1.4204
2001-08-14T00:00:00.000000000+0000,1.4198,1.4298,1.4167,1.4286
2001-08-15T00:00:00.000000000+0000,1.4281,1.4413,1.4277,1.4405
2001-08-16T00:00:00.000000000+0000,1.4436,1.4501,1.4406,1.4439
2001-08-17T00:00:00.000000000+0000,1.4435,1.4486,1.4395,1.4446
2001-08-18T00:00:00.000000000+0000,1.4446,1.4446,1.4446,1.4446
2001-08-19T00:00:00.000000000+0000,1.4446,1.4446,1.4446,1.4446
2001-08-20T00:00:00.000000000+0000,1.4445,1.4474,1.443,1.4437
2001-08-21T00:00:00.000000000+0000,1.4439,1.4554,1.4433,1.4542
2001-08-22T00:00:00.000000000+0000,1.4538,1.4586,1.4478,1.4486
2001-08-23T00:00:00.000000000+0000,1.4485,1.4492,1.4434,1.447
2001-08-24T00:00:00.000000000+0000,1.4469,1.4482,1.4408,1.4423
2001-08-25T00:00:00.000000000+0000,1.4423,1.4423,1.4423,1.4423
2001-08-26T00:00:00.000000000+0000,1.4423,1.4423,1.4423,1.4423
2001-08-27T00:00:00.000000000+0000,1.4431,1.4455,1.4408,1.4433
2001-08-28T00:00:00.000000000+0000,1.443,1.4537,1.4377,1.4531
2001-08-29T00:00:00.000000000+0000,1.4531,1.4572,1.4496,1.4509
2001-08-30T00:00:00.000000000+0000,1.4506,1.4604,1.4478,1.4573
2001-08-31T00:00:00.000000000+0000,1.4572,1.4622,1.4498,1.4535
2001-09-01T00:00:00.000000000+0000,1.4535,1.4535,1.4535,1.4535
2001-09-02T00:00:00.000000000+0000,1.4535,1.4535,1.4535,1.4535
2001-09-03T00:00:00.000000000+0000,1.4535,1.4535,1.4535,1.4535
2001-09-04T00:00:00.000000000+0000,1.4538,1.455,1.4411,1.4444
2001-09-05T00:00:00.000000000+0000,1.4437,1.4588,1.4407,1.457
2001-09-06T00:00:00.000000000+0000,1.457,1.4577,1.4463,1.4566
2001-09-07T00:00:00.000000000+0000,1.4566,1.4635,1.45,1.4605
2001-09-08T00:00:00.000000000+0000,1.4605,1.4605,1.4605,1.4605
2001-09-09T00:00:00.000000000+0000,1.4605,1.4605,1.4605,1.4605
2001-09-10T00:00:00.000000000+0000,1.4603,1.4682,1.4564,1.4555
2001-09-11T00:00:00.000000000+0000,1.4556,1.4776,1.4533,1.4754
2001-09-12T00:00:00.000000000+0000,1.4749,1.4775,1.462,1.4672
2001-09-13T00:00:00.000000000+0000,1.4675,1.4732,1.4652,1.4705
2001-09-14T00:00:00.000000000+0000,1.4708,1.4789,1.4663,1.4717
2001-09-15T00:00:00.000000000+0000,1.4717,1.4717,1.4717,1.4717
2001-09-16T00:00:00.000000000+0000,1.4717,1.4717,1.4717,1.4717
2001-09-17T00:00:00.000000000+0000,1.4737,1.4782,1.4627,1.4651
2001-09-18T00:00:00.000000000+0000,1.465,1.4711,1.4597,1.4675
2001-09-19T00:00:00.000000000+0000,1.4678,1.4722,1.4677,1.4679
2001-09-20T00:00:00.000000000+0000,1.4681,1.4693,1.463,1.4659
2001-09-21T00:00:00.000000000+0000,1.4655,1.4661,1.4516,1.4561
2001-09-22T00:00:00.000000000+0000,1.4561,1.4561,1.4561,1.4561
2001-09-23T00:00:00.000000000+0000,1.4561,1.4561,1.4561,1.4561
2001-09-24T00:00:00.000000000+0000,1.4554,1.4665,1.453,1.4629
2001-09-25T00:00:00.000000000+0000,1.463,1.4714,1.46,1.47
2001-09-26T00:00:00.000000000+0000,1.4699,1.477,1.4699,1.4745
2001-09-27T00:00:00.000000000+0000,1.4743,1.4771,1.4711,1.4744
2001-09-28T00:00:00.000000000+0000,1.4743,1.475,1.4655,1.4739
2001-09-29T00:00:00.000000000+0000,1.4739,1.4739,1.4739,1.4739
2001-09-30T00:00:00.000000000+0000,1.4739,1.4739,1.4739,1.4739
2001-10-01T00:00:00.000000000+0000,1.4724,1.4813,1.47,1.4789
2001-10-02T00:00:00.000000000+0000,1.4788,1.4809,1.4621,1.468
2001-10-03T00:00:00.000000000+0000,1.4679,1.4789,1.4667,1.4769
2001-10-04T00:00:00.000000000+0000,1.4761,1.4786,1.47,1.4752
2001-10-05T00:00:00.000000000+0000,1.4765,1.4842,1.4741,1.4838
2001-10-06T00:00:00.000000000+0000,1.4838,1.4838,1.4838,1.4838
2001-10-07T00:00:00.000000000+0000,1.4838,1.4838,1.4838,1.4838
2001-10-08T00:00:00.000000000+0000,1.4829,1.4832,1.4711,1.4736
2001-10-09T00:00:00.000000000+0000,1.4738,1.4743,1.4555,1.4579
2001-10-10T00:00:00.000000000+0000,1.4575,1.46,1.4485,1.4509
2001-10-11T00:00:00.000000000+0000,1.4508,1.4525,1.44,1.4448
2001-10-12T00:00:00.000000000+0000,1.4445,1.4537,1.4444,1.4513
2001-10-13T00:00:00.000000000+0000,1.4513,1.4513,1.4513,1.4513
2001-10-14T00:00:00.000000000+0000,1.4513,1.4513,1.4513,1.4513
2001-10-15T00:00:00.000000000+0000,1.4516,1.454,1.4467,1.4485
2001-10-16T00:00:00.000000000+0000,1.4482,1.4502,1.4423,1.4488
2001-10-17T00:00:00.000000000+0000,1.4488,1.4522,1.4439,1.4461
2001-10-18T00:00:00.000000000+0000,1.4467,1.4505,1.4419,1.4437
2001-10-19T00:00:00.000000000+0000,1.4437,1.4439,1.4325,1.4327
2001-10-20T00:00:00.000000000+0000,1.4327,1.4327,1.4327,1.4327
2001-10-21T00:00:00.000000000+0000,1.4327,1.4327,1.4327,1.4327
2001-10-22T00:00:00.000000000+0000,1.4338,1.4354,1.4211,1.4243
2001-10-23T00:00:00.000000000+0000,1.4242,1.427,1.4198,1.4258
2001-10-24T00:00:00.000000000+0000,1.4257,1.4306,1.4222,1.4286
2001-10-25T00:00:00.000000000+0000,1.428,1.4327,1.4233,1.4262
2001-10-26T00:00:00.000000000+0000,1.4259,1.4373,1.4247,1.4359
2001-10-27T00:00:00.000000000+0000,1.4359,1.4359,1.4359,1.4359
2001-10-28T00:00:00.000000000+0000,1.4359,1.4359,1.4359,1.4359
2001-10-29T00:00:00.000000000+0000,1.4357,1.4546,1.4357,1.4543
2001-10-30T00:00:00.000000000+0000,1.4553,1.4598,1.4505,1.4514
2001-10-31T00:00:00.000000000+0000,1.4512,1.457,1.45,1.454
2001-11-01T00:00:00.000000000+0000,1.4542,1.4682,1.4522,1.4621
2001-11-02T00:00:00.000000000+0000,1.4629,1.467,1.4595,1.4613
2001-11-03T00:00:00.000000000+0000,1.4613,1.4613,1.4613,1.4613
2001-11-04T00:00:00.000000000+0000,1.4613,1.4613,1.4613,1.4613
2001-11-05T00:00:00.000000000+0000,1.4612,1.4617,1.4511,1.4585
2001-11-06T00:00:00.000000000+0000,1.458,1.4612,1.456,1.4563
2001-11-07T00:00:00.000000000+0000,1.4569,1.4671,1.4567,1.4636
2001-11-08T00:00:00.000000000+0000,1.4634,1.4661,1.4522,1.4533
2001-11-09T00:00:00.000000000+0000,1.4535,1.4593,1.4478,1.4577
2001-11-10T00:00:00.000000000+0000,1.4577,1.4577,1.4577,1.4577
2001-11-11T00:00:00.000000000+0000,1.4577,1.4577,1.4577,1.4577
2001-11-12T00:00:00.000000000+0000,1.4562,1.4619,1.4511,1.4538
2001-11-13T00:00:00.000000000+0000,1.4544,1.456,1.44,1.4405
2001-11-14T00:00:00.000000000+0000,1.4411,1.4457,1.4351,1.441
2001-11-15T00:00:00.000000000+0000,1.4417,1.4425,1.4307,1.4317
2001-11-16T00:00:00.000000000+0000,1.4316,1.4366,1.4266,1.4271
2001-11-17T00:00:00.000000000+0000,1.4271,1.4271,1.4271,1.4271
2001-11-18T00:00:00.000000000+0000,1.4271,1.4271,1.4271,1.4271
2001-11-19T00:00:00.000000000+0000,1.4275,1.4295,1.4088,1.4115
2001-11-20T00:00:00.000000000+0000,1.4142,1.4217,1.4122,1.4202
2001-11-21T00:00:00.000000000+0000,1.4193,1.421,1.4122,1.4165
2001-11-22T00:00:00.000000000+0000,1.4165,1.4165,1.4165,1.4165
2001-11-23T00:00:00.000000000+0000,1.4102,1.4166,1.4043,1.4098
2001-11-24T00:00:00.000000000+0000,1.4098,1.4098,1.4098,1.4098
2001-11-25T00:00:00.000000000+0000,1.4098,1.4098,1.4098,1.4098
2001-11-26T00:00:00.000000000+0000,1.4099,1.4205,1.4099,1.4118
2001-11-27T00:00:00.000000000+0000,1.4123,1.4164,1.4065,1.4144
2001-11-28T00:00:00.000000000+0000,1.4148,1.4262,1.4133,1.4261
2001-11-29T00:00:00.000000000+0000,1.4254,1.4286,1.4211,1.4261
2001-11-30T00:00:00.000000000+0000,1.4264,1.4298,1.4222,1.424
2001-12-01T00:00:00.000000000+0000,1.424,1.424,1.424,1.424
2001-12-02T00:00:00.000000000+0000,1.424,1.424,1.424,1.424
2001-12-03T00:00:00.000000000+0000,1.4226,1.4261,1.4189,1.4247
2001-12-04T00:00:00.000000000+0000,1.4237,1.4253,1.42,1.4227
2001-12-05T00:00:00.000000000+0000,1.4229,1.4243,1.4142,1.4163
2001-12-06T00:00:00.000000000+0000,1.4162,1.4293,1.4151,1.4279
2001-12-07T00:00:00.000000000+0000,1.4281,1.4335,1.4238,1.4331
2001-12-08T00:00:00.000000000+0000,1.4331,1.4331,1.4331,1.4331
2001-12-09T00:00:00.000000000+0000,1.4331,1.4331,1.4331,1.4331
2001-12-10T00:00:00.000000000+0000,1.4317,1.4357,1.4274,1.435
2001-12-11T00:00:00.000000000+0000,1.4353,1.4398,1.4311,1.4391
2001-12-12T00:00:00.000000000+0000,1.4388,1.4476,1.4382,1.4463
2001-12-13T00:00:00.000000000+0000,1.4457,1.4491,1.4399,1.4404
2001-12-14T00:00:00.000000000+0000,1.4402,1.4566,1.4399,1.4517
2001-12-15T00:00:00.000000000+0000,1.4517,1.4517,1.4517,1.4517
2001-12-16T00:00:00.000000000+0000,1.4517,1.4517,1.4517,1.4517
2001-12-17T00:00:00.000000000+0000,1.4532,1.4608,1.4523,1.4588
2001-12-18T00:00:00.000000000+0000,1.4589,1.4605,1.4538,1.4565
2001-12-19T00:00:00.000000000+0000,1.457,1.4572,1.4467,1.4504
2001-12-20T00:00:00.000000000+0000,1.4504,1.451,1.4422,1.4484
2001-12-21T00:00:00.000000000+0000,1.4482,1.4535,1.4345,1.4405
2001-12-22T00:00:00.000000000+0000,1.4405,1.4405,1.4405,1.4405
2001-12-23T00:00:00.000000000+0000,1.4405,1.4405,1.4405,1.4405
2001-12-24T00:00:00.000000000+0000,1.4402,1.4438,1.4328,1.4431
2001-12-25T00:00:00.000000000+0000,1.4431,1.4431,1.4431,1.4431
2001-12-26T00:00:00.000000000+0000,1.443,1.4548,1.4373,1.4535
2001-12-27T00:00:00.000000000+0000,1.4523,1.4552,1.4443,1.4508
2001-12-28T00:00:00.000000000+0000,1.4506,1.4515,1.4443,1.4503
2001-12-29T00:00:00.000000000+0000,1.4503,1.4503,1.4503,1.4503
2001-12-30T00:00:00.000000000+0000,1.4503,1.4503,1.4503,1.4503
2001-12-31T00:00:00.000000000+0000,1.4502,1.4562,1.4478,1.4541
2002-01-01T00:00:00.000000000+0000,1.4467,1.4467,1.4467,1.4467
2002-01-02T00:00:00.000000000+0000,1.4528,1.4556,1.4422,1.4467
2002-01-03T00:00:00.000000000+0000,1.4456,1.4484,1.4365,1.438
2002-01-04T00:00:00.000000000+0000,1.4385,1.447,1.4378,1.4453
2002-01-05T00:00:00.000000000+0000,1.4453,1.4453,1.4453,1.4453
2002-01-06T00:00:00.000000000+0000,1.4453,1.4453,1.4453,1.4453
2002-01-07T00:00:00.000000000+0000,1.4464,1.448,1.434,1.4404
2002-01-08T00:00:00.000000000+0000,1.4403,1.4437,1.4372,1.4389
2002-01-09T00:00:00.000000000+0000,1.4383,1.4435,1.4341,1.4375
2002-01-10T00:00:00.000000000+0000,1.4372,1.4462,1.4372,1.439
2002-01-11T00:00:00.000000000+0000,1.4379,1.4494,1.4375,1.4484
2002-01-12T00:00:00.000000000+0000,1.4484,1.4484,1.4484,1.4484
2002-01-13T00:00:00.000000000+0000,1.4484,1.4484,1.4484,1.4484
2002-01-14T00:00:00.000000000+0000,1.4493,1.4525,1.4467,1.4489
2002-01-15T00:00:00.000000000+0000,1.4493,1.45,1.4395,1.4405
2002-01-16T00:00:00.000000000+0000,1.4411,1.4417,1.4345,1.4369
2002-01-17T00:00:00.000000000+0000,1.4373,1.4395,1.43,1.4359
2002-01-18T00:00:00.000000000+0000,1.4354,1.4391,1.4322,1.4377
2002-01-19T00:00:00.000000000+0000,1.4377,1.4377,1.4377,1.4377
2002-01-20T00:00:00.000000000+0000,1.4377,1.4377,1.4377,1.4377
2002-01-21T00:00:00.000000000+0000,1.437,1.4418,1.4339,1.4355
2002-01-22T00:00:00.000000000+0000,1.4353,1.436,1.4267,1.4288
2002-01-23T00:00:00.000000000+0000,1.4286,1.4346,1.4222,1.4243
2002-01-24T00:00:00.000000000+0000,1.424,1.4251,1.42,1.4238
2002-01-25T00:00:00.000000000+0000,1.4252,1.4257,1.4066,1.408
2002-01-26T00:00:00.000000000+0000,1.408,1.408,1.408,1.408
2002-01-27T00:00:00.000000000+0000,1.408,1.408,1.408,1.408
2002-01-28T00:00:00.000000000+0000,1.4079,1.4117,1.4045,1.4095
2002-01-29T00:00:00.000000000+0000,1.4088,1.4146,1.4044,1.4133
2002-01-30T00:00:00.000000000+0000,1.4138,1.418,1.41,1.4147
2002-01-31T00:00:00.000000000+0000,1.4147,1.4157,1.4089,1.4105
2002-02-01T00:00:00.000000000+0000,1.4104,1.4182,1.4061,1.4168
2002-02-02T00:00:00.000000000+0000,1.4168,1.4168,1.4168,1.4168
2002-02-03T00:00:00.000000000+0000,1.4168,1.4168,1.4168,1.4168
2002-02-04T00:00:00.000000000+0000,1.4141,1.4236,1.4141,1.4228
2002-02-05T00:00:00.000000000+0000,1.4225,1.4247,1.413,1.4149
2002-02-06T00:00:00.000000000+0000,1.4154,1.4165,1.4108,1.4117
2002-02-07T00:00:00.000000000+0000,1.4121,1.4147,1.4067,1.4129
2002-02-08T00:00:00.000000000+0000,1.4136,1.4187,1.4108,1.4135
2002-02-09T00:00:00.000000000+0000,1.4135,1.4135,1.4135,1.4135
2002-02-10T00:00:00.000000000+0000,1.4135,1.4135,1.4135,1.4135
2002-02-11T00:00:00.000000000+0000,1.4127,1.4248,1.4127,1.4216
2002-02-12T00:00:00.000000000+0000,1.4221,1.4346,1.422,1.4338
2002-02-13T00:00:00.000000000+0000,1.4323,1.4361,1.4278,1.4278
2002-02-14T00:00:00.000000000+0000,1.4282,1.4315,1.4255,1.4302
2002-02-15T00:00:00.000000000+0000,1.4307,1.4336,1.4267,1.4313
2002-02-16T00:00:00.000000000+0000,1.4313,1.4313,1.4313,1.4313
2002-02-17T00:00:00.000000000+0000,1.4313,1.4313,1.4313,1.4313
2002-02-18T00:00:00.000000000+0000,1.4314,1.4339,1.4277,1.428
2002-02-19T00:00:00.000000000+0000,1.4282,1.4333,1.4227,1.4318
2002-02-20T00:00:00.000000000+0000,1.431,1.4326,1.4261,1.4271
2002-02-21T00:00:00.000000000+0000,1.4266,1.4288,1.4237,1.4253
2002-02-22T00:00:00.000000000+0000,1.426,1.434,1.4242,1.4326
2002-02-23T00:00:00.000000000+0000,1.4326,1.4326,1.4326,1.4326
2002-02-24T00:00:00.000000000+0000,1.4326,1.4326,1.4326,1.4326
2002-02-25T00:00:00.000000000+0000,1.4311,1.4325,1.4241,1.4244
2002-02-26T00:00:00.000000000+0000,1.4248,1.4279,1.4144,1.4165
2002-02-27T00:00:00.000000000+0000,1.4161,1.421,1.4145,1.4196
2002-02-28T00:00:00.000000000+0000,1.4187,1.42,1.4111,1.416
2002-03-01T00:00:00.000000000+0000,1.4164,1.4235,1.4155,1.4182
2002-03-02T00:00:00.000000000+0000,1.4182,1.4182,1.4182,1.4182
2002-03-03T00:00:00.000000000+0000,1.4182,1.4182,1.4182,1.4182
2002-03-04T00:00:00.000000000+0000,1.4188,1.4246,1.4156,1.4227
2002-03-05T00:00:00.000000000+0000,1.4231,1.4251,1.4176,1.4243
2002-03-06T00:00:00.000000000+0000,1.4235,1.4257,1.42,1.4223
2002-03-07T00:00:00.000000000+0000,1.4224,1.4309,1.4184,1.4273
2002-03-08T00:00:00.000000000+0000,1.4275,1.4279,1.4189,1.4214
2002-03-09T00:00:00.000000000+0000,1.4214,1.4214,1.4214,1.4214
2002-03-10T00:00:00.000000000+0000,1.4214,1.4214,1.4214,1.4214
2002-03-11T00:00:00.000000000+0000,1.4215,1.4225,1.4185,1.4199
2002-03-12T00:00:00.000000000+0000,1.4193,1.4204,1.4089,1.4157
2002-03-13T00:00:00.000000000+0000,1.4153,1.4174,1.4089,1.4154
2002-03-14T00:00:00.000000000+0000,1.4147,1.4226,1.4144,1.4203
2002-03-15T00:00:00.000000000+0000,1.42,1.427,1.4199,1.4245
2002-03-16T00:00:00.000000000+0000,1.4245,1.4245,1.4245,1.4245
2002-03-17T00:00:00.000000000+0000,1.4245,1.4245,1.4245,1.4245
2002-03-18T00:00:00.000000000+0000,1.4228,1.4273,1.4208,1.4266
2002-03-19T00:00:00.000000000+0000,1.4261,1.43,1.4206,1.4244
2002-03-20T00:00:00.000000000+0000,1.4229,1.4292,1.4197,1.4277
2002-03-21T00:00:00.000000000+0000,1.431,1.4324,1.4239,1.4266
2002-03-22T00:00:00.000000000+0000,1.4265,1.4282,1.4234,1.4254
2002-03-23T00:00:00.000000000+0000,1.4254,1.4254,1.4254,1.4254
2002-03-24T00:00:00.000000000+0000,1.4254,1.4254,1.4254,1.4254
2002-03-25T00:00:00.000000000+0000,1.4247,1.4285,1.4226,1.4259
2002-03-26T00:00:00.000000000+0000,1.4256,1.4285,1.4223,1.4261
2002-03-27T00:00:00.000000000+0000,1.4254,1.4273,1.4211,1.4247
2002-03-28T00:00:00.000000000+0000,1.4241,1.4273,1.4222,1.4248
2002-03-29T00:00:00.000000000+0000,1.4247,1.4266,1.4234,1.4255
2002-03-30T00:00:00.000000000+0000,1.4255,1.4255,1.4255,1.4255
2002-03-31T00:00:00.000000000+0000,1.4255,1.4255,1.4255,1.4255
2002-04-01T00:00:00.000000000+0000,1.425,1.4428,1.425,1.4402
2002-04-02T00:00:00.000000000+0000,1.4403,1.4412,1.4354,1.4353
2002-04-03T00:00:00.000000000+0000,1.4355,1.4386,1.4334,1.4354
2002-04-04T00:00:00.000000000+0000,1.4355,1.4398,1.4328,1.4334
2002-04-05T00:00:00.000000000+0000,1.4333,1.4378,1.4322,1.4322
2002-04-06T00:00:00.000000000+0000,1.4322,1.4322,1.4322,1.4322
2002-04-07T00:00:00.000000000+0000,1.4322,1.4322,1.4322,1.4322
2002-04-08T00:00:00.000000000+0000,1.4302,1.436,1.4289,1.4307
2002-04-09T00:00:00.000000000+0000,1.4307,1.4371,1.43,1.4369
2002-04-10T00:00:00.000000000+0000,1.4365,1.4389,1.4356,1.4362
2002-04-11T00:00:00.000000000+0000,1.436,1.4405,1.4337,1.4377
2002-04-12T00:00:00.000000000+0000,1.4377,1.4382,1.4354,1.4358
2002-04-13T00:00:00.000000000+0000,1.4358,1.4358,1.4358,1.4358
2002-04-14T00:00:00.000000000+0000,1.4358,1.4358,1.4358,1.4358
2002-04-15T00:00:00.000000000+0000,1.4357,1.4387,1.4344,1.4366
2002-04-16T00:00:00.000000000+0000,1.4365,1.4407,1.4356,1.4397
2002-04-17T00:00:00.000000000+0000,1.4394,1.4462,1.4388,1.4452
2002-04-18T00:00:00.000000000+0000,1.4457,1.449,1.4441,1.4473
2002-04-19T00:00:00.000000000+0000,1.4472,1.4497,1.4456,1.4474
2002-04-20T00:00:00.000000000+0000,1.4474,1.4474,1.4474,1.4474
2002-04-21T00:00:00.000000000+0000,1.4474,1.4474,1.4474,1.4474
2002-04-22T00:00:00.000000000+0000,1.4459,1.451,1.4456,1.4508
2002-04-23T00:00:00.000000000+0000,1.4509,1.4511,1.4465,1.4469
2002-04-24T00:00:00.000000000+0000,1.4472,1.4508,1.4456,1.4494
2002-04-25T00:00:00.000000000+0000,1.4492,1.456,1.4489,1.455
2002-04-26T00:00:00.000000000+0000,1.4545,1.4586,1.4508,1.4578
2002-04-27T00:00:00.000000000+0000,1.4578,1.4578,1.4578,1.4578
2002-04-28T00:00:00.000000000+0000,1.4578,1.4578,1.4578,1.4578
2002-04-29T00:00:00.000000000+0000,1.4567,1.4633,1.4565,1.4586
2002-04-30T00:00:00.000000000+0000,1.4583,1.4589,1.4555,1.4576
2002-05-01T00:00:00.000000000+0000,1.4577,1.4664,1.455,1.4652
2002-05-02T00:00:00.000000000+0000,1.4646,1.4676,1.4611,1.4628
2002-05-03T00:00:00.000000000+0000,1.4627,1.4706,1.46,1.4686
2002-05-04T00:00:00.000000000+0000,1.4686,1.4686,1.4686,1.4686
2002-05-05T00:00:00.000000000+0000,1.4686,1.4686,1.4686,1.4686
2002-05-06T00:00:00.000000000+0000,1.4681,1.4696,1.4664,1.4683
2002-05-07T00:00:00.000000000+0000,1.4682,1.4693,1.4633,1.4669
2002-05-08T00:00:00.000000000+0000,1.4666,1.4672,1.4533,1.4563
2002-05-09T00:00:00.000000000+0000,1.456,1.4617,1.4552,1.4596
2002-05-10T00:00:00.000000000+0000,1.4596,1.4654,1.4584,1.4635
2002-05-11T00:00:00.000000000+0000,1.4635,1.4635,1.4635,1.4635
2002-05-12T00:00:00.000000000+0000,1.4635,1.4635,1.4635,1.4635
2002-05-13T00:00:00.000000000+0000,1.4629,1.4647,1.4556,1.4573
2002-05-14T00:00:00.000000000+0000,1.4572,1.4583,1.4462,1.4501
2002-05-15T00:00:00.000000000+0000,1.4498,1.4608,1.4476,1.4603
2002-05-16T00:00:00.000000000+0000,1.4601,1.4614,1.4544,1.4557
2002-05-17T00:00:00.000000000+0000,1.4556,1.4626,1.455,1.4579
2002-05-18T00:00:00.000000000+0000,1.4579,1.4579,1.4579,1.4579
2002-05-19T00:00:00.000000000+0000,1.4579,1.4579,1.4579,1.4579
2002-05-20T00:00:00.000000000+0000,1.4588,1.4631,1.4574,1.4582
2002-05-21T00:00:00.000000000+0000,1.4585,1.461,1.4534,1.4595
2002-05-22T00:00:00.000000000+0000,1.459,1.463,1.4571,1.4592
2002-05-23T00:00:00.000000000+0000,1.459,1.4618,1.451,1.4546
2002-05-24T00:00:00.000000000+0000,1.4542,1.4593,1.4511,1.4576
2002-05-25T00:00:00.000000000+0000,1.4576,1.4576,1.4576,1.4576
2002-05-26T00:00:00.000000000+0000,1.4576,1.4576,1.4576,1.4576
2002-05-27T00:00:00.000000000+0000,1.4566,1.4586,1.4542,1.4565
2002-05-28T00:00:00.000000000+0000,1.4559,1.4635,1.4556,1.4586
2002-05-29T00:00:00.000000000+0000,1.4591,1.4629,1.4569,1.4625
2002-05-30T00:00:00.000000000+0000,1.4625,1.4687,1.4618,1.4641
2002-05-31T00:00:00.000000000+0000,1.464,1.4677,1.454,1.4538
2002-06-01T00:00:00.000000000+0000,1.4538,1.4538,1.4538,1.4538
2002-06-02T00:00:00.000000000+0000,1.4538,1.4538,1.4538,1.4538
2002-06-03T00:00:00.000000000+0000,1.4548,1.4637,1.4545,1.463
2002-06-04T00:00:00.000000000+0000,1.4631,1.4665,1.4578,1.4583
2002-06-05T00:00:00.000000000+0000,1.4581,1.4604,1.4534,1.459
2002-06-06T00:00:00.000000000+0000,1.4593,1.4607,1.4543,1.4599
2002-06-07T00:00:00.000000000+0000,1.4595,1.4629,1.4582,1.4594
2002-06-08T00:00:00.000000000+0000,1.4594,1.4594,1.4594,1.4594
2002-06-09T00:00:00.000000000+0000,1.4594,1.4594,1.4594,1.4594
2002-06-10T00:00:00.000000000+0000,1.4598,1.4629,1.4554,1.4603
2002-06-11T00:00:00.000000000+0000,1.4597,1.473,1.4597,1.4717
2002-06-12T00:00:00.000000000+0000,1.4715,1.4755,1.4682,1.4697
2002-06-13T00:00:00.000000000+0000,1.4701,1.474,1.4687,1.4716
2002-06-14T00:00:00.000000000+0000,1.472,1.4799,1.47,1.4768
2002-06-15T00:00:00.000000000+0000,1.4768,1.4768,1.4768,1.4768
2002-06-16T00:00:00.000000000+0000,1.4768,1.4768,1.4768,1.4768
2002-06-17T00:00:00.000000000+0000,1.4772,1.4797,1.4751,1.4795
2002-06-18T00:00:00.000000000+0000,1.4794,1.4931,1.4785,1.4912
2002-06-19T00:00:00.000000000+0000,1.4912,1.4948,1.4876,1.4918
2002-06-20T00:00:00.000000000+0000,1.4918,1.5012,1.4889,1.498
2002-06-21T00:00:00.000000000+0000,1.4983,1.5016,1.4952,1.497
2002-06-22T00:00:00.000000000+0000,1.497,1.497,1.497,1.497
2002-06-23T00:00:00.000000000+0000,1.497,1.497,1.497,1.497
2002-06-24T00:00:00.000000000+0000,1.4963,1.5082,1.4951,1.5009
2002-06-25T00:00:00.000000000+0000,1.5008,1.5086,1.4983,1.5081
2002-06-26T00:00:00.000000000+0000,1.508,1.5313,1.5078,1.5255
2002-06-27T00:00:00.000000000+0000,1.5252,1.5301,1.5174,1.5287
2002-06-28T00:00:00.000000000+0000,1.5286,1.5379,1.5218,1.5328
2002-06-29T00:00:00.000000000+0000,1.5328,1.5328,1.5328,1.5328
2002-06-30T00:00:00.000000000+0000,1.5328,1.5328,1.5328,1.5328
2002-07-01T00:00:00.000000000+0000,1.5321,1.5346,1.5287,1.5328
2002-07-02T00:00:00.000000000+0000,1.5326,1.5363,1.5232,1.5354
2002-07-03T00:00:00.000000000+0000,1.534,1.5351,1.5223,1.527
2002-07-04T00:00:00.000000000+0000,1.5269,1.5277,1.5232,1.5255
2002-07-05T00:00:00.000000000+0000,1.526,1.5268,1.5153,1.522
2002-07-06T00:00:00.000000000+0000,1.522,1.522,1.522,1.522
2002-07-07T00:00:00.000000000+0000,1.522,1.522,1.522,1.522
2002-07-08T00:00:00.000000000+0000,1.5222,1.5454,1.5222,1.5435
2002-07-09T00:00:00.000000000+0000,1.5431,1.5492,1.54,1.5476
2002-07-10T00:00:00.000000000+0000,1.5476,1.5528,1.545,1.5492
2002-07-11T00:00:00.000000000+0000,1.5481,1.558,1.5419,1.5522
2002-07-12T00:00:00.000000000+0000,1.5523,1.555,1.5467,1.553
2002-07-13T00:00:00.000000000+0000,1.553,1.553,1.553,1.553
2002-07-14T00:00:00.000000000+0000,1.553,1.553,1.553,1.553
2002-07-15T00:00:00.000000000+0000,1.5525,1.5733,1.551,1.569
2002-07-16T00:00:00.000000000+0000,1.5693,1.5783,1.5687,1.575
2002-07-17T00:00:00.000000000+0000,1.5761,1.5775,1.5622,1.5711
2002-07-18T00:00:00.000000000+0000,1.5714,1.5741,1.5622,1.5738
2002-07-19T00:00:00.000000000+0000,1.5738,1.5856,1.5723,1.5768
2002-07-20T00:00:00.000000000+0000,1.5768,1.5768,1.5768,1.5768
2002-07-21T00:00:00.000000000+0000,1.5768,1.5768,1.5768,1.5768
2002-07-22T00:00:00.000000000+0000,1.578,1.5817,1.5712,1.5792
2002-07-23T00:00:00.000000000+0000,1.578,1.579,1.5556,1.5623
2002-07-24T00:00:00.000000000+0000,1.5622,1.5777,1.5589,1.5713
2002-07-25T00:00:00.000000000+0000,1.5713,1.5864,1.5707,1.5841
2002-07-26T00:00:00.000000000+0000,1.5833,1.584,1.5619,1.5652
2002-07-27T00:00:00.000000000+0000,1.5652,1.5652,1.5652,1.5652
2002-07-28T00:00:00.000000000+0000,1.5652,1.5652,1.5652,1.5652
2002-07-29T00:00:00.000000000+0000,1.565,1.5686,1.5567,1.5636
2002-07-30T00:00:00.000000000+0000,1.5648,1.5744,1.5608,1.5722
2002-07-31T00:00:00.000000000+0000,1.5716,1.5732,1.5567,1.5629
2002-08-01T00:00:00.000000000+0000,1.5631,1.5649,1.5474,1.5608
2002-08-02T00:00:00.000000000+0000,1.5609,1.5725,1.56,1.5697
2002-08-03T00:00:00.000000000+0000,1.5697,1.5697,1.5697,1.5697
2002-08-04T00:00:00.000000000+0000,1.5697,1.5697,1.5697,1.5697
2002-08-05T00:00:00.000000000+0000,1.5687,1.571,1.56,1.56
2002-08-06T00:00:00.000000000+0000,1.56,1.5607,1.5344,1.5374
2002-08-07T00:00:00.000000000+0000,1.5384,1.5424,1.5315,1.5382
2002-08-08T00:00:00.000000000+0000,1.5384,1.5417,1.5253,1.5309
2002-08-09T00:00:00.000000000+0000,1.531,1.5365,1.5211,1.524
2002-08-10T00:00:00.000000000+0000,1.524,1.524,1.524,1.524
2002-08-11T00:00:00.000000000+0000,1.524,1.524,1.524,1.524
2002-08-12T00:00:00.000000000+0000,1.5237,1.5331,1.5227,1.5311
2002-08-13T00:00:00.000000000+0000,1.531,1.5384,1.5252,1.5383
2002-08-14T00:00:00.000000000+0000,1.5382,1.5468,1.5345,1.5343
2002-08-15T00:00:00.000000000+0000,1.5345,1.5406,1.53,1.5358
2002-08-16T00:00:00.000000000+0000,1.5361,1.5396,1.5322,1.5386
2002-08-17T00:00:00.000000000+0000,1.5386,1.5386,1.5386,1.5386
2002-08-18T00:00:00.000000000+0000,1.5386,1.5386,1.5386,1.5386
2002-08-19T00:00:00.000000000+0000,1.5385,1.5445,1.5251,1.5266
2002-08-20T00:00:00.000000000+0000,1.5272,1.5303,1.5219,1.5283
2002-08-21T00:00:00.000000000+0000,1.528,1.5342,1.5211,1.5313
2002-08-22T00:00:00.000000000+0000,1.531,1.5312,1.5178,1.52
2002-08-23T00:00:00.000000000+0000,1.5198,1.5231,1.5164,1.5201
2002-08-24T00:00:00.000000000+0000,1.5201,1.5201,1.5201,1.5201
2002-08-25T00:00:00.000000000+0000,1.5201,1.5201,1.5201,1.5201
2002-08-26T00:00:00.000000000+0000,1.5204,1.5244,1.5185,1.5211
2002-08-27T00:00:00.000000000+0000,1.5209,1.5355,1.5199,1.5335
2002-08-28T00:00:00.000000000+0000,1.533,1.5376,1.5311,1.5324
2002-08-29T00:00:00.000000000+0000,1.5328,1.5502,1.5322,1.5487
2002-08-30T00:00:00.000000000+0000,1.5474,1.5546,1.5455,1.5493
2002-08-31T00:00:00.000000000+0000,1.5493,1.5493,1.5493,1.5493
2002-09-01T00:00:00.000000000+0000,1.5493,1.5493,1.5493,1.5493
2002-09-02T00:00:00.000000000+0000,1.5503,1.5516,1.5465,1.5485
2002-09-03T00:00:00.000000000+0000,1.5485,1.5656,1.5485,1.5649
2002-09-04T00:00:00.000000000+0000,1.5648,1.5671,1.5605,1.5636
2002-09-05T00:00:00.000000000+0000,1.5636,1.5728,1.563,1.5653
2002-09-06T00:00:00.000000000+0000,1.5646,1.5705,1.5566,1.558
2002-09-07T00:00:00.000000000+0000,1.558,1.558,1.558,1.558
2002-09-08T00:00:00.000000000+0000,1.558,1.558,1.558,1.558
2002-09-09T00:00:00.000000000+0000,1.5585,1.562,1.5554,1.5567
2002-09-10T00:00:00.000000000+0000,1.5561,1.5615,1.5512,1.5552
2002-09-11T00:00:00.000000000+0000,1.5551,1.5578,1.5475,1.5535
2002-09-12T00:00:00.000000000+0000,1.5535,1.5616,1.5518,1.5606
2002-09-13T00:00:00.000000000+0000,1.5606,1.5653,1.55,1.5506
2002-09-14T00:00:00.000000000+0000,1.5506,1.5506,1.5506,1.5506
2002-09-15T00:00:00.000000000+0000,1.5506,1.5506,1.5506,1.5506
2002-09-16T00:00:00.000000000+0000,1.5512,1.5525,1.54,1.5402
2002-09-17T00:00:00.000000000+0000,1.5406,1.5425,1.5286,1.5407
2002-09-18T00:00:00.000000000+0000,1.5413,1.5526,1.5356,1.5488
2002-09-19T00:00:00.000000000+0000,1.5489,1.5592,1.5485,1.5576
2002-09-20T00:00:00.000000000+0000,1.5581,1.559,1.5455,1.5542
2002-09-21T00:00:00.000000000+0000,1.5542,1.5542,1.5542,1.5542
2002-09-22T00:00:00.000000000+0000,1.5542,1.5542,1.5542,1.5542
2002-09-23T00:00:00.000000000+0000,1.5537,1.5614,1.5487,1.5499
2002-09-24T00:00:00.000000000+0000,1.5497,1.5616,1.5485,1.5613
2002-09-25T00:00:00.000000000+0000,1.5626,1.5668,1.5567,1.5572
2002-09-26T00:00:00.000000000+0000,1.557,1.562,1.5548,1.558
2002-09-27T00:00:00.000000000+0000,1.5582,1.5612,1.5518,1.5605
2002-09-28T00:00:00.000000000+0000,1.5605,1.5605,1.5605,1.5605
2002-09-29T00:00:00.000000000+0000,1.5605,1.5605,1.5605,1.5605
2002-09-30T00:00:00.000000000+0000,1.5603,1.5742,1.5595,1.5678
2002-10-01T00:00:00.000000000+0000,1.5678,1.5764,1.5633,1.5637
2002-10-02T00:00:00.000000000+0000,1.5633,1.57,1.5609,1.5697
2002-10-03T00:00:00.000000000+0000,1.5692,1.573,1.5674,1.5698
2002-10-04T00:00:00.000000000+0000,1.5696,1.571,1.5643,1.565
2002-10-05T00:00:00.000000000+0000,1.565,1.565,1.565,1.565
2002-10-06T00:00:00.000000000+0000,1.565,1.565,1.565,1.565
2002-10-07T00:00:00.000000000+0000,1.564,1.5672,1.5623,1.565
2002-10-08T00:00:00.000000000+0000,1.5653,1.569,1.5522,1.553
2002-10-09T00:00:00.000000000+0000,1.5534,1.5659,1.5507,1.565
2002-10-10T00:00:00.000000000+0000,1.565,1.5685,1.5611,1.5638
2002-10-11T00:00:00.000000000+0000,1.564,1.5654,1.558,1.5612
2002-10-12T00:00:00.000000000+0000,1.5612,1.5612,1.5612,1.5612
2002-10-13T00:00:00.000000000+0000,1.5612,1.5612,1.5612,1.5612
2002-10-14T00:00:00.000000000+0000,1.5622,1.5668,1.5556,1.5574
2002-10-15T00:00:00.000000000+0000,1.5575,1.5589,1.548,1.5519
2002-10-16T00:00:00.000000000+0000,1.5526,1.5567,1.5491,1.5532
2002-10-17T00:00:00.000000000+0000,1.5524,1.5587,1.5489,1.5498
2002-10-18T00:00:00.000000000+0000,1.5501,1.5527,1.5429,1.5453
2002-10-19T00:00:00.000000000+0000,1.5453,1.5453,1.5453,1.5453
2002-10-20T00:00:00.000000000+0000,1.5453,1.5453,1.5453,1.5453
2002-10-21T00:00:00.000000000+0000,1.546,1.5523,1.5407,1.543
2002-10-22T00:00:00.000000000+0000,1.5427,1.5503,1.5409,1.5455
2002-10-23T00:00:00.000000000+0000,1.5452,1.5518,1.5421,1.547
2002-10-24T00:00:00.000000000+0000,1.547,1.5559,1.5443,1.5538
2002-10-25T00:00:00.000000000+0000,1.5538,1.5575,1.5492,1.5502
2002-10-26T00:00:00.000000000+0000,1.5502,1.5502,1.5502,1.5502
2002-10-27T00:00:00.000000000+0000,1.5502,1.5502,1.5502,1.5502
2002-10-28T00:00:00.000000000+0000,1.5507,1.5628,1.5445,1.5592
2002-10-29T00:00:00.000000000+0000,1.56,1.5615,1.5542,1.5563
2002-10-30T00:00:00.000000000+0000,1.5563,1.5595,1.5543,1.5578
2002-10-31T00:00:00.000000000+0000,1.5565,1.5663,1.555,1.5645
2002-11-01T00:00:00.000000000+0000,1.5656,1.5683,1.5606,1.5635
2002-11-02T00:00:00.000000000+0000,1.5635,1.5635,1.5635,1.5635
2002-11-03T00:00:00.000000000+0000,1.5635,1.5635,1.5635,1.5635
2002-11-04T00:00:00.000000000+0000,1.5639,1.5657,1.5521,1.5573
2002-11-05T00:00:00.000000000+0000,1.5564,1.5678,1.555,1.5627
2002-11-06T00:00:00.000000000+0000,1.5601,1.5661,1.5558,1.5641
2002-11-07T00:00:00.000000000+0000,1.5651,1.5823,1.5621,1.5793
2002-11-08T00:00:00.000000000+0000,1.5794,1.5935,1.5775,1.5915
2002-11-09T00:00:00.000000000+0000,1.5915,1.5915,1.5915,1.5915
2002-11-10T00:00:00.000000000+0000,1.5915,1.5915,1.5915,1.5915
2002-11-11T00:00:00.000000000+0000,1.5903,1.5976,1.5854,1.5869
2002-11-12T00:00:00.000000000+0000,1.5866,1.5934,1.5832,1.5897
2002-11-13T00:00:00.000000000+0000,1.5895,1.5908,1.5839,1.5853
2002-11-14T00:00:00.000000000+0000,1.5864,1.5902,1.5775,1.5788
2002-11-15T00:00:00.000000000+0000,1.5784,1.5816,1.5726,1.5798
2002-11-16T00:00:00.000000000+0000,1.5798,1.5798,1.5798,1.5798
2002-11-17T00:00:00.000000000+0000,1.5798,1.5798,1.5798,1.5798
2002-11-18T00:00:00.000000000+0000,1.5806,1.5837,1.5771,1.5814
2002-11-19T00:00:00.000000000+0000,1.581,1.5921,1.5769,1.5805
2002-11-20T00:00:00.000000000+0000,1.5797,1.5813,1.57,1.5715
2002-11-21T00:00:00.000000000+0000,1.5724,1.5827,1.5705,1.5809
2002-11-22T00:00:00.000000000+0000,1.5809,1.5854,1.5767,1.5798
2002-11-23T00:00:00.000000000+0000,1.5798,1.5798,1.5798,1.5798
2002-11-24T00:00:00.000000000+0000,1.5798,1.5798,1.5798,1.5798
2002-11-25T00:00:00.000000000+0000,1.5796,1.581,1.5619,1.5649
2002-11-26T00:00:00.000000000+0000,1.5651,1.5672,1.5453,1.552
2002-11-27T00:00:00.000000000+0000,1.5515,1.5549,1.5409,1.5471
2002-11-28T00:00:00.000000000+0000,1.5466,1.5555,1.5449,1.5505
2002-11-29T00:00:00.000000000+0000,1.5506,1.5586,1.5466,1.5574
2002-11-30T00:00:00.000000000+0000,1.5574,1.5574,1.5574,1.5574
2002-12-01T00:00:00.000000000+0000,1.5574,1.5574,1.5574,1.5574
2002-12-02T00:00:00.000000000+0000,1.5565,1.5605,1.543,1.5587
2002-12-03T00:00:00.000000000+0000,1.5584,1.5726,1.5548,1.5697
2002-12-04T00:00:00.000000000+0000,1.5701,1.5765,1.5671,1.5699
2002-12-05T00:00:00.000000000+0000,1.57,1.5745,1.5657,1.5704
2002-12-06T00:00:00.000000000+0000,1.5705,1.5805,1.5676,1.5765
2002-12-07T00:00:00.000000000+0000,1.5765,1.5765,1.5765,1.5765
2002-12-08T00:00:00.000000000+0000,1.5765,1.5765,1.5765,1.5765
2002-12-09T00:00:00.000000000+0000,1.5765,1.5808,1.5745,1.5795
2002-12-10T00:00:00.000000000+0000,1.5794,1.5846,1.5677,1.5713
2002-12-11T00:00:00.000000000+0000,1.5714,1.5785,1.568,1.5772
2002-12-12T00:00:00.000000000+0000,1.5767,1.5832,1.5721,1.5816
2002-12-13T00:00:00.000000000+0000,1.5815,1.5916,1.5768,1.5894
2002-12-14T00:00:00.000000000+0000,1.5894,1.5894,1.5894,1.5894
2002-12-15T00:00:00.000000000+0000,1.5894,1.5894,1.5894,1.5894
2002-12-16T00:00:00.000000000+0000,1.5894,1.5945,1.5861,1.5909
2002-12-17T00:00:00.000000000+0000,1.5912,1.6026,1.589,1.5995
2002-12-18T00:00:00.000000000+0000,1.5991,1.605,1.5952,1.6038
2002-12-19T00:00:00.000000000+0000,1.6037,1.607,1.5978,1.6039
2002-12-20T00:00:00.000000000+0000,1.6032,1.6057,1.5995,1.602
2002-12-21T00:00:00.000000000+0000,1.602,1.602,1.602,1.602
2002-12-22T00:00:00.000000000+0000,1.602,1.602,1.602,1.602
2002-12-23T00:00:00.000000000+0000,1.6015,1.6071,1.5865,1.5931
2002-12-24T00:00:00.000000000+0000,1.5934,1.598,1.5895,1.5961
2002-12-25T00:00:00.000000000+0000,1.5961,1.5989,1.5924,1.5952
2002-12-26T00:00:00.000000000+0000,1.5952,1.6017,1.5935,1.5999
2002-12-27T00:00:00.000000000+0000,1.5995,1.605,1.598,1.6038
2002-12-28T00:00:00.000000000+0000,1.6038,1.6038,1.6038,1.6038
2002-12-29T00:00:00.000000000+0000,1.6038,1.6038,1.6038,1.6038
2002-12-30T00:00:00.000000000+0000,1.6037,1.6067,1.6009,1.6036
2002-12-31T00:00:00.000000000+0000,1.6015,1.6142,1.6,1.6094
2003-01-01T00:00:00.000000000+0000,1.6094,1.6125,1.6089,1.6102
2003-01-02T00:00:00.000000000+0000,1.6105,1.612,1.5914,1.5941
2003-01-03T00:00:00.000000000+0000,1.594,1.6116,1.59,1.6104
2003-01-04T00:00:00.000000000+0000,1.6104,1.6104,1.6104,1.6104
2003-01-05T00:00:00.000000000+0000,1.6104,1.6104,1.6104,1.6104
2003-01-06T00:00:00.000000000+0000,1.6102,1.6167,1.6054,1.6082
2003-01-07T00:00:00.000000000+0000,1.6087,1.6098,1.6012,1.6036
2003-01-08T00:00:00.000000000+0000,1.6041,1.6158,1.5959,1.6127
2003-01-09T00:00:00.000000000+0000,1.6126,1.6173,1.6021,1.6066
2003-01-10T00:00:00.000000000+0000,1.6073,1.6156,1.6038,1.6069
2003-01-11T00:00:00.000000000+0000,1.6069,1.6069,1.6069,1.6069
2003-01-12T00:00:00.000000000+0000,1.6069,1.6069,1.6069,1.6069
2003-01-13T00:00:00.000000000+0000,1.6075,1.6105,1.5985,1.5998
2003-01-14T00:00:00.000000000+0000,1.6001,1.6125,1.5982,1.6049
2003-01-15T00:00:00.000000000+0000,1.6046,1.608,1.5953,1.6052
2003-01-16T00:00:00.000000000+0000,1.6051,1.6155,1.6015,1.6102
2003-01-17T00:00:00.000000000+0000,1.6109,1.6205,1.6079,1.6127
2003-01-18T00:00:00.000000000+0000,1.6127,1.6127,1.6127,1.6127
2003-01-19T00:00:00.000000000+0000,1.6127,1.6127,1.6127,1.6127
2003-01-20T00:00:00.000000000+0000,1.6128,1.6146,1.6034,1.6077
2003-01-21T00:00:00.000000000+0000,1.6078,1.6193,1.6012,1.618
2003-01-22T00:00:00.000000000+0000,1.6182,1.6216,1.6085,1.6205
2003-01-23T00:00:00.000000000+0000,1.62,1.6248,1.6147,1.6219
2003-01-24T00:00:00.000000000+0000,1.6219,1.6371,1.6204,1.6332
2003-01-25T00:00:00.000000000+0000,1.6332,1.6332,1.6332,1.6332
2003-01-26T00:00:00.000000000+0000,1.6332,1.6332,1.6332,1.6332
2003-01-27T00:00:00.000000000+0000,1.6328,1.6418,1.6275,1.6364
2003-01-28T00:00:00.000000000+0000,1.6364,1.6425,1.6301,1.6407
2003-01-29T00:00:00.000000000+0000,1.6412,1.6495,1.6386,1.6475
2003-01-30T00:00:00.000000000+0000,1.6471,1.6561,1.6393,1.654
2003-01-31T00:00:00.000000000+0000,1.6551,1.6578,1.642,1.6473
2003-02-01T00:00:00.000000000+0000,1.6473,1.6473,1.6473,1.6473
2003-02-02T00:00:00.000000000+0000,1.6473,1.6473,1.6473,1.6473
2003-02-03T00:00:00.000000000+0000,1.6468,1.6492,1.6357,1.6439
2003-02-04T00:00:00.000000000+0000,1.6438,1.6507,1.641,1.6487
2003-02-05T00:00:00.000000000+0000,1.6492,1.6544,1.6371,1.6398
2003-02-06T00:00:00.000000000+0000,1.6401,1.6477,1.6344,1.6379
2003-02-07T00:00:00.000000000+0000,1.6372,1.6397,1.6234,1.6318
2003-02-08T00:00:00.000000000+0000,1.6318,1.6318,1.6318,1.6318
2003-02-09T00:00:00.000000000+0000,1.6318,1.6318,1.6318,1.6318
2003-02-10T00:00:00.000000000+0000,1.631,1.6353,1.6256,1.6256
2003-02-11T00:00:00.000000000+0000,1.6255,1.6268,1.6139,1.6185
2003-02-12T00:00:00.000000000+0000,1.6186,1.6222,1.613,1.6151
2003-02-13T00:00:00.000000000+0000,1.6154,1.6242,1.6154,1.619
2003-02-14T00:00:00.000000000+0000,1.6193,1.6229,1.61,1.6147
2003-02-15T00:00:00.000000000+0000,1.6147,1.6147,1.6147,1.6147
2003-02-16T00:00:00.000000000+0000,1.6147,1.6147,1.6147,1.6147
2003-02-17T00:00:00.000000000+0000,1.614,1.6152,1.5973,1.5976
2003-02-18T00:00:00.000000000+0000,1.5951,1.6037,1.5898,1.5898
2003-02-19T00:00:00.000000000+0000,1.5905,1.5979,1.5894,1.5971
2003-02-20T00:00:00.000000000+0000,1.5968,1.6019,1.5911,1.5931
2003-02-21T00:00:00.000000000+0000,1.5937,1.5977,1.5774,1.5788
2003-02-22T00:00:00.000000000+0000,1.5788,1.5788,1.5788,1.5788
2003-02-23T00:00:00.000000000+0000,1.5788,1.5788,1.5788,1.5788
2003-02-24T00:00:00.000000000+0000,1.5784,1.588,1.5744,1.5873
2003-02-25T00:00:00.000000000+0000,1.5875,1.589,1.5702,1.5734
2003-02-26T00:00:00.000000000+0000,1.5735,1.5846,1.5719,1.5838
2003-02-27T00:00:00.000000000+0000,1.5841,1.5874,1.5761,1.58
2003-02-28T00:00:00.000000000+0000,1.5779,1.584,1.5723,1.5725
2003-03-01T00:00:00.000000000+0000,1.5725,1.5725,1.5725,1.5725
2003-03-02T00:00:00.000000000+0000,1.5725,1.5725,1.5725,1.5725
2003-03-03T00:00:00.000000000+0000,1.5731,1.5809,1.5712,1.5785
2003-03-04T00:00:00.000000000+0000,1.5789,1.5855,1.5784,1.5811
2003-03-05T00:00:00.000000000+0000,1.581,1.6053,1.581,1.6012
2003-03-06T00:00:00.000000000+0000,1.6014,1.6064,1.5989,1.6035
2003-03-07T00:00:00.000000000+0000,1.6037,1.6091,1.5963,1.6027
2003-03-08T00:00:00.000000000+0000,1.6027,1.6027,1.6027,1.6027
2003-03-09T00:00:00.000000000+0000,1.6027,1.6027,1.6027,1.6027
2003-03-10T00:00:00.000000000+0000,1.6024,1.6036,1.5932,1.6012
2003-03-11T00:00:00.000000000+0000,1.6014,1.6085,1.5978,1.6074
2003-03-12T00:00:00.000000000+0000,1.6075,1.6156,1.6045,1.6126
2003-03-13T00:00:00.000000000+0000,1.6124,1.6128,1.5995,1.6007
2003-03-14T00:00:00.000000000+0000,1.6002,1.6025,1.5794,1.5825
2003-03-15T00:00:00.000000000+0000,1.5825,1.5825,1.5825,1.5825
2003-03-16T00:00:00.000000000+0000,1.5825,1.5825,1.5825,1.5825
2003-03-17T00:00:00.000000000+0000,1.5823,1.5904,1.5664,1.569
2003-03-18T00:00:00.000000000+0000,1.5695,1.5705,1.5605,1.5657
2003-03-19T00:00:00.000000000+0000,1.5644,1.5705,1.5601,1.5669
2003-03-20T00:00:00.000000000+0000,1.5669,1.5677,1.5536,1.5659
2003-03-21T00:00:00.000000000+0000,1.566,1.5698,1.562,1.565
2003-03-22T00:00:00.000000000+0000,1.565,1.565,1.565,1.565
2003-03-23T00:00:00.000000000+0000,1.565,1.565,1.565,1.565
2003-03-24T00:00:00.000000000+0000,1.5633,1.5664,1.5633,1.5658
2003-03-25T00:00:00.000000000+0000,1.565,1.5776,1.559,1.5741
2003-03-26T00:00:00.000000000+0000,1.5743,1.5795,1.5679,1.5745
2003-03-27T00:00:00.000000000+0000,1.5746,1.5764,1.5698,1.5746
2003-03-28T00:00:00.000000000+0000,1.5746,1.5787,1.562,1.5646
2003-03-29T00:00:00.000000000+0000,1.5646,1.5646,1.5646,1.5646
2003-03-30T00:00:00.000000000+0000,1.5646,1.5646,1.5646,1.5646
2003-03-31T00:00:00.000000000+0000,1.5739,1.5746,1.5725,1.5728
2003-04-01T00:00:00.000000000+0000,1.5732,1.5839,1.5729,1.5827
2003-04-02T00:00:00.000000000+0000,1.5827,1.5833,1.5714,1.5799
2003-04-03T00:00:00.000000000+0000,1.5802,1.5804,1.564,1.5675
2003-04-04T00:00:00.000000000+0000,1.5678,1.5739,1.5589,1.5723
2003-04-05T00:00:00.000000000+0000,1.5723,1.5723,1.5723,1.5723
2003-04-06T00:00:00.000000000+0000,1.5723,1.5723,1.5723,1.5723
2003-04-07T00:00:00.000000000+0000,1.5605,1.5616,1.5547,1.5577
2003-04-08T00:00:00.000000000+0000,1.5578,1.559,1.5457,1.5544
2003-04-09T00:00:00.000000000+0000,1.5548,1.5563,1.5487,1.5548
2003-04-10T00:00:00.000000000+0000,1.5548,1.5656,1.5498,1.5646
2003-04-11T00:00:00.000000000+0000,1.5646,1.574,1.562,1.5719
2003-04-12T00:00:00.000000000+0000,1.5719,1.5719,1.5719,1.5719
2003-04-13T00:00:00.000000000+0000,1.5719,1.5719,1.5719,1.5719
2003-04-14T00:00:00.000000000+0000,1.5703,1.5709,1.5677,1.5687
2003-04-15T00:00:00.000000000+0000,1.5688,1.5766,1.5683,1.571
2003-04-16T00:00:00.000000000+0000,1.5709,1.5743,1.5668,1.5687
2003-04-17T00:00:00.000000000+0000,1.5688,1.5814,1.5684,1.5798
2003-04-18T00:00:00.000000000+0000,1.5798,1.5844,1.5694,1.571
2003-04-19T00:00:00.000000000+0000,1.571,1.571,1.571,1.571
2003-04-20T00:00:00.000000000+0000,1.571,1.571,1.571,1.571
2003-04-21T00:00:00.000000000+0000,1.571,1.5729,1.57,1.5727
2003-04-22T00:00:00.000000000+0000,1.5725,1.5752,1.5582,1.5623
2003-04-23T00:00:00.000000000+0000,1.5623,1.5803,1.5612,1.5765
2003-04-24T00:00:00.000000000+0000,1.5766,1.5881,1.5713,1.5848
2003-04-25T00:00:00.000000000+0000,1.5848,1.5978,1.584,1.5918
2003-04-26T00:00:00.000000000+0000,1.5918,1.5918,1.5918,1.5918
2003-04-27T00:00:00.000000000+0000,1.5918,1.5918,1.5918,1.5918
2003-04-28T00:00:00.000000000+0000,1.5915,1.5933,1.591,1.593
2003-04-29T00:00:00.000000000+0000,1.593,1.5984,1.5868,1.5878
2003-04-30T00:00:00.000000000+0000,1.588,1.5964,1.5857,1.596
2003-05-01T00:00:00.000000000+0000,1.5957,1.6031,1.5907,1.5976
2003-05-02T00:00:00.000000000+0000,1.5976,1.6138,1.5973,1.6106
2003-05-03T00:00:00.000000000+0000,1.6106,1.6106,1.6106,1.6106
2003-05-04T00:00:00.000000000+0000,1.60368,1.60395,1.60268,1.60289
2003-05-05T00:00:00.000000000+0000,1.60294,1.60751,1.60148,1.60625
2003-05-06T00:00:00.000000000+0000,1.60633,1.6186,1.60514,1.61515
2003-05-07T00:00:00.000000000+0000,1.61511,1.61544,1.59017,1.59402
2003-05-08T00:00:00.000000000+0000,1.59403,1.60773,1.592,1.60204
2003-05-09T00:00:00.000000000+0000,1.60213,1.60934,1.60019,1.6051
2003-05-10T00:00:00.000000000+0000,1.6051,1.6051,1.6051,1.6051
2003-05-11T00:00:00.000000000+0000,1.60502,1.61006,1.60439,1.60832
2003-05-12T00:00:00.000000000+0000,1.60817,1.61429,1.60362,1.60949
2003-05-13T00:00:00.000000000+0000,1.60939,1.61148,1.60399,1.60903
2003-05-14T00:00:00.000000000+0000,1.60911,1.62087,1.60612,1.61594
2003-05-15T00:00:00.000000000+0000,1.61635,1.62734,1.6123,1.61979
2003-05-16T00:00:00.000000000+0000,1.61983,1.62908,1.61772,1.62098
2003-05-17T00:00:00.000000000+0000,1.62098,1.62098,1.62098,1.62098
2003-05-18T00:00:00.000000000+0000,1.62103,1.62911,1.62103,1.62545
2003-05-19T00:00:00.000000000+0000,1.62553,1.63768,1.62494,1.63299
2003-05-20T00:00:00.000000000+0000,1.63292,1.64303,1.63033,1.64209
2003-05-21T00:00:00.000000000+0000,1.64218,1.64641,1.63267,1.63436
2003-05-22T00:00:00.000000000+0000,1.63432,1.63906,1.63116,1.63342
2003-05-23T00:00:00.000000000+0000,1.6333,1.64481,1.63073,1.63488
2003-05-24T00:00:00.000000000+0000,1.63488,1.63488,1.63488,1.63488
2003-05-25T00:00:00.000000000+0000,1.63477,1.63552,1.63151,1.63344
2003-05-26T00:00:00.000000000+0000,1.6336,1.64139,1.6336,1.63966
2003-05-27T00:00:00.000000000+0000,1.63974,1.6465,1.63691,1.6382
2003-05-28T00:00:00.000000000+0000,1.6383,1.64344,1.63074,1.63775
2003-05-29T00:00:00.000000000+0000,1.63783,1.65455,1.63175,1.65327
2003-05-30T00:00:00.000000000+0000,1.65296,1.65385,1.63276,1.63579
2003-05-31T00:00:00.000000000+0000,1.63579,1.63579,1.63579,1.63579
2003-06-01T00:00:00.000000000+0000,1.63559,1.63559,1.62504,1.62594
2003-06-02T00:00:00.000000000+0000,1.62607,1.63938,1.62518,1.63556
2003-06-03T00:00:00.000000000+0000,1.63558,1.64208,1.62294,1.6283
2003-06-04T00:00:00.000000000+0000,1.62839,1.63511,1.62713,1.63158
2003-06-05T00:00:00.000000000+0000,1.63167,1.66183,1.62814,1.66056
2003-06-06T00:00:00.000000000+0000,1.66063,1.67084,1.65418,1.66078
2003-06-07T00:00:00.000000000+0000,1.66078,1.66078,1.66078,1.66078
2003-06-08T00:00:00.000000000+0000,1.66073,1.6614,1.65698,1.65815
2003-06-09T00:00:00.000000000+0000,1.6588,1.66528,1.64243,1.64466
2003-06-10T00:00:00.000000000+0000,1.64466,1.65736,1.64117,1.65117
2003-06-11T00:00:00.000000000+0000,1.65112,1.66977,1.64921,1.66655
2003-06-12T00:00:00.000000000+0000,1.66664,1.6787,1.66525,1.66784
2003-06-13T00:00:00.000000000+0000,1.66817,1.67456,1.66308,1.67233
2003-06-14T00:00:00.000000000+0000,1.67233,1.67233,1.67233,1.67233
2003-06-15T00:00:00.000000000+0000,1.67235,1.67436,1.67074,1.67398
2003-06-16T00:00:00.000000000+0000,1.67406,1.68792,1.67066,1.67745
2003-06-17T00:00:00.000000000+0000,1.67761,1.68989,1.6766,1.68254
2003-06-18T00:00:00.000000000+0000,1.68253,1.68617,1.67491,1.67914
2003-06-19T00:00:00.000000000+0000,1.67905,1.68035,1.66849,1.6776
2003-06-20T00:00:00.000000000+0000,1.67743,1.68195,1.65808,1.66166
2003-06-21T00:00:00.000000000+0000,1.66166,1.66166,1.66166,1.66166
2003-06-22T00:00:00.000000000+0000,1.6615,1.66219,1.6595,1.6604
2003-06-23T00:00:00.000000000+0000,1.6606,1.6693,1.65535,1.66608
2003-06-24T00:00:00.000000000+0000,1.66609,1.67038,1.65871,1.66212
2003-06-25T00:00:00.000000000+0000,1.6624,1.67952,1.66049,1.67307
2003-06-26T00:00:00.000000000+0000,1.67321,1.6735,1.65889,1.66065
2003-06-27T00:00:00.000000000+0000,1.66061,1.66298,1.64505,1.6492
2003-06-28T00:00:00.000000000+0000,1.6492,1.6492,1.6492,1.6492
2003-06-29T00:00:00.000000000+0000,1.64917,1.64951,1.64793,1.6491
2003-06-30T00:00:00.000000000+0000,1.64916,1.65676,1.64537,1.65539
2003-07-01T00:00:00.000000000+0000,1.65524,1.66501,1.65144,1.66298
2003-07-02T00:00:00.000000000+0000,1.66346,1.66671,1.65997,1.66496
2003-07-03T00:00:00.000000000+0000,1.665,1.67394,1.66007,1.6694
2003-07-04T00:00:00.000000000+0000,1.66936,1.67161,1.66467,1.6672
2003-07-05T00:00:00.000000000+0000,1.6672,1.6672,1.6672,1.6672
2003-07-06T00:00:00.000000000+0000,1.6672,1.66746,1.66598,1.6665
2003-07-07T00:00:00.000000000+0000,1.66651,1.66733,1.64707,1.64894
2003-07-08T00:00:00.000000000+0000,1.64897,1.64993,1.63136,1.63475
2003-07-09T00:00:00.000000000+0000,1.63484,1.63874,1.62742,1.63549
2003-07-10T00:00:00.000000000+0000,1.63518,1.63677,1.62169,1.63408
2003-07-11T00:00:00.000000000+0000,1.63401,1.63803,1.62875,1.6312
2003-07-12T00:00:00.000000000+0000,1.6312,1.6312,1.6312,1.6312
2003-07-13T00:00:00.000000000+0000,1.63291,1.63291,1.6265,1.62691
2003-07-14T00:00:00.000000000+0000,1.62685,1.62896,1.60749,1.61009
2003-07-15T00:00:00.000000000+0000,1.61032,1.61357,1.58983,1.59261
2003-07-16T00:00:00.000000000+0000,1.59256,1.59821,1.58527,1.59793
2003-07-17T00:00:00.000000000+0000,1.59788,1.59907,1.5844,1.59589
2003-07-18T00:00:00.000000000+0000,1.59562,1.59796,1.58237,1.59013
2003-07-19T00:00:00.000000000+0000,1.59013,1.59013,1.59013,1.59013
2003-07-20T00:00:00.000000000+0000,1.58953,1.58953,1.57728,1.57817
2003-07-21T00:00:00.000000000+0000,1.57832,1.60223,1.57715,1.59779
2003-07-22T00:00:00.000000000+0000,1.59763,1.6048,1.59454,1.59603
2003-07-23T00:00:00.000000000+0000,1.59587,1.6098,1.59241,1.6078
2003-07-24T00:00:00.000000000+0000,1.60783,1.61692,1.60571,1.61303
2003-07-25T00:00:00.000000000+0000,1.61302,1.62338,1.61117,1.62073
2003-07-26T00:00:00.000000000+0000,1.62073,1.62073,1.62073,1.62073
2003-07-27T00:00:00.000000000+0000,1.62586,1.62586,1.61753,1.61898
2003-07-28T00:00:00.000000000+0000,1.61905,1.62871,1.61697,1.62472
2003-07-29T00:00:00.000000000+0000,1.62474,1.63084,1.62107,1.62366
2003-07-30T00:00:00.000000000+0000,1.62375,1.62498,1.61451,1.61583
2003-07-31T00:00:00.000000000+0000,1.61579,1.61675,1.60485,1.6099
2003-08-01T00:00:00.000000000+0000,1.60993,1.61225,1.60006,1.61103
2003-08-02T00:00:00.000000000+0000,1.61103,1.61103,1.61103,1.61103
2003-08-03T00:00:00.000000000+0000,1.6117,1.61186,1.60956,1.61056
2003-08-04T00:00:00.000000000+0000,1.61066,1.61487,1.60621,1.61111
2003-08-05T00:00:00.000000000+0000,1.61123,1.61597,1.60201,1.61277
2003-08-06T00:00:00.000000000+0000,1.61275,1.61852,1.60329,1.60885
2003-08-07T00:00:00.000000000+0000,1.60893,1.61876,1.60501,1.61486
2003-08-08T00:00:00.000000000+0000,1.6149,1.61764,1.60057,1.60497
2003-08-09T00:00:00.000000000+0000,1.60497,1.60497,1.60497,1.60497
2003-08-10T00:00:00.000000000+0000,1.6047,1.6047,1.5995,1.60003
2003-08-11T00:00:00.000000000+0000,1.60035,1.61013,1.59799,1.6063
2003-08-12T00:00:00.000000000+0000,1.60622,1.6092,1.59902,1.60151
2003-08-13T00:00:00.000000000+0000,1.60147,1.60951,1.59623,1.60615
2003-08-14T00:00:00.000000000+0000,1.60623,1.61349,1.59812,1.60256
2003-08-15T00:00:00.000000000+0000,1.60228,1.60398,1.59237,1.59618
2003-08-16T00:00:00.000000000+0000,1.59618,1.59618,1.59618,1.59618
2003-08-17T00:00:00.000000000+0000,1.59608,1.60065,1.59507,1.59785
2003-08-18T00:00:00.000000000+0000,1.59775,1.59839,1.58701,1.5892
2003-08-19T00:00:00.000000000+0000,1.5894,1.58973,1.58072,1.58712
2003-08-20T00:00:00.000000000+0000,1.58712,1.59643,1.5851,1.59279
2003-08-21T00:00:00.000000000+0000,1.59286,1.59565,1.57441,1.57876
2003-08-22T00:00:00.000000000+0000,1.57899,1.57914,1.57003,1.57397
2003-08-23T00:00:00.000000000+0000,1.57397,1.57397,1.57397,1.57397
2003-08-24T00:00:00.000000000+0000,1.57356,1.57418,1.56885,1.56972
2003-08-25T00:00:00.000000000+0000,1.5699,1.57901,1.56324,1.56706
2003-08-26T00:00:00.000000000+0000,1.56714,1.57448,1.56169,1.56901
2003-08-27T00:00:00.000000000+0000,1.56865,1.57491,1.56614,1.56707
2003-08-28T00:00:00.000000000+0000,1.56662,1.57843,1.56472,1.57751
2003-08-29T00:00:00.000000000+0000,1.57767,1.58257,1.57199,1.5771
2003-08-30T00:00:00.000000000+0000,1.5771,1.5771,1.5771,1.5771
2003-08-31T00:00:00.000000000+0000,1.57718,1.57937,1.57718,1.57889
2003-09-01T00:00:00.000000000+0000,1.57891,1.58103,1.56778,1.57156
2003-09-02T00:00:00.000000000+0000,1.57155,1.57474,1.56172,1.56649
2003-09-03T00:00:00.000000000+0000,1.56657,1.57622,1.56062,1.56989
2003-09-04T00:00:00.000000000+0000,1.56985,1.58245,1.56766,1.5809
2003-09-05T00:00:00.000000000+0000,1.58094,1.59079,1.57759,1.58823
2003-09-06T00:00:00.000000000+0000,1.58823,1.58823,1.58823,1.58823
2003-09-07T00:00:00.000000000+0000,1.5883,1.58989,1.58559,1.58752
2003-09-08T00:00:00.000000000+0000,1.5878,1.59009,1.58155,1.5835
2003-09-09T00:00:00.000000000+0000,1.58345,1.59272,1.5782,1.59031
2003-09-10T00:00:00.000000000+0000,1.59059,1.59447,1.58745,1.59002
2003-09-11T00:00:00.000000000+0000,1.59008,1.59752,1.58945,1.59343
2003-09-12T00:00:00.000000000+0000,1.59347,1.60665,1.59068,1.60205
2003-09-13T00:00:00.000000000+0000,1.60205,1.60205,1.60205,1.60205
2003-09-14T00:00:00.000000000+0000,1.60282,1.60584,1.60282,1.60407
2003-09-15T00:00:00.000000000+0000,1.60414,1.60749,1.59965,1.60161
2003-09-16T00:00:00.000000000+0000,1.60185,1.60548,1.58491,1.58724
2003-09-17T00:00:00.000000000+0000,1.58737,1.61036,1.58582,1.60733
2003-09-18T00:00:00.000000000+0000,1.60717,1.62138,1.60617,1.61627
2003-09-19T00:00:00.000000000+0000,1.61625,1.63741,1.61382,1.63597
2003-09-20T00:00:00.000000000+0000,1.63597,1.63597,1.63597,1.63597
2003-09-21T00:00:00.000000000+0000,1.64634,1.65046,1.64505,1.64865
2003-09-22T00:00:00.000000000+0000,1.64921,1.65485,1.64115,1.64853
2003-09-23T00:00:00.000000000+0000,1.64829,1.65856,1.64537,1.64939
2003-09-24T00:00:00.000000000+0000,1.64948,1.65995,1.64698,1.65461
2003-09-25T00:00:00.000000000+0000,1.65464,1.66276,1.65279,1.65726
2003-09-26T00:00:00.000000000+0000,1.65727,1.66236,1.65578,1.65803
2003-09-27T00:00:00.000000000+0000,1.65803,1.65803,1.65803,1.65803
2003-09-28T00:00:00.000000000+0000,1.6574,1.65904,1.65633,1.65896
2003-09-29T00:00:00.000000000+0000,1.65873,1.66725,1.64478,1.66294
2003-09-30T00:00:00.000000000+0000,1.6631,1.67576,1.65848,1.66152
2003-10-01T00:00:00.000000000+0000,1.66162,1.66973,1.65297,1.66674
2003-10-02T00:00:00.000000000+0000,1.66675,1.67496,1.6635,1.6681
2003-10-03T00:00:00.000000000+0000,1.66817,1.6735,1.65778,1.66294
2003-10-04T00:00:00.000000000+0000,1.66294,1.66294,1.66294,1.66294
2003-10-05T00:00:00.000000000+0000,1.66222,1.66222,1.65892,1.66077
2003-10-06T00:00:00.000000000+0000,1.66059,1.67562,1.65783,1.67302
2003-10-07T00:00:00.000000000+0000,1.67285,1.67764,1.66055,1.66306
2003-10-08T00:00:00.000000000+0000,1.663,1.66702,1.65851,1.66361
2003-10-09T00:00:00.000000000+0000,1.66368,1.66927,1.65583,1.66449
2003-10-10T00:00:00.000000000+0000,1.66492,1.67193,1.66011,1.66344
2003-10-11T00:00:00.000000000+0000,1.66344,1.66344,1.66344,1.66344
2003-10-12T00:00:00.000000000+0000,1.664,1.66483,1.6631,1.66393
2003-10-13T00:00:00.000000000+0000,1.66399,1.66844,1.65341,1.66177
2003-10-14T00:00:00.000000000+0000,1.6617,1.67637,1.65361,1.67064
2003-10-15T00:00:00.000000000+0000,1.67055,1.6763,1.66356,1.66653
2003-10-16T00:00:00.000000000+0000,1.66655,1.68135,1.66532,1.67225
2003-10-17T00:00:00.000000000+0000,1.6723,1.67874,1.6675,1.67775
2003-10-18T00:00:00.000000000+0000,1.67775,1.67775,1.67775,1.67775
2003-10-19T00:00:00.000000000+0000,1.6784,1.67973,1.67748,1.67774
2003-10-20T00:00:00.000000000+0000,1.67775,1.68118,1.66945,1.67125
2003-10-21T00:00:00.000000000+0000,1.6712,1.67723,1.66826,1.67311
2003-10-22T00:00:00.000000000+0000,1.67324,1.6966,1.67257,1.6953
2003-10-23T00:00:00.000000000+0000,1.69533,1.69931,1.68893,1.69576
2003-10-24T00:00:00.000000000+0000,1.69572,1.69902,1.69299,1.69437
2003-10-25T00:00:00.000000000+0000,1.69437,1.69437,1.69437,1.69437
2003-10-26T00:00:00.000000000+0000,1.69405,1.69691,1.6931,1.69622
2003-10-27T00:00:00.000000000+0000,1.69617,1.69746,1.69049,1.69324
2003-10-28T00:00:00.000000000+0000,1.6932,1.69962,1.68744,1.69677
2003-10-29T00:00:00.000000000+0000,1.6968,1.70754,1.69521,1.69739
2003-10-30T00:00:00.000000000+0000,1.6974,1.7069,1.69392,1.69524
2003-10-31T00:00:00.000000000+0000,1.69519,1.69928,1.69039,1.69595
2003-11-01T00:00:00.000000000+0000,1.69595,1.69595,1.69595,1.69595
2003-11-02T00:00:00.000000000+0000,1.69576,1.69597,1.69374,1.69579
2003-11-03T00:00:00.000000000+0000,1.69574,1.69755,1.67424,1.67572
2003-11-04T00:00:00.000000000+0000,1.67579,1.68479,1.6671,1.68283
2003-11-05T00:00:00.000000000+0000,1.6827,1.68712,1.66982,1.67315
2003-11-06T00:00:00.000000000+0000,1.67322,1.67814,1.6642,1.66721
2003-11-07T00:00:00.000000000+0000,1.66702,1.67638,1.65663,1.67607
2003-11-08T00:00:00.000000000+0000,1.67607,1.67607,1.67607,1.67607
2003-11-09T00:00:00.000000000+0000,1.67593,1.67593,1.67273,1.6733
2003-11-10T00:00:00.000000000+0000,1.67347,1.67551,1.66558,1.66627
2003-11-11T00:00:00.000000000+0000,1.66633,1.66967,1.663,1.66546
2003-11-12T00:00:00.000000000+0000,1.66553,1.67829,1.66414,1.6762
2003-11-13T00:00:00.000000000+0000,1.6765,1.68857,1.67459,1.68752
2003-11-14T00:00:00.000000000+0000,1.68758,1.69082,1.68208,1.68774
2003-11-15T00:00:00.000000000+0000,1.68774,1.68774,1.68774,1.68774
2003-11-16T00:00:00.000000000+0000,1.68757,1.69255,1.6869,1.69166
2003-11-17T00:00:00.000000000+0000,1.69168,1.69366,1.68593,1.69091
2003-11-18T00:00:00.000000000+0000,1.69082,1.70538,1.68617,1.70418
2003-11-19T00:00:00.000000000+0000,1.70431,1.70529,1.6948,1.69775
2003-11-20T00:00:00.000000000+0000,1.69777,1.70772,1.69583,1.70327
2003-11-21T00:00:00.000000000+0000,1.70339,1.70672,1.69921,1.70455
2003-11-22T00:00:00.000000000+0000,1.70455,1.70455,1.70455,1.70455
2003-11-23T00:00:00.000000000+0000,1.70442,1.70551,1.70365,1.70485
2003-11-24T00:00:00.000000000+0000,1.70485,1.70579,1.69267,1.69738
2003-11-25T00:00:00.000000000+0000,1.69748,1.70156,1.69349,1.69705
2003-11-26T00:00:00.000000000+0000,1.69702,1.71266,1.69466,1.71072
2003-11-27T00:00:00.000000000+0000,1.71072,1.71564,1.70871,1.71388
2003-11-28T00:00:00.000000000+0000,1.71386,1.72386,1.71301,1.72148
2003-11-29T00:00:00.000000000+0000,1.72148,1.72148,1.72148,1.72148
2003-11-30T00:00:00.000000000+0000,1.72133,1.72376,1.71928,1.72376
2003-12-01T00:00:00.000000000+0000,1.72395,1.72724,1.71763,1.71873
2003-12-02T00:00:00.000000000+0000,1.71865,1.73181,1.71651,1.72929
2003-12-03T00:00:00.000000000+0000,1.7292,1.73114,1.72429,1.72694
2003-12-04T00:00:00.000000000+0000,1.72702,1.72843,1.71749,1.71979
2003-12-05T00:00:00.000000000+0000,1.71985,1.73141,1.71914,1.72927
2003-12-06T00:00:00.000000000+0000,1.72927,1.72927,1.72927,1.72927
2003-12-07T00:00:00.000000000+0000,1.72937,1.73024,1.72776,1.72867
2003-12-08T00:00:00.000000000+0000,1.72877,1.7359,1.72643,1.73313
2003-12-09T00:00:00.000000000+0000,1.73298,1.74728,1.73275,1.74475
2003-12-10T00:00:00.000000000+0000,1.74465,1.74751,1.73492,1.73918
2003-12-11T00:00:00.000000000+0000,1.73915,1.74715,1.73721,1.74573
2003-12-12T00:00:00.000000000+0000,1.74571,1.75075,1.74257,1.74545
2003-12-13T00:00:00.000000000+0000,1.74545,1.74545,1.74545,1.74545
2003-12-14T00:00:00.000000000+0000,1.7444,1.7444,1.73524,1.73869
2003-12-15T00:00:00.000000000+0000,1.73872,1.74779,1.73807,1.74661
2003-12-16T00:00:00.000000000+0000,1.74665,1.75588,1.74306,1.75407
2003-12-17T00:00:00.000000000+0000,1.75391,1.76939,1.74947,1.76477
2003-12-18T00:00:00.000000000+0000,1.76471,1.77402,1.76292,1.77062
2003-12-19T00:00:00.000000000+0000,1.77067,1.77232,1.76131,1.76484
2003-12-20T00:00:00.000000000+0000,1.76484,1.76484,1.76484,1.76484
2003-12-21T00:00:00.000000000+0000,1.7648,1.76726,1.76182,1.76213
2003-12-22T00:00:00.000000000+0000,1.76203,1.76687,1.75968,1.76312
2003-12-23T00:00:00.000000000+0000,1.76309,1.76648,1.76208,1.76327
2003-12-24T00:00:00.000000000+0000,1.76334,1.77591,1.76254,1.7743
2003-12-25T00:00:00.000000000+0000,1.77433,1.77571,1.76933,1.77461
2003-12-26T00:00:00.000000000+0000,1.77457,1.77583,1.76944,1.77103
2003-12-27T00:00:00.000000000+0000,1.77103,1.77103,1.77103,1.77103
2003-12-28T00:00:00.000000000+0000,1.77069,1.7724,1.77049,1.77212
2003-12-29T00:00:00.000000000+0000,1.77214,1.77682,1.76994,1.77348
2003-12-30T00:00:00.000000000+0000,1.77336,1.78119,1.77212,1.77725
2003-12-31T00:00:00.000000000+0000,1.77741,1.79392,1.77651,1.78555
2004-01-01T00:00:00.000000000+0000,1.78523,1.7879,1.78096,1.78472
2004-01-02T00:00:00.000000000+0000,1.78474,1.79467,1.77832,1.79294
2004-01-03T00:00:00.000000000+0000,1.79294,1.79294,1.79294,1.79294
2004-01-04T00:00:00.000000000+0000,1.79254,1.79569,1.79119,1.79458
2004-01-05T00:00:00.000000000+0000,1.79458,1.81013,1.79368,1.80647
2004-01-06T00:00:00.000000000+0000,1.80651,1.82746,1.80439,1.82016
2004-01-07T00:00:00.000000000+0000,1.82023,1.82556,1.81189,1.81727
2004-01-08T00:00:00.000000000+0000,1.81724,1.836,1.81032,1.8331
2004-01-09T00:00:00.000000000+0000,1.83317,1.84938,1.82752,1.8474
2004-01-10T00:00:00.000000000+0000,1.8474,1.8474,1.8474,1.8474
2004-01-11T00:00:00.000000000+0000,1.84717,1.84758,1.84556,1.84687
2004-01-12T00:00:00.000000000+0000,1.84681,1.85759,1.84467,1.84535
2004-01-13T00:00:00.000000000+0000,1.84523,1.85339,1.8397,1.84817
2004-01-14T00:00:00.000000000+0000,1.84836,1.84836,1.82932,1.83232
2004-01-15T00:00:00.000000000+0000,1.83233,1.83451,1.81766,1.82454
2004-01-16T00:00:00.000000000+0000,1.8247,1.82656,1.79288,1.79792
2004-01-17T00:00:00.000000000+0000,1.79792,1.79792,1.79792,1.79792
2004-01-18T00:00:00.000000000+0000,1.79797,1.79996,1.79517,1.79939
2004-01-19T00:00:00.000000000+0000,1.79958,1.80176,1.78198,1.78242
2004-01-20T00:00:00.000000000+0000,1.78265,1.8216,1.78211,1.81835
2004-01-21T00:00:00.000000000+0000,1.81835,1.83682,1.81446,1.83223
2004-01-22T00:00:00.000000000+0000,1.8322,1.84749,1.83121,1.84307
2004-01-23T00:00:00.000000000+0000,1.84318,1.85194,1.8168,1.82569
2004-01-24T00:00:00.000000000+0000,1.82569,1.82569,1.82569,1.82569
2004-01-25T00:00:00.000000000+0000,1.82543,1.82605,1.82197,1.82357
2004-01-26T00:00:00.000000000+0000,1.82347,1.83052,1.81029,1.81446
2004-01-27T00:00:00.000000000+0000,1.81437,1.82897,1.80175,1.82609
2004-01-28T00:00:00.000000000+0000,1.82588,1.83805,1.81186,1.81441
2004-01-29T00:00:00.000000000+0000,1.81457,1.82661,1.80841,1.81596
2004-01-30T00:00:00.000000000+0000,1.81583,1.8259,1.80571,1.82377
2004-01-31T00:00:00.000000000+0000,1.82377,1.82377,1.82377,1.82377
2004-02-01T00:00:00.000000000+0000,1.8234,1.825,1.82199,1.82435
2004-02-02T00:00:00.000000000+0000,1.82421,1.82685,1.81334,1.82115
2004-02-03T00:00:00.000000000+0000,1.82095,1.84213,1.8189,1.83708
2004-02-04T00:00:00.000000000+0000,1.83707,1.83954,1.8281,1.8317
2004-02-05T00:00:00.000000000+0000,1.83175,1.84226,1.83004,1.83583
2004-02-06T00:00:00.000000000+0000,1.83575,1.85143,1.83121,1.84714
2004-02-07T00:00:00.000000000+0000,1.84714,1.84714,1.84714,1.84714
2004-02-08T00:00:00.000000000+0000,1.84612,1.84612,1.84025,1.84423
2004-02-09T00:00:00.000000000+0000,1.84428,1.86255,1.84401,1.85905
2004-02-10T00:00:00.000000000+0000,1.8594,1.87307,1.85774,1.86673
2004-02-11T00:00:00.000000000+0000,1.86668,1.89349,1.86451,1.89187
2004-02-12T00:00:00.000000000+0000,1.89213,1.89509,1.8877,1.89218
2004-02-13T00:00:00.000000000+0000,1.89225,1.8984,1.87836,1.885
2004-02-14T00:00:00.000000000+0000,1.885,1.885,1.885,1.885
2004-02-15T00:00:00.000000000+0000,1.88495,1.88495,1.88322,1.88393
2004-02-16T00:00:00.000000000+0000,1.88408,1.8914,1.88105,1.88809
2004-02-17T00:00:00.000000000+0000,1.88833,1.908,1.8865,1.90491
2004-02-18T00:00:00.000000000+0000,1.90511,1.91378,1.88369,1.892
2004-02-19T00:00:00.000000000+0000,1.89196,1.89948,1.88621,1.89854
2004-02-20T00:00:00.000000000+0000,1.89847,1.89956,1.85606,1.86118
2004-02-21T00:00:00.000000000+0000,1.86118,1.86118,1.86118,1.86118
2004-02-22T00:00:00.000000000+0000,1.8601,1.86163,1.85814,1.85919
2004-02-23T00:00:00.000000000+0000,1.8589,1.87036,1.8455,1.86783
2004-02-24T00:00:00.000000000+0000,1.86776,1.89364,1.86194,1.88926
2004-02-25T00:00:00.000000000+0000,1.8892,1.89425,1.86885,1.87176
2004-02-26T00:00:00.000000000+0000,1.87176,1.87748,1.85486,1.86262
2004-02-27T00:00:00.000000000+0000,1.8629,1.86852,1.84667,1.8681
2004-02-28T00:00:00.000000000+0000,1.8681,1.8681,1.8681,1.8681
2004-02-29T00:00:00.000000000+0000,1.86794,1.87394,1.8665,1.87384
2004-03-01T00:00:00.000000000+0000,1.87365,1.87443,1.864,1.8676
2004-03-02T00:00:00.000000000+0000,1.86778,1.86886,1.83473,1.83767
2004-03-03T00:00:00.000000000+0000,1.83778,1.84006,1.81534,1.8273
2004-03-04T00:00:00.000000000+0000,1.82729,1.83716,1.8197,1.82238
2004-03-05T00:00:00.000000000+0000,1.82238,1.84935,1.81726,1.84579
2004-03-06T00:00:00.000000000+0000,1.84579,1.84579,1.84579,1.84579
2004-03-07T00:00:00.000000000+0000,1.84759,1.84842,1.8452,1.8461
2004-03-08T00:00:00.000000000+0000,1.84613,1.85418,1.84164,1.85222
2004-03-09T00:00:00.000000000+0000,1.8523,1.85841,1.82184,1.8256
2004-03-10T00:00:00.000000000+0000,1.82527,1.82805,1.79596,1.80276
2004-03-11T00:00:00.000000000+0000,1.8027,1.81475,1.7925,1.80939
2004-03-12T00:00:00.000000000+0000,1.80955,1.81055,1.79043,1.80326
2004-03-13T00:00:00.000000000+0000,1.80326,1.80326,1.80326,1.80326
2004-03-14T00:00:00.000000000+0000,1.80315,1.80315,1.79565,1.79858
2004-03-15T00:00:00.000000000+0000,1.79892,1.81153,1.79397,1.80379
2004-03-16T00:00:00.000000000+0000,1.80393,1.81937,1.80005,1.81227
2004-03-17T00:00:00.000000000+0000,1.81193,1.81798,1.8065,1.81635
2004-03-18T00:00:00.000000000+0000,1.81607,1.84005,1.8153,1.83464
2004-03-19T00:00:00.000000000+0000,1.8346,1.83648,1.82526,1.83316
2004-03-20T00:00:00.000000000+0000,1.83316,1.83316,1.83316,1.83316
2004-03-21T00:00:00.000000000+0000,1.83285,1.8337,1.83212,1.83316
2004-03-22T00:00:00.000000000+0000,1.83336,1.8496,1.82617,1.84703
2004-03-23T00:00:00.000000000+0000,1.84709,1.85366,1.84049,1.85139
2004-03-24T00:00:00.000000000+0000,1.85146,1.85374,1.82163,1.825
2004-03-25T00:00:00.000000000+0000,1.82493,1.82557,1.79894,1.80725
2004-03-26T00:00:00.000000000+0000,1.80735,1.82325,1.80012,1.81576
2004-03-27T00:00:00.000000000+0000,1.81576,1.81576,1.81576,1.81576
2004-03-28T00:00:00.000000000+0000,1.81518,1.81626,1.81207,1.81358
2004-03-29T00:00:00.000000000+0000,1.81347,1.82236,1.80642,1.81898
2004-03-30T00:00:00.000000000+0000,1.81878,1.83005,1.81859,1.82629
2004-03-31T00:00:00.000000000+0000,1.82647,1.84605,1.82418,1.84221
2004-04-01T00:00:00.000000000+0000,1.84213,1.85995,1.83782,1.85451
2004-04-02T00:00:00.000000000+0000,1.85446,1.85686,1.82604,1.82857
2004-04-03T00:00:00.000000000+0000,1.82857,1.82857,1.82857,1.82857
2004-04-04T00:00:00.000000000+0000,1.8288,1.82905,1.82759,1.82804
2004-04-05T00:00:00.000000000+0000,1.82806,1.83037,1.81048,1.82334
2004-04-06T00:00:00.000000000+0000,1.82349,1.84427,1.81936,1.84215
2004-04-07T00:00:00.000000000+0000,1.84195,1.84395,1.83349,1.83972
2004-04-08T00:00:00.000000000+0000,1.83974,1.84647,1.828,1.8307
2004-04-09T00:00:00.000000000+0000,1.83079,1.83459,1.82628,1.833
2004-04-10T00:00:00.000000000+0000,1.833,1.833,1.833,1.833
2004-04-11T00:00:00.000000000+0000,1.83326,1.83396,1.83164,1.83302
2004-04-12T00:00:00.000000000+0000,1.83317,1.84082,1.83072,1.83887
2004-04-13T00:00:00.000000000+0000,1.83851,1.8423,1.81273,1.81654
2004-04-14T00:00:00.000000000+0000,1.81725,1.81797,1.78481,1.78753
2004-04-15T00:00:00.000000000+0000,1.78765,1.79939,1.77603,1.78837
2004-04-16T00:00:00.000000000+0000,1.78844,1.80566,1.78342,1.79807
2004-04-17T00:00:00.000000000+0000,1.79807,1.79807,1.79807,1.79807
2004-04-18T00:00:00.000000000+0000,1.79782,1.8,1.79619,1.79922
2004-04-19T00:00:00.000000000+0000,1.79931,1.81415,1.79898,1.80628
2004-04-20T00:00:00.000000000+0000,1.8062,1.80708,1.7807,1.7809
2004-04-21T00:00:00.000000000+0000,1.78093,1.78497,1.76554,1.76841
2004-04-22T00:00:00.000000000+0000,1.76828,1.77699,1.76243,1.77452
2004-04-23T00:00:00.000000000+0000,1.7748,1.78124,1.76408,1.77133
2004-04-24T00:00:00.000000000+0000,1.77133,1.77133,1.77133,1.77133
2004-04-25T00:00:00.000000000+0000,1.77214,1.77267,1.76806,1.76845
2004-04-26T00:00:00.000000000+0000,1.7688,1.78943,1.76635,1.78507
2004-04-27T00:00:00.000000000+0000,1.7851,1.79416,1.78186,1.79171
2004-04-28T00:00:00.000000000+0000,1.79175,1.79686,1.76831,1.76834
2004-04-29T00:00:00.000000000+0000,1.7685,1.78097,1.75803,1.77122
2004-04-30T00:00:00.000000000+0000,1.7714,1.78037,1.76604,1.77857
2004-05-01T00:00:00.000000000+0000,1.77857,1.77857,1.77857,1.77857
2004-05-02T00:00:00.000000000+0000,1.77872,1.77968,1.77817,1.77894
2004-05-03T00:00:00.000000000+0000,1.77837,1.77877,1.76879,1.77146
2004-05-04T00:00:00.000000000+0000,1.77137,1.79928,1.77079,1.79576
2004-05-05T00:00:00.000000000+0000,1.79572,1.80175,1.7874,1.79165
2004-05-06T00:00:00.000000000+0000,1.79147,1.79828,1.7876,1.79424
2004-05-07T00:00:00.000000000+0000,1.79426,1.8029,1.78225,1.78765
2004-05-08T00:00:00.000000000+0000,1.78765,1.78765,1.78765,1.78765
2004-05-09T00:00:00.000000000+0000,1.78538,1.78679,1.78361,1.78425
2004-05-10T00:00:00.000000000+0000,1.78427,1.78619,1.77036,1.77663
2004-05-11T00:00:00.000000000+0000,1.7768,1.77738,1.75327,1.76083
2004-05-12T00:00:00.000000000+0000,1.76122,1.78014,1.75653,1.77207
2004-05-13T00:00:00.000000000+0000,1.77205,1.77447,1.75712,1.75891
2004-05-14T00:00:00.000000000+0000,1.75912,1.76429,1.74812,1.76107
2004-05-15T00:00:00.000000000+0000,1.76107,1.76107,1.76107,1.76107
2004-05-16T00:00:00.000000000+0000,1.7606,1.76116,1.75697,1.7574
2004-05-17T00:00:00.000000000+0000,1.7577,1.77452,1.75688,1.768
2004-05-18T00:00:00.000000000+0000,1.76802,1.7712,1.76109,1.76594
2004-05-19T00:00:00.000000000+0000,1.76613,1.78565,1.76285,1.78215
2004-05-20T00:00:00.000000000+0000,1.78247,1.78365,1.76383,1.77465
2004-05-21T00:00:00.000000000+0000,1.77497,1.79539,1.77321,1.78852
2004-05-22T00:00:00.000000000+0000,1.78852,1.78852,1.78852,1.78852
2004-05-23T00:00:00.000000000+0000,1.7876,1.79042,1.78572,1.78676
2004-05-24T00:00:00.000000000+0000,1.78735,1.79361,1.78204,1.79157
2004-05-25T00:00:00.000000000+0000,1.79167,1.81456,1.79053,1.81285
2004-05-26T00:00:00.000000000+0000,1.81258,1.81984,1.80903,1.81273
2004-05-27T00:00:00.000000000+0000,1.81252,1.83986,1.8099,1.83852
2004-05-28T00:00:00.000000000+0000,1.83815,1.84193,1.82914,1.83197
2004-05-29T00:00:00.000000000+0000,1.83197,1.83197,1.83197,1.83197
2004-05-30T00:00:00.000000000+0000,1.83197,1.83197,1.83197,1.83197
2004-05-31T00:00:00.000000000+0000,1.83276,1.837,1.82959,1.83112
2004-06-01T00:00:00.000000000+0000,1.83095,1.84127,1.82752,1.83948
2004-06-02T00:00:00.000000000+0000,1.83912,1.84846,1.83027,1.8338
2004-06-03T00:00:00.000000000+0000,1.83382,1.84305,1.82819,1.83825
2004-06-04T00:00:00.000000000+0000,1.83795,1.84486,1.83228,1.84082
2004-06-05T00:00:00.000000000+0000,1.84082,1.84082,1.84082,1.84082
2004-06-06T00:00:00.000000000+0000,1.84068,1.84517,1.84032,1.8443
2004-06-07T00:00:00.000000000+0000,1.84389,1.84799,1.83454,1.84065
2004-06-08T00:00:00.000000000+0000,1.84065,1.84544,1.83256,1.84029
2004-06-09T00:00:00.000000000+0000,1.84057,1.84081,1.8252,1.82759
2004-06-10T00:00:00.000000000+0000,1.82753,1.84439,1.81886,1.8394
2004-06-11T00:00:00.000000000+0000,1.83965,1.8404,1.8161,1.81925
2004-06-12T00:00:00.000000000+0000,1.81925,1.81925,1.81925,1.81925
2004-06-13T00:00:00.000000000+0000,1.81829,1.81887,1.81607,1.81709
2004-06-14T00:00:00.000000000+0000,1.81758,1.8181,1.8042,1.81452
2004-06-15T00:00:00.000000000+0000,1.81466,1.83349,1.81064,1.83152
2004-06-16T00:00:00.000000000+0000,1.83158,1.83517,1.82298,1.82575
2004-06-17T00:00:00.000000000+0000,1.826,1.83843,1.82374,1.83404
2004-06-18T00:00:00.000000000+0000,1.83435,1.83989,1.825,1.83815
2004-06-19T00:00:00.000000000+0000,1.83815,1.83815,1.83815,1.83815
2004-06-20T00:00:00.000000000+0000,1.83828,1.83969,1.83726,1.83811
2004-06-21T00:00:00.000000000+0000,1.83833,1.84097,1.82761,1.83355
2004-06-22T00:00:00.000000000+0000,1.83378,1.83477,1.81753,1.81998
2004-06-23T00:00:00.000000000+0000,1.81997,1.82844,1.8139,1.81538
2004-06-24T00:00:00.000000000+0000,1.81575,1.82896,1.81032,1.82294
2004-06-25T00:00:00.000000000+0000,1.82307,1.8271,1.81689,1.82695
2004-06-26T00:00:00.000000000+0000,1.82695,1.82695,1.82695,1.82695
2004-06-27T00:00:00.000000000+0000,1.82621,1.82752,1.82527,1.82588
2004-06-28T00:00:00.000000000+0000,1.8257,1.83385,1.82056,1.82975
2004-06-29T00:00:00.000000000+0000,1.82946,1.8298,1.80458,1.8064
2004-06-30T00:00:00.000000000+0000,1.80655,1.82196,1.80106,1.82178
2004-07-01T00:00:00.000000000+0000,1.82162,1.82231,1.81157,1.8196
2004-07-02T00:00:00.000000000+0000,1.81963,1.83567,1.81637,1.83087
2004-07-03T00:00:00.000000000+0000,1.83087,1.83087,1.83087,1.83087
2004-07-04T00:00:00.000000000+0000,1.83117,1.83559,1.83022,1.83438
2004-07-05T00:00:00.000000000+0000,1.83435,1.83616,1.82675,1.83093
2004-07-06T00:00:00.000000000+0000,1.83107,1.84461,1.82912,1.84344
2004-07-07T00:00:00.000000000+0000,1.84355,1.85779,1.83912,1.8545
2004-07-08T00:00:00.000000000+0000,1.85463,1.85819,1.84682,1.85195
2004-07-09T00:00:00.000000000+0000,1.85205,1.86173,1.84857,1.85975
2004-07-10T00:00:00.000000000+0000,1.85975,1.85975,1.85975,1.85975
2004-07-11T00:00:00.000000000+0000,1.85995,1.86205,1.85905,1.86183
2004-07-12T00:00:00.000000000+0000,1.86181,1.8662,1.8568,1.86038
2004-07-13T00:00:00.000000000+0000,1.86026,1.86236,1.85166,1.85762
2004-07-14T00:00:00.000000000+0000,1.85733,1.86168,1.85329,1.85613
2004-07-15T00:00:00.000000000+0000,1.856,1.85628,1.84783,1.85112
2004-07-16T00:00:00.000000000+0000,1.8513,1.87504,1.84763,1.87315
2004-07-17T00:00:00.000000000+0000,1.87315,1.87315,1.87315,1.87315
2004-07-18T00:00:00.000000000+0000,1.8725,1.87705,1.87163,1.8755
2004-07-19T00:00:00.000000000+0000,1.87503,1.87587,1.86644,1.86649
2004-07-20T00:00:00.000000000+0000,1.86682,1.8675,1.84898,1.84941
2004-07-21T00:00:00.000000000+0000,1.85035,1.85458,1.83211,1.83854
2004-07-22T00:00:00.000000000+0000,1.8385,1.84913,1.83531,1.84402
2004-07-23T00:00:00.000000000+0000,1.84403,1.84511,1.82979,1.83184
2004-07-24T00:00:00.000000000+0000,1.83184,1.83184,1.83184,1.83184
2004-07-25T00:00:00.000000000+0000,1.83175,1.83396,1.83133,1.83312
2004-07-26T00:00:00.000000000+0000,1.83317,1.84233,1.83057,1.8394
2004-07-27T00:00:00.000000000+0000,1.83922,1.84459,1.81969,1.82289
2004-07-28T00:00:00.000000000+0000,1.82309,1.82533,1.81486,1.82361
2004-07-29T00:00:00.000000000+0000,1.82377,1.82859,1.80835,1.81801
2004-07-30T00:00:00.000000000+0000,1.81815,1.82449,1.81207,1.81945
2004-07-31T00:00:00.000000000+0000,1.81945,1.81945,1.81945,1.81945
2004-08-01T00:00:00.000000000+0000,1.81941,1.82374,1.81913,1.82233
2004-08-02T00:00:00.000000000+0000,1.82255,1.83328,1.81898,1.82468
2004-08-03T00:00:00.000000000+0000,1.8245,1.82845,1.81697,1.82348
2004-08-04T00:00:00.000000000+0000,1.8234,1.82619,1.81494,1.8251
2004-08-05T00:00:00.000000000+0000,1.82522,1.82929,1.81892,1.82268
2004-08-06T00:00:00.000000000+0000,1.82247,1.84642,1.82004,1.84135
2004-08-07T00:00:00.000000000+0000,1.84135,1.84135,1.84135,1.84135
2004-08-08T00:00:00.000000000+0000,1.84281,1.84405,1.84104,1.84201
2004-08-09T00:00:00.000000000+0000,1.84195,1.8443,1.83764,1.8399
2004-08-10T00:00:00.000000000+0000,1.83999,1.84195,1.82447,1.82762
2004-08-11T00:00:00.000000000+0000,1.82782,1.83253,1.82492,1.83218
2004-08-12T00:00:00.000000000+0000,1.8325,1.8345,1.81946,1.822
2004-08-13T00:00:00.000000000+0000,1.82166,1.84549,1.81337,1.84355
2004-08-14T00:00:00.000000000+0000,1.84355,1.84355,1.84355,1.84355
2004-08-15T00:00:00.000000000+0000,1.84293,1.84455,1.84253,1.8436
2004-08-16T00:00:00.000000000+0000,1.84356,1.84618,1.83733,1.83931
2004-08-17T00:00:00.000000000+0000,1.83912,1.84314,1.8264,1.82897
2004-08-18T00:00:00.000000000+0000,1.8288,1.82997,1.82043,1.82239
2004-08-19T00:00:00.000000000+0000,1.82263,1.83428,1.81965,1.83098
2004-08-20T00:00:00.000000000+0000,1.83103,1.83367,1.81562,1.81827
2004-08-21T00:00:00.000000000+0000,1.81827,1.81827,1.81827,1.81827
2004-08-22T00:00:00.000000000+0000,1.81858,1.82079,1.81666,1.81678
2004-08-23T00:00:00.000000000+0000,1.8168,1.8187,1.80627,1.80827
2004-08-24T00:00:00.000000000+0000,1.8084,1.80878,1.7881,1.7908
2004-08-25T00:00:00.000000000+0000,1.79072,1.80076,1.78957,1.79555
2004-08-26T00:00:00.000000000+0000,1.79558,1.7986,1.79138,1.79545
2004-08-27T00:00:00.000000000+0000,1.79528,1.80356,1.78848,1.78963
2004-08-28T00:00:00.000000000+0000,1.78963,1.78963,1.78963,1.78963
2004-08-29T00:00:00.000000000+0000,1.78984,1.7913,1.78893,1.7898
2004-08-30T00:00:00.000000000+0000,1.78992,1.79759,1.78509,1.79462
2004-08-31T00:00:00.000000000+0000,1.79487,1.8065,1.79035,1.80265
2004-09-01T00:00:00.000000000+0000,1.80272,1.8035,1.78907,1.7933
2004-09-02T00:00:00.000000000+0000,1.7935,1.7972,1.78635,1.79108
2004-09-03T00:00:00.000000000+0000,1.79117,1.79222,1.77359,1.77657
2004-09-04T00:00:00.000000000+0000,1.77657,1.77657,1.77657,1.77657
2004-09-05T00:00:00.000000000+0000,1.77633,1.77705,1.77411,1.77594
2004-09-06T00:00:00.000000000+0000,1.77597,1.78185,1.77428,1.78024
2004-09-07T00:00:00.000000000+0000,1.78029,1.78453,1.77062,1.7739
2004-09-08T00:00:00.000000000+0000,1.77395,1.79049,1.77129,1.78654
2004-09-09T00:00:00.000000000+0000,1.78669,1.7906,1.78105,1.78739
2004-09-10T00:00:00.000000000+0000,1.78758,1.8021,1.78593,1.7981
2004-09-11T00:00:00.000000000+0000,1.7981,1.7981,1.7981,1.7981
2004-09-12T00:00:00.000000000+0000,1.79775,1.79907,1.79679,1.79743
2004-09-13T00:00:00.000000000+0000,1.79728,1.80102,1.79288,1.79765
2004-09-14T00:00:00.000000000+0000,1.79763,1.80337,1.794,1.79707
2004-09-15T00:00:00.000000000+0000,1.79697,1.79697,1.77389,1.77633
2004-09-16T00:00:00.000000000+0000,1.77633,1.79503,1.77605,1.79313
2004-09-17T00:00:00.000000000+0000,1.79317,1.7968,1.78935,1.79249
2004-09-18T00:00:00.000000000+0000,1.79249,1.79249,1.79249,1.79249
2004-09-19T00:00:00.000000000+0000,1.7923,1.79248,1.79007,1.79153
2004-09-20T00:00:00.000000000+0000,1.79157,1.79227,1.78154,1.78457
2004-09-21T00:00:00.000000000+0000,1.78479,1.8001,1.78381,1.79557
2004-09-22T00:00:00.000000000+0000,1.79558,1.80072,1.78704,1.79348
2004-09-23T00:00:00.000000000+0000,1.7938,1.80427,1.7932,1.79744
2004-09-24T00:00:00.000000000+0000,1.79748,1.80815,1.79455,1.80562
2004-09-25T00:00:00.000000000+0000,1.80562,1.80562,1.80562,1.80562
2004-09-26T00:00:00.000000000+0000,1.80544,1.80617,1.80393,1.8047
2004-09-27T00:00:00.000000000+0000,1.80458,1.81183,1.80297,1.8113
2004-09-28T00:00:00.000000000+0000,1.81102,1.81588,1.80798,1.81258
2004-09-29T00:00:00.000000000+0000,1.81263,1.81328,1.79614,1.79967
2004-09-30T00:00:00.000000000+0000,1.79983,1.81324,1.79518,1.81259
2004-10-01T00:00:00.000000000+0000,1.81229,1.81327,1.79274,1.79905
2004-10-02T00:00:00.000000000+0000,1.79905,1.79905,1.79905,1.79905
2004-10-03T00:00:00.000000000+0000,1.79863,1.79863,1.79478,1.79479
2004-10-04T00:00:00.000000000+0000,1.79489,1.79605,1.78138,1.78357
2004-10-05T00:00:00.000000000+0000,1.78352,1.7876,1.7801,1.78391
2004-10-06T00:00:00.000000000+0000,1.78385,1.78852,1.77433,1.77936
2004-10-07T00:00:00.000000000+0000,1.77938,1.78404,1.77662,1.78161
2004-10-08T00:00:00.000000000+0000,1.78192,1.7967,1.78117,1.79443
2004-10-09T00:00:00.000000000+0000,1.79443,1.79443,1.79443,1.79443
2004-10-10T00:00:00.000000000+0000,1.79485,1.79548,1.79325,1.79477
2004-10-11T00:00:00.000000000+0000,1.79531,1.79932,1.79235,1.79737
2004-10-12T00:00:00.000000000+0000,1.79708,1.79722,1.78437,1.79055
2004-10-13T00:00:00.000000000+0000,1.79051,1.79601,1.78402,1.79404
2004-10-14T00:00:00.000000000+0000,1.79403,1.80403,1.79212,1.79519
2004-10-15T00:00:00.000000000+0000,1.79526,1.80616,1.795,1.80415
2004-10-16T00:00:00.000000000+0000,1.80415,1.80415,1.80415,1.80415
2004-10-17T00:00:00.000000000+0000,1.80417,1.80512,1.80324,1.80361
2004-10-18T00:00:00.000000000+0000,1.80378,1.80678,1.79468,1.79613
2004-10-19T00:00:00.000000000+0000,1.79608,1.80535,1.79219,1.80269
2004-10-20T00:00:00.000000000+0000,1.80237,1.81896,1.80056,1.81702
2004-10-21T00:00:00.000000000+0000,1.81708,1.83039,1.816,1.82651
2004-10-22T00:00:00.000000000+0000,1.82652,1.83169,1.82221,1.82867
2004-10-23T00:00:00.000000000+0000,1.82867,1.82867,1.82867,1.82867
2004-10-24T00:00:00.000000000+0000,1.82786,1.83402,1.82777,1.83302
2004-10-25T00:00:00.000000000+0000,1.8328,1.84473,1.83267,1.84039
2004-10-26T00:00:00.000000000+0000,1.84086,1.84474,1.83292,1.83511
2004-10-27T00:00:00.000000000+0000,1.83512,1.84375,1.82488,1.82753
2004-10-28T00:00:00.000000000+0000,1.82735,1.83464,1.81961,1.83013
2004-10-29T00:00:00.000000000+0000,1.82983,1.83789,1.82811,1.83755
2004-10-30T00:00:00.000000000+0000,1.83755,1.83755,1.83755,1.83755
2004-10-31T00:00:00.000000000+0000,1.83776,1.84117,1.83574,1.84077
2004-11-01T00:00:00.000000000+0000,1.84102,1.84112,1.82959,1.83202
2004-11-02T00:00:00.000000000+0000,1.83222,1.84209,1.82985,1.83868
2004-11-03T00:00:00.000000000+0000,1.83878,1.8499,1.83171,1.84736
2004-11-04T00:00:00.000000000+0000,1.84728,1.84937,1.84097,1.84361
2004-11-05T00:00:00.000000000+0000,1.8436,1.85588,1.83298,1.85449
2004-11-06T00:00:00.000000000+0000,1.85449,1.85449,1.85449,1.85449
2004-11-07T00:00:00.000000000+0000,1.85436,1.857,1.85387,1.85545
2004-11-08T00:00:00.000000000+0000,1.85542,1.86135,1.85232,1.85418
2004-11-09T00:00:00.000000000+0000,1.85434,1.86019,1.8509,1.85489
2004-11-10T00:00:00.000000000+0000,1.85484,1.86117,1.84135,1.84622
2004-11-11T00:00:00.000000000+0000,1.84625,1.84792,1.83771,1.84207
2004-11-12T00:00:00.000000000+0000,1.84234,1.85867,1.84073,1.8563
2004-11-13T00:00:00.000000000+0000,1.8563,1.8563,1.8563,1.8563
2004-11-14T00:00:00.000000000+0000,1.85641,1.85679,1.8542,1.85614
2004-11-15T00:00:00.000000000+0000,1.85633,1.8583,1.84372,1.84597
2004-11-16T00:00:00.000000000+0000,1.8461,1.85597,1.84451,1.85328
2004-11-17T00:00:00.000000000+0000,1.8533,1.8625,1.85139,1.85863
2004-11-18T00:00:00.000000000+0000,1.85866,1.86338,1.84698,1.84806
2004-11-19T00:00:00.000000000+0000,1.8482,1.86097,1.84685,1.8529
2004-11-20T00:00:00.000000000+0000,1.8529,1.8529,1.8529,1.8529
2004-11-21T00:00:00.000000000+0000,1.85728,1.85898,1.85334,1.857
2004-11-22T00:00:00.000000000+0000,1.85683,1.86044,1.85195,1.85932
2004-11-23T00:00:00.000000000+0000,1.85917,1.87262,1.85233,1.86828
2004-11-24T00:00:00.000000000+0000,1.86832,1.88247,1.867,1.8805
2004-11-25T00:00:00.000000000+0000,1.88058,1.89389,1.87917,1.89138
2004-11-26T00:00:00.000000000+0000,1.89139,1.90323,1.88304,1.89375
2004-11-27T00:00:00.000000000+0000,1.89375,1.89375,1.89375,1.89375
2004-11-28T00:00:00.000000000+0000,1.89292,1.89297,1.8909,1.89124
2004-11-29T00:00:00.000000000+0000,1.89127,1.8963,1.88477,1.89188
2004-11-30T00:00:00.000000000+0000,1.89196,1.91283,1.8866,1.90908
2004-12-01T00:00:00.000000000+0000,1.90907,1.93538,1.9088,1.93246
2004-12-02T00:00:00.000000000+0000,1.93238,1.9435,1.91777,1.92355
2004-12-03T00:00:00.000000000+0000,1.92361,1.94417,1.91893,1.94362
2004-12-04T00:00:00.000000000+0000,1.94362,1.94362,1.94362,1.94362
2004-12-05T00:00:00.000000000+0000,1.94338,1.94385,1.94082,1.9435
2004-12-06T00:00:00.000000000+0000,1.94353,1.944,1.93572,1.93619
2004-12-07T00:00:00.000000000+0000,1.93629,1.9505,1.93629,1.94434
2004-12-08T00:00:00.000000000+0000,1.94448,1.94478,1.91848,1.93674
2004-12-09T00:00:00.000000000+0000,1.93691,1.9378,1.91276,1.92305
2004-12-10T00:00:00.000000000+0000,1.92301,1.92301,1.90135,1.91469
2004-12-11T00:00:00.000000000+0000,1.91469,1.91469,1.91469,1.91469
2004-12-12T00:00:00.000000000+0000,1.91429,1.91446,1.90726,1.9106
2004-12-13T00:00:00.000000000+0000,1.91087,1.92718,1.90952,1.92335
2004-12-14T00:00:00.000000000+0000,1.92335,1.92893,1.91953,1.9268
2004-12-15T00:00:00.000000000+0000,1.92702,1.94591,1.91798,1.94197
2004-12-16T00:00:00.000000000+0000,1.94203,1.95469,1.92584,1.93083
2004-12-17T00:00:00.000000000+0000,1.93093,1.94403,1.92825,1.94154
2004-12-18T00:00:00.000000000+0000,1.94154,1.94154,1.94154,1.94154
2004-12-19T00:00:00.000000000+0000,1.94249,1.94501,1.94112,1.9414
2004-12-20T00:00:00.000000000+0000,1.94143,1.9504,1.93637,1.9465
2004-12-21T00:00:00.000000000+0000,1.94653,1.94856,1.92448,1.9285
2004-12-22T00:00:00.000000000+0000,1.92851,1.9298,1.90983,1.9145
2004-12-23T00:00:00.000000000+0000,1.91453,1.92406,1.91338,1.92343
2004-12-24T00:00:00.000000000+0000,1.92345,1.92877,1.91262,1.92358
2004-12-25T00:00:00.000000000+0000,1.92358,1.92358,1.92358,1.92358
2004-12-26T00:00:00.000000000+0000,1.92299,1.92403,1.92225,1.92348
2004-12-27T00:00:00.000000000+0000,1.92353,1.9381,1.91956,1.9342
2004-12-28T00:00:00.000000000+0000,1.934,1.94145,1.92631,1.92677
2004-12-29T00:00:00.000000000+0000,1.92678,1.93329,1.91188,1.91722
2004-12-30T00:00:00.000000000+0000,1.91681,1.9286,1.91428,1.92329
2004-12-31T00:00:00.000000000+0000,1.92288,1.93495,1.91638,1.91814
2006-01-01T00:00:00.000000000+0000,1.72246,1.72278,1.72225,1.72258
2006-01-02T00:00:00.000000000+0000,1.72267,1.7228,1.71755,1.7186
2006-01-03T00:00:00.000000000+0000,1.71861,1.74843,1.71851,1.74802
2006-01-04T00:00:00.000000000+0000,1.74807,1.76149,1.74574,1.75654
2006-01-05T00:00:00.000000000+0000,1.75656,1.75848,1.74842,1.7547
2006-01-06T00:00:00.000000000+0000,1.75473,1.77183,1.74258,1.77035
2006-01-07T00:00:00.000000000+0000,1.77035,1.77035,1.77035,1.77035
2006-01-08T00:00:00.000000000+0000,1.76946,1.76946,1.76627,1.76832
2006-01-09T00:00:00.000000000+0000,1.76835,1.77226,1.76259,1.76392
2006-01-10T00:00:00.000000000+0000,1.76393,1.76961,1.76155,1.76392
2006-01-11T00:00:00.000000000+0000,1.76393,1.76731,1.75201,1.76617
2006-01-12T00:00:00.000000000+0000,1.76619,1.77235,1.75779,1.76036
2006-01-13T00:00:00.000000000+0000,1.76045,1.77775,1.75925,1.7766
2006-01-14T00:00:00.000000000+0000,1.7766,1.7766,1.7766,1.7766
2006-01-15T00:00:00.000000000+0000,1.77657,1.77849,1.7758,1.7774
2006-01-16T00:00:00.000000000+0000,1.77741,1.77939,1.76399,1.76609
2006-01-17T00:00:00.000000000+0000,1.76609,1.7699,1.75845,1.7666
2006-01-18T00:00:00.000000000+0000,1.76656,1.77004,1.75839,1.76158
2006-01-19T00:00:00.000000000+0000,1.76155,1.76335,1.75275,1.75652
2006-01-20T00:00:00.000000000+0000,1.7565,1.77195,1.75345,1.7706
2006-01-21T00:00:00.000000000+0000,1.7706,1.7706,1.7706,1.7706
2006-01-22T00:00:00.000000000+0000,1.77007,1.77287,1.76958,1.77251
2006-01-23T00:00:00.000000000+0000,1.77257,1.78834,1.77179,1.7861
2006-01-24T00:00:00.000000000+0000,1.7862,1.78945,1.78043,1.78293
2006-01-25T00:00:00.000000000+0000,1.78293,1.79303,1.7815,1.78348
2006-01-26T00:00:00.000000000+0000,1.78363,1.78881,1.77736,1.7809
2006-01-27T00:00:00.000000000+0000,1.78089,1.78743,1.76651,1.7671
2006-01-28T00:00:00.000000000+0000,1.7671,1.7671,1.7671,1.7671
2006-01-29T00:00:00.000000000+0000,1.767,1.76933,1.767,1.76912
2006-01-30T00:00:00.000000000+0000,1.76913,1.77124,1.7634,1.76652
2006-01-31T00:00:00.000000000+0000,1.76653,1.78562,1.76633,1.7781
2006-02-01T00:00:00.000000000+0000,1.77815,1.78106,1.77243,1.77438
2006-02-02T00:00:00.000000000+0000,1.77441,1.7812,1.77098,1.77796
2006-02-03T00:00:00.000000000+0000,1.778,1.78054,1.75919,1.7626
2006-02-04T00:00:00.000000000+0000,1.7626,1.7626,1.7626,1.7626
2006-02-05T00:00:00.000000000+0000,1.76219,1.76291,1.76077,1.7625
2006-02-06T00:00:00.000000000+0000,1.76253,1.76386,1.74337,1.74647
2006-02-07T00:00:00.000000000+0000,1.74653,1.75129,1.74026,1.74628
2006-02-08T00:00:00.000000000+0000,1.7463,1.74654,1.73761,1.74088
2006-02-09T00:00:00.000000000+0000,1.74091,1.74592,1.73749,1.7444
2006-02-10T00:00:00.000000000+0000,1.74463,1.75722,1.74111,1.744
2006-02-11T00:00:00.000000000+0000,1.744,1.744,1.744,1.744
2006-02-12T00:00:00.000000000+0000,1.74388,1.74443,1.74274,1.74338
2006-02-13T00:00:00.000000000+0000,1.74341,1.74385,1.7363,1.74308
2006-02-14T00:00:00.000000000+0000,1.74305,1.74429,1.72802,1.73548
2006-02-15T00:00:00.000000000+0000,1.73552,1.74853,1.73305,1.73968
2006-02-16T00:00:00.000000000+0000,1.73969,1.74046,1.73075,1.73894
2006-02-17T00:00:00.000000000+0000,1.73879,1.74217,1.73284,1.7418
2006-02-18T00:00:00.000000000+0000,1.7418,1.7418,1.7418,1.7418
2006-02-19T00:00:00.000000000+0000,1.74129,1.74249,1.74007,1.74202
2006-02-20T00:00:00.000000000+0000,1.74207,1.74583,1.74061,1.74394
2006-02-21T00:00:00.000000000+0000,1.7441,1.74732,1.74153,1.74537
2006-02-22T00:00:00.000000000+0000,1.74533,1.74633,1.73611,1.74362
2006-02-23T00:00:00.000000000+0000,1.74364,1.75526,1.74121,1.75155
2006-02-24T00:00:00.000000000+0000,1.75155,1.75332,1.74256,1.7455
2006-02-25T00:00:00.000000000+0000,1.7455,1.7455,1.7455,1.7455
2006-02-26T00:00:00.000000000+0000,1.74506,1.74506,1.73926,1.73956
2006-02-27T00:00:00.000000000+0000,1.73957,1.74478,1.73747,1.7394
2006-02-28T00:00:00.000000000+0000,1.73943,1.75659,1.73749,1.75364
2006-03-01T00:00:00.000000000+0000,1.7536,1.75913,1.74602,1.7494
2006-03-02T00:00:00.000000000+0000,1.74942,1.75455,1.74341,1.75298
2006-03-03T00:00:00.000000000+0000,1.753,1.75842,1.75009,1.7553
2006-03-04T00:00:00.000000000+0000,1.7553,1.7553,1.7553,1.7553
2006-03-05T00:00:00.000000000+0000,1.75534,1.75889,1.75522,1.75872
2006-03-06T00:00:00.000000000+0000,1.7588,1.7621,1.7466,1.7493
2006-03-07T00:00:00.000000000+0000,1.74933,1.74976,1.73288,1.7358
2006-03-08T00:00:00.000000000+0000,1.73585,1.74151,1.73413,1.7362
2006-03-09T00:00:00.000000000+0000,1.73625,1.74092,1.73439,1.73522
2006-03-10T00:00:00.000000000+0000,1.73523,1.73951,1.72305,1.7259
2006-03-11T00:00:00.000000000+0000,1.7259,1.7259,1.7259,1.7259
2006-03-12T00:00:00.000000000+0000,1.7254,1.72735,1.7248,1.72713
2006-03-13T00:00:00.000000000+0000,1.72713,1.73689,1.72273,1.73532
2006-03-14T00:00:00.000000000+0000,1.73534,1.74819,1.73373,1.7464
2006-03-15T00:00:00.000000000+0000,1.74642,1.74914,1.74186,1.74702
2006-03-16T00:00:00.000000000+0000,1.74703,1.75941,1.74401,1.7563
2006-03-17T00:00:00.000000000+0000,1.75632,1.75755,1.75106,1.75615
2006-03-18T00:00:00.000000000+0000,1.75615,1.75615,1.75615,1.75615
2006-03-19T00:00:00.000000000+0000,1.75572,1.75643,1.75401,1.75475
2006-03-20T00:00:00.000000000+0000,1.75471,1.75849,1.75256,1.7551
2006-03-21T00:00:00.000000000+0000,1.75511,1.75512,1.74491,1.7487
2006-03-22T00:00:00.000000000+0000,1.74872,1.75044,1.74508,1.74628
2006-03-23T00:00:00.000000000+0000,1.74633,1.74657,1.73274,1.73359
2006-03-24T00:00:00.000000000+0000,1.73357,1.74423,1.73085,1.7421
2006-03-25T00:00:00.000000000+0000,1.7421,1.7421,1.7421,1.7421
2006-03-26T00:00:00.000000000+0000,1.74193,1.74295,1.74112,1.74268
2006-03-27T00:00:00.000000000+0000,1.74288,1.74928,1.74151,1.7467
2006-03-28T00:00:00.000000000+0000,1.74687,1.75336,1.74205,1.7425
2006-03-29T00:00:00.000000000+0000,1.74253,1.74404,1.7316,1.73489
2006-03-30T00:00:00.000000000+0000,1.73492,1.74806,1.73435,1.74691
2006-03-31T00:00:00.000000000+0000,1.74701,1.74707,1.73369,1.7369
2006-04-01T00:00:00.000000000+0000,1.7369,1.7369,1.7369,1.7369
2006-04-02T00:00:00.000000000+0000,1.73647,1.73753,1.73553,1.7356
2006-04-03T00:00:00.000000000+0000,1.73566,1.74131,1.72492,1.73967
2006-04-04T00:00:00.000000000+0000,1.73974,1.75727,1.73694,1.75391
2006-04-05T00:00:00.000000000+0000,1.754,1.76136,1.748,1.7515
2006-04-06T00:00:00.000000000+0000,1.75152,1.75933,1.7487,1.75068
2006-04-07T00:00:00.000000000+0000,1.75092,1.75286,1.73513,1.74155
2006-04-08T00:00:00.000000000+0000,1.74155,1.74155,1.74155,1.74155
2006-04-09T00:00:00.000000000+0000,1.74158,1.74308,1.7414,1.74245
2006-04-10T00:00:00.000000000+0000,1.74248,1.74694,1.73737,1.74282
2006-04-11T00:00:00.000000000+0000,1.74282,1.74997,1.7393,1.74959
2006-04-12T00:00:00.000000000+0000,1.74968,1.75709,1.74625,1.74955
2006-04-13T00:00:00.000000000+0000,1.74951,1.75559,1.74832,1.7513
2006-04-14T00:00:00.000000000+0000,1.75135,1.75264,1.74963,1.75063
2006-04-15T00:00:00.000000000+0000,1.75063,1.75063,1.75063,1.75063
2006-04-16T00:00:00.000000000+0000,1.75117,1.75535,1.74628,1.7553
2006-04-17T00:00:00.000000000+0000,1.75533,1.77448,1.75528,1.76992
2006-04-18T00:00:00.000000000+0000,1.76995,1.78388,1.7677,1.78229
2006-04-19T00:00:00.000000000+0000,1.78233,1.79334,1.77933,1.79071
2006-04-20T00:00:00.000000000+0000,1.79068,1.79068,1.77529,1.77769
2006-04-21T00:00:00.000000000+0000,1.77777,1.78406,1.77601,1.78163
2006-04-22T00:00:00.000000000+0000,1.78163,1.78163,1.78163,1.78163
2006-04-23T00:00:00.000000000+0000,1.78357,1.78721,1.78286,1.78694
2006-04-24T00:00:00.000000000+0000,1.78689,1.79258,1.77919,1.78558
2006-04-25T00:00:00.000000000+0000,1.78561,1.7939,1.78255,1.78759
2006-04-26T00:00:00.000000000+0000,1.78756,1.79078,1.7801,1.78477
2006-04-27T00:00:00.000000000+0000,1.78472,1.80401,1.78204,1.80137
2006-04-28T00:00:00.000000000+0000,1.80137,1.82668,1.79984,1.82505
2006-04-29T00:00:00.000000000+0000,1.82505,1.82505,1.82505,1.82505
2006-04-30T00:00:00.000000000+0000,1.82423,1.8244,1.82265,1.8236
2006-05-01T00:00:00.000000000+0000,1.82373,1.84123,1.82043,1.82295
2006-05-02T00:00:00.000000000+0000,1.82302,1.84242,1.82071,1.83626
2006-05-03T00:00:00.000000000+0000,1.83632,1.84754,1.83544,1.84047
2006-05-04T00:00:00.000000000+0000,1.84045,1.85457,1.83346,1.8512
2006-05-05T00:00:00.000000000+0000,1.85122,1.86207,1.83116,1.85892
2006-05-06T00:00:00.000000000+0000,1.85892,1.85892,1.85892,1.85892
2006-05-07T00:00:00.000000000+0000,1.85986,1.8645,1.85985,1.86219
2006-05-08T00:00:00.000000000+0000,1.86219,1.86832,1.85477,1.85758
2006-05-09T00:00:00.000000000+0000,1.85764,1.86859,1.85135,1.86584
2006-05-10T00:00:00.000000000+0000,1.8659,1.87256,1.85788,1.85812
2006-05-11T00:00:00.000000000+0000,1.85828,1.8861,1.85295,1.88454
2006-05-12T00:00:00.000000000+0000,1.88437,1.89939,1.88225,1.89402
2006-05-13T00:00:00.000000000+0000,1.89402,1.89402,1.89402,1.89402
2006-05-14T00:00:00.000000000+0000,1.89435,1.89939,1.89405,1.89882
2006-05-15T00:00:00.000000000+0000,1.89878,1.89926,1.8754,1.8776
2006-05-16T00:00:00.000000000+0000,1.87766,1.88941,1.87461,1.88582
2006-05-17T00:00:00.000000000+0000,1.88586,1.9018,1.87748,1.88182
2006-05-18T00:00:00.000000000+0000,1.88183,1.89593,1.8806,1.89444
2006-05-19T00:00:00.000000000+0000,1.89465,1.89526,1.87001,1.87738
2006-05-20T00:00:00.000000000+0000,1.87738,1.87738,1.87738,1.87738
2006-05-21T00:00:00.000000000+0000,1.87925,1.87938,1.87528,1.87602
2006-05-22T00:00:00.000000000+0000,1.87603,1.88842,1.86317,1.88448
2006-05-23T00:00:00.000000000+0000,1.8846,1.88806,1.8739,1.87853
2006-05-24T00:00:00.000000000+0000,1.87863,1.88552,1.86482,1.86919
2006-05-25T00:00:00.000000000+0000,1.8693,1.87706,1.86654,1.87379
2006-05-26T00:00:00.000000000+0000,1.87408,1.87463,1.85285,1.85827
2006-05-27T00:00:00.000000000+0000,1.85827,1.85827,1.85827,1.85827
2006-05-28T00:00:00.000000000+0000,1.85905,1.85965,1.85587,1.85883
2006-05-29T00:00:00.000000000+0000,1.85912,1.86396,1.85631,1.85828
2006-05-30T00:00:00.000000000+0000,1.85833,1.88626,1.85762,1.88098
2006-05-31T00:00:00.000000000+0000,1.88101,1.88514,1.86736,1.87079
2006-06-01T00:00:00.000000000+0000,1.87072,1.87093,1.85606,1.86643
2006-06-02T00:00:00.000000000+0000,1.8665,1.88574,1.86071,1.8813
2006-06-03T00:00:00.000000000+0000,1.8813,1.8813,1.8813,1.8813
2006-06-04T00:00:00.000000000+0000,1.88195,1.88384,1.88165,1.88343
2006-06-05T00:00:00.000000000+0000,1.88341,1.88752,1.86447,1.87106
2006-06-06T00:00:00.000000000+0000,1.87109,1.87702,1.85863,1.86045
2006-06-07T00:00:00.000000000+0000,1.86062,1.86446,1.85284,1.85697
2006-06-08T00:00:00.000000000+0000,1.857,1.85734,1.83688,1.843
2006-06-09T00:00:00.000000000+0000,1.84302,1.84825,1.83672,1.84034
2006-06-10T00:00:00.000000000+0000,1.84034,1.84034,1.84034,1.84034
2006-06-11T00:00:00.000000000+0000,1.83975,1.83978,1.8377,1.83794
2006-06-12T00:00:00.000000000+0000,1.838,1.84659,1.83797,1.84015
2006-06-13T00:00:00.000000000+0000,1.84018,1.84463,1.83137,1.8341
2006-06-14T00:00:00.000000000+0000,1.83414,1.84964,1.83315,1.84377
2006-06-15T00:00:00.000000000+0000,1.84378,1.85422,1.84182,1.85103
2006-06-16T00:00:00.000000000+0000,1.85108,1.85567,1.84694,1.8501
2006-06-17T00:00:00.000000000+0000,1.8501,1.8501,1.8501,1.8501
2006-06-18T00:00:00.000000000+0000,1.85,1.85265,1.8497,1.85172
2006-06-19T00:00:00.000000000+0000,1.85175,1.85177,1.83676,1.84001
2006-06-20T00:00:00.000000000+0000,1.84,1.84563,1.83482,1.84456
2006-06-21T00:00:00.000000000+0000,1.84457,1.84705,1.84076,1.84606
2006-06-22T00:00:00.000000000+0000,1.84588,1.84661,1.82618,1.8277
2006-06-23T00:00:00.000000000+0000,1.82779,1.83095,1.81293,1.81865
2006-06-24T00:00:00.000000000+0000,1.81865,1.81865,1.81865,1.81865
2006-06-25T00:00:00.000000000+0000,1.8173,1.82007,1.81668,1.81986
2006-06-26T00:00:00.000000000+0000,1.8199,1.82534,1.81613,1.82516
2006-06-27T00:00:00.000000000+0000,1.82521,1.82611,1.81847,1.82095
2006-06-28T00:00:00.000000000+0000,1.82095,1.82384,1.81434,1.8172
2006-06-29T00:00:00.000000000+0000,1.81714,1.82964,1.80759,1.82729
2006-06-30T00:00:00.000000000+0000,1.82733,1.84992,1.82695,1.8498
2006-07-01T00:00:00.000000000+0000,1.8498,1.8498,1.8498,1.8498
2006-07-02T00:00:00.000000000+0000,1.84789,1.84789,1.84595,1.84727
2006-07-03T00:00:00.000000000+0000,1.84728,1.84859,1.83848,1.84274
2006-07-04T00:00:00.000000000+0000,1.84271,1.8478,1.8422,1.84315
2006-07-05T00:00:00.000000000+0000,1.84327,1.84844,1.83246,1.83498
2006-07-06T00:00:00.000000000+0000,1.83513,1.84061,1.83326,1.83709
2006-07-07T00:00:00.000000000+0000,1.83712,1.85365,1.83527,1.85058
2006-07-08T00:00:00.000000000+0000,1.85058,1.85058,1.85058,1.85058
2006-07-09T00:00:00.000000000+0000,1.85024,1.8504,1.84913,1.84998
2006-07-10T00:00:00.000000000+0000,1.85001,1.85194,1.83679,1.8422
2006-07-11T00:00:00.000000000+0000,1.84225,1.84711,1.83656,1.84455
2006-07-12T00:00:00.000000000+0000,1.84458,1.84763,1.83109,1.83318
2006-07-13T00:00:00.000000000+0000,1.83331,1.84656,1.83303,1.8431
2006-07-14T00:00:00.000000000+0000,1.84314,1.84476,1.83376,1.83817
2006-07-15T00:00:00.000000000+0000,1.83817,1.83817,1.83817,1.83817
2006-07-16T00:00:00.000000000+0000,1.8378,1.83858,1.83615,1.83765
2006-07-17T00:00:00.000000000+0000,1.83767,1.83809,1.81753,1.81985
2006-07-18T00:00:00.000000000+0000,1.81988,1.83273,1.81816,1.82489
2006-07-19T00:00:00.000000000+0000,1.82486,1.84393,1.82051,1.84217
2006-07-20T00:00:00.000000000+0000,1.84223,1.85163,1.84179,1.8479
2006-07-21T00:00:00.000000000+0000,1.84793,1.85964,1.84672,1.85763
2006-07-22T00:00:00.000000000+0000,1.85763,1.85763,1.85763,1.85763
2006-07-23T00:00:00.000000000+0000,1.8588,1.85937,1.85778,1.85882
2006-07-24T00:00:00.000000000+0000,1.8586,1.8586,1.848,1.84897
2006-07-25T00:00:00.000000000+0000,1.849,1.8533,1.83837,1.8406
2006-07-26T00:00:00.000000000+0000,1.84063,1.85494,1.839,1.85344
2006-07-27T00:00:00.000000000+0000,1.85344,1.86731,1.85248,1.8562
2006-07-28T00:00:00.000000000+0000,1.85621,1.86632,1.85004,1.86263
2006-07-29T00:00:00.000000000+0000,1.86263,1.86263,1.86263,1.86263
2006-07-30T00:00:00.000000000+0000,1.86276,1.86413,1.86175,1.86403
2006-07-31T00:00:00.000000000+0000,1.86405,1.86874,1.86156,1.86735
2006-08-01T00:00:00.000000000+0000,1.8674,1.87682,1.86252,1.87643
2006-08-02T00:00:00.000000000+0000,1.87651,1.8793,1.87305,1.87732
2006-08-03T00:00:00.000000000+0000,1.87731,1.89118,1.86989,1.88626
2006-08-04T00:00:00.000000000+0000,1.88628,1.91255,1.88498,1.90733
2006-08-05T00:00:00.000000000+0000,1.90733,1.90733,1.90733,1.90733
2006-08-06T00:00:00.000000000+0000,1.90722,1.90832,1.90655,1.9078
2006-08-07T00:00:00.000000000+0000,1.90783,1.9112,1.90376,1.90427
2006-08-08T00:00:00.000000000+0000,1.90428,1.91395,1.89755,1.89991
2006-08-09T00:00:00.000000000+0000,1.89989,1.91071,1.89699,1.90498
2006-08-10T00:00:00.000000000+0000,1.90497,1.90853,1.88663,1.89352
2006-08-11T00:00:00.000000000+0000,1.8935,1.89871,1.88842,1.8903
2006-08-12T00:00:00.000000000+0000,1.8903,1.8903,1.8903,1.8903
2006-08-13T00:00:00.000000000+0000,1.89056,1.89287,1.88848,1.8922
2006-08-14T00:00:00.000000000+0000,1.89233,1.89485,1.88407,1.88829
2006-08-15T00:00:00.000000000+0000,1.88834,1.89756,1.88551,1.89297
2006-08-16T00:00:00.000000000+0000,1.89302,1.9022,1.88618,1.89638
2006-08-17T00:00:00.000000000+0000,1.89641,1.89996,1.88192,1.88503
2006-08-18T00:00:00.000000000+0000,1.88508,1.88661,1.87753,1.8811
2006-08-19T00:00:00.000000000+0000,1.8811,1.8811,1.8811,1.8811
2006-08-20T00:00:00.000000000+0000,1.88057,1.88245,1.88001,1.88215
2006-08-21T00:00:00.000000000+0000,1.88219,1.89943,1.88177,1.89061
2006-08-22T00:00:00.000000000+0000,1.89063,1.89469,1.88537,1.88685
2006-08-23T00:00:00.000000000+0000,1.88689,1.89944,1.88636,1.89225
2006-08-24T00:00:00.000000000+0000,1.89216,1.89699,1.88575,1.8871
2006-08-25T00:00:00.000000000+0000,1.88713,1.89116,1.88297,1.88683
2006-08-26T00:00:00.000000000+0000,1.88683,1.88683,1.88683,1.88683
2006-08-27T00:00:00.000000000+0000,1.88689,1.88823,1.88597,1.88648
2006-08-28T00:00:00.000000000+0000,1.88653,1.89899,1.88634,1.89472
2006-08-29T00:00:00.000000000+0000,1.89471,1.90264,1.88954,1.89843
2006-08-30T00:00:00.000000000+0000,1.89845,1.90579,1.89692,1.90373
2006-08-31T00:00:00.000000000+0000,1.90386,1.90911,1.89937,1.90335
2006-09-01T00:00:00.000000000+0000,1.90348,1.90659,1.89566,1.90488
2006-09-02T00:00:00.000000000+0000,1.90488,1.90488,1.90488,1.90488
2006-09-03T00:00:00.000000000+0000,1.90499,1.90719,1.90479,1.90628
2006-09-04T00:00:00.000000000+0000,1.90633,1.90789,1.90296,1.90504
2006-09-05T00:00:00.000000000+0000,1.90513,1.90563,1.89114,1.8936
2006-09-06T00:00:00.000000000+0000,1.89345,1.89535,1.87941,1.88528
2006-09-07T00:00:00.000000000+0000,1.88529,1.88687,1.8706,1.87484
2006-09-08T00:00:00.000000000+0000,1.87514,1.87534,1.8627,1.86537
2006-09-09T00:00:00.000000000+0000,1.86537,1.86537,1.86537,1.86537
2006-09-10T00:00:00.000000000+0000,1.86508,1.86721,1.86375,1.86708
2006-09-11T00:00:00.000000000+0000,1.86711,1.87033,1.86023,1.8666
2006-09-12T00:00:00.000000000+0000,1.8666,1.87684,1.86598,1.87302
2006-09-13T00:00:00.000000000+0000,1.87301,1.87785,1.87085,1.87749
2006-09-14T00:00:00.000000000+0000,1.87749,1.8917,1.87555,1.8855
2006-09-15T00:00:00.000000000+0000,1.88557,1.88798,1.87524,1.87927
2006-09-16T00:00:00.000000000+0000,1.87927,1.87927,1.87927,1.87927
2006-09-17T00:00:00.000000000+0000,1.87899,1.8802,1.87627,1.87781
2006-09-18T00:00:00.000000000+0000,1.87825,1.8839,1.87351,1.88158
2006-09-19T00:00:00.000000000+0000,1.88165,1.88837,1.87728,1.88107
2006-09-20T00:00:00.000000000+0000,1.88111,1.89269,1.8802,1.88828
2006-09-21T00:00:00.000000000+0000,1.88823,1.90308,1.88795,1.90268
2006-09-22T00:00:00.000000000+0000,1.90266,1.90614,1.89874,1.89899
2006-09-23T00:00:00.000000000+0000,1.89899,1.89899,1.89899,1.89899
2006-09-24T00:00:00.000000000+0000,1.89896,1.90151,1.89895,1.90092
2006-09-25T00:00:00.000000000+0000,1.901,1.90708,1.89811,1.90102
2006-09-26T00:00:00.000000000+0000,1.90101,1.90256,1.89307,1.89544
2006-09-27T00:00:00.000000000+0000,1.89541,1.89595,1.88532,1.88993
2006-09-28T00:00:00.000000000+0000,1.88993,1.89129,1.87229,1.87514
2006-09-29T00:00:00.000000000+0000,1.8752,1.87774,1.86344,1.87217
2006-09-30T00:00:00.000000000+0000,1.87217,1.87217,1.87217,1.87217
2006-10-01T00:00:00.000000000+0000,1.87285,1.87595,1.87025,1.87206
2006-10-02T00:00:00.000000000+0000,1.87208,1.88761,1.86744,1.88648
2006-10-03T00:00:00.000000000+0000,1.88636,1.8897,1.88537,1.88625
2006-10-04T00:00:00.000000000+0000,1.88618,1.8882,1.87847,1.8864
2006-10-05T00:00:00.000000000+0000,1.88645,1.88684,1.87498,1.87853
2006-10-06T00:00:00.000000000+0000,1.87854,1.88652,1.86735,1.8699
2006-10-07T00:00:00.000000000+0000,1.8699,1.8699,1.8699,1.8699
2006-10-08T00:00:00.000000000+0000,1.86952,1.87001,1.86822,1.8699
2006-10-09T00:00:00.000000000+0000,1.87,1.8711,1.86349,1.86633
2006-10-10T00:00:00.000000000+0000,1.86633,1.86995,1.85257,1.85362
2006-10-11T00:00:00.000000000+0000,1.85359,1.85865,1.85163,1.85449
2006-10-12T00:00:00.000000000+0000,1.85455,1.861,1.85359,1.85888
2006-10-13T00:00:00.000000000+0000,1.85886,1.86328,1.85337,1.8552
2006-10-14T00:00:00.000000000+0000,1.8552,1.8552,1.8552,1.8552
2006-10-15T00:00:00.000000000+0000,1.85508,1.85617,1.85377,1.854
2006-10-16T00:00:00.000000000+0000,1.85398,1.86459,1.85217,1.8611
2006-10-17T00:00:00.000000000+0000,1.8613,1.87347,1.86078,1.86974
2006-10-18T00:00:00.000000000+0000,1.86972,1.87362,1.8662,1.86735
2006-10-19T00:00:00.000000000+0000,1.86732,1.87972,1.86646,1.87698
2006-10-20T00:00:00.000000000+0000,1.877,1.88577,1.87562,1.88359
2006-10-21T00:00:00.000000000+0000,1.88359,1.88359,1.88359,1.88359
2006-10-22T00:00:00.000000000+0000,1.88303,1.88358,1.88193,1.8823
2006-10-23T00:00:00.000000000+0000,1.8823,1.88285,1.86857,1.87235
2006-10-24T00:00:00.000000000+0000,1.87236,1.87671,1.86743,1.87231
2006-10-25T00:00:00.000000000+0000,1.87233,1.8798,1.87222,1.8785
2006-10-26T00:00:00.000000000+0000,1.87856,1.89234,1.87819,1.8891
2006-10-27T00:00:00.000000000+0000,1.88916,1.90002,1.88702,1.89755
2006-10-28T00:00:00.000000000+0000,1.89755,1.89755,1.89755,1.89755
2006-10-29T00:00:00.000000000+0000,1.89741,1.89763,1.89471,1.89605
2006-10-30T00:00:00.000000000+0000,1.8963,1.90408,1.89545,1.8993
2006-10-31T00:00:00.000000000+0000,1.8994,1.90968,1.89593,1.90782
2006-11-01T00:00:00.000000000+0000,1.90787,1.9135,1.90544,1.90692
2006-11-02T00:00:00.000000000+0000,1.907,1.91039,1.90322,1.90772
2006-11-03T00:00:00.000000000+0000,1.90774,1.91113,1.89754,1.90102
2006-11-04T00:00:00.000000000+0000,1.90102,1.90102,1.90102,1.90102
2006-11-05T00:00:00.000000000+0000,1.90098,1.90279,1.90053,1.90153
2006-11-06T00:00:00.000000000+0000,1.90161,1.9026,1.89488,1.89797
2006-11-07T00:00:00.000000000+0000,1.89805,1.912,1.89801,1.90528
2006-11-08T00:00:00.000000000+0000,1.90535,1.90955,1.90062,1.90457
2006-11-09T00:00:00.000000000+0000,1.90458,1.90819,1.89748,1.90642
2006-11-10T00:00:00.000000000+0000,1.90646,1.91772,1.906,1.9103
2006-11-11T00:00:00.000000000+0000,1.9103,1.9103,1.9103,1.9103
2006-11-12T00:00:00.000000000+0000,1.91006,1.91255,1.90877,1.91138
2006-11-13T00:00:00.000000000+0000,1.91146,1.91508,1.89967,1.90468
2006-11-14T00:00:00.000000000+0000,1.90465,1.90473,1.8925,1.8957
2006-11-15T00:00:00.000000000+0000,1.8958,1.89678,1.88371,1.88882
2006-11-16T00:00:00.000000000+0000,1.88881,1.89286,1.88518,1.88777
2006-11-17T00:00:00.000000000+0000,1.88802,1.89659,1.88352,1.89371
2006-11-18T00:00:00.000000000+0000,1.89371,1.89371,1.89371,1.89371
2006-11-19T00:00:00.000000000+0000,1.89406,1.89506,1.89368,1.89399
2006-11-20T00:00:00.000000000+0000,1.89411,1.89859,1.89316,1.89685
2006-11-21T00:00:00.000000000+0000,1.8969,1.90029,1.89612,1.89902
2006-11-22T00:00:00.000000000+0000,1.89901,1.91662,1.89861,1.91398
2006-11-23T00:00:00.000000000+0000,1.91398,1.91661,1.91286,1.9156
2006-11-24T00:00:00.000000000+0000,1.91559,1.93483,1.91434,1.93221
2006-11-25T00:00:00.000000000+0000,1.93221,1.93221,1.93221,1.93221
2006-11-26T00:00:00.000000000+0000,1.932,1.94685,1.932,1.93929
2006-11-27T00:00:00.000000000+0000,1.93931,1.94079,1.93117,1.93787
2006-11-28T00:00:00.000000000+0000,1.93786,1.9538,1.93668,1.95283
2006-11-29T00:00:00.000000000+0000,1.95289,1.9542,1.94344,1.94561
2006-11-30T00:00:00.000000000+0000,1.94572,1.9698,1.94474,1.96601
2006-12-01T00:00:00.000000000+0000,1.96633,1.98449,1.96367,1.97937
2006-12-02T00:00:00.000000000+0000,1.97937,1.97937,1.97937,1.97937
2006-12-03T00:00:00.000000000+0000,1.98084,1.98379,1.9759,1.98172
2006-12-04T00:00:00.000000000+0000,1.98163,1.98184,1.97243,1.98032
2006-12-05T00:00:00.000000000+0000,1.98034,1.98052,1.96784,1.97302
2006-12-06T00:00:00.000000000+0000,1.97303,1.97386,1.96166,1.96589
2006-12-07T00:00:00.000000000+0000,1.96593,1.97092,1.96086,1.9624
2006-12-08T00:00:00.000000000+0000,1.96263,1.97255,1.95108,1.95457
2006-12-09T00:00:00.000000000+0000,1.95457,1.95457,1.95457,1.95457
2006-12-10T00:00:00.000000000+0000,1.95325,1.9548,1.95088,1.95387
2006-12-11T00:00:00.000000000+0000,1.95361,1.96057,1.94655,1.95973
2006-12-12T00:00:00.000000000+0000,1.95969,1.97139,1.95772,1.97081
2006-12-13T00:00:00.000000000+0000,1.97083,1.97269,1.96076,1.96727
2006-12-14T00:00:00.000000000+0000,1.96715,1.97105,1.95782,1.9617
2006-12-15T00:00:00.000000000+0000,1.95531,1.96625,1.9498,1.95195
2006-12-16T00:00:00.000000000+0000,1.95195,1.95195,1.95195,1.95195
2006-12-17T00:00:00.000000000+0000,1.95174,1.95302,1.95098,1.95222
2006-12-18T00:00:00.000000000+0000,1.95213,1.95778,1.94337,1.94755
2006-12-19T00:00:00.000000000+0000,1.94745,1.97121,1.94732,1.97075
2006-12-20T00:00:00.000000000+0000,1.97077,1.97464,1.96178,1.9652
2006-12-21T00:00:00.000000000+0000,1.9653,1.9695,1.95575,1.962
2006-12-22T00:00:00.000000000+0000,1.962,1.96807,1.95581,1.95778
2006-12-23T00:00:00.000000000+0000,1.95778,1.95778,1.95778,1.95778
2006-12-24T00:00:00.000000000+0000,1.95796,1.95933,1.95548,1.95878
2006-12-25T00:00:00.000000000+0000,1.9591,1.97564,1.95549,1.95872
2006-12-26T00:00:00.000000000+0000,1.95862,1.95983,1.9513,1.95517
2006-12-27T00:00:00.000000000+0000,1.95518,1.96292,1.95273,1.95635
2006-12-28T00:00:00.000000000+0000,1.95635,1.96765,1.9553,1.96168
2006-12-29T00:00:00.000000000+0000,1.96172,1.9669,1.9565,1.95848
2006-12-30T00:00:00.000000000+0000,1.95848,1.95848,1.95848,1.95848
2006-12-31T00:00:00.000000000+0000,1.95846,1.95879,1.95779,1.95802
2007-01-01T00:00:00.000000000+0000,1.95805,1.96417,1.95765,1.96332
2007-01-02T00:00:00.000000000+0000,1.9633,1.97418,1.9604,1.97295
2007-01-03T00:00:00.000000000+0000,1.97301,1.9749,1.94814,1.95169
2007-01-04T00:00:00.000000000+0000,1.95165,1.95296,1.9398,1.94258
2007-01-05T00:00:00.000000000+0000,1.94251,1.94316,1.92633,1.929
2007-01-06T00:00:00.000000000+0000,1.929,1.929,1.929,1.929
2007-01-07T00:00:00.000000000+0000,1.9287,1.93069,1.9287,1.92932
2007-01-08T00:00:00.000000000+0000,1.92938,1.94023,1.92608,1.93987
2007-01-09T00:00:00.000000000+0000,1.93985,1.94527,1.93852,1.9388
2007-01-10T00:00:00.000000000+0000,1.93881,1.94205,1.93148,1.93187
2007-01-11T00:00:00.000000000+0000,1.932,1.95336,1.93169,1.94395
2007-01-12T00:00:00.000000000+0000,1.94392,1.96036,1.94268,1.9588
2007-01-13T00:00:00.000000000+0000,1.9588,1.9588,1.9588,1.9588
2007-01-14T00:00:00.000000000+0000,1.95893,1.96019,1.95791,1.95992
2007-01-15T00:00:00.000000000+0000,1.9598,1.96676,1.95697,1.96399
2007-01-16T00:00:00.000000000+0000,1.96413,1.9702,1.959,1.96069
2007-01-17T00:00:00.000000000+0000,1.96068,1.9722,1.96035,1.97015
2007-01-18T00:00:00.000000000+0000,1.97022,1.97776,1.96364,1.97388
2007-01-19T00:00:00.000000000+0000,1.97382,1.97662,1.9696,1.97335
2007-01-20T00:00:00.000000000+0000,1.97335,1.97335,1.97335,1.97335
2007-01-21T00:00:00.000000000+0000,1.97326,1.97444,1.97288,1.97365
2007-01-22T00:00:00.000000000+0000,1.97367,1.97857,1.97169,1.97647
2007-01-23T00:00:00.000000000+0000,1.97655,1.99145,1.97652,1.98179
2007-01-24T00:00:00.000000000+0000,1.98181,1.98299,1.96464,1.9677
2007-01-25T00:00:00.000000000+0000,1.96757,1.97307,1.96245,1.96495
2007-01-26T00:00:00.000000000+0000,1.96485,1.96771,1.95576,1.95807
2007-01-27T00:00:00.000000000+0000,1.95807,1.95807,1.95807,1.95807
2007-01-28T00:00:00.000000000+0000,1.95912,1.96137,1.95824,1.96096
2007-01-29T00:00:00.000000000+0000,1.96095,1.96123,1.95482,1.96108
2007-01-30T00:00:00.000000000+0000,1.96112,1.96938,1.95995,1.96168
2007-01-31T00:00:00.000000000+0000,1.96174,1.96659,1.94817,1.96303
2007-02-01T00:00:00.000000000+0000,1.9632,1.97329,1.96211,1.9666
2007-02-02T00:00:00.000000000+0000,1.96663,1.9744,1.96415,1.9658
2007-02-03T00:00:00.000000000+0000,1.9658,1.9658,1.9658,1.9658
2007-02-04T00:00:00.000000000+0000,1.96565,1.96629,1.96446,1.96542
2007-02-05T00:00:00.000000000+0000,1.96549,1.96662,1.95363,1.96051
2007-02-06T00:00:00.000000000+0000,1.96053,1.97197,1.95878,1.97068
2007-02-07T00:00:00.000000000+0000,1.97073,1.97299,1.96732,1.97102
2007-02-08T00:00:00.000000000+0000,1.97103,1.9727,1.95417,1.95834
2007-02-09T00:00:00.000000000+0000,1.95832,1.95998,1.94571,1.94892
2007-02-10T00:00:00.000000000+0000,1.94892,1.94892,1.94892,1.94892
2007-02-11T00:00:00.000000000+0000,1.94858,1.95397,1.94745,1.95328
2007-02-12T00:00:00.000000000+0000,1.95337,1.95655,1.94356,1.94674
2007-02-13T00:00:00.000000000+0000,1.94693,1.95225,1.94014,1.94542
2007-02-14T00:00:00.000000000+0000,1.94543,1.96463,1.9454,1.96447
2007-02-15T00:00:00.000000000+0000,1.96451,1.96749,1.95025,1.95118
2007-02-16T00:00:00.000000000+0000,1.9512,1.95384,1.94653,1.94928
2007-02-17T00:00:00.000000000+0000,1.94928,1.94928,1.94928,1.94928
2007-02-18T00:00:00.000000000+0000,1.94932,1.9556,1.94907,1.95243
2007-02-19T00:00:00.000000000+0000,1.95238,1.95586,1.94333,1.95037
2007-02-20T00:00:00.000000000+0000,1.95043,1.95745,1.94782,1.95575
2007-02-21T00:00:00.000000000+0000,1.95578,1.95874,1.94861,1.95318
2007-02-22T00:00:00.000000000+0000,1.95325,1.95998,1.9461,1.95608
2007-02-23T00:00:00.000000000+0000,1.95615,1.96507,1.95364,1.96336
2007-02-24T00:00:00.000000000+0000,1.96336,1.96336,1.96336,1.96336
2007-02-25T00:00:00.000000000+0000,1.96271,1.96508,1.96271,1.9641
2007-02-26T00:00:00.000000000+0000,1.96415,1.96583,1.96072,1.9634
2007-02-27T00:00:00.000000000+0000,1.96343,1.96718,1.95915,1.96232
2007-02-28T00:00:00.000000000+0000,1.96234,1.96499,1.95194,1.96347
2007-03-01T00:00:00.000000000+0000,1.96352,1.96502,1.95549,1.95709
2007-03-02T00:00:00.000000000+0000,1.95714,1.9578,1.94111,1.9429
2007-03-03T00:00:00.000000000+0000,1.9429,1.9429,1.9429,1.9429
2007-03-04T00:00:00.000000000+0000,1.94305,1.94474,1.93413,1.93423
2007-03-05T00:00:00.000000000+0000,1.93405,1.93405,1.91822,1.92049
2007-03-06T00:00:00.000000000+0000,1.92048,1.9357,1.91968,1.93467
2007-03-07T00:00:00.000000000+0000,1.93475,1.93581,1.92635,1.92949
2007-03-08T00:00:00.000000000+0000,1.92954,1.93516,1.92665,1.9293
2007-03-09T00:00:00.000000000+0000,1.92926,1.93342,1.92701,1.93175
2007-03-10T00:00:00.000000000+0000,1.93175,1.93175,1.93175,1.93175
2007-03-11T00:00:00.000000000+0000,1.93172,1.93764,1.93158,1.93764
2007-03-12T00:00:00.000000000+0000,1.9376,1.94308,1.92529,1.932
2007-03-13T00:00:00.000000000+0000,1.932,1.93525,1.92696,1.92838
2007-03-14T00:00:00.000000000+0000,1.92853,1.93908,1.92124,1.93835
2007-03-15T00:00:00.000000000+0000,1.93841,1.93851,1.93082,1.93837
2007-03-16T00:00:00.000000000+0000,1.93842,1.95038,1.93573,1.94123
2007-03-17T00:00:00.000000000+0000,1.94123,1.94123,1.94123,1.94123
2007-03-18T00:00:00.000000000+0000,1.94155,1.94235,1.93814,1.9411
2007-03-19T00:00:00.000000000+0000,1.94093,1.94724,1.93973,1.94588
2007-03-20T00:00:00.000000000+0000,1.94594,1.96224,1.94319,1.96115
2007-03-21T00:00:00.000000000+0000,1.96108,1.96948,1.95557,1.96795
2007-03-22T00:00:00.000000000+0000,1.96795,1.97244,1.96122,1.96458
2007-03-23T00:00:00.000000000+0000,1.9646,1.96876,1.9586,1.96143
2007-03-24T00:00:00.000000000+0000,1.96143,1.96143,1.96143,1.96143
2007-03-25T00:00:00.000000000+0000,1.96105,1.96186,1.95709,1.95979
2007-03-26T00:00:00.000000000+0000,1.96002,1.97197,1.95805,1.96832
2007-03-27T00:00:00.000000000+0000,1.96838,1.96954,1.96189,1.9653
2007-03-28T00:00:00.000000000+0000,1.9653,1.9679,1.95998,1.96263
2007-03-29T00:00:00.000000000+0000,1.96274,1.96578,1.96136,1.96239
2007-03-30T00:00:00.000000000+0000,1.96238,1.97143,1.95466,1.96707
2007-03-31T00:00:00.000000000+0000,1.96707,1.96707,1.96707,1.96707
2007-04-01T00:00:00.000000000+0000,1.9671,1.97059,1.96625,1.9678
2007-04-02T00:00:00.000000000+0000,1.9679,1.9801,1.9663,1.97785
2007-04-03T00:00:00.000000000+0000,1.9779,1.98235,1.97285,1.9732
2007-04-04T00:00:00.000000000+0000,1.9732,1.97745,1.9716,1.9757
2007-04-05T00:00:00.000000000+0000,1.9757,1.9769,1.9669,1.97017
2007-04-06T00:00:00.000000000+0000,1.9706,1.9723,1.96355,1.96542
2007-04-07T00:00:00.000000000+0000,1.96542,1.96542,1.96542,1.96542
2007-04-08T00:00:00.000000000+0000,1.96493,1.96625,1.96413,1.96435
2007-04-09T00:00:00.000000000+0000,1.9644,1.965,1.95915,1.9618
2007-04-10T00:00:00.000000000+0000,1.9618,1.9751,1.9614,1.9719
2007-04-11T00:00:00.000000000+0000,1.9719,1.9817,1.9709,1.9754
2007-04-12T00:00:00.000000000+0000,1.9754,1.9811,1.97235,1.9794
2007-04-13T00:00:00.000000000+0000,1.9794,1.9887,1.978,1.98598
2007-04-14T00:00:00.000000000+0000,1.98598,1.98598,1.98598,1.98598
2007-04-15T00:00:00.000000000+0000,1.98645,1.9887,1.98271,1.9883
2007-04-16T00:00:00.000000000+0000,1.98835,1.99395,1.98625,1.9886
2007-04-17T00:00:00.000000000+0000,1.9886,2.0083,1.98834,2.0066
2007-04-18T00:00:00.000000000+0000,2.0066,2.0132,2.0014,2.0087
2007-04-19T00:00:00.000000000+0000,2.0087,2.0087,1.9984,2.0034
2007-04-20T00:00:00.000000000+0000,2.0034,2.00685,1.9988,2.00225
2007-04-21T00:00:00.000000000+0000,2.00225,2.00225,2.00225,2.00225
2007-04-22T00:00:00.000000000+0000,2.0021,2.00742,2.00162,2.0034
2007-04-23T00:00:00.000000000+0000,2.0034,2.0039,1.99695,2.00095
2007-04-24T00:00:00.000000000+0000,2.001,2.00455,1.9954,2.0025
2007-04-25T00:00:00.000000000+0000,2.00245,2.00615,2.0005,2.0017
2007-04-26T00:00:00.000000000+0000,2.0017,2.00595,1.9891,1.9904
2007-04-27T00:00:00.000000000+0000,1.9904,2.0043,1.9864,1.99825
2007-04-28T00:00:00.000000000+0000,1.99825,1.99825,1.99825,1.99825
2007-04-29T00:00:00.000000000+0000,1.99752,1.99839,1.99225,1.9936
2007-04-30T00:00:00.000000000+0000,1.9936,2.0031,1.989,1.9998
2007-05-01T00:00:00.000000000+0000,1.9998,2.00745,1.99745,1.9985
2007-05-02T00:00:00.000000000+0000,1.9985,1.9991,1.9869,1.99
2007-05-03T00:00:00.000000000+0000,1.99,1.9946,1.98545,1.9874
2007-05-04T00:00:00.000000000+0000,1.9874,1.9943,1.97528,1.97992
2007-05-05T00:00:00.000000000+0000,1.97992,1.97992,1.97992,1.97992
2007-05-06T00:00:00.000000000+0000,1.99125,1.9946,1.98915,1.9936
2007-05-07T00:00:00.000000000+0000,1.9936,1.99745,1.99218,1.99285
2007-05-08T00:00:00.000000000+0000,1.99285,1.9963,1.98795,1.9892
2007-05-09T00:00:00.000000000+0000,1.9892,1.99985,1.98825,1.9929
2007-05-10T00:00:00.000000000+0000,1.9929,1.9962,1.97695,1.9788
2007-05-11T00:00:00.000000000+0000,1.9789,1.9844,1.97615,1.98061
2007-05-12T00:00:00.000000000+0000,1.98061,1.98061,1.98061,1.98061
2007-05-13T00:00:00.000000000+0000,1.98075,1.9839,1.9793,1.9834
2007-05-14T00:00:00.000000000+0000,1.9834,1.9844,1.978,1.9795
2007-05-15T00:00:00.000000000+0000,1.9795,1.9872,1.9747,1.9852
2007-05-16T00:00:00.000000000+0000,1.9852,1.9874,1.97565,1.9776
2007-05-17T00:00:00.000000000+0000,1.9776,1.97905,1.9733,1.9745
2007-05-18T00:00:00.000000000+0000,1.9745,1.9778,1.97,1.97411
2007-05-19T00:00:00.000000000+0000,1.97411,1.97411,1.97411,1.97411
2007-05-20T00:00:00.000000000+0000,1.97415,1.97548,1.97386,1.9745
2007-05-21T00:00:00.000000000+0000,1.9745,1.9749,1.96755,1.97145
2007-05-22T00:00:00.000000000+0000,1.97145,1.9769,1.9699,1.9741
2007-05-23T00:00:00.000000000+0000,1.9741,1.9895,1.9715,1.98617
2007-05-24T00:00:00.000000000+0000,1.9862,1.9889,1.9829,1.98449
2007-05-25T00:00:00.000000000+0000,1.9847,1.9879,1.98252,1.98323
2007-05-26T00:00:00.000000000+0000,1.98323,1.98323,1.98323,1.98323
2007-05-27T00:00:00.000000000+0000,1.98318,1.9844,1.98275,1.9835
2007-05-28T00:00:00.000000000+0000,1.9835,1.98495,1.98199,1.9831
2007-05-29T00:00:00.000000000+0000,1.9831,1.9899,1.97905,1.9805
2007-05-30T00:00:00.000000000+0000,1.9805,1.9831,1.9734,1.97584
2007-05-31T00:00:00.000000000+0000,1.976,1.98185,1.97365,1.9793
2007-06-01T00:00:00.000000000+0000,1.9793,1.9826,1.9758,1.98155
2007-06-02T00:00:00.000000000+0000,1.98155,1.98155,1.98155,1.98155
2007-06-03T00:00:00.000000000+0000,1.9816,1.9833,1.98082,1.9822
2007-06-04T00:00:00.000000000+0000,1.9822,1.9927,1.98155,1.9914
2007-06-05T00:00:00.000000000+0000,1.9914,1.9968,1.9908,1.99273
2007-06-06T00:00:00.000000000+0000,1.9926,1.9956,1.9907,1.9924
2007-06-07T00:00:00.000000000+0000,1.9925,1.9942,1.97465,1.978
2007-06-08T00:00:00.000000000+0000,1.978,1.9792,1.9622,1.97002
2007-06-09T00:00:00.000000000+0000,1.97002,1.97002,1.97002,1.97002
2007-06-10T00:00:00.000000000+0000,1.96965,1.9702,1.9653,1.9667
2007-06-11T00:00:00.000000000+0000,1.9667,1.9703,1.965,1.9691
2007-06-12T00:00:00.000000000+0000,1.9691,1.9783,1.96876,1.9741
2007-06-13T00:00:00.000000000+0000,1.9741,1.97635,1.9677,1.9723
2007-06-14T00:00:00.000000000+0000,1.9723,1.9736,1.9657,1.969
2007-06-15T00:00:00.000000000+0000,1.969,1.9779,1.96857,1.97723
2007-06-16T00:00:00.000000000+0000,1.97723,1.97723,1.97723,1.97723
2007-06-17T00:00:00.000000000+0000,1.97558,1.9777,1.97372,1.9774
2007-06-18T00:00:00.000000000+0000,1.9774,1.9844,1.9758,1.98355
2007-06-19T00:00:00.000000000+0000,1.9836,1.9894,1.9825,1.98755
2007-06-20T00:00:00.000000000+0000,1.98755,1.9948,1.98684,1.9925
2007-06-21T00:00:00.000000000+0000,1.9925,1.9942,1.9886,1.9921
2007-06-22T00:00:00.000000000+0000,1.9921,1.9996,1.99084,1.99812
2007-06-23T00:00:00.000000000+0000,1.99812,1.99812,1.99812,1.99812
2007-06-24T00:00:00.000000000+0000,1.9991,1.9994,1.99735,1.99906
2007-06-25T00:00:00.000000000+0000,1.9993,2.0006,1.9956,1.998
2007-06-26T00:00:00.000000000+0000,1.998,2.0016,1.9958,1.9982
2007-06-27T00:00:00.000000000+0000,1.9982,2.0003,1.9929,1.99955
2007-06-28T00:00:00.000000000+0000,1.99955,2.00425,1.99745,2.002
2007-06-29T00:00:00.000000000+0000,2.002,2.00955,2.001,2.00838
2007-06-30T00:00:00.000000000+0000,2.00838,2.00838,2.00838,2.00838
2007-07-01T00:00:00.000000000+0000,2.00798,2.00908,2.00564,2.00785
2007-07-02T00:00:00.000000000+0000,2.00785,2.0184,2.0071,2.0166
2007-07-03T00:00:00.000000000+0000,2.0166,2.0195,2.0132,2.0159
2007-07-04T00:00:00.000000000+0000,2.01585,2.0206,2.015,2.016
2007-07-05T00:00:00.000000000+0000,2.016,2.0202,2.0089,2.0111
2007-07-06T00:00:00.000000000+0000,2.0111,2.0141,2.0058,2.01007
2007-07-07T00:00:00.000000000+0000,2.01007,2.01007,2.01007,2.01007
2007-07-08T00:00:00.000000000+0000,2.01154,2.01222,2.01,2.01125
2007-07-09T00:00:00.000000000+0000,2.0115,2.017,2.0097,2.0154
2007-07-10T00:00:00.000000000+0000,2.0154,2.0282,2.0121,2.0266
2007-07-11T00:00:00.000000000+0000,2.0267,2.0363,2.0244,2.0313
2007-07-12T00:00:00.000000000+0000,2.0313,2.0365,2.0269,2.02865
2007-07-13T00:00:00.000000000+0000,2.02865,2.0366,2.026,2.03428
2007-07-14T00:00:00.000000000+0000,2.03428,2.03428,2.03428,2.03428
2007-07-15T00:00:00.000000000+0000,2.0332,2.0343,2.032,2.0341
2007-07-16T00:00:00.000000000+0000,2.0341,2.0404,2.03262,2.03629
2007-07-17T00:00:00.000000000+0000,2.03645,2.0492,2.0349,2.0488
2007-07-18T00:00:00.000000000+0000,2.0488,2.0547,2.0459,2.0532
2007-07-19T00:00:00.000000000+0000,2.0531,2.05385,2.047,2.0481
2007-07-20T00:00:00.000000000+0000,2.0481,2.05865,2.04775,2.05547
2007-07-21T00:00:00.000000000+0000,2.05547,2.05547,2.05547,2.05547
2007-07-22T00:00:00.000000000+0000,2.0552,2.05614,2.0502,2.0556
2007-07-23T00:00:00.000000000+0000,2.0557,2.0603,2.05515,2.0588
2007-07-24T00:00:00.000000000+0000,2.0589,2.0653,2.0589,2.0608
2007-07-25T00:00:00.000000000+0000,2.0609,2.0616,2.04865,2.0538
2007-07-26T00:00:00.000000000+0000,2.0538,2.0562,2.04245,2.0491
2007-07-27T00:00:00.000000000+0000,2.0491,2.0493,2.0224,2.02471
2007-07-28T00:00:00.000000000+0000,2.02471,2.02471,2.02471,2.02471
2007-07-29T00:00:00.000000000+0000,2.02455,2.02458,2.0182,2.0212
2007-07-30T00:00:00.000000000+0000,2.0212,2.03125,2.0206,2.03075
2007-07-31T00:00:00.000000000+0000,2.03075,2.0378,2.0265,2.0286
2007-08-01T00:00:00.000000000+0000,2.0286,2.0343,2.0204,2.0297
2007-08-02T00:00:00.000000000+0000,2.0297,2.0378,2.0281,2.0355
2007-08-03T00:00:00.000000000+0000,2.0355,2.0461,2.03365,2.03803
2007-08-04T00:00:00.000000000+0000,2.03803,2.03803,2.03803,2.03803
2007-08-05T00:00:00.000000000+0000,2.03828,2.0434,2.03643,2.0406
2007-08-06T00:00:00.000000000+0000,2.0406,2.0462,2.0279,2.032
2007-08-07T00:00:00.000000000+0000,2.032,2.0336,2.0188,2.0234
2007-08-08T00:00:00.000000000+0000,2.0234,2.0398,2.01555,2.03588
2007-08-09T00:00:00.000000000+0000,2.0361,2.0395,2.0209,2.0217
2007-08-10T00:00:00.000000000+0000,2.0218,2.027,2.0152,2.02354
2007-08-11T00:00:00.000000000+0000,2.02354,2.02354,2.02354,2.02354
2007-08-12T00:00:00.000000000+0000,2.02355,2.02421,2.01537,2.0211
2007-08-13T00:00:00.000000000+0000,2.0211,2.02585,2.0084,2.0115
2007-08-14T00:00:00.000000000+0000,2.0115,2.0132,1.9949,1.9955
2007-08-15T00:00:00.000000000+0000,1.9954,1.9959,1.98545,1.9876
2007-08-16T00:00:00.000000000+0000,1.9876,1.989,1.9769,1.9839
2007-08-17T00:00:00.000000000+0000,1.9839,1.9935,1.9651,1.98102
2007-08-18T00:00:00.000000000+0000,1.98102,1.98102,1.98102,1.98102
2007-08-19T00:00:00.000000000+0000,1.9811,1.98724,1.9773,1.9777
2007-08-20T00:00:00.000000000+0000,1.9776,1.9908,1.9768,1.9869
2007-08-21T00:00:00.000000000+0000,1.9868,1.9884,1.9743,1.9832
2007-08-22T00:00:00.000000000+0000,1.9832,1.9956,1.9804,1.9939
2007-08-23T00:00:00.000000000+0000,1.9938,2.0094,1.9917,2.0045
2007-08-24T00:00:00.000000000+0000,2.0045,2.01584,1.9978,2.01417
2007-08-25T00:00:00.000000000+0000,2.01417,2.01417,2.01417,2.01417
2007-08-26T00:00:00.000000000+0000,2.01398,2.0178,2.0124,2.0175
2007-08-27T00:00:00.000000000+0000,2.0175,2.0191,2.008,2.0091
2007-08-28T00:00:00.000000000+0000,2.00882,2.0141,1.9975,1.9981
2007-08-29T00:00:00.000000000+0000,1.9984,2.01825,1.9958,2.0149
2007-08-30T00:00:00.000000000+0000,2.0149,2.0184,2.0043,2.0152
2007-08-31T00:00:00.000000000+0000,2.0152,2.0233,2.0108,2.01673
2007-09-01T00:00:00.000000000+0000,2.01673,2.01673,2.01673,2.01673
2007-09-02T00:00:00.000000000+0000,2.0162,2.01793,2.01445,2.0147
2007-09-03T00:00:00.000000000+0000,2.0147,2.0214,2.01333,2.0169
2007-09-04T00:00:00.000000000+0000,2.0169,2.0195,2.0072,2.01513
2007-09-05T00:00:00.000000000+0000,2.0153,2.0225,2.00425,2.0198
2007-09-06T00:00:00.000000000+0000,2.0198,2.0265,2.0141,2.0227
2007-09-07T00:00:00.000000000+0000,2.0227,2.03245,2.016,2.02757
2007-09-08T00:00:00.000000000+0000,2.02757,2.02757,2.02757,2.02757
2007-09-09T00:00:00.000000000+0000,2.0282,2.02915,2.02683,2.0284
2007-09-10T00:00:00.000000000+0000,2.0284,2.033,2.0262,2.027
2007-09-11T00:00:00.000000000+0000,2.027,2.0337,2.0233,2.0332
2007-09-12T00:00:00.000000000+0000,2.0332,2.0366,2.02665,2.02675
2007-09-13T00:00:00.000000000+0000,2.0268,2.0346,2.0167,2.01948
2007-09-14T00:00:00.000000000+0000,2.0198,2.0225,2.0053,2.00876
2007-09-15T00:00:00.000000000+0000,2.00876,2.00876,2.00876,2.00876
2007-09-16T00:00:00.000000000+0000,2.00872,2.00955,2.0039,2.0061
2007-09-17T00:00:00.000000000+0000,2.0061,2.0092,1.9916,1.99317
2007-09-18T00:00:00.000000000+0000,1.9932,2.0151,1.9879,2.0117
2007-09-19T00:00:00.000000000+0000,2.0117,2.0173,1.99505,2.00165
2007-09-20T00:00:00.000000000+0000,2.0018,2.0146,1.9973,2.0101
2007-09-21T00:00:00.000000000+0000,2.01,2.02135,2.008,2.01971
2007-09-22T00:00:00.000000000+0000,2.01971,2.01971,2.01971,2.01971
2007-09-23T00:00:00.000000000+0000,2.01968,2.0214,2.01715,2.0203
2007-09-24T00:00:00.000000000+0000,2.0203,2.0318,2.02005,2.02015
2007-09-25T00:00:00.000000000+0000,2.02015,2.0217,2.00855,2.0182
2007-09-26T00:00:00.000000000+0000,2.0182,2.0193,2.01045,2.01511
2007-09-27T00:00:00.000000000+0000,2.01518,2.02915,2.0136,2.02685
2007-09-28T00:00:00.000000000+0000,2.0268,2.0489,2.01955,2.04675
2007-09-29T00:00:00.000000000+0000,2.04675,2.04675,2.04675,2.04675
2007-09-30T00:00:00.000000000+0000,2.04665,2.04785,2.04395,2.0451
2007-10-01T00:00:00.000000000+0000,2.0451,2.0494,2.0375,2.044
2007-10-02T00:00:00.000000000+0000,2.0441,2.04465,2.0369,2.0405
2007-10-03T00:00:00.000000000+0000,2.0405,2.04425,2.0308,2.03245
2007-10-04T00:00:00.000000000+0000,2.03245,2.0429,2.02775,2.03865
2007-10-05T00:00:00.000000000+0000,2.03865,2.0443,2.0301,2.04223
2007-10-06T00:00:00.000000000+0000,2.04223,2.04223,2.04223,2.04223
2007-10-07T00:00:00.000000000+0000,2.04232,2.04434,2.04094,2.042
2007-10-08T00:00:00.000000000+0000,2.042,2.0427,2.03315,2.035
2007-10-09T00:00:00.000000000+0000,2.0351,2.03935,2.0257,2.0388
2007-10-10T00:00:00.000000000+0000,2.0388,2.0479,2.03717,2.039
2007-10-11T00:00:00.000000000+0000,2.039,2.0422,2.03095,2.0329
2007-10-12T00:00:00.000000000+0000,2.0329,2.03746,2.02465,2.03623
2007-10-13T00:00:00.000000000+0000,2.03623,2.03623,2.03623,2.03623
2007-10-14T00:00:00.000000000+0000,2.03637,2.03689,2.0333,2.0342
2007-10-15T00:00:00.000000000+0000,2.0342,2.0437,2.0319,2.0416
2007-10-16T00:00:00.000000000+0000,2.0416,2.0435,2.02945,2.03145
2007-10-17T00:00:00.000000000+0000,2.03145,2.0423,2.02865,2.03875
2007-10-18T00:00:00.000000000+0000,2.03875,2.0514,2.03795,2.04475
2007-10-19T00:00:00.000000000+0000,2.04475,2.05261,2.04075,2.05145
2007-10-20T00:00:00.000000000+0000,2.05145,2.05145,2.05145,2.05145
2007-10-21T00:00:00.000000000+0000,2.05117,2.05725,2.0484,2.0503
2007-10-22T00:00:00.000000000+0000,2.0503,2.0536,2.0258,2.0331
2007-10-23T00:00:00.000000000+0000,2.0332,2.0518,2.03215,2.04965
2007-10-24T00:00:00.000000000+0000,2.04965,2.0513,2.04255,2.04885
2007-10-25T00:00:00.000000000+0000,2.04885,2.0553,2.04525,2.05115
2007-10-26T00:00:00.000000000+0000,2.0512,2.05725,2.04805,2.05264
2007-10-27T00:00:00.000000000+0000,2.05264,2.05264,2.05264,2.05264
2007-10-28T00:00:00.000000000+0000,2.05272,2.05514,2.05165,2.05335
2007-10-29T00:00:00.000000000+0000,2.0534,2.0643,2.05285,2.06085
2007-10-30T00:00:00.000000000+0000,2.0608,2.0703,2.0565,2.0679
2007-10-31T00:00:00.000000000+0000,2.0679,2.0822,2.0669,2.0794
2007-11-01T00:00:00.000000000+0000,2.0794,2.0874,2.0755,2.0778
2007-11-02T00:00:00.000000000+0000,2.0778,2.09037,2.0764,2.08967
2007-11-03T00:00:00.000000000+0000,2.08967,2.08967,2.08967,2.08967
2007-11-04T00:00:00.000000000+0000,2.08967,2.08977,2.0862,2.0877
2007-11-05T00:00:00.000000000+0000,2.0877,2.08935,2.07815,2.08095
2007-11-06T00:00:00.000000000+0000,2.08095,2.0906,2.08055,2.08705
2007-11-07T00:00:00.000000000+0000,2.08705,2.10715,2.08665,2.09945
2007-11-08T00:00:00.000000000+0000,2.09945,2.1116,2.0982,2.10775
2007-11-09T00:00:00.000000000+0000,2.10775,2.11615,2.08795,2.0917
2007-11-10T00:00:00.000000000+0000,2.0917,2.0917,2.0917,2.0917
2007-11-11T00:00:00.000000000+0000,2.0916,2.09187,2.0797,2.0858
2007-11-12T00:00:00.000000000+0000,2.0858,2.08655,2.05215,2.05405
2007-11-13T00:00:00.000000000+0000,2.05405,2.0761,2.0527,2.07435
2007-11-14T00:00:00.000000000+0000,2.07435,2.08435,2.0504,2.0526
2007-11-15T00:00:00.000000000+0000,2.0526,2.06175,2.04175,2.0442
2007-11-16T00:00:00.000000000+0000,2.04425,2.05484,2.0352,2.0527
2007-11-17T00:00:00.000000000+0000,2.0527,2.0527,2.0527,2.0527
2007-11-18T00:00:00.000000000+0000,2.05412,2.05488,2.05188,2.05385
2007-11-19T00:00:00.000000000+0000,2.05395,2.05645,2.0451,2.0491
2007-11-20T00:00:00.000000000+0000,2.0491,2.0683,2.04545,2.06575
2007-11-21T00:00:00.000000000+0000,2.06575,2.06975,2.05265,2.06285
2007-11-22T00:00:00.000000000+0000,2.06285,2.06835,2.0584,2.06155
2007-11-23T00:00:00.000000000+0000,2.06155,2.0765,2.05175,2.0608
2007-11-24T00:00:00.000000000+0000,2.0608,2.0608,2.0608,2.0608
2007-11-25T00:00:00.000000000+0000,2.06205,2.06435,2.0596,2.06355
2007-11-26T00:00:00.000000000+0000,2.06355,2.07375,2.06125,2.0688
2007-11-27T00:00:00.000000000+0000,2.06875,2.0755,2.06405,2.06705
2007-11-28T00:00:00.000000000+0000,2.06695,2.08325,2.05825,2.07835
2007-11-29T00:00:00.000000000+0000,2.07835,2.07935,2.05935,2.0625
2007-11-30T00:00:00.000000000+0000,2.0625,2.06995,2.05325,2.0558
2007-12-01T00:00:00.000000000+0000,2.0558,2.0558,2.0558,2.0558
2007-12-02T00:00:00.000000000+0000,2.05417,2.05835,2.05373,2.05765
2007-12-03T00:00:00.000000000+0000,2.0576,2.06785,2.05235,2.0637
2007-12-04T00:00:00.000000000+0000,2.06385,2.0673,2.0559,2.05825
2007-12-05T00:00:00.000000000+0000,2.05835,2.05875,2.02465,2.02695
2007-12-06T00:00:00.000000000+0000,2.02705,2.03115,2.0179,2.02815
2007-12-07T00:00:00.000000000+0000,2.02815,2.03455,2.022,2.03028
2007-12-08T00:00:00.000000000+0000,2.03028,2.03028,2.03028,2.03028
2007-12-09T00:00:00.000000000+0000,2.03035,2.0334,2.02919,2.03285
2007-12-10T00:00:00.000000000+0000,2.03285,2.04885,2.031,2.0443
2007-12-11T00:00:00.000000000+0000,2.0443,2.05195,2.0328,2.0355
2007-12-12T00:00:00.000000000+0000,2.0356,2.0581,2.0348,2.04455
2007-12-13T00:00:00.000000000+0000,2.04455,2.04825,2.034,2.0422
2007-12-14T00:00:00.000000000+0000,2.0422,2.04465,2.0134,2.01345
2007-12-15T00:00:00.000000000+0000,2.01345,2.01345,2.01345,2.01345
2007-12-16T00:00:00.000000000+0000,2.01755,2.01757,2.01381,2.01625
2007-12-17T00:00:00.000000000+0000,2.01625,2.0228,2.01,2.0209
2007-12-18T00:00:00.000000000+0000,2.02095,2.02245,2.011,2.01655
2007-12-19T00:00:00.000000000+0000,2.01655,2.0195,1.9927,1.99592
2007-12-20T00:00:00.000000000+0000,1.9964,1.9985,1.9809,1.9836
2007-12-21T00:00:00.000000000+0000,1.9836,1.9893,1.9809,1.98323
2007-12-22T00:00:00.000000000+0000,1.98323,1.98323,1.98323,1.98323
2007-12-23T00:00:00.000000000+0000,1.98365,1.98475,1.98195,1.98365
2007-12-24T00:00:00.000000000+0000,1.98365,1.9843,1.97531,1.97731
2007-12-25T00:00:00.000000000+0000,1.97762,1.98147,1.96933,1.97692
2007-12-26T00:00:00.000000000+0000,1.97667,1.9848,1.9765,1.98375
2007-12-27T00:00:00.000000000+0000,1.9838,1.9966,1.98327,1.9944
2007-12-28T00:00:00.000000000+0000,1.99443,2.0022,1.99015,1.99598
2007-12-29T00:00:00.000000000+0000,1.99598,1.99598,1.99598,1.99598
2007-12-30T00:00:00.000000000+0000,1.99574,1.998,1.99347,1.9979
2007-12-31T00:00:00.000000000+0000,1.9979,2.0102,1.98095,1.98588
2008-01-01T00:00:00.000000000+0000,1.98608,1.9898,1.98324,1.98725
2008-01-02T00:00:00.000000000+0000,1.98725,1.98905,1.97735,1.9817
2008-01-03T00:00:00.000000000+0000,1.9817,1.9838,1.97035,1.97365
2008-01-04T00:00:00.000000000+0000,1.97365,1.98495,1.9673,1.9737
2008-01-05T00:00:00.000000000+0000,1.9737,1.9737,1.9737,1.9737
2008-01-06T00:00:00.000000000+0000,1.97288,1.9751,1.97105,1.9717
2008-01-07T00:00:00.000000000+0000,1.9717,1.9756,1.9652,1.9666
2008-01-08T00:00:00.000000000+0000,1.9666,1.98285,1.96655,1.97135
2008-01-09T00:00:00.000000000+0000,1.9714,1.97625,1.95535,1.9573
2008-01-10T00:00:00.000000000+0000,1.9573,1.96685,1.954,1.96125
2008-01-11T00:00:00.000000000+0000,1.96125,1.96355,1.9483,1.95758
2008-01-12T00:00:00.000000000+0000,1.95758,1.95758,1.95758,1.95758
2008-01-13T00:00:00.000000000+0000,1.95822,1.9597,1.95576,1.9588
2008-01-14T00:00:00.000000000+0000,1.9588,1.96475,1.9524,1.954
2008-01-15T00:00:00.000000000+0000,1.954,1.9741,1.9536,1.9578
2008-01-16T00:00:00.000000000+0000,1.9579,1.97195,1.9529,1.96235
2008-01-17T00:00:00.000000000+0000,1.9623,1.97915,1.96045,1.97005
2008-01-18T00:00:00.000000000+0000,1.97,1.9724,1.9512,1.95505
2008-01-19T00:00:00.000000000+0000,1.95505,1.95505,1.95505,1.95505
2008-01-20T00:00:00.000000000+0000,1.95498,1.95835,1.95366,1.957
2008-01-21T00:00:00.000000000+0000,1.957,1.9571,1.9399,1.9403
2008-01-22T00:00:00.000000000+0000,1.9403,1.96445,1.9336,1.9602
2008-01-23T00:00:00.000000000+0000,1.9602,1.9618,1.9464,1.9567
2008-01-24T00:00:00.000000000+0000,1.9567,1.9781,1.9499,1.9778
2008-01-25T00:00:00.000000000+0000,1.9778,1.98475,1.9736,1.9839
2008-01-26T00:00:00.000000000+0000,1.9839,1.9839,1.9839,1.9839
2008-01-27T00:00:00.000000000+0000,1.98346,1.98765,1.98195,1.98645
2008-01-28T00:00:00.000000000+0000,1.9865,1.98915,1.9728,1.98455
2008-01-29T00:00:00.000000000+0000,1.9845,1.99285,1.9811,1.98915
2008-01-30T00:00:00.000000000+0000,1.98915,1.9958,1.9824,1.98375
2008-01-31T00:00:00.000000000+0000,1.98375,1.9945,1.9832,1.99015
2008-02-01T00:00:00.000000000+0000,1.99,1.99405,1.96392,1.9645
2008-02-02T00:00:00.000000000+0000,1.9645,1.9645,1.9645,1.9645
2008-02-03T00:00:00.000000000+0000,1.96485,1.96613,1.96248,1.96505
2008-02-04T00:00:00.000000000+0000,1.96505,1.97865,1.96455,1.9746
2008-02-05T00:00:00.000000000+0000,1.9746,1.9763,1.9604,1.9644
2008-02-06T00:00:00.000000000+0000,1.9644,1.9662,1.9553,1.96015
2008-02-07T00:00:00.000000000+0000,1.96015,1.9624,1.9388,1.9422
2008-02-08T00:00:00.000000000+0000,1.9422,1.95125,1.9402,1.94528
2008-02-09T00:00:00.000000000+0000,1.94528,1.94528,1.94528,1.94528
2008-02-10T00:00:00.000000000+0000,1.946,1.94694,1.94463,1.94625
2008-02-11T00:00:00.000000000+0000,1.94625,1.953,1.94015,1.9493
2008-02-12T00:00:00.000000000+0000,1.9493,1.96325,1.94425,1.9597
2008-02-13T00:00:00.000000000+0000,1.9597,1.9665,1.9549,1.96195
2008-02-14T00:00:00.000000000+0000,1.96195,1.9738,1.9613,1.9694
2008-02-15T00:00:00.000000000+0000,1.9694,1.97215,1.958,1.9613
2008-02-16T00:00:00.000000000+0000,1.9613,1.9613,1.9613,1.9613
2008-02-17T00:00:00.000000000+0000,1.96097,1.96138,1.95615,1.9582
2008-02-18T00:00:00.000000000+0000,1.9582,1.96375,1.9474,1.9502
2008-02-19T00:00:00.000000000+0000,1.9502,1.95415,1.9453,1.94785
2008-02-20T00:00:00.000000000+0000,1.94785,1.95015,1.9362,1.9423
2008-02-21T00:00:00.000000000+0000,1.9423,1.9643,1.941,1.9632
2008-02-22T00:00:00.000000000+0000,1.9632,1.97085,1.96085,1.96503
2008-02-23T00:00:00.000000000+0000,1.96503,1.96503,1.96503,1.96503
2008-02-24T00:00:00.000000000+0000,1.96678,1.96955,1.96505,1.9687
2008-02-25T00:00:00.000000000+0000,1.96865,1.97005,1.9616,1.9662
2008-02-26T00:00:00.000000000+0000,1.9662,1.9892,1.96415,1.987
2008-02-27T00:00:00.000000000+0000,1.987,1.9971,1.979,1.983
2008-02-28T00:00:00.000000000+0000,1.983,1.99465,1.97615,1.98935
2008-02-29T00:00:00.000000000+0000,1.98935,1.9922,1.97835,1.98805
2008-03-01T00:00:00.000000000+0000,1.98805,1.98805,1.98805,1.98805
2008-03-02T00:00:00.000000000+0000,1.98869,1.9892,1.9835,1.9843
2008-03-03T00:00:00.000000000+0000,1.9843,1.99365,1.9807,1.98365
2008-03-04T00:00:00.000000000+0000,1.98365,1.98905,1.98115,1.985
2008-03-05T00:00:00.000000000+0000,1.985,1.9966,1.97205,1.9912
2008-03-06T00:00:00.000000000+0000,1.9912,2.01385,1.98925,2.01145
2008-03-07T00:00:00.000000000+0000,2.01145,2.0216,2.0095,2.01317
2008-03-08T00:00:00.000000000+0000,2.01317,2.01317,2.01317,2.01317
2008-03-09T00:00:00.000000000+0000,2.01333,2.0203,2.01325,2.0192
2008-03-10T00:00:00.000000000+0000,2.0192,2.022,2.00495,2.0081
2008-03-11T00:00:00.000000000+0000,2.0081,2.02115,1.9995,2.0056
2008-03-12T00:00:00.000000000+0000,2.00555,2.0279,2.00555,2.02665
2008-03-13T00:00:00.000000000+0000,2.02665,2.03905,2.02515,2.0318
2008-03-14T00:00:00.000000000+0000,2.0318,2.0398,2.01727,2.01942
2008-03-15T00:00:00.000000000+0000,2.01942,2.01942,2.01942,2.01942
2008-03-16T00:00:00.000000000+0000,2.01893,2.02205,2.0131,2.0185
2008-03-17T00:00:00.000000000+0000,2.0185,2.023,1.9942,1.9968
2008-03-18T00:00:00.000000000+0000,1.997,2.0273,1.9969,2.00885
2008-03-19T00:00:00.000000000+0000,2.00885,2.0152,1.9803,1.9831
2008-03-20T00:00:00.000000000+0000,1.9831,1.9882,1.9735,1.9843
2008-03-21T00:00:00.000000000+0000,1.9843,1.98605,1.98085,1.98114
2008-03-22T00:00:00.000000000+0000,1.98114,1.98114,1.98114,1.98114
2008-03-23T00:00:00.000000000+0000,1.9822,1.98267,1.97855,1.9787
2008-03-24T00:00:00.000000000+0000,1.9787,1.9886,1.9756,1.9875
2008-03-25T00:00:00.000000000+0000,1.9875,2.0067,1.9857,2.0021
2008-03-26T00:00:00.000000000+0000,2.0021,2.0111,1.9926,2.00715
2008-03-27T00:00:00.000000000+0000,2.00715,2.01925,2.0024,2.0067
2008-03-28T00:00:00.000000000+0000,2.0067,2.009,1.9881,1.99418
2008-03-29T00:00:00.000000000+0000,1.99418,1.99418,1.99418,1.99418
2008-03-30T00:00:00.000000000+0000,1.99515,1.9968,1.991,1.9933
2008-03-31T00:00:00.000000000+0000,1.9933,1.9978,1.98125,1.98275
2008-04-01T00:00:00.000000000+0000,1.98275,1.98735,1.9728,1.9784
2008-04-02T00:00:00.000000000+0000,1.9784,1.9898,1.9747,1.98655
2008-04-03T00:00:00.000000000+0000,1.98655,1.9975,1.97585,1.9937
2008-04-04T00:00:00.000000000+0000,1.9937,2.0047,1.99095,1.99264
2008-04-05T00:00:00.000000000+0000,1.99264,1.99264,1.99264,1.99264
2008-04-06T00:00:00.000000000+0000,1.9927,1.99563,1.9915,1.993
2008-04-07T00:00:00.000000000+0000,1.99286,1.9933,1.98345,1.9879
2008-04-08T00:00:00.000000000+0000,1.9879,1.9927,1.9655,1.967
2008-04-09T00:00:00.000000000+0000,1.967,1.97915,1.9649,1.97338
2008-04-10T00:00:00.000000000+0000,1.97335,1.9842,1.97031,1.97265
2008-04-11T00:00:00.000000000+0000,1.97265,1.9769,1.96825,1.97002
2008-04-12T00:00:00.000000000+0000,1.97002,1.97002,1.97002,1.97002
2008-04-13T00:00:00.000000000+0000,1.97023,1.97198,1.9645,1.967
2008-04-14T00:00:00.000000000+0000,1.967,1.98935,1.9656,1.9728
2008-04-15T00:00:00.000000000+0000,1.9728,1.9756,1.95995,1.9619
2008-04-16T00:00:00.000000000+0000,1.9619,1.9806,1.9606,1.9715
2008-04-17T00:00:00.000000000+0000,1.9715,1.9924,1.9691,1.9906
2008-04-18T00:00:00.000000000+0000,1.9906,1.9998,1.9881,1.99715
2008-04-19T00:00:00.000000000+0000,1.99715,1.99715,1.99715,1.99715
2008-04-20T00:00:00.000000000+0000,1.9948,1.9997,1.9948,1.9983
2008-04-21T00:00:00.000000000+0000,1.9983,2.00265,1.9776,1.9823
2008-04-22T00:00:00.000000000+0000,1.9823,1.9998,1.9745,1.996
2008-04-23T00:00:00.000000000+0000,1.996,1.99735,1.97725,1.9789
2008-04-24T00:00:00.000000000+0000,1.9789,1.9816,1.96845,1.9725
2008-04-25T00:00:00.000000000+0000,1.9725,1.98895,1.9676,1.9836
2008-04-26T00:00:00.000000000+0000,1.9836,1.9836,1.9836,1.9836
2008-04-27T00:00:00.000000000+0000,1.9837,1.98507,1.9815,1.983
2008-04-28T00:00:00.000000000+0000,1.983,1.9965,1.9782,1.9911
2008-04-29T00:00:00.000000000+0000,1.9911,1.9912,1.9666,1.9678
2008-04-30T00:00:00.000000000+0000,1.9678,1.98955,1.9623,1.9866
2008-05-01T00:00:00.000000000+0000,1.9866,1.99085,1.9712,1.9776
2008-05-02T00:00:00.000000000+0000,1.9776,1.98975,1.97039,1.97049
2008-05-03T00:00:00.000000000+0000,1.97049,1.97049,1.97049,1.97049
2008-05-04T00:00:00.000000000+0000,1.97156,1.9741,1.97058,1.9737
2008-05-05T00:00:00.000000000+0000,1.9737,1.9784,1.9655,1.9733
2008-05-06T00:00:00.000000000+0000,1.9733,1.97715,1.9635,1.9712
2008-05-07T00:00:00.000000000+0000,1.9712,1.9717,1.95025,1.9508
2008-05-08T00:00:00.000000000+0000,1.9508,1.962,1.95025,1.9553
2008-05-09T00:00:00.000000000+0000,1.9553,1.957,1.9459,1.95374
2008-05-10T00:00:00.000000000+0000,1.95374,1.95374,1.95374,1.95374
2008-05-11T00:00:00.000000000+0000,1.95372,1.95378,1.94865,1.9518
2008-05-12T00:00:00.000000000+0000,1.9518,1.9633,1.9441,1.9531
2008-05-13T00:00:00.000000000+0000,1.9531,1.95865,1.94185,1.94465
2008-05-14T00:00:00.000000000+0000,1.9446,1.9474,1.9362,1.9462
2008-05-15T00:00:00.000000000+0000,1.9462,1.95015,1.9404,1.9476
2008-05-16T00:00:00.000000000+0000,1.94755,1.95975,1.94415,1.95762
2008-05-17T00:00:00.000000000+0000,1.95762,1.95762,1.95762,1.95762
2008-05-18T00:00:00.000000000+0000,1.95765,1.9578,1.9529,1.95705
2008-05-19T00:00:00.000000000+0000,1.95705,1.9623,1.94525,1.94825
2008-05-20T00:00:00.000000000+0000,1.9489,1.97185,1.9478,1.96665
2008-05-21T00:00:00.000000000+0000,1.9669,1.9733,1.9612,1.97076
2008-05-22T00:00:00.000000000+0000,1.971,1.9848,1.96815,1.9799
2008-05-23T00:00:00.000000000+0000,1.9799,1.9852,1.9755,1.97929
2008-05-24T00:00:00.000000000+0000,1.97929,1.97929,1.97929,1.97929
2008-05-25T00:00:00.000000000+0000,1.9794,1.9813,1.97885,1.98057
2008-05-26T00:00:00.000000000+0000,1.9807,1.9833,1.97585,1.9814
2008-05-27T00:00:00.000000000+0000,1.9814,1.9846,1.97145,1.9749
2008-05-28T00:00:00.000000000+0000,1.9749,1.9827,1.9703,1.9812
2008-05-29T00:00:00.000000000+0000,1.9812,1.9817,1.96725,1.9746
2008-05-30T00:00:00.000000000+0000,1.9746,1.98239,1.96845,1.98058
2008-05-31T00:00:00.000000000+0000,1.98058,1.98058,1.98058,1.98058
2008-06-01T00:00:00.000000000+0000,1.9805,1.98159,1.97181,1.974
2008-06-02T00:00:00.000000000+0000,1.974,1.9765,1.95965,1.96453
2008-06-03T00:00:00.000000000+0000,1.965,1.97405,1.9605,1.96185
2008-06-04T00:00:00.000000000+0000,1.96185,1.9637,1.9526,1.9536
2008-06-05T00:00:00.000000000+0000,1.9536,1.9597,1.9461,1.9588
2008-06-06T00:00:00.000000000+0000,1.9588,1.9734,1.9537,1.96983
2008-06-07T00:00:00.000000000+0000,1.96983,1.96983,1.96983,1.96983
2008-06-08T00:00:00.000000000+0000,1.96983,1.9713,1.96557,1.9705
2008-06-09T00:00:00.000000000+0000,1.9705,1.98005,1.967,1.9734
2008-06-10T00:00:00.000000000+0000,1.9734,1.9742,1.9519,1.953
2008-06-11T00:00:00.000000000+0000,1.953,1.96675,1.94915,1.9634
2008-06-12T00:00:00.000000000+0000,1.9634,1.9635,1.94335,1.9466
2008-06-13T00:00:00.000000000+0000,1.94655,1.9513,1.941,1.94615
2008-06-14T00:00:00.000000000+0000,1.94615,1.94615,1.94615,1.94615
2008-06-15T00:00:00.000000000+0000,1.94645,1.95522,1.9459,1.94855
2008-06-16T00:00:00.000000000+0000,1.94855,1.9687,1.9466,1.9629
2008-06-17T00:00:00.000000000+0000,1.9629,1.9698,1.947,1.9573
2008-06-18T00:00:00.000000000+0000,1.9573,1.9611,1.9478,1.9593
2008-06-19T00:00:00.000000000+0000,1.9593,1.9745,1.9585,1.9722
2008-06-20T00:00:00.000000000+0000,1.9722,1.9791,1.9699,1.97556
2008-06-21T00:00:00.000000000+0000,1.97556,1.97556,1.97556,1.97556
2008-06-22T00:00:00.000000000+0000,1.97567,1.9761,1.9734,1.9748
2008-06-23T00:00:00.000000000+0000,1.9748,1.9756,1.9585,1.96435
2008-06-24T00:00:00.000000000+0000,1.96435,1.9725,1.96235,1.9706
2008-06-25T00:00:00.000000000+0000,1.9706,1.9769,1.96545,1.9737
2008-06-26T00:00:00.000000000+0000,1.9737,1.9895,1.97135,1.9873
2008-06-27T00:00:00.000000000+0000,1.9873,1.9952,1.9806,1.99391
2008-06-28T00:00:00.000000000+0000,1.99391,1.99391,1.99391,1.99391
2008-06-29T00:00:00.000000000+0000,1.994,1.995,1.9924,1.9941
2008-06-30T00:00:00.000000000+0000,1.9943,1.9966,1.988,1.9927
2008-07-01T00:00:00.000000000+0000,1.99275,2.00065,1.98865,1.9942
2008-07-02T00:00:00.000000000+0000,1.9942,1.9973,1.98445,1.9934
2008-07-03T00:00:00.000000000+0000,1.9933,1.9936,1.9799,1.983
2008-07-04T00:00:00.000000000+0000,1.983,1.9848,1.9794,1.98254
2008-07-05T00:00:00.000000000+0000,1.98254,1.98254,1.98254,1.98254
2008-07-06T00:00:00.000000000+0000,1.98252,1.98278,1.98085,1.98222
2008-07-07T00:00:00.000000000+0000,1.98188,1.9824,1.96485,1.9761
2008-07-08T00:00:00.000000000+0000,1.9761,1.9797,1.9665,1.9696
2008-07-09T00:00:00.000000000+0000,1.9696,1.9839,1.96715,1.9809
2008-07-10T00:00:00.000000000+0000,1.9809,1.98235,1.9712,1.97715
2008-07-11T00:00:00.000000000+0000,1.97715,1.9958,1.9753,1.9887
2008-07-12T00:00:00.000000000+0000,1.9887,1.9887,1.9887,1.9887
2008-07-13T00:00:00.000000000+0000,1.99005,1.9912,1.9852,1.9852
2008-07-14T00:00:00.000000000+0000,1.9852,1.9962,1.9811,1.99495
2008-07-15T00:00:00.000000000+0000,1.99495,2.0155,1.9939,2.0053
2008-07-16T00:00:00.000000000+0000,2.0054,2.0097,1.9957,1.9991
2008-07-17T00:00:00.000000000+0000,1.9991,2.00715,1.99475,1.9973
2008-07-18T00:00:00.000000000+0000,1.9973,1.9997,1.9906,1.99827
2008-07-19T00:00:00.000000000+0000,1.99827,1.99827,1.99827,1.99827
2008-07-20T00:00:00.000000000+0000,1.99802,1.99867,1.993,1.9942
2008-07-21T00:00:00.000000000+0000,1.9942,2.0038,1.99075,2.0014
2008-07-22T00:00:00.000000000+0000,2.0014,2.00755,1.9896,1.9912
2008-07-23T00:00:00.000000000+0000,1.9912,2.00295,1.9903,1.99725
2008-07-24T00:00:00.000000000+0000,1.99725,1.9989,1.9816,1.9856
2008-07-25T00:00:00.000000000+0000,1.9856,1.9978,1.98305,1.98918
2008-07-26T00:00:00.000000000+0000,1.98918,1.98918,1.98918,1.98918
2008-07-27T00:00:00.000000000+0000,1.99042,1.99277,1.98717,1.9876
2008-07-28T00:00:00.000000000+0000,1.9876,1.9964,1.984,1.9947
2008-07-29T00:00:00.000000000+0000,1.9947,1.9968,1.97595,1.98
2008-07-30T00:00:00.000000000+0000,1.98,1.98425,1.97445,1.98065
2008-07-31T00:00:00.000000000+0000,1.9806,1.9929,1.978,1.9826
2008-08-01T00:00:00.000000000+0000,1.9826,1.9841,1.9725,1.97498
2008-08-02T00:00:00.000000000+0000,1.97498,1.97498,1.97498,1.97498
2008-08-03T00:00:00.000000000+0000,1.97515,1.97592,1.97333,1.9749
2008-08-04T00:00:00.000000000+0000,1.9749,1.97565,1.95995,1.96105
2008-08-05T00:00:00.000000000+0000,1.9612,1.9612,1.9521,1.9553
2008-08-06T00:00:00.000000000+0000,1.9553,1.9596,1.9466,1.94765
2008-08-07T00:00:00.000000000+0000,1.94765,1.9538,1.942,1.9433
2008-08-08T00:00:00.000000000+0000,1.9433,1.9433,1.91455,1.91942
2008-08-09T00:00:00.000000000+0000,1.91942,1.91942,1.91942,1.91942
2008-08-10T00:00:00.000000000+0000,1.92002,1.92126,1.9102,1.9138
2008-08-11T00:00:00.000000000+0000,1.9138,1.9255,1.90665,1.912
2008-08-12T00:00:00.000000000+0000,1.912,1.91215,1.89515,1.8952
2008-08-13T00:00:00.000000000+0000,1.8952,1.9036,1.8639,1.8666
2008-08-14T00:00:00.000000000+0000,1.8666,1.87865,1.8619,1.8662
2008-08-15T00:00:00.000000000+0000,1.8662,1.8683,1.8512,1.86317
2008-08-16T00:00:00.000000000+0000,1.86317,1.86317,1.86317,1.86317
2008-08-17T00:00:00.000000000+0000,1.86623,1.8665,1.86118,1.8649
2008-08-18T00:00:00.000000000+0000,1.8649,1.8722,1.86105,1.86475
2008-08-19T00:00:00.000000000+0000,1.86475,1.8681,1.85365,1.8677
2008-08-20T00:00:00.000000000+0000,1.8677,1.8684,1.85395,1.8628
2008-08-21T00:00:00.000000000+0000,1.8629,1.87935,1.86075,1.8765
2008-08-22T00:00:00.000000000+0000,1.8766,1.8766,1.8504,1.85078
2008-08-23T00:00:00.000000000+0000,1.85078,1.85078,1.85078,1.85078
2008-08-24T00:00:00.000000000+0000,1.85072,1.8525,1.8498,1.8506
2008-08-25T00:00:00.000000000+0000,1.8507,1.85895,1.8405,1.8486
2008-08-26T00:00:00.000000000+0000,1.8486,1.849,1.833,1.83905
2008-08-27T00:00:00.000000000+0000,1.8391,1.84885,1.8285,1.8368
2008-08-28T00:00:00.000000000+0000,1.8369,1.84,1.8239,1.829
2008-08-29T00:00:00.000000000+0000,1.829,1.8344,1.8173,1.82106
2008-08-30T00:00:00.000000000+0000,1.82106,1.82106,1.82106,1.82106
2008-08-31T00:00:00.000000000+0000,1.82107,1.82107,1.80815,1.81175
2008-09-01T00:00:00.000000000+0000,1.8118,1.8129,1.78475,1.7916
2008-09-02T00:00:00.000000000+0000,1.79155,1.7942,1.77815,1.7798
2008-09-03T00:00:00.000000000+0000,1.7799,1.7832,1.76665,1.7749
2008-09-04T00:00:00.000000000+0000,1.7749,1.7858,1.755,1.75965
2008-09-05T00:00:00.000000000+0000,1.7596,1.7745,1.7536,1.76572
2008-09-06T00:00:00.000000000+0000,1.76572,1.76572,1.76572,1.76572
2008-09-07T00:00:00.000000000+0000,1.7657,1.79335,1.76555,1.7819
2008-09-08T00:00:00.000000000+0000,1.7819,1.7976,1.747,1.7593
2008-09-09T00:00:00.000000000+0000,1.7592,1.7706,1.7504,1.7584
2008-09-10T00:00:00.000000000+0000,1.7584,1.76765,1.7473,1.7499
2008-09-11T00:00:00.000000000+0000,1.7499,1.7607,1.74455,1.7557
2008-09-12T00:00:00.000000000+0000,1.7557,1.7959,1.75495,1.79348
2008-09-13T00:00:00.000000000+0000,1.79348,1.79348,1.79348,1.79348
2008-09-14T00:00:00.000000000+0000,1.79343,1.80731,1.7924,1.7981
2008-09-15T00:00:00.000000000+0000,1.79825,1.8129,1.7764,1.7943
2008-09-16T00:00:00.000000000+0000,1.79435,1.79945,1.7733,1.786
2008-09-17T00:00:00.000000000+0000,1.786,1.8244,1.77835,1.8138
2008-09-18T00:00:00.000000000+0000,1.8138,1.82755,1.8089,1.81395
2008-09-19T00:00:00.000000000+0000,1.814,1.8386,1.79125,1.83133
2008-09-20T00:00:00.000000000+0000,1.83133,1.83133,1.83133,1.83133
2008-09-21T00:00:00.000000000+0000,1.83135,1.83563,1.83015,1.83235
2008-09-22T00:00:00.000000000+0000,1.83245,1.86415,1.82615,1.85615
2008-09-23T00:00:00.000000000+0000,1.8564,1.8635,1.847,1.85695
2008-09-24T00:00:00.000000000+0000,1.85695,1.8607,1.8455,1.85185
2008-09-25T00:00:00.000000000+0000,1.85185,1.86685,1.8306,1.84225
2008-09-26T00:00:00.000000000+0000,1.8423,1.8468,1.83335,1.84263
2008-09-27T00:00:00.000000000+0000,1.84263,1.84263,1.84263,1.84263
2008-09-28T00:00:00.000000000+0000,1.84438,1.84448,1.82575,1.83045
2008-09-29T00:00:00.000000000+0000,1.8305,1.83285,1.79575,1.8013
2008-09-30T00:00:00.000000000+0000,1.8013,1.8117,1.7757,1.78285
2008-10-01T00:00:00.000000000+0000,1.7831,1.78725,1.7633,1.7674
2008-10-02T00:00:00.000000000+0000,1.7674,1.7725,1.755,1.7631
2008-10-03T00:00:00.000000000+0000,1.7631,1.78385,1.7558,1.77147
2008-10-04T00:00:00.000000000+0000,1.77147,1.77147,1.77147,1.77147
2008-10-05T00:00:00.000000000+0000,1.7714,1.77168,1.76063,1.7661
2008-10-06T00:00:00.000000000+0000,1.7661,1.7677,1.73345,1.7422
2008-10-07T00:00:00.000000000+0000,1.7422,1.76575,1.73175,1.7461
2008-10-08T00:00:00.000000000+0000,1.7461,1.76555,1.72125,1.7221
2008-10-09T00:00:00.000000000+0000,1.7223,1.7396,1.701,1.7025
2008-10-10T00:00:00.000000000+0000,1.7025,1.7179,1.677,1.70602
2008-10-11T00:00:00.000000000+0000,1.70602,1.70602,1.70602,1.70602
2008-10-12T00:00:00.000000000+0000,1.70405,1.71715,1.69948,1.71345
2008-10-13T00:00:00.000000000+0000,1.7136,1.7448,1.6919,1.7445
2008-10-14T00:00:00.000000000+0000,1.7446,1.76295,1.73855,1.7398
2008-10-15T00:00:00.000000000+0000,1.73985,1.7602,1.7135,1.7192
2008-10-16T00:00:00.000000000+0000,1.7192,1.73525,1.71565,1.7334
2008-10-17T00:00:00.000000000+0000,1.7334,1.7381,1.72235,1.72848
2008-10-18T00:00:00.000000000+0000,1.72848,1.72848,1.72848,1.72848
2008-10-19T00:00:00.000000000+0000,1.72832,1.7333,1.72817,1.7322
2008-10-20T00:00:00.000000000+0000,1.7322,1.7517,1.71045,1.71615
2008-10-21T00:00:00.000000000+0000,1.7162,1.7196,1.6508,1.6524
2008-10-22T00:00:00.000000000+0000,1.6524,1.65985,1.61345,1.62013
2008-10-23T00:00:00.000000000+0000,1.6202,1.63455,1.604,1.6176
2008-10-24T00:00:00.000000000+0000,1.6178,1.61845,1.5259,1.59206
2008-10-25T00:00:00.000000000+0000,1.59206,1.59206,1.59206,1.59206
2008-10-26T00:00:00.000000000+0000,1.59215,1.59227,1.56485,1.58475
2008-10-27T00:00:00.000000000+0000,1.5849,1.58725,1.52755,1.5531
2008-10-28T00:00:00.000000000+0000,1.5531,1.6111,1.5401,1.6086
2008-10-29T00:00:00.000000000+0000,1.6086,1.64735,1.5934,1.6364
2008-10-30T00:00:00.000000000+0000,1.6364,1.66715,1.621,1.63608
2008-10-31T00:00:00.000000000+0000,1.63627,1.64693,1.60045,1.60643
2008-11-01T00:00:00.000000000+0000,1.60643,1.60643,1.60643,1.60643
2008-11-02T00:00:00.000000000+0000,1.60649,1.61135,1.60645,1.61095
2008-11-03T00:00:00.000000000+0000,1.61095,1.6398,1.57175,1.5764
2008-11-04T00:00:00.000000000+0000,1.5764,1.6107,1.56,1.5932
2008-11-05T00:00:00.000000000+0000,1.59315,1.6196,1.57485,1.584
2008-11-06T00:00:00.000000000+0000,1.584,1.60375,1.55575,1.55755
2008-11-07T00:00:00.000000000+0000,1.55745,1.58755,1.55305,1.5636
2008-11-08T00:00:00.000000000+0000,1.5636,1.5636,1.5636,1.5636
2008-11-09T00:00:00.000000000+0000,1.56448,1.58165,1.56323,1.5775
2008-11-10T00:00:00.000000000+0000,1.5785,1.5883,1.55725,1.5631
2008-11-11T00:00:00.000000000+0000,1.5631,1.57,1.53445,1.53785
2008-11-12T00:00:00.000000000+0000,1.53795,1.5481,1.4831,1.48835
2008-11-13T00:00:00.000000000+0000,1.4884,1.49915,1.45565,1.4901
2008-11-14T00:00:00.000000000+0000,1.49015,1.4958,1.46555,1.47448
2008-11-15T00:00:00.000000000+0000,1.47448,1.47448,1.47448,1.47448
2008-11-16T00:00:00.000000000+0000,1.47236,1.4762,1.46384,1.4659
2008-11-17T00:00:00.000000000+0000,1.46605,1.50815,1.46522,1.4991
2008-11-18T00:00:00.000000000+0000,1.4991,1.50905,1.4898,1.49565
2008-11-19T00:00:00.000000000+0000,1.49565,1.5248,1.4903,1.4971
2008-11-20T00:00:00.000000000+0000,1.4971,1.49945,1.4711,1.47315
2008-11-21T00:00:00.000000000+0000,1.47375,1.50605,1.4702,1.4931
2008-11-22T00:00:00.000000000+0000,1.4931,1.4931,1.4931,1.4931
2008-11-23T00:00:00.000000000+0000,1.49352,1.4965,1.48715,1.4925
2008-11-24T00:00:00.000000000+0000,1.49255,1.5187,1.48375,1.51412
2008-11-25T00:00:00.000000000+0000,1.51405,1.5534,1.4982,1.54205
2008-11-26T00:00:00.000000000+0000,1.54205,1.54445,1.51755,1.53285
2008-11-27T00:00:00.000000000+0000,1.53285,1.55115,1.5311,1.53945
2008-11-28T00:00:00.000000000+0000,1.5396,1.54475,1.5257,1.53785
2008-11-29T00:00:00.000000000+0000,1.53785,1.53785,1.53785,1.53785
2008-11-30T00:00:00.000000000+0000,1.538,1.53985,1.5342,1.5342
2008-12-01T00:00:00.000000000+0000,1.53405,1.53555,1.48055,1.48585
2008-12-02T00:00:00.000000000+0000,1.4858,1.5068,1.4774,1.4897
2008-12-03T00:00:00.000000000+0000,1.4897,1.493,1.4664,1.4776
2008-12-04T00:00:00.000000000+0000,1.4776,1.48155,1.4467,1.4676
2008-12-05T00:00:00.000000000+0000,1.46765,1.47715,1.4522,1.46857
2008-12-06T00:00:00.000000000+0000,1.46857,1.46857,1.46857,1.46857
2008-12-07T00:00:00.000000000+0000,1.4683,1.47458,1.46714,1.47015
2008-12-08T00:00:00.000000000+0000,1.47015,1.50475,1.46935,1.487
2008-12-09T00:00:00.000000000+0000,1.487,1.48915,1.4678,1.4753
2008-12-10T00:00:00.000000000+0000,1.4753,1.48795,1.4735,1.4794
2008-12-11T00:00:00.000000000+0000,1.4794,1.508,1.47925,1.5024
2008-12-12T00:00:00.000000000+0000,1.5024,1.5119,1.4814,1.49345
2008-12-13T00:00:00.000000000+0000,1.49345,1.49345,1.49345,1.49345
2008-12-14T00:00:00.000000000+0000,1.49435,1.5003,1.49258,1.4985
2008-12-15T00:00:00.000000000+0000,1.49845,1.5378,1.492,1.5293
2008-12-16T00:00:00.000000000+0000,1.5293,1.56465,1.5203,1.55795
2008-12-17T00:00:00.000000000+0000,1.55795,1.57205,1.52425,1.55025
2008-12-18T00:00:00.000000000+0000,1.5503,1.5614,1.4883,1.5051
2008-12-19T00:00:00.000000000+0000,1.5051,1.5186,1.48115,1.49242
2008-12-20T00:00:00.000000000+0000,1.49242,1.49242,1.49242,1.49242
2008-12-21T00:00:00.000000000+0000,1.49277,1.49735,1.49234,1.4967
2008-12-22T00:00:00.000000000+0000,1.49665,1.499,1.4683,1.48183
2008-12-23T00:00:00.000000000+0000,1.48158,1.4897,1.46695,1.4738
2008-12-24T00:00:00.000000000+0000,1.4738,1.48045,1.46565,1.47272
2008-12-25T00:00:00.000000000+0000,1.4727,1.49709,1.46413,1.4744
2008-12-26T00:00:00.000000000+0000,1.4736,1.4799,1.45585,1.45682
2008-12-27T00:00:00.000000000+0000,1.45682,1.45682,1.45682,1.45682
2008-12-28T00:00:00.000000000+0000,1.4613,1.467,1.45883,1.4656
2008-12-29T00:00:00.000000000+0000,1.4656,1.477,1.4379,1.4455
2008-12-30T00:00:00.000000000+0000,1.4455,1.45515,1.43915,1.44595
2008-12-31T00:00:00.000000000+0000,1.4458,1.4697,1.43505,1.46393
2009-01-01T00:00:00.000000000+0000,1.46459,1.48245,1.45838,1.4729
2009-01-02T00:00:00.000000000+0000,1.4729,1.47645,1.43775,1.45455
2009-01-03T00:00:00.000000000+0000,1.45455,1.45455,1.45455,1.45455
2009-01-04T00:00:00.000000000+0000,1.4542,1.45595,1.45017,1.4523
2009-01-05T00:00:00.000000000+0000,1.45225,1.47395,1.4425,1.4712
2009-01-06T00:00:00.000000000+0000,1.4712,1.49915,1.4502,1.4908
2009-01-07T00:00:00.000000000+0000,1.491,1.52815,1.48025,1.507
2009-01-08T00:00:00.000000000+0000,1.50635,1.53735,1.49805,1.52205
2009-01-09T00:00:00.000000000+0000,1.5221,1.53475,1.5115,1.5162
2009-01-10T00:00:00.000000000+0000,1.5162,1.5162,1.5162,1.5162
2009-01-11T00:00:00.000000000+0000,1.51621,1.51667,1.5049,1.50785
2009-01-12T00:00:00.000000000+0000,1.50785,1.51145,1.48,1.4815
2009-01-13T00:00:00.000000000+0000,1.4815,1.4818,1.4468,1.4513
2009-01-14T00:00:00.000000000+0000,1.45135,1.4707,1.44895,1.46165
2009-01-15T00:00:00.000000000+0000,1.46155,1.4684,1.4474,1.46675
2009-01-16T00:00:00.000000000+0000,1.4666,1.49795,1.4655,1.47345
2009-01-17T00:00:00.000000000+0000,1.47345,1.47345,1.47345,1.47345
2009-01-18T00:00:00.000000000+0000,1.48103,1.48895,1.47778,1.4873
2009-01-19T00:00:00.000000000+0000,1.4872,1.4908,1.4354,1.44225
2009-01-20T00:00:00.000000000+0000,1.44215,1.44285,1.38065,1.387
2009-01-21T00:00:00.000000000+0000,1.387,1.40265,1.36195,1.38735
2009-01-22T00:00:00.000000000+0000,1.3873,1.3976,1.3688,1.38765
2009-01-23T00:00:00.000000000+0000,1.38745,1.38815,1.3502,1.37898
2009-01-24T00:00:00.000000000+0000,1.37898,1.37898,1.37898,1.37898
2009-01-25T00:00:00.000000000+0000,1.37929,1.38512,1.35475,1.3612
2009-01-26T00:00:00.000000000+0000,1.36125,1.4064,1.3547,1.39655
2009-01-27T00:00:00.000000000+0000,1.39645,1.4242,1.3927,1.4183
2009-01-28T00:00:00.000000000+0000,1.41815,1.4374,1.4124,1.4227
2009-01-29T00:00:00.000000000+0000,1.4227,1.4411,1.40715,1.42765
2009-01-30T00:00:00.000000000+0000,1.42755,1.4557,1.4185,1.45547
2009-01-31T00:00:00.000000000+0000,1.45547,1.45547,1.45547,1.45547
2009-02-01T00:00:00.000000000+0000,1.4523,1.45237,1.4374,1.43835
2009-02-02T00:00:00.000000000+0000,1.43825,1.4438,1.40515,1.42025
2009-02-03T00:00:00.000000000+0000,1.42025,1.44835,1.41535,1.44295
2009-02-04T00:00:00.000000000+0000,1.443,1.4577,1.43235,1.44535
2009-02-05T00:00:00.000000000+0000,1.44535,1.4703,1.4364,1.4626
2009-02-06T00:00:00.000000000+0000,1.4626,1.48445,1.4588,1.47837
2009-02-07T00:00:00.000000000+0000,1.47837,1.47837,1.47837,1.47837
2009-02-08T00:00:00.000000000+0000,1.47866,1.4863,1.47436,1.48155
2009-02-09T00:00:00.000000000+0000,1.4814,1.49855,1.47015,1.48515
2009-02-10T00:00:00.000000000+0000,1.4851,1.4893,1.4454,1.4555
2009-02-11T00:00:00.000000000+0000,1.4555,1.4561,1.4314,1.4352
2009-02-12T00:00:00.000000000+0000,1.43515,1.4413,1.41355,1.4286
2009-02-13T00:00:00.000000000+0000,1.4288,1.46045,1.42745,1.43505
2009-02-14T00:00:00.000000000+0000,1.43505,1.43505,1.43505,1.43505
2009-02-15T00:00:00.000000000+0000,1.4351,1.43554,1.4199,1.42335
2009-02-16T00:00:00.000000000+0000,1.4236,1.4318,1.41505,1.4293
2009-02-17T00:00:00.000000000+0000,1.4295,1.4311,1.4123,1.42349
2009-02-18T00:00:00.000000000+0000,1.4237,1.42995,1.40925,1.4247
2009-02-19T00:00:00.000000000+0000,1.4246,1.4447,1.42375,1.42615
2009-02-20T00:00:00.000000000+0000,1.42605,1.4482,1.41505,1.44267
2009-02-21T00:00:00.000000000+0000,1.44267,1.44267,1.44267,1.44267
2009-02-22T00:00:00.000000000+0000,1.44295,1.44298,1.43679,1.43715
2009-02-23T00:00:00.000000000+0000,1.43715,1.46605,1.4363,1.44525
2009-02-24T00:00:00.000000000+0000,1.44525,1.4579,1.4375,1.4523
2009-02-25T00:00:00.000000000+0000,1.4521,1.4606,1.41735,1.42125
2009-02-26T00:00:00.000000000+0000,1.42125,1.4384,1.41605,1.42925
2009-02-27T00:00:00.000000000+0000,1.42945,1.4365,1.411,1.43098
2009-02-28T00:00:00.000000000+0000,1.43098,1.43098,1.43098,1.43098
2009-03-01T00:00:00.000000000+0000,1.43102,1.43118,1.42055,1.42195
2009-03-02T00:00:00.000000000+0000,1.42195,1.42885,1.3957,1.4032
2009-03-03T00:00:00.000000000+0000,1.40325,1.4157,1.39835,1.4024
2009-03-04T00:00:00.000000000+0000,1.40235,1.4199,1.3984,1.41725
2009-03-05T00:00:00.000000000+0000,1.41725,1.42325,1.4036,1.41265
2009-03-06T00:00:00.000000000+0000,1.4129,1.4306,1.40385,1.40782
2009-03-07T00:00:00.000000000+0000,1.40782,1.40782,1.40782,1.40782
2009-03-08T00:00:00.000000000+0000,1.409,1.4162,1.40773,1.41605
2009-03-09T00:00:00.000000000+0000,1.416,1.4181,1.37415,1.3789
2009-03-10T00:00:00.000000000+0000,1.3789,1.39055,1.3689,1.37885
2009-03-11T00:00:00.000000000+0000,1.37885,1.38885,1.3654,1.3836
2009-03-12T00:00:00.000000000+0000,1.3836,1.3983,1.37,1.3921
2009-03-13T00:00:00.000000000+0000,1.3921,1.407,1.38635,1.40087
2009-03-14T00:00:00.000000000+0000,1.40087,1.40087,1.40087,1.40087
2009-03-15T00:00:00.000000000+0000,1.4001,1.40028,1.3885,1.39565
2009-03-16T00:00:00.000000000+0000,1.3957,1.42305,1.39424,1.4074
2009-03-17T00:00:00.000000000+0000,1.4073,1.41375,1.39645,1.40575
2009-03-18T00:00:00.000000000+0000,1.40565,1.43365,1.3843,1.42795
2009-03-19T00:00:00.000000000+0000,1.42795,1.45965,1.4159,1.4494
2009-03-20T00:00:00.000000000+0000,1.4494,1.4589,1.4393,1.44577
2009-03-21T00:00:00.000000000+0000,1.44577,1.44577,1.44577,1.44577
2009-03-22T00:00:00.000000000+0000,1.44647,1.44995,1.44103,1.44755
2009-03-23T00:00:00.000000000+0000,1.44755,1.46485,1.44505,1.4566
2009-03-24T00:00:00.000000000+0000,1.4565,1.4779,1.45515,1.4701
2009-03-25T00:00:00.000000000+0000,1.4701,1.47335,1.45145,1.45505
2009-03-26T00:00:00.000000000+0000,1.45515,1.4637,1.44225,1.4461
2009-03-27T00:00:00.000000000+0000,1.4461,1.4494,1.4266,1.43172
2009-03-28T00:00:00.000000000+0000,1.43172,1.43172,1.43172,1.43172
2009-03-29T00:00:00.000000000+0000,1.43155,1.43162,1.42198,1.4275
2009-03-30T00:00:00.000000000+0000,1.4275,1.42955,1.41105,1.42555
2009-03-31T00:00:00.000000000+0000,1.4258,1.4376,1.42395,1.4358
2009-04-01T00:00:00.000000000+0000,1.4358,1.44815,1.42725,1.4465
2009-04-02T00:00:00.000000000+0000,1.44665,1.4749,1.44535,1.474
2009-04-03T00:00:00.000000000+0000,1.474,1.48455,1.4648,1.484
2009-04-04T00:00:00.000000000+0000,1.484,1.484,1.484,1.484
2009-04-05T00:00:00.000000000+0000,1.48355,1.4899,1.48212,1.4884
2009-04-06T00:00:00.000000000+0000,1.4885,1.49585,1.46515,1.46515
2009-04-07T00:00:00.000000000+0000,1.46515,1.4776,1.45815,1.47315
2009-04-08T00:00:00.000000000+0000,1.47315,1.4746,1.46345,1.46805
2009-04-09T00:00:00.000000000+0000,1.46805,1.47795,1.4585,1.4631
2009-04-10T00:00:00.000000000+0000,1.46325,1.46785,1.4613,1.4669
2009-04-11T00:00:00.000000000+0000,1.4669,1.4669,1.4669,1.4669
2009-04-12T00:00:00.000000000+0000,1.46695,1.46698,1.46013,1.461
2009-04-13T00:00:00.000000000+0000,1.4613,1.4869,1.46005,1.48605
2009-04-14T00:00:00.000000000+0000,1.486,1.4944,1.48245,1.49035
2009-04-15T00:00:00.000000000+0000,1.4905,1.5037,1.48215,1.4996
2009-04-16T00:00:00.000000000+0000,1.4996,1.50665,1.48385,1.49255
2009-04-17T00:00:00.000000000+0000,1.49255,1.4936,1.4755,1.47917
2009-04-18T00:00:00.000000000+0000,1.47917,1.47917,1.47917,1.47917
2009-04-19T00:00:00.000000000+0000,1.4793,1.48122,1.47675,1.4768
2009-04-20T00:00:00.000000000+0000,1.47685,1.4778,1.44675,1.4481
2009-04-21T00:00:00.000000000+0000,1.4481,1.47075,1.44755,1.46645
2009-04-22T00:00:00.000000000+0000,1.46645,1.4672,1.4396,1.44955
2009-04-23T00:00:00.000000000+0000,1.44955,1.4744,1.44415,1.46755
2009-04-24T00:00:00.000000000+0000,1.46735,1.4773,1.45755,1.46748
2009-04-25T00:00:00.000000000+0000,1.46748,1.46748,1.46748,1.46748
2009-04-26T00:00:00.000000000+0000,1.46752,1.46768,1.4633,1.4643
2009-04-27T00:00:00.000000000+0000,1.46425,1.4694,1.45145,1.4619
2009-04-28T00:00:00.000000000+0000,1.4619,1.46915,1.4516,1.4638
2009-04-29T00:00:00.000000000+0000,1.4638,1.48135,1.46295,1.477
2009-04-30T00:00:00.000000000+0000,1.47685,1.49475,1.4703,1.4803
2009-05-01T00:00:00.000000000+0000,1.4803,1.4934,1.4753,1.49186
2009-05-02T00:00:00.000000000+0000,1.49186,1.49186,1.49186,1.49186
2009-05-03T00:00:00.000000000+0000,1.48975,1.49419,1.48917,1.49325
2009-05-04T00:00:00.000000000+0000,1.49321,1.5047,1.48355,1.503
2009-05-05T00:00:00.000000000+0000,1.503,1.51625,1.49825,1.5048
2009-05-06T00:00:00.000000000+0000,1.50465,1.5158,1.49905,1.513
2009-05-07T00:00:00.000000000+0000,1.51305,1.51965,1.49425,1.50215
2009-05-08T00:00:00.000000000+0000,1.50215,1.5248,1.4968,1.52247
2009-05-09T00:00:00.000000000+0000,1.52247,1.52247,1.52247,1.52247
2009-05-10T00:00:00.000000000+0000,1.5256,1.52607,1.5195,1.5213
2009-05-11T00:00:00.000000000+0000,1.52125,1.52455,1.5068,1.51185
2009-05-12T00:00:00.000000000+0000,1.51205,1.53525,1.50735,1.52895
2009-05-13T00:00:00.000000000+0000,1.52895,1.5332,1.50865,1.5103
2009-05-14T00:00:00.000000000+0000,1.51055,1.5247,1.50595,1.5227
2009-05-15T00:00:00.000000000+0000,1.5227,1.52875,1.5133,1.51746
2009-05-16T00:00:00.000000000+0000,1.51746,1.51746,1.51746,1.51746
2009-05-17T00:00:00.000000000+0000,1.51635,1.51785,1.51415,1.515
2009-05-18T00:00:00.000000000+0000,1.515,1.53485,1.51155,1.53245
2009-05-19T00:00:00.000000000+0000,1.53245,1.55235,1.5295,1.54915
2009-05-20T00:00:00.000000000+0000,1.54895,1.5793,1.5447,1.5746
2009-05-21T00:00:00.000000000+0000,1.5746,1.5894,1.55125,1.58935
2009-05-22T00:00:00.000000000+0000,1.58935,1.59445,1.5755,1.59072
2009-05-23T00:00:00.000000000+0000,1.59072,1.59072,1.59072,1.59072
2009-05-24T00:00:00.000000000+0000,1.59265,1.5937,1.59016,1.59105
2009-05-25T00:00:00.000000000+0000,1.59105,1.59325,1.5835,1.59075
2009-05-26T00:00:00.000000000+0000,1.59065,1.5977,1.5777,1.596
2009-05-27T00:00:00.000000000+0000,1.5961,1.60855,1.59255,1.59535
2009-05-28T00:00:00.000000000+0000,1.59535,1.60145,1.58515,1.5948
2009-05-29T00:00:00.000000000+0000,1.5948,1.6199,1.59275,1.61841
2009-05-30T00:00:00.000000000+0000,1.61841,1.61841,1.61841,1.61841
2009-05-31T00:00:00.000000000+0000,1.61813,1.62277,1.6165,1.6175
2009-06-01T00:00:00.000000000+0000,1.6175,1.64965,1.61615,1.646
2009-06-02T00:00:00.000000000+0000,1.646,1.6598,1.6324,1.65545
2009-06-03T00:00:00.000000000+0000,1.65535,1.6663,1.6242,1.62965
2009-06-04T00:00:00.000000000+0000,1.62965,1.64345,1.60835,1.6113
2009-06-05T00:00:00.000000000+0000,1.611,1.62425,1.5939,1.59725
2009-06-06T00:00:00.000000000+0000,1.59725,1.59725,1.59725,1.59725
2009-06-07T00:00:00.000000000+0000,1.59767,1.59767,1.59199,1.59695
2009-06-08T00:00:00.000000000+0000,1.59695,1.61035,1.5802,1.60875
2009-06-09T00:00:00.000000000+0000,1.6085,1.63615,1.5986,1.6309
2009-06-10T00:00:00.000000000+0000,1.63095,1.6473,1.62395,1.63585
2009-06-11T00:00:00.000000000+0000,1.63585,1.6622,1.63395,1.65945
2009-06-12T00:00:00.000000000+0000,1.65945,1.65975,1.6328,1.6447
2009-06-13T00:00:00.000000000+0000,1.6447,1.6447,1.6447,1.6447
2009-06-14T00:00:00.000000000+0000,1.64413,1.64498,1.63913,1.6413
2009-06-15T00:00:00.000000000+0000,1.64138,1.64273,1.62417,1.62701
2009-06-16T00:00:00.000000000+0000,1.62712,1.65001,1.62142,1.63601
2009-06-17T00:00:00.000000000+0000,1.63593,1.64776,1.62193,1.64256
2009-06-18T00:00:00.000000000+0000,1.64261,1.64678,1.61859,1.6355
2009-06-19T00:00:00.000000000+0000,1.63547,1.65615,1.6302,1.64949
2009-06-20T00:00:00.000000000+0000,1.64949,1.64949,1.64949,1.64949
2009-06-21T00:00:00.000000000+0000,1.6501,1.65135,1.6456,1.648
2009-06-22T00:00:00.000000000+0000,1.648,1.65155,1.63015,1.63135
2009-06-23T00:00:00.000000000+0000,1.63135,1.64735,1.62085,1.64385
2009-06-24T00:00:00.000000000+0000,1.64365,1.66015,1.63685,1.64335
2009-06-25T00:00:00.000000000+0000,1.64335,1.64675,1.6232,1.64142
2009-06-26T00:00:00.000000000+0000,1.64152,1.65605,1.63688,1.65157
2009-06-27T00:00:00.000000000+0000,1.65157,1.65157,1.65157,1.65157
2009-06-28T00:00:00.000000000+0000,1.6519,1.6524,1.649,1.6513
2009-06-29T00:00:00.000000000+0000,1.65105,1.6599,1.64275,1.6571
2009-06-30T00:00:00.000000000+0000,1.6571,1.6744,1.64215,1.6476
2009-07-01T00:00:00.000000000+0000,1.64745,1.65445,1.63835,1.6495
2009-07-02T00:00:00.000000000+0000,1.64945,1.64995,1.63235,1.63475
2009-07-03T00:00:00.000000000+0000,1.63475,1.6429,1.62903,1.63377
2009-07-04T00:00:00.000000000+0000,1.63377,1.63377,1.63377,1.63377
2009-07-05T00:00:00.000000000+0000,1.63365,1.63431,1.628,1.63065
2009-07-06T00:00:00.000000000+0000,1.6305,1.6328,1.6095,1.62925
2009-07-07T00:00:00.000000000+0000,1.6293,1.6295,1.60675,1.60795
2009-07-08T00:00:00.000000000+0000,1.60795,1.61385,1.5983,1.60375
2009-07-09T00:00:00.000000000+0000,1.60375,1.63805,1.6035,1.63295
2009-07-10T00:00:00.000000000+0000,1.63295,1.633,1.61545,1.62105
2009-07-11T00:00:00.000000000+0000,1.62105,1.62105,1.62105,1.62105
2009-07-12T00:00:00.000000000+0000,1.6197,1.62128,1.6177,1.6196
2009-07-13T00:00:00.000000000+0000,1.6195,1.6286,1.6033,1.62705
2009-07-14T00:00:00.000000000+0000,1.62705,1.6344,1.6228,1.6336
2009-07-15T00:00:00.000000000+0000,1.63355,1.6469,1.6301,1.6424
2009-07-16T00:00:00.000000000+0000,1.64235,1.64785,1.63545,1.64095
2009-07-17T00:00:00.000000000+0000,1.6409,1.64195,1.62655,1.63305
2009-07-18T00:00:00.000000000+0000,1.63305,1.63305,1.63305,1.63305
2009-07-19T00:00:00.000000000+0000,1.63273,1.63755,1.63164,1.63735
2009-07-20T00:00:00.000000000+0000,1.63735,1.6557,1.63655,1.6521
2009-07-21T00:00:00.000000000+0000,1.6521,1.65285,1.6383,1.64145
2009-07-22T00:00:00.000000000+0000,1.64145,1.6504,1.63105,1.64475
2009-07-23T00:00:00.000000000+0000,1.6447,1.6586,1.64335,1.6509
2009-07-24T00:00:00.000000000+0000,1.65085,1.65425,1.639,1.64252
2009-07-25T00:00:00.000000000+0000,1.64252,1.64252,1.64252,1.64252
2009-07-26T00:00:00.000000000+0000,1.64275,1.64748,1.6405,1.6407
2009-07-27T00:00:00.000000000+0000,1.6409,1.6524,1.63815,1.64815
2009-07-28T00:00:00.000000000+0000,1.64815,1.6556,1.63905,1.6407
2009-07-29T00:00:00.000000000+0000,1.64055,1.6468,1.6339,1.63495
2009-07-30T00:00:00.000000000+0000,1.63505,1.6526,1.63505,1.6505
2009-07-31T00:00:00.000000000+0000,1.65045,1.6732,1.6473,1.67063
2009-08-01T00:00:00.000000000+0000,1.67063,1.67063,1.67063,1.67063
2009-08-02T00:00:00.000000000+0000,1.67172,1.67775,1.6694,1.67565
2009-08-03T00:00:00.000000000+0000,1.67565,1.6987,1.6697,1.6934
2009-08-04T00:00:00.000000000+0000,1.6934,1.70045,1.68885,1.69505
2009-08-05T00:00:00.000000000+0000,1.69505,1.70425,1.69,1.6992
2009-08-06T00:00:00.000000000+0000,1.6992,1.70295,1.67515,1.68075
2009-08-07T00:00:00.000000000+0000,1.6808,1.68345,1.6651,1.6684
2009-08-08T00:00:00.000000000+0000,1.6684,1.6684,1.6684,1.6684
2009-08-09T00:00:00.000000000+0000,1.66795,1.6691,1.6658,1.66805
2009-08-10T00:00:00.000000000+0000,1.66805,1.67185,1.64305,1.6475
2009-08-11T00:00:00.000000000+0000,1.6475,1.6523,1.6431,1.6488
2009-08-12T00:00:00.000000000+0000,1.64875,1.656,1.639,1.65065
2009-08-13T00:00:00.000000000+0000,1.65065,1.66635,1.64845,1.65655
2009-08-14T00:00:00.000000000+0000,1.6565,1.66075,1.6484,1.65348
2009-08-15T00:00:00.000000000+0000,1.65348,1.65348,1.65348,1.65348
2009-08-16T00:00:00.000000000+0000,1.65375,1.65402,1.6464,1.64655
2009-08-17T00:00:00.000000000+0000,1.6466,1.6482,1.6275,1.63515
2009-08-18T00:00:00.000000000+0000,1.63515,1.6593,1.63285,1.65875
2009-08-19T00:00:00.000000000+0000,1.65875,1.65895,1.6375,1.65555
2009-08-20T00:00:00.000000000+0000,1.6555,1.66045,1.645,1.6504
2009-08-21T00:00:00.000000000+0000,1.6504,1.6624,1.64185,1.64934
2009-08-22T00:00:00.000000000+0000,1.64934,1.64934,1.64934,1.64934
2009-08-23T00:00:00.000000000+0000,1.65038,1.6525,1.64831,1.6512
2009-08-24T00:00:00.000000000+0000,1.6512,1.65445,1.63915,1.64055
2009-08-25T00:00:00.000000000+0000,1.64055,1.64455,1.63085,1.6313
2009-08-26T00:00:00.000000000+0000,1.6313,1.6354,1.6159,1.6227
2009-08-27T00:00:00.000000000+0000,1.6228,1.63045,1.61535,1.6288
2009-08-28T00:00:00.000000000+0000,1.6288,1.63815,1.62502,1.62651
2009-08-29T00:00:00.000000000+0000,1.62651,1.62651,1.62651,1.62651
2009-08-30T00:00:00.000000000+0000,1.6266,1.62838,1.62365,1.62665
2009-08-31T00:00:00.000000000+0000,1.62665,1.63295,1.6183,1.6284
2009-09-01T00:00:00.000000000+0000,1.6284,1.63755,1.61125,1.6125
2009-09-02T00:00:00.000000000+0000,1.6125,1.6299,1.6114,1.628
2009-09-03T00:00:00.000000000+0000,1.628,1.6413,1.6236,1.6324
2009-09-04T00:00:00.000000000+0000,1.63235,1.64105,1.6286,1.6386
2009-09-05T00:00:00.000000000+0000,1.6386,1.6386,1.6386,1.6386
2009-09-06T00:00:00.000000000+0000,1.63897,1.6419,1.63755,1.6415
2009-09-07T00:00:00.000000000+0000,1.6415,1.64435,1.6325,1.6336
2009-09-08T00:00:00.000000000+0000,1.63355,1.65875,1.63215,1.6515
2009-09-09T00:00:00.000000000+0000,1.6515,1.65915,1.6455,1.6534
2009-09-10T00:00:00.000000000+0000,1.6536,1.6687,1.64805,1.6653
2009-09-11T00:00:00.000000000+0000,1.6652,1.67415,1.6644,1.66543
2009-09-12T00:00:00.000000000+0000,1.66543,1.66543,1.66543,1.66543
2009-09-13T00:00:00.000000000+0000,1.66605,1.66939,1.66525,1.66525
2009-09-14T00:00:00.000000000+0000,1.6654,1.6654,1.6521,1.6606
2009-09-15T00:00:00.000000000+0000,1.6606,1.666,1.64015,1.64885
2009-09-16T00:00:00.000000000+0000,1.64895,1.65335,1.64315,1.64765
2009-09-17T00:00:00.000000000+0000,1.64755,1.65675,1.64255,1.64335
2009-09-18T00:00:00.000000000+0000,1.64335,1.64385,1.623,1.62685
2009-09-19T00:00:00.000000000+0000,1.62685,1.62685,1.62685,1.62685
2009-09-20T00:00:00.000000000+0000,1.62695,1.62698,1.62085,1.62505
2009-09-21T00:00:00.000000000+0000,1.6251,1.62625,1.61335,1.62165
2009-09-22T00:00:00.000000000+0000,1.6216,1.6405,1.6216,1.6381
2009-09-23T00:00:00.000000000+0000,1.638,1.64675,1.6317,1.63555
2009-09-24T00:00:00.000000000+0000,1.63545,1.63865,1.5915,1.59465
2009-09-25T00:00:00.000000000+0000,1.59465,1.6046,1.59165,1.595
2009-09-26T00:00:00.000000000+0000,1.595,1.595,1.595,1.595
2009-09-27T00:00:00.000000000+0000,1.59512,1.59865,1.58155,1.5859
2009-09-28T00:00:00.000000000+0000,1.5859,1.5925,1.57695,1.58865
2009-09-29T00:00:00.000000000+0000,1.58865,1.5989,1.58245,1.59685
2009-09-30T00:00:00.000000000+0000,1.5968,1.61255,1.59445,1.6
2009-10-01T00:00:00.000000000+0000,1.6,1.6024,1.5888,1.58935
2009-10-02T00:00:00.000000000+0000,1.58935,1.59545,1.5803,1.59402
2009-10-03T00:00:00.000000000+0000,1.59402,1.59402,1.59402,1.59402
2009-10-04T00:00:00.000000000+0000,1.59375,1.59578,1.59175,1.59295
2009-10-05T00:00:00.000000000+0000,1.59305,1.60235,1.5902,1.59465
2009-10-06T00:00:00.000000000+0000,1.59465,1.60475,1.58755,1.59215
2009-10-07T00:00:00.000000000+0000,1.5922,1.5976,1.5858,1.59625
2009-10-08T00:00:00.000000000+0000,1.59625,1.612,1.5951,1.60515
2009-10-09T00:00:00.000000000+0000,1.60505,1.6059,1.5825,1.5841
2009-10-10T00:00:00.000000000+0000,1.5841,1.5841,1.5841,1.5841
2009-10-11T00:00:00.000000000+0000,1.58327,1.58685,1.58228,1.58465
2009-10-12T00:00:00.000000000+0000,1.5846,1.5882,1.57275,1.58125
2009-10-13T00:00:00.000000000+0000,1.58115,1.59385,1.5708,1.59315
2009-10-14T00:00:00.000000000+0000,1.59315,1.6024,1.5902,1.60045
2009-10-15T00:00:00.000000000+0000,1.60035,1.63395,1.6001,1.6337
2009-10-16T00:00:00.000000000+0000,1.6337,1.6399,1.62515,1.63567
2009-10-17T00:00:00.000000000+0000,1.63567,1.63567,1.63567,1.63567
2009-10-18T00:00:00.000000000+0000,1.63532,1.63705,1.6282,1.6352
2009-10-19T00:00:00.000000000+0000,1.6353,1.6435,1.62405,1.6408
2009-10-20T00:00:00.000000000+0000,1.6408,1.64885,1.6328,1.63785
2009-10-21T00:00:00.000000000+0000,1.63785,1.66365,1.63465,1.66185
2009-10-22T00:00:00.000000000+0000,1.66185,1.66375,1.64865,1.66285
2009-10-23T00:00:00.000000000+0000,1.66285,1.66935,1.62983,1.6306
2009-10-24T00:00:00.000000000+0000,1.6306,1.6306,1.6306,1.6306
2009-10-25T00:00:00.000000000+0000,1.6304,1.63255,1.62665,1.6267
2009-10-26T00:00:00.000000000+0000,1.62685,1.6395,1.62505,1.6294
2009-10-27T00:00:00.000000000+0000,1.6295,1.64385,1.6285,1.63925
2009-10-28T00:00:00.000000000+0000,1.63925,1.6467,1.6285,1.6374
2009-10-29T00:00:00.000000000+0000,1.6374,1.6603,1.63375,1.6561
2009-10-30T00:00:00.000000000+0000,1.6561,1.6579,1.64085,1.64494
2009-10-31T00:00:00.000000000+0000,1.64494,1.64494,1.64494,1.64494
2009-11-01T00:00:00.000000000+0000,1.64387,1.64468,1.63445,1.6413
2009-11-02T00:00:00.000000000+0000,1.64125,1.64775,1.63285,1.63925
2009-11-03T00:00:00.000000000+0000,1.63925,1.6455,1.6261,1.6421
2009-11-04T00:00:00.000000000+0000,1.64205,1.6597,1.64,1.65555
2009-11-05T00:00:00.000000000+0000,1.65555,1.66355,1.64655,1.65725
2009-11-06T00:00:00.000000000+0000,1.6572,1.6635,1.65175,1.66142
2009-11-07T00:00:00.000000000+0000,1.66142,1.66142,1.66142,1.66142
2009-11-08T00:00:00.000000000+0000,1.66091,1.66708,1.66,1.66285
2009-11-09T00:00:00.000000000+0000,1.66285,1.68425,1.66165,1.6777
2009-11-10T00:00:00.000000000+0000,1.6777,1.6788,1.6601,1.67405
2009-11-11T00:00:00.000000000+0000,1.674,1.67975,1.6535,1.65805
2009-11-12T00:00:00.000000000+0000,1.6582,1.66265,1.65155,1.65855
2009-11-13T00:00:00.000000000+0000,1.65855,1.6707,1.65745,1.66602
2009-11-14T00:00:00.000000000+0000,1.66602,1.66602,1.66602,1.66602
2009-11-15T00:00:00.000000000+0000,1.66787,1.6729,1.66637,1.6725
2009-11-16T00:00:00.000000000+0000,1.6726,1.6878,1.6669,1.68365
2009-11-17T00:00:00.000000000+0000,1.68365,1.68725,1.6754,1.68189
2009-11-18T00:00:00.000000000+0000,1.6819,1.68455,1.6714,1.6739
2009-11-19T00:00:00.000000000+0000,1.67385,1.67405,1.66055,1.66515
2009-11-20T00:00:00.000000000+0000,1.66515,1.6676,1.646,1.65033
2009-11-21T00:00:00.000000000+0000,1.65033,1.65033,1.65033,1.65033
2009-11-22T00:00:00.000000000+0000,1.65057,1.65108,1.64715,1.65
2009-11-23T00:00:00.000000000+0000,1.64995,1.66475,1.64985,1.66035
2009-11-24T00:00:00.000000000+0000,1.66035,1.66065,1.6497,1.658
2009-11-25T00:00:00.000000000+0000,1.658,1.6746,1.658,1.67035
2009-11-26T00:00:00.000000000+0000,1.67025,1.6726,1.64135,1.64345
2009-11-27T00:00:00.000000000+0000,1.64345,1.65115,1.62705,1.64943
2009-11-28T00:00:00.000000000+0000,1.64943,1.64943,1.64943,1.64943
2009-11-29T00:00:00.000000000+0000,1.6489,1.65594,1.6471,1.65005
2009-11-30T00:00:00.000000000+0000,1.64995,1.6592,1.638,1.6454
2009-12-01T00:00:00.000000000+0000,1.6453,1.6647,1.6391,1.6622
2009-12-02T00:00:00.000000000+0000,1.6622,1.6695,1.655,1.666
2009-12-03T00:00:00.000000000+0000,1.66595,1.67215,1.65275,1.65545
2009-12-04T00:00:00.000000000+0000,1.65545,1.66705,1.6422,1.64692
2009-12-05T00:00:00.000000000+0000,1.64692,1.64692,1.64692,1.64692
2009-12-06T00:00:00.000000000+0000,1.64623,1.64797,1.64208,1.64705
2009-12-07T00:00:00.000000000+0000,1.64715,1.65155,1.63125,1.64615
2009-12-08T00:00:00.000000000+0000,1.64615,1.6476,1.6222,1.6241
2009-12-09T00:00:00.000000000+0000,1.6241,1.63755,1.61665,1.62795
2009-12-10T00:00:00.000000000+0000,1.62785,1.63465,1.62145,1.6275
2009-12-11T00:00:00.000000000+0000,1.6275,1.63385,1.6196,1.62575
2009-12-12T00:00:00.000000000+0000,1.62575,1.62575,1.62575,1.62575
2009-12-13T00:00:00.000000000+0000,1.6258,1.62618,1.62045,1.6226
2009-12-14T00:00:00.000000000+0000,1.62265,1.6325,1.61895,1.6311
2009-12-15T00:00:00.000000000+0000,1.63105,1.6319,1.6205,1.6266
2009-12-16T00:00:00.000000000+0000,1.62645,1.6411,1.6231,1.63255
2009-12-17T00:00:00.000000000+0000,1.6325,1.6333,1.6079,1.616
2009-12-18T00:00:00.000000000+0000,1.61595,1.625,1.6051,1.61375
2009-12-19T00:00:00.000000000+0000,1.61375,1.61375,1.61375,1.61375
2009-12-20T00:00:00.000000000+0000,1.6159,1.61593,1.61065,1.61275
2009-12-21T00:00:00.000000000+0000,1.61275,1.61645,1.60295,1.6054
2009-12-22T00:00:00.000000000+0000,1.6053,1.60995,1.5921,1.5969
2009-12-23T00:00:00.000000000+0000,1.597,1.59945,1.59235,1.5963
2009-12-24T00:00:00.000000000+0000,1.59635,1.60225,1.59275,1.59659
2009-12-25T00:00:00.000000000+0000,1.59668,1.5989,1.59417,1.5962
2009-12-26T00:00:00.000000000+0000,1.5962,1.5962,1.5962,1.5962
2009-12-27T00:00:00.000000000+0000,1.5961,1.59895,1.5938,1.59475
2009-12-28T00:00:00.000000000+0000,1.59475,1.6015,1.5931,1.5998
2009-12-29T00:00:00.000000000+0000,1.59985,1.60675,1.58665,1.5901
2009-12-30T00:00:00.000000000+0000,1.59005,1.60945,1.58315,1.60735
2009-12-31T00:00:00.000000000+0000,1.60735,1.6236,1.6049,1.61669
2010-01-01T00:00:00.000000000+0000,1.61669,1.61696,1.61487,1.61667
2010-01-02T00:00:00.000000000+0000,1.61667,1.61667,1.61667,1.61667
2010-01-03T00:00:00.000000000+0000,1.61667,1.61678,1.60993,1.61375
2010-01-04T00:00:00.000000000+0000,1.6137,1.62415,1.60575,1.61125
2010-01-05T00:00:00.000000000+0000,1.61125,1.6153,1.5965,1.59885
2010-01-06T00:00:00.000000000+0000,1.59885,1.60635,1.5937,1.60205
2010-01-07T00:00:00.000000000+0000,1.602,1.60585,1.5896,1.5932
2010-01-08T00:00:00.000000000+0000,1.5932,1.611,1.5915,1.60162
2010-01-09T00:00:00.000000000+0000,1.60162,1.60162,1.60162,1.60162
2010-01-10T00:00:00.000000000+0000,1.602,1.6097,1.60135,1.6087
2010-01-11T00:00:00.000000000+0000,1.60855,1.61935,1.6063,1.611
2010-01-12T00:00:00.000000000+0000,1.611,1.61945,1.60615,1.61495
2010-01-13T00:00:00.000000000+0000,1.6151,1.6307,1.61365,1.6282
2010-01-14T00:00:00.000000000+0000,1.62805,1.63465,1.62495,1.6333
2010-01-15T00:00:00.000000000+0000,1.6333,1.63545,1.621,1.62603
2010-01-16T00:00:00.000000000+0000,1.62603,1.62603,1.62603,1.62603
2010-01-17T00:00:00.000000000+0000,1.62612,1.62885,1.62316,1.62875
2010-01-18T00:00:00.000000000+0000,1.62875,1.6377,1.62495,1.63505
2010-01-19T00:00:00.000000000+0000,1.635,1.64575,1.63115,1.63575
2010-01-20T00:00:00.000000000+0000,1.63575,1.637,1.6243,1.63005
2010-01-21T00:00:00.000000000+0000,1.63,1.63115,1.61245,1.6198
2010-01-22T00:00:00.000000000+0000,1.6198,1.62835,1.6077,1.6103
2010-01-23T00:00:00.000000000+0000,1.6103,1.6103,1.6103,1.6103
2010-01-24T00:00:00.000000000+0000,1.61117,1.6136,1.60861,1.61145
2010-01-25T00:00:00.000000000+0000,1.61135,1.6261,1.60945,1.62455
2010-01-26T00:00:00.000000000+0000,1.62455,1.6268,1.6093,1.61425
2010-01-27T00:00:00.000000000+0000,1.6142,1.6244,1.61065,1.61755
2010-01-28T00:00:00.000000000+0000,1.61755,1.62755,1.6112,1.61415
2010-01-29T00:00:00.000000000+0000,1.6141,1.6179,1.5977,1.5984
2010-01-30T00:00:00.000000000+0000,1.5984,1.5984,1.5984,1.5984
2010-01-31T00:00:00.000000000+0000,1.59966,1.59966,1.59355,1.5971
2010-02-01T00:00:00.000000000+0000,1.59715,1.59785,1.58505,1.5944
2010-02-02T00:00:00.000000000+0000,1.5944,1.5995,1.5902,1.59885
2010-02-03T00:00:00.000000000+0000,1.59885,1.6069,1.5876,1.5914
2010-02-04T00:00:00.000000000+0000,1.5913,1.59175,1.573,1.5766
2010-02-05T00:00:00.000000000+0000,1.5766,1.5775,1.5558,1.56395
2010-02-06T00:00:00.000000000+0000,1.56395,1.56395,1.56395,1.56395
2010-02-07T00:00:00.000000000+0000,1.56365,1.56687,1.5578,1.55995
2010-02-08T00:00:00.000000000+0000,1.56005,1.56595,1.55335,1.55725
2010-02-09T00:00:00.000000000+0000,1.55715,1.57475,1.5561,1.5693
2010-02-10T00:00:00.000000000+0000,1.56925,1.5765,1.55715,1.5607
2010-02-11T00:00:00.000000000+0000,1.5607,1.57175,1.5559,1.5699
2010-02-12T00:00:00.000000000+0000,1.5699,1.57405,1.558,1.56927
2010-02-13T00:00:00.000000000+0000,1.56927,1.56927,1.56927,1.56927
2010-02-14T00:00:00.000000000+0000,1.5704,1.57048,1.56435,1.5664
2010-02-15T00:00:00.000000000+0000,1.56655,1.57205,1.5612,1.56645
2010-02-16T00:00:00.000000000+0000,1.56635,1.5795,1.5627,1.5784
2010-02-17T00:00:00.000000000+0000,1.5784,1.58155,1.56653,1.56785
2010-02-18T00:00:00.000000000+0000,1.56785,1.5687,1.5404,1.54265
2010-02-19T00:00:00.000000000+0000,1.54285,1.54765,1.53505,1.5475
2010-02-20T00:00:00.000000000+0000,1.5475,1.5475,1.5475,1.5475
2010-02-21T00:00:00.000000000+0000,1.54713,1.54868,1.54305,1.54685
2010-02-22T00:00:00.000000000+0000,1.5469,1.55205,1.54475,1.55
2010-02-23T00:00:00.000000000+0000,1.54985,1.5575,1.5393,1.54425
2010-02-24T00:00:00.000000000+0000,1.5443,1.5476,1.53855,1.5413
2010-02-25T00:00:00.000000000+0000,1.54145,1.5422,1.5188,1.52385
2010-02-26T00:00:00.000000000+0000,1.5239,1.53165,1.51515,1.52363
2010-02-27T00:00:00.000000000+0000,1.52363,1.52363,1.52363,1.52363
2010-02-28T00:00:00.000000000+0000,1.52455,1.52465,1.5128,1.51795
2010-03-01T00:00:00.000000000+0000,1.51795,1.5203,1.47805,1.49715
2010-03-02T00:00:00.000000000+0000,1.49715,1.5031,1.4854,1.50215
2010-03-03T00:00:00.000000000+0000,1.5022,1.51305,1.49755,1.51
2010-03-04T00:00:00.000000000+0000,1.51005,1.51355,1.50055,1.50295
2010-03-05T00:00:00.000000000+0000,1.50295,1.51665,1.4992,1.5137
2010-03-06T00:00:00.000000000+0000,1.5137,1.5137,1.5137,1.5137
2010-03-07T00:00:00.000000000+0000,1.51297,1.51665,1.51119,1.51415
2010-03-08T00:00:00.000000000+0000,1.5142,1.5196,1.50305,1.50415
2010-03-09T00:00:00.000000000+0000,1.50415,1.5043,1.49355,1.50125
2010-03-10T00:00:00.000000000+0000,1.5012,1.50145,1.48725,1.4964
2010-03-11T00:00:00.000000000+0000,1.49645,1.50865,1.4945,1.5065
2010-03-12T00:00:00.000000000+0000,1.5065,1.5217,1.5026,1.51943
2010-03-13T00:00:00.000000000+0000,1.51943,1.51943,1.51943,1.51943
2010-03-14T00:00:00.000000000+0000,1.51913,1.52118,1.51564,1.5195
2010-03-15T00:00:00.000000000+0000,1.51955,1.5207,1.50185,1.50475
2010-03-16T00:00:00.000000000+0000,1.50465,1.52595,1.49775,1.5234
2010-03-17T00:00:00.000000000+0000,1.5234,1.53815,1.52085,1.5313
2010-03-18T00:00:00.000000000+0000,1.5313,1.53275,1.52165,1.52495
2010-03-19T00:00:00.000000000+0000,1.52515,1.52545,1.4988,1.5012
2010-03-20T00:00:00.000000000+0000,1.5012,1.5012,1.5012,1.5012
2010-03-21T00:00:00.000000000+0000,1.50155,1.50295,1.49737,1.49925
2010-03-22T00:00:00.000000000+0000,1.49925,1.511,1.4931,1.51095
2010-03-23T00:00:00.000000000+0000,1.5109,1.5112,1.49725,1.502
2010-03-24T00:00:00.000000000+0000,1.502,1.50355,1.4853,1.4896
2010-03-25T00:00:00.000000000+0000,1.4896,1.5002,1.47975,1.48465
2010-03-26T00:00:00.000000000+0000,1.48465,1.49235,1.48105,1.4899
2010-03-27T00:00:00.000000000+0000,1.4899,1.4899,1.4899,1.4899
2010-03-28T00:00:00.000000000+0000,1.4899,1.49682,1.48883,1.49125
2010-03-29T00:00:00.000000000+0000,1.49115,1.5019,1.48915,1.4989
2010-03-30T00:00:00.000000000+0000,1.4989,1.51265,1.4974,1.50845
2010-03-31T00:00:00.000000000+0000,1.50845,1.52035,1.5043,1.5194
2010-04-01T00:00:00.000000000+0000,1.5194,1.5298,1.51795,1.52935
2010-04-02T00:00:00.000000000+0000,1.52935,1.52935,1.51815,1.5198
2010-04-03T00:00:00.000000000+0000,1.5198,1.5198,1.5198,1.5198
2010-04-04T00:00:00.000000000+0000,1.5207,1.52942,1.51994,1.52555
2010-04-05T00:00:00.000000000+0000,1.52555,1.5319,1.5223,1.5282
2010-04-06T00:00:00.000000000+0000,1.5282,1.5282,1.5129,1.52355
2010-04-07T00:00:00.000000000+0000,1.52355,1.5286,1.51375,1.5221
2010-04-08T00:00:00.000000000+0000,1.52215,1.53035,1.51405,1.5296
2010-04-09T00:00:00.000000000+0000,1.5296,1.5391,1.5267,1.5365
2010-04-10T00:00:00.000000000+0000,1.5365,1.5365,1.5365,1.5365
2010-04-11T00:00:00.000000000+0000,1.53792,1.54665,1.53645,1.54345
2010-04-12T00:00:00.000000000+0000,1.5435,1.5485,1.53525,1.5367
2010-04-13T00:00:00.000000000+0000,1.53665,1.54485,1.53355,1.5378
2010-04-14T00:00:00.000000000+0000,1.53775,1.54905,1.53765,1.5474
2010-04-15T00:00:00.000000000+0000,1.5474,1.55225,1.5385,1.5459
2010-04-16T00:00:00.000000000+0000,1.54595,1.54735,1.5352,1.53592
2010-04-17T00:00:00.000000000+0000,1.53592,1.53592,1.53592,1.53592
2010-04-18T00:00:00.000000000+0000,1.536,1.53602,1.52605,1.52845
2010-04-19T00:00:00.000000000+0000,1.52845,1.53425,1.51915,1.5331
2010-04-20T00:00:00.000000000+0000,1.53325,1.5432,1.5289,1.5363
2010-04-21T00:00:00.000000000+0000,1.5363,1.5439,1.5331,1.54135
2010-04-22T00:00:00.000000000+0000,1.54135,1.5473,1.53195,1.53415
2010-04-23T00:00:00.000000000+0000,1.53415,1.53975,1.52935,1.5375
2010-04-24T00:00:00.000000000+0000,1.5375,1.5375,1.5375,1.5375
2010-04-25T00:00:00.000000000+0000,1.5379,1.539,1.5363,1.53865
2010-04-26T00:00:00.000000000+0000,1.53865,1.54975,1.53865,1.54755
2010-04-27T00:00:00.000000000+0000,1.54755,1.54755,1.52245,1.5259
2010-04-28T00:00:00.000000000+0000,1.5259,1.52875,1.5125,1.5192
2010-04-29T00:00:00.000000000+0000,1.5191,1.5364,1.5142,1.53425
2010-04-30T00:00:00.000000000+0000,1.53425,1.53905,1.5253,1.5271
2010-05-01T00:00:00.000000000+0000,1.5271,1.5271,1.5271,1.5271
2010-05-02T00:00:00.000000000+0000,1.52683,1.53335,1.52671,1.5299
2010-05-03T00:00:00.000000000+0000,1.5299,1.53095,1.52105,1.52425
2010-05-04T00:00:00.000000000+0000,1.52425,1.52645,1.50905,1.51355
2010-05-05T00:00:00.000000000+0000,1.51345,1.51725,1.5067,1.50975
2010-05-06T00:00:00.000000000+0000,1.50975,1.51475,1.47085,1.4899
2010-05-07T00:00:00.000000000+0000,1.4898,1.49345,1.44755,1.48
2010-05-08T00:00:00.000000000+0000,1.48,1.48,1.48,1.48
2010-05-09T00:00:00.000000000+0000,1.48062,1.48896,1.4759,1.48065
2010-05-10T00:00:00.000000000+0000,1.48025,1.5054,1.47875,1.4834
2010-05-11T00:00:00.000000000+0000,1.48345,1.50035,1.47195,1.49525
2010-05-12T00:00:00.000000000+0000,1.49525,1.50445,1.4818,1.4847
2010-05-13T00:00:00.000000000+0000,1.48475,1.49165,1.45715,1.459
2010-05-14T00:00:00.000000000+0000,1.45905,1.4639,1.44955,1.45288
2010-05-15T00:00:00.000000000+0000,1.45288,1.45288,1.45288,1.45288
2010-05-16T00:00:00.000000000+0000,1.4532,1.45455,1.4465,1.44775
2010-05-17T00:00:00.000000000+0000,1.44775,1.4509,1.42505,1.4464
2010-05-18T00:00:00.000000000+0000,1.4464,1.45185,1.42545,1.42565
2010-05-19T00:00:00.000000000+0000,1.4256,1.44655,1.42375,1.44225
2010-05-20T00:00:00.000000000+0000,1.44235,1.4459,1.42275,1.43945
2010-05-21T00:00:00.000000000+0000,1.43935,1.44955,1.4317,1.44645
2010-05-22T00:00:00.000000000+0000,1.44645,1.44645,1.44645,1.44645
2010-05-23T00:00:00.000000000+0000,1.4465,1.44885,1.44335,1.44425
2010-05-24T00:00:00.000000000+0000,1.44425,1.45275,1.43515,1.43855
2010-05-25T00:00:00.000000000+0000,1.43855,1.4447,1.4258,1.43905
2010-05-26T00:00:00.000000000+0000,1.43905,1.44425,1.43295,1.4392
2010-05-27T00:00:00.000000000+0000,1.4392,1.46065,1.43805,1.45645
2010-05-28T00:00:00.000000000+0000,1.45645,1.4611,1.44345,1.44617
2010-05-29T00:00:00.000000000+0000,1.44617,1.44617,1.44617,1.44617
2010-05-30T00:00:00.000000000+0000,1.4467,1.44792,1.43623,1.44625
2010-05-31T00:00:00.000000000+0000,1.44625,1.4547,1.4426,1.45065
2010-06-01T00:00:00.000000000+0000,1.4506,1.4722,1.44385,1.46715
2010-06-02T00:00:00.000000000+0000,1.46705,1.477,1.4553,1.4671
2010-06-03T00:00:00.000000000+0000,1.46705,1.47425,1.45855,1.4642
2010-06-04T00:00:00.000000000+0000,1.46415,1.4681,1.44476,1.4449
2010-06-05T00:00:00.000000000+0000,1.4449,1.4449,1.4449,1.4449
2010-06-06T00:00:00.000000000+0000,1.4459,1.44598,1.44039,1.44225
2010-06-07T00:00:00.000000000+0000,1.44225,1.45625,1.43875,1.4474
2010-06-08T00:00:00.000000000+0000,1.4474,1.4528,1.4346,1.44445
2010-06-09T00:00:00.000000000+0000,1.44445,1.46075,1.4395,1.45475
2010-06-10T00:00:00.000000000+0000,1.45475,1.47295,1.45085,1.47245
2010-06-11T00:00:00.000000000+0000,1.4724,1.47585,1.4504,1.4549
2010-06-12T00:00:00.000000000+0000,1.4549,1.4549,1.4549,1.4549
2010-06-13T00:00:00.000000000+0000,1.45542,1.4612,1.4534,1.4612
2010-06-14T00:00:00.000000000+0000,1.46125,1.48085,1.45695,1.4733
2010-06-15T00:00:00.000000000+0000,1.4733,1.4836,1.4682,1.47985
2010-06-16T00:00:00.000000000+0000,1.47985,1.4855,1.4703,1.4709
2010-06-17T00:00:00.000000000+0000,1.4709,1.48375,1.46445,1.48079
2010-06-18T00:00:00.000000000+0000,1.48085,1.4886,1.47705,1.48203
2010-06-19T00:00:00.000000000+0000,1.48203,1.48203,1.48203,1.48203
2010-06-20T00:00:00.000000000+0000,1.48252,1.48809,1.48225,1.4837
2010-06-21T00:00:00.000000000+0000,1.4837,1.4936,1.47375,1.4761
2010-06-22T00:00:00.000000000+0000,1.4761,1.4859,1.46875,1.48085
2010-06-23T00:00:00.000000000+0000,1.48085,1.49725,1.48025,1.4966
2010-06-24T00:00:00.000000000+0000,1.49665,1.50115,1.4915,1.49315
2010-06-25T00:00:00.000000000+0000,1.4931,1.5077,1.48555,1.50597
2010-06-26T00:00:00.000000000+0000,1.50597,1.50597,1.50597,1.50597
2010-06-27T00:00:00.000000000+0000,1.5071,1.50718,1.50305,1.5043
2010-06-28T00:00:00.000000000+0000,1.5043,1.51275,1.50165,1.51045
2010-06-29T00:00:00.000000000+0000,1.51045,1.51195,1.5012,1.50535
2010-06-30T00:00:00.000000000+0000,1.50535,1.50735,1.49305,1.49565
2010-07-01T00:00:00.000000000+0000,1.49565,1.519,1.4873,1.51625
2010-07-02T00:00:00.000000000+0000,1.51625,1.5229,1.51495,1.51968
2010-07-03T00:00:00.000000000+0000,1.51968,1.51968,1.51968,1.51968
2010-07-04T00:00:00.000000000+0000,1.51982,1.52027,1.51845,1.5186
2010-07-05T00:00:00.000000000+0000,1.5186,1.5198,1.50895,1.5101
2010-07-06T00:00:00.000000000+0000,1.5101,1.52265,1.5081,1.5155
2010-07-07T00:00:00.000000000+0000,1.51555,1.52185,1.5081,1.51815
2010-07-08T00:00:00.000000000+0000,1.5182,1.52405,1.51015,1.51455
2010-07-09T00:00:00.000000000+0000,1.51455,1.52045,1.505,1.50618
2010-07-10T00:00:00.000000000+0000,1.50618,1.50618,1.50618,1.50618
2010-07-11T00:00:00.000000000+0000,1.5069,1.50799,1.5049,1.50725
2010-07-12T00:00:00.000000000+0000,1.50725,1.50855,1.4948,1.50295
2010-07-13T00:00:00.000000000+0000,1.50295,1.51995,1.49645,1.51965
2010-07-14T00:00:00.000000000+0000,1.51965,1.5297,1.5188,1.52595
2010-07-15T00:00:00.000000000+0000,1.52595,1.5471,1.52355,1.54225
2010-07-16T00:00:00.000000000+0000,1.54225,1.5447,1.5278,1.52965
2010-07-17T00:00:00.000000000+0000,1.52965,1.52965,1.52965,1.52965
2010-07-18T00:00:00.000000000+0000,1.53035,1.5321,1.52685,1.52915
2010-07-19T00:00:00.000000000+0000,1.52915,1.53515,1.52025,1.52185
2010-07-20T00:00:00.000000000+0000,1.52175,1.5309,1.5153,1.52885
2010-07-21T00:00:00.000000000+0000,1.52885,1.53355,1.51235,1.51845
2010-07-22T00:00:00.000000000+0000,1.51845,1.52955,1.515,1.52835
2010-07-23T00:00:00.000000000+0000,1.52835,1.5449,1.5257,1.5416
2010-07-24T00:00:00.000000000+0000,1.5416,1.5416,1.5416,1.5416
2010-07-25T00:00:00.000000000+0000,1.54373,1.54455,1.53867,1.5444
2010-07-26T00:00:00.000000000+0000,1.5445,1.5519,1.5417,1.54785
2010-07-27T00:00:00.000000000+0000,1.54785,1.5599,1.5442,1.5582
2010-07-28T00:00:00.000000000+0000,1.5582,1.56375,1.5545,1.5602
2010-07-29T00:00:00.000000000+0000,1.56015,1.5662,1.558,1.56015
2010-07-30T00:00:00.000000000+0000,1.56015,1.57205,1.5551,1.5681
2010-07-31T00:00:00.000000000+0000,1.5681,1.5681,1.5681,1.5681
2010-08-01T00:00:00.000000000+0000,1.56882,1.5732,1.56819,1.57085
2010-08-02T00:00:00.000000000+0000,1.57085,1.5907,1.57,1.5887
2010-08-03T00:00:00.000000000+0000,1.5887,1.59675,1.58589,1.59395
2010-08-04T00:00:00.000000000+0000,1.59395,1.5963,1.58555,1.58845
2010-08-05T00:00:00.000000000+0000,1.58845,1.59235,1.582,1.5876
2010-08-06T00:00:00.000000000+0000,1.58765,1.59975,1.584,1.5939
2010-08-07T00:00:00.000000000+0000,1.5939,1.5939,1.5939,1.5939
2010-08-08T00:00:00.000000000+0000,1.59492,1.5995,1.59456,1.5962
2010-08-09T00:00:00.000000000+0000,1.5961,1.59935,1.58816,1.58831
2010-08-10T00:00:00.000000000+0000,1.5885,1.5908,1.571,1.58135
2010-08-11T00:00:00.000000000+0000,1.5814,1.58335,1.56155,1.56365
2010-08-12T00:00:00.000000000+0000,1.56375,1.57135,1.55615,1.55925
2010-08-13T00:00:00.000000000+0000,1.55925,1.56785,1.5573,1.55885
2010-08-14T00:00:00.000000000+0000,1.55885,1.55885,1.55885,1.55885
2010-08-15T00:00:00.000000000+0000,1.55912,1.56181,1.55635,1.5584
2010-08-16T00:00:00.000000000+0000,1.5584,1.5702,1.55345,1.56475
2010-08-17T00:00:00.000000000+0000,1.56475,1.56955,1.5551,1.55705
2010-08-18T00:00:00.000000000+0000,1.55715,1.5687,1.54975,1.55555
2010-08-19T00:00:00.000000000+0000,1.5556,1.56705,1.5509,1.55745
2010-08-20T00:00:00.000000000+0000,1.55745,1.5594,1.5462,1.5529
2010-08-21T00:00:00.000000000+0000,1.5529,1.5529,1.5529,1.5529
2010-08-22T00:00:00.000000000+0000,1.554,1.5553,1.55075,1.55515
2010-08-23T00:00:00.000000000+0000,1.55515,1.5619,1.5484,1.54915
2010-08-24T00:00:00.000000000+0000,1.54925,1.55045,1.53715,1.5405
2010-08-25T00:00:00.000000000+0000,1.5405,1.548,1.5389,1.54755
2010-08-26T00:00:00.000000000+0000,1.54755,1.5597,1.54675,1.55205
2010-08-27T00:00:00.000000000+0000,1.55205,1.5543,1.54415,1.55247
2010-08-28T00:00:00.000000000+0000,1.55247,1.55247,1.55247,1.55247
2010-08-29T00:00:00.000000000+0000,1.55192,1.5545,1.55107,1.5539
2010-08-30T00:00:00.000000000+0000,1.55385,1.55755,1.54555,1.54725
2010-08-31T00:00:00.000000000+0000,1.54725,1.54725,1.5326,1.5341
2010-09-01T00:00:00.000000000+0000,1.5341,1.5491,1.53355,1.54435
2010-09-02T00:00:00.000000000+0000,1.54435,1.5451,1.535,1.5391
2010-09-03T00:00:00.000000000+0000,1.5391,1.5468,1.53895,1.5448
2010-09-04T00:00:00.000000000+0000,1.5448,1.5448,1.5448,1.5448
2010-09-05T00:00:00.000000000+0000,1.5444,1.5452,1.54192,1.5451
2010-09-06T00:00:00.000000000+0000,1.5451,1.54885,1.5345,1.5361
2010-09-07T00:00:00.000000000+0000,1.5361,1.54235,1.52965,1.53505
2010-09-08T00:00:00.000000000+0000,1.53515,1.55325,1.535,1.5472
2010-09-09T00:00:00.000000000+0000,1.5472,1.5477,1.53755,1.54135
2010-09-10T00:00:00.000000000+0000,1.54135,1.5466,1.53322,1.53468
2010-09-11T00:00:00.000000000+0000,1.53468,1.53468,1.53468,1.53468
2010-09-12T00:00:00.000000000+0000,1.5347,1.53965,1.53448,1.53955
2010-09-13T00:00:00.000000000+0000,1.5396,1.54875,1.5381,1.5381
2010-09-14T00:00:00.000000000+0000,1.5381,1.55865,1.5347,1.5538
2010-09-15T00:00:00.000000000+0000,1.5539,1.5651,1.54485,1.5635
2010-09-16T00:00:00.000000000+0000,1.56355,1.56475,1.55375,1.5603
2010-09-17T00:00:00.000000000+0000,1.5603,1.5728,1.5595,1.56283
2010-09-18T00:00:00.000000000+0000,1.56283,1.56283,1.56283,1.56283
2010-09-19T00:00:00.000000000+0000,1.5625,1.56625,1.56182,1.56415
2010-09-20T00:00:00.000000000+0000,1.5641,1.5685,1.5536,1.55485
2010-09-21T00:00:00.000000000+0000,1.55485,1.5643,1.5503,1.56295
2010-09-22T00:00:00.000000000+0000,1.56295,1.5715,1.56035,1.5641
2010-09-23T00:00:00.000000000+0000,1.56415,1.57405,1.5611,1.56605
2010-09-24T00:00:00.000000000+0000,1.56605,1.58435,1.564,1.58197
2010-09-25T00:00:00.000000000+0000,1.58197,1.58197,1.58197,1.58197
2010-09-26T00:00:00.000000000+0000,1.58182,1.5843,1.58085,1.5826
2010-09-27T00:00:00.000000000+0000,1.5826,1.58665,1.5787,1.58085
2010-09-28T00:00:00.000000000+0000,1.58085,1.5895,1.57185,1.58065
2010-09-29T00:00:00.000000000+0000,1.58065,1.5874,1.57615,1.5803
2010-09-30T00:00:00.000000000+0000,1.5803,1.59225,1.5669,1.57305
2010-10-01T00:00:00.000000000+0000,1.57315,1.58725,1.5703,1.5816
2010-10-02T00:00:00.000000000+0000,1.5816,1.5816,1.5816,1.5816
2010-10-03T00:00:00.000000000+0000,1.58142,1.58314,1.57703,1.58195
2010-10-04T00:00:00.000000000+0000,1.58195,1.587,1.57485,1.58065
2010-10-05T00:00:00.000000000+0000,1.58065,1.59295,1.57515,1.59105
2010-10-06T00:00:00.000000000+0000,1.59095,1.5939,1.5833,1.5864
2010-10-07T00:00:00.000000000+0000,1.58635,1.60175,1.5826,1.5878
2010-10-08T00:00:00.000000000+0000,1.58775,1.5965,1.5823,1.59623
2010-10-09T00:00:00.000000000+0000,1.59623,1.59623,1.59623,1.59623
2010-10-10T00:00:00.000000000+0000,1.5962,1.59679,1.59295,1.59565
2010-10-11T00:00:00.000000000+0000,1.59565,1.5963,1.58675,1.5875
2010-10-12T00:00:00.000000000+0000,1.5877,1.59165,1.5755,1.5801
2010-10-13T00:00:00.000000000+0000,1.5802,1.5937,1.5774,1.5931
2010-10-14T00:00:00.000000000+0000,1.59315,1.6066,1.59315,1.59855
2010-10-15T00:00:00.000000000+0000,1.59855,1.61055,1.5975,1.5989
2010-10-16T00:00:00.000000000+0000,1.5989,1.5989,1.5989,1.5989
2010-10-17T00:00:00.000000000+0000,1.59888,1.60035,1.59615,1.59925
2010-10-18T00:00:00.000000000+0000,1.59925,1.5995,1.5837,1.5904
2010-10-19T00:00:00.000000000+0000,1.59045,1.5941,1.565,1.5655
2010-10-20T00:00:00.000000000+0000,1.56555,1.58775,1.56555,1.58475
2010-10-21T00:00:00.000000000+0000,1.5848,1.58495,1.56855,1.5716
2010-10-22T00:00:00.000000000+0000,1.5716,1.575,1.5652,1.56822
2010-10-23T00:00:00.000000000+0000,1.56822,1.56822,1.56822,1.56822
2010-10-24T00:00:00.000000000+0000,1.56825,1.57004,1.56523,1.56826
2010-10-25T00:00:00.000000000+0000,1.56826,1.57716,1.56775,1.57075
2010-10-26T00:00:00.000000000+0000,1.57075,1.58956,1.57056,1.58409
2010-10-27T00:00:00.000000000+0000,1.58409,1.58654,1.573,1.57892
2010-10-28T00:00:00.000000000+0000,1.57892,1.59776,1.57617,1.5961
2010-10-29T00:00:00.000000000+0000,1.59613,1.6044,1.58769,1.60363
2010-10-30T00:00:00.000000000+0000,1.60363,1.60363,1.60363,1.60363
2010-10-31T00:00:00.000000000+0000,1.60374,1.60574,1.60287,1.60461
2010-11-01T00:00:00.000000000+0000,1.60462,1.60886,1.59898,1.60566
2010-11-02T00:00:00.000000000+0000,1.60566,1.60792,1.59614,1.60289
2010-11-03T00:00:00.000000000+0000,1.60284,1.61708,1.60065,1.61057
2010-11-04T00:00:00.000000000+0000,1.61067,1.62981,1.60882,1.62739
2010-11-05T00:00:00.000000000+0000,1.62739,1.62783,1.61661,1.61787
2010-11-06T00:00:00.000000000+0000,1.61787,1.61787,1.61787,1.61787
2010-11-07T00:00:00.000000000+0000,1.61858,1.62077,1.61779,1.62038
2010-11-08T00:00:00.000000000+0000,1.62031,1.62122,1.61039,1.61126
2010-11-09T00:00:00.000000000+0000,1.61126,1.61833,1.59515,1.59982
2010-11-10T00:00:00.000000000+0000,1.59982,1.61353,1.59603,1.61189
2010-11-11T00:00:00.000000000+0000,1.61192,1.61786,1.60809,1.61013
2010-11-12T00:00:00.000000000+0000,1.61011,1.61833,1.59859,1.60938
2010-11-13T00:00:00.000000000+0000,1.60938,1.60938,1.60938,1.60938
2010-11-14T00:00:00.000000000+0000,1.60896,1.615,1.60896,1.61269
2010-11-15T00:00:00.000000000+0000,1.61261,1.61529,1.60388,1.60393
2010-11-16T00:00:00.000000000+0000,1.60398,1.60851,1.58384,1.58856
2010-11-17T00:00:00.000000000+0000,1.58862,1.59477,1.58541,1.59171
2010-11-18T00:00:00.000000000+0000,1.59174,1.60549,1.58871,1.60492
2010-11-19T00:00:00.000000000+0000,1.60494,1.60937,1.59358,1.59827
2010-11-20T00:00:00.000000000+0000,1.59827,1.59827,1.59827,1.59827
2010-11-21T00:00:00.000000000+0000,1.59768,1.60054,1.59618,1.59997
2010-11-22T00:00:00.000000000+0000,1.6,1.60841,1.5898,1.59415
2010-11-23T00:00:00.000000000+0000,1.59418,1.5954,1.57585,1.57994
2010-11-24T00:00:00.000000000+0000,1.57991,1.58362,1.57412,1.57879
2010-11-25T00:00:00.000000000+0000,1.57886,1.57934,1.57254,1.57572
2010-11-26T00:00:00.000000000+0000,1.57565,1.57662,1.55753,1.55856
2010-11-27T00:00:00.000000000+0000,1.55856,1.55856,1.55856,1.55856
2010-11-28T00:00:00.000000000+0000,1.55866,1.56249,1.55826,1.55881
2010-11-29T00:00:00.000000000+0000,1.5588,1.56461,1.5527,1.55474
2010-11-30T00:00:00.000000000+0000,1.55474,1.55949,1.54841,1.55715
2010-12-01T00:00:00.000000000+0000,1.5571,1.56481,1.55471,1.56106
2010-12-02T00:00:00.000000000+0000,1.56106,1.56671,1.55112,1.55881
2010-12-03T00:00:00.000000000+0000,1.55881,1.57869,1.55805,1.57727
2010-12-04T00:00:00.000000000+0000,1.57727,1.57727,1.57727,1.57727
2010-12-05T00:00:00.000000000+0000,1.5773,1.57739,1.57495,1.57657
2010-12-06T00:00:00.000000000+0000,1.57657,1.57681,1.5655,1.57086
2010-12-07T00:00:00.000000000+0000,1.57086,1.58215,1.57032,1.57535
2010-12-08T00:00:00.000000000+0000,1.57534,1.58356,1.56677,1.57933
2010-12-09T00:00:00.000000000+0000,1.57939,1.58403,1.57108,1.57718
2010-12-10T00:00:00.000000000+0000,1.57724,1.58614,1.57471,1.57967
2010-12-11T00:00:00.000000000+0000,1.57967,1.57967,1.57967,1.57967
2010-12-12T00:00:00.000000000+0000,1.58007,1.58097,1.57831,1.57919
2010-12-13T00:00:00.000000000+0000,1.57915,1.58965,1.57189,1.5859
2010-12-14T00:00:00.000000000+0000,1.58594,1.59103,1.57387,1.57619
2010-12-15T00:00:00.000000000+0000,1.57617,1.57684,1.55301,1.55578
2010-12-16T00:00:00.000000000+0000,1.55576,1.56354,1.55405,1.56293
2010-12-17T00:00:00.000000000+0000,1.56293,1.56458,1.54538,1.55289
2010-12-18T00:00:00.000000000+0000,1.55289,1.55289,1.55289,1.55289
2010-12-19T00:00:00.000000000+0000,1.55336,1.55341,1.54984,1.55107
2010-12-20T00:00:00.000000000+0000,1.55107,1.55759,1.54756,1.55028
2010-12-21T00:00:00.000000000+0000,1.55044,1.55675,1.5435,1.54635
2010-12-22T00:00:00.000000000+0000,1.54632,1.54931,1.53559,1.54046
2010-12-23T00:00:00.000000000+0000,1.54046,1.54456,1.53729,1.54423
2010-12-24T00:00:00.000000000+0000,1.54426,1.54748,1.54165,1.54339
2010-12-25T00:00:00.000000000+0000,1.54339,1.54339,1.54339,1.54339
2010-12-26T00:00:00.000000000+0000,1.54338,1.54428,1.54069,1.54069
2010-12-27T00:00:00.000000000+0000,1.54069,1.54566,1.53689,1.54446
2010-12-28T00:00:00.000000000+0000,1.54446,1.55104,1.53439,1.53533
2010-12-29T00:00:00.000000000+0000,1.53534,1.55173,1.53514,1.55012
2010-12-30T00:00:00.000000000+0000,1.55012,1.55348,1.53666,1.54336
2010-12-31T00:00:00.000000000+0000,1.54336,1.56639,1.54241,1.5608
2011-01-01T00:00:00.000000000+0000,1.55703,1.55703,1.55703,1.55703
2011-01-02T00:00:00.000000000+0000,1.55974,1.56086,1.55305,1.55703
2011-01-03T00:00:00.000000000+0000,1.55714,1.55747,1.54334,1.54852
2011-01-04T00:00:00.000000000+0000,1.5486,1.56452,1.54536,1.55958
2011-01-05T00:00:00.000000000+0000,1.55958,1.56269,1.54504,1.55075
2011-01-06T00:00:00.000000000+0000,1.55097,1.55629,1.54458,1.54483
2011-01-07T00:00:00.000000000+0000,1.5448,1.55784,1.54056,1.55426
2011-01-08T00:00:00.000000000+0000,1.55426,1.55426,1.55426,1.55426
2011-01-09T00:00:00.000000000+0000,1.55426,1.55489,1.54951,1.55415
2011-01-10T00:00:00.000000000+0000,1.55415,1.56024,1.54745,1.55871
2011-01-11T00:00:00.000000000+0000,1.55872,1.56385,1.5512,1.56054
2011-01-12T00:00:00.000000000+0000,1.56056,1.57798,1.55826,1.57461
2011-01-13T00:00:00.000000000+0000,1.57438,1.58829,1.57177,1.58421
2011-01-14T00:00:00.000000000+0000,1.58421,1.58878,1.58104,1.58671
2011-01-15T00:00:00.000000000+0000,1.58671,1.58671,1.58671,1.58671
2011-01-16T00:00:00.000000000+0000,1.58642,1.58816,1.58584,1.5878
2011-01-17T00:00:00.000000000+0000,1.5878,1.59541,1.58348,1.58963
2011-01-18T00:00:00.000000000+0000,1.58963,1.60586,1.5895,1.59567
2011-01-19T00:00:00.000000000+0000,1.59567,1.60371,1.59448,1.59721
2011-01-20T00:00:00.000000000+0000,1.59721,1.6009,1.58371,1.59061
2011-01-21T00:00:00.000000000+0000,1.59061,1.60161,1.58663,1.59949
2011-01-22T00:00:00.000000000+0000,1.59949,1.59949,1.59949,1.59949
2011-01-23T00:00:00.000000000+0000,1.59992,1.60077,1.59654,1.59916
2011-01-24T00:00:00.000000000+0000,1.59902,1.60137,1.59204,1.59829
2011-01-25T00:00:00.000000000+0000,1.5983,1.60159,1.57507,1.58157
2011-01-26T00:00:00.000000000+0000,1.58164,1.59351,1.57688,1.59274
2011-01-27T00:00:00.000000000+0000,1.59272,1.59897,1.58794,1.59229
2011-01-28T00:00:00.000000000+0000,1.59228,1.59661,1.58252,1.58502
2011-01-29T00:00:00.000000000+0000,1.58502,1.58502,1.58502,1.58502
2011-01-30T00:00:00.000000000+0000,1.58624,1.58674,1.58207,1.58261
2011-01-31T00:00:00.000000000+0000,1.58256,1.60484,1.58228,1.60253
2011-02-01T00:00:00.000000000+0000,1.60253,1.61634,1.60238,1.61339
2011-02-02T00:00:00.000000000+0000,1.61333,1.62303,1.61275,1.62013
2011-02-03T00:00:00.000000000+0000,1.62017,1.62773,1.61209,1.61328
2011-02-04T00:00:00.000000000+0000,1.61334,1.61713,1.60359,1.61057
2011-02-05T00:00:00.000000000+0000,1.61057,1.61057,1.61057,1.61057
2011-02-06T00:00:00.000000000+0000,1.61044,1.61046,1.6069,1.60974
2011-02-07T00:00:00.000000000+0000,1.60974,1.61845,1.60892,1.61254
2011-02-08T00:00:00.000000000+0000,1.61254,1.61617,1.60272,1.60631
2011-02-09T00:00:00.000000000+0000,1.60631,1.6124,1.60324,1.60984
2011-02-10T00:00:00.000000000+0000,1.60986,1.6137,1.60055,1.60949
2011-02-11T00:00:00.000000000+0000,1.60946,1.61122,1.59628,1.60056
2011-02-12T00:00:00.000000000+0000,1.60056,1.60056,1.60056,1.60056
2011-02-13T00:00:00.000000000+0000,1.60051,1.60072,1.59808,1.60002
2011-02-14T00:00:00.000000000+0000,1.60002,1.60768,1.59808,1.60237
2011-02-15T00:00:00.000000000+0000,1.60237,1.61704,1.60068,1.6133
2011-02-16T00:00:00.000000000+0000,1.6133,1.61843,1.5986,1.60909
2011-02-17T00:00:00.000000000+0000,1.60907,1.61856,1.6075,1.61751
2011-02-18T00:00:00.000000000+0000,1.61751,1.62625,1.61478,1.62487
2011-02-19T00:00:00.000000000+0000,1.62487,1.62487,1.62487,1.62487
2011-02-20T00:00:00.000000000+0000,1.62519,1.62573,1.62402,1.62477
2011-02-21T00:00:00.000000000+0000,1.62477,1.62516,1.62034,1.62267
2011-02-22T00:00:00.000000000+0000,1.62267,1.62279,1.61005,1.61574
2011-02-23T00:00:00.000000000+0000,1.61574,1.62731,1.61559,1.62318
2011-02-24T00:00:00.000000000+0000,1.62318,1.62539,1.60844,1.61421
2011-02-25T00:00:00.000000000+0000,1.61421,1.61599,1.60304,1.61191
2011-02-26T00:00:00.000000000+0000,1.61191,1.61191,1.61191,1.61191
2011-02-27T00:00:00.000000000+0000,1.61069,1.61286,1.60797,1.60967
2011-02-28T00:00:00.000000000+0000,1.60967,1.62758,1.60714,1.62679
2011-03-01T00:00:00.000000000+0000,1.62679,1.63289,1.62508,1.62559
