timestamp,open,high,low,close
2000-01-01T00:00:00.000000000+0000,0.5247,0.5247,0.5247,0.5247
2000-01-02T00:00:00.000000000+0000,0.5247,0.5247,0.5247,0.5247
2000-01-03T00:00:00.000000000+0000,0.5253,0.5274,0.5212,0.5247
2000-01-04T00:00:00.000000000+0000,0.5247,0.5266,0.5194,0.5196
2000-01-05T00:00:00.000000000+0000,0.5194,0.5208,0.517,0.5203
2000-01-06T00:00:00.000000000+0000,0.5205,0.5205,0.5134,0.5136
2000-01-07T00:00:00.000000000+0000,0.5134,0.5187,0.5134,0.517
2000-01-08T00:00:00.000000000+0000,0.517,0.517,0.517,0.517
2000-01-09T00:00:00.000000000+0000,0.517,0.517,0.517,0.517
2000-01-10T00:00:00.000000000+0000,0.5162,0.5187,0.5145,0.5155
2000-01-11T00:00:00.000000000+0000,0.5155,0.5187,0.5155,0.5166
2000-01-12T00:00:00.000000000+0000,0.5166,0.5194,0.5166,0.5188
2000-01-13T00:00:00.000000000+0000,0.5186,0.5244,0.5186,0.5232
2000-01-14T00:00:00.000000000+0000,0.5232,0.5236,0.5201,0.521
2000-01-15T00:00:00.000000000+0000,0.521,0.521,0.521,0.521
2000-01-16T00:00:00.000000000+0000,0.521,0.521,0.521,0.521
2000-01-17T00:00:00.000000000+0000,0.5207,0.5211,0.5173,0.5195
2000-01-18T00:00:00.000000000+0000,0.5193,0.5205,0.5158,0.5181
2000-01-19T00:00:00.000000000+0000,0.5168,0.5199,0.5135,0.514
2000-01-20T00:00:00.000000000+0000,0.514,0.5172,0.5125,0.5142
2000-01-21T00:00:00.000000000+0000,0.5144,0.516,0.51,0.5113
2000-01-22T00:00:00.000000000+0000,0.5113,0.5113,0.5113,0.5113
2000-01-23T00:00:00.000000000+0000,0.5113,0.5113,0.5113,0.5113
2000-01-24T00:00:00.000000000+0000,0.5089,0.5145,0.506,0.5073
2000-01-25T00:00:00.000000000+0000,0.5062,0.5111,0.5062,0.5079
2000-01-26T00:00:00.000000000+0000,0.5081,0.51,0.5061,0.5071
2000-01-27T00:00:00.000000000+0000,0.5082,0.5125,0.5054,0.5062
2000-01-28T00:00:00.000000000+0000,0.506,0.506,0.485,0.491
2000-01-29T00:00:00.000000000+0000,0.491,0.491,0.491,0.491
2000-01-30T00:00:00.000000000+0000,0.491,0.491,0.491,0.491
2000-01-31T00:00:00.000000000+0000,0.4947,0.5076,0.4912,0.4954
2000-02-01T00:00:00.000000000+0000,0.4952,0.4973,0.4901,0.4922
2000-02-02T00:00:00.000000000+0000,0.4923,0.496,0.4878,0.4929
2000-02-03T00:00:00.000000000+0000,0.4929,0.5001,0.4906,0.4945
2000-02-04T00:00:00.000000000+0000,0.4947,0.497,0.489,0.4961
2000-02-05T00:00:00.000000000+0000,0.4961,0.4961,0.4961,0.4961
2000-02-06T00:00:00.000000000+0000,0.4961,0.4961,0.4961,0.4961
2000-02-07T00:00:00.000000000+0000,0.4957,0.498,0.493,0.4937
2000-02-08T00:00:00.000000000+0000,0.4937,0.4956,0.4915,0.492
2000-02-09T00:00:00.000000000+0000,0.4917,0.4958,0.4893,0.4935
2000-02-10T00:00:00.000000000+0000,0.4937,0.4948,0.4908,0.4907
2000-02-11T00:00:00.000000000+0000,0.491,0.4934,0.4888,0.4905
2000-02-12T00:00:00.000000000+0000,0.4905,0.4905,0.4905,0.4905
2000-02-13T00:00:00.000000000+0000,0.4905,0.4905,0.4905,0.4905
2000-02-14T00:00:00.000000000+0000,0.4929,0.495,0.4859,0.4862
2000-02-15T00:00:00.000000000+0000,0.4855,0.4883,0.4835,0.4868
2000-02-16T00:00:00.000000000+0000,0.4866,0.4933,0.4866,0.4923
2000-02-17T00:00:00.000000000+0000,0.493,0.4957,0.491,0.4939
2000-02-18T00:00:00.000000000+0000,0.4937,0.4943,0.4909,0.4907
2000-02-19T00:00:00.000000000+0000,0.4907,0.4907,0.4907,0.4907
2000-02-20T00:00:00.000000000+0000,0.4907,0.4907,0.4907,0.4907
2000-02-21T00:00:00.000000000+0000,0.4905,0.4913,0.488,0.488
2000-02-22T00:00:00.000000000+0000,0.4878,0.4926,0.4872,0.4909
2000-02-23T00:00:00.000000000+0000,0.4907,0.4908,0.4843,0.4892
2000-02-24T00:00:00.000000000+0000,0.4892,0.4907,0.4846,0.4868
2000-02-25T00:00:00.000000000+0000,0.4866,0.4895,0.4861,0.4875
2000-02-26T00:00:00.000000000+0000,0.4875,0.4875,0.4875,0.4875
2000-02-27T00:00:00.000000000+0000,0.4875,0.4875,0.4875,0.4875
2000-02-28T00:00:00.000000000+0000,0.4852,0.4867,0.4827,0.4856
2000-02-29T00:00:00.000000000+0000,0.4857,0.4902,0.4845,0.4898
2000-03-01T00:00:00.000000000+0000,0.4893,0.4925,0.48,0.4871
2000-03-02T00:00:00.000000000+0000,0.4874,0.4928,0.4867,0.4875
2000-03-03T00:00:00.000000000+0000,0.4872,0.4925,0.4871,0.489
2000-03-04T00:00:00.000000000+0000,0.489,0.489,0.489,0.489
2000-03-05T00:00:00.000000000+0000,0.489,0.489,0.489,0.489
2000-03-06T00:00:00.000000000+0000,0.4884,0.4907,0.4803,0.4826
2000-03-07T00:00:00.000000000+0000,0.4826,0.4851,0.4815,0.484
2000-03-08T00:00:00.000000000+0000,0.484,0.4888,0.4815,0.4881
2000-03-09T00:00:00.000000000+0000,0.4879,0.4946,0.4877,0.4935
2000-03-10T00:00:00.000000000+0000,0.4933,0.4966,0.493,0.4935
2000-03-11T00:00:00.000000000+0000,0.4935,0.4935,0.4935,0.4935
2000-03-12T00:00:00.000000000+0000,0.4935,0.4935,0.4935,0.4935
2000-03-13T00:00:00.000000000+0000,0.4922,0.495,0.491,0.4936
2000-03-14T00:00:00.000000000+0000,0.4936,0.4943,0.4865,0.4871
2000-03-15T00:00:00.000000000+0000,0.487,0.4911,0.4855,0.489
2000-03-16T00:00:00.000000000+0000,0.489,0.4911,0.4875,0.4881
2000-03-17T00:00:00.000000000+0000,0.4882,0.4891,0.4834,0.484
2000-03-18T00:00:00.000000000+0000,0.484,0.484,0.484,0.484
2000-03-19T00:00:00.000000000+0000,0.484,0.484,0.484,0.484
2000-03-20T00:00:00.000000000+0000,0.485,0.488,0.4825,0.4874
2000-03-21T00:00:00.000000000+0000,0.4872,0.4909,0.4869,0.4899
2000-03-22T00:00:00.000000000+0000,0.4896,0.49,0.4862,0.4867
2000-03-23T00:00:00.000000000+0000,0.4866,0.4905,0.4855,0.4888
2000-03-24T00:00:00.000000000+0000,0.4887,0.4898,0.4858,0.4885
2000-03-25T00:00:00.000000000+0000,0.4885,0.4885,0.4885,0.4885
2000-03-26T00:00:00.000000000+0000,0.4885,0.4885,0.4885,0.4885
2000-03-27T00:00:00.000000000+0000,0.4894,0.5013,0.4884,0.5009
2000-03-28T00:00:00.000000000+0000,0.5,0.505,0.5,0.5038
2000-03-29T00:00:00.000000000+0000,0.5039,0.5056,0.4989,0.499
2000-03-30T00:00:00.000000000+0000,0.4985,0.5013,0.4975,0.5012
2000-03-31T00:00:00.000000000+0000,0.5011,0.5015,0.4925,0.4962
2000-04-01T00:00:00.000000000+0000,0.4962,0.4962,0.4962,0.4962
2000-04-02T00:00:00.000000000+0000,0.4962,0.4962,0.4962,0.4962
2000-04-03T00:00:00.000000000+0000,0.4964,0.5014,0.4964,0.5007
2000-04-04T00:00:00.000000000+0000,0.5011,0.5022,0.4966,0.5001
2000-04-05T00:00:00.000000000+0000,0.4996,0.5045,0.4993,0.5022
2000-04-06T00:00:00.000000000+0000,0.5023,0.503,0.4976,0.5006
2000-04-07T00:00:00.000000000+0000,0.5005,0.5008,0.4958,0.498
2000-04-08T00:00:00.000000000+0000,0.498,0.498,0.498,0.498
2000-04-09T00:00:00.000000000+0000,0.498,0.498,0.498,0.498
2000-04-10T00:00:00.000000000+0000,0.4964,0.5025,0.4957,0.4958
2000-04-11T00:00:00.000000000+0000,0.4961,0.5004,0.4961,0.4986
2000-04-12T00:00:00.000000000+0000,0.4981,0.499,0.4963,0.4972
2000-04-13T00:00:00.000000000+0000,0.4975,0.5009,0.4975,0.4978
2000-04-14T00:00:00.000000000+0000,0.4979,0.4988,0.4965,0.4977
2000-04-15T00:00:00.000000000+0000,0.4977,0.4977,0.4977,0.4977
2000-04-16T00:00:00.000000000+0000,0.4977,0.4977,0.4977,0.4977
2000-04-17T00:00:00.000000000+0000,0.5008,0.5012,0.4928,0.4935
2000-04-18T00:00:00.000000000+0000,0.494,0.498,0.4923,0.4949
2000-04-19T00:00:00.000000000+0000,0.4945,0.4994,0.4945,0.4973
2000-04-20T00:00:00.000000000+0000,0.4978,0.4985,0.4931,0.4935
2000-04-21T00:00:00.000000000+0000,0.4938,0.4949,0.4928,0.4945
2000-04-22T00:00:00.000000000+0000,0.4945,0.4945,0.4945,0.4945
2000-04-23T00:00:00.000000000+0000,0.4945,0.4945,0.4945,0.4945
2000-04-24T00:00:00.000000000+0000,0.4948,0.4954,0.4932,0.4945
2000-04-25T00:00:00.000000000+0000,0.495,0.4974,0.4937,0.4945
2000-04-26T00:00:00.000000000+0000,0.4941,0.4945,0.486,0.4866
2000-04-27T00:00:00.000000000+0000,0.4871,0.494,0.485,0.4863
2000-04-28T00:00:00.000000000+0000,0.4862,0.4899,0.4834,0.4855
2000-04-29T00:00:00.000000000+0000,0.4855,0.4855,0.4855,0.4855
2000-04-30T00:00:00.000000000+0000,0.4855,0.4855,0.4855,0.4855
2000-05-01T00:00:00.000000000+0000,0.4853,0.4872,0.4835,0.4866
2000-05-02T00:00:00.000000000+0000,0.4865,0.4878,0.4844,0.4845
2000-05-03T00:00:00.000000000+0000,0.4847,0.492,0.484,0.4895
2000-05-04T00:00:00.000000000+0000,0.4893,0.4925,0.4878,0.4904
2000-05-05T00:00:00.000000000+0000,0.4901,0.4922,0.4807,0.4916
2000-05-06T00:00:00.000000000+0000,0.4916,0.4916,0.4916,0.4916
2000-05-07T00:00:00.000000000+0000,0.4916,0.4916,0.4916,0.4916
2000-05-08T00:00:00.000000000+0000,0.4912,0.4921,0.4814,0.4807
2000-05-09T00:00:00.000000000+0000,0.4791,0.4825,0.4764,0.4809
2000-05-10T00:00:00.000000000+0000,0.4804,0.4811,0.476,0.476
2000-05-11T00:00:00.000000000+0000,0.4751,0.4794,0.4726,0.4783
2000-05-12T00:00:00.000000000+0000,0.4788,0.4799,0.4758,0.4787
2000-05-13T00:00:00.000000000+0000,0.4787,0.4787,0.4787,0.4787
2000-05-14T00:00:00.000000000+0000,0.4787,0.4787,0.4787,0.4787
2000-05-15T00:00:00.000000000+0000,0.4795,0.4804,0.471,0.4714
2000-05-16T00:00:00.000000000+0000,0.4708,0.4762,0.4702,0.4703
2000-05-17T00:00:00.000000000+0000,0.47,0.4747,0.459,0.4624
2000-05-18T00:00:00.000000000+0000,0.463,0.463,0.4462,0.452
2000-05-19T00:00:00.000000000+0000,0.4519,0.4575,0.4492,0.457
2000-05-20T00:00:00.000000000+0000,0.457,0.457,0.457,0.457
2000-05-21T00:00:00.000000000+0000,0.457,0.457,0.457,0.457
2000-05-22T00:00:00.000000000+0000,0.4572,0.4609,0.4545,0.4582
2000-05-23T00:00:00.000000000+0000,0.4581,0.4632,0.4562,0.458
2000-05-24T00:00:00.000000000+0000,0.4577,0.4585,0.4507,0.4534
2000-05-25T00:00:00.000000000+0000,0.4533,0.4572,0.4525,0.453
2000-05-26T00:00:00.000000000+0000,0.4536,0.4597,0.4524,0.4585
2000-05-27T00:00:00.000000000+0000,0.4585,0.4585,0.4585,0.4585
2000-05-28T00:00:00.000000000+0000,0.4585,0.4585,0.4585,0.4585
2000-05-29T00:00:00.000000000+0000,0.4596,0.4607,0.4564,0.4568
2000-05-30T00:00:00.000000000+0000,0.4564,0.462,0.4564,0.4589
2000-05-31T00:00:00.000000000+0000,0.4585,0.4605,0.4562,0.4579
2000-06-01T00:00:00.000000000+0000,0.4578,0.4595,0.455,0.4572
2000-06-02T00:00:00.000000000+0000,0.457,0.4681,0.4555,0.465
2000-06-03T00:00:00.000000000+0000,0.465,0.465,0.465,0.465
2000-06-04T00:00:00.000000000+0000,0.465,0.465,0.465,0.465
2000-06-05T00:00:00.000000000+0000,0.465,0.4719,0.4645,0.468
2000-06-06T00:00:00.000000000+0000,0.4682,0.4752,0.4663,0.4707
2000-06-07T00:00:00.000000000+0000,0.4706,0.4773,0.4703,0.4736
2000-06-08T00:00:00.000000000+0000,0.4735,0.474,0.4672,0.4675
2000-06-09T00:00:00.000000000+0000,0.4672,0.4693,0.467,0.468
2000-06-10T00:00:00.000000000+0000,0.468,0.468,0.468,0.468
2000-06-11T00:00:00.000000000+0000,0.468,0.468,0.468,0.468
2000-06-12T00:00:00.000000000+0000,0.4674,0.4719,0.4667,0.4698
2000-06-13T00:00:00.000000000+0000,0.4697,0.4733,0.4688,0.4724
2000-06-14T00:00:00.000000000+0000,0.4726,0.4765,0.4718,0.474
2000-06-15T00:00:00.000000000+0000,0.4741,0.4753,0.468,0.4694
2000-06-16T00:00:00.000000000+0000,0.4691,0.4793,0.4683,0.4779
2000-06-17T00:00:00.000000000+0000,0.4779,0.4779,0.4779,0.4779
2000-06-18T00:00:00.000000000+0000,0.4779,0.4779,0.4779,0.4779
2000-06-19T00:00:00.000000000+0000,0.4775,0.478,0.4726,0.4732
2000-06-20T00:00:00.000000000+0000,0.4731,0.4775,0.4731,0.4749
2000-06-21T00:00:00.000000000+0000,0.4748,0.476,0.4729,0.4749
2000-06-22T00:00:00.000000000+0000,0.4747,0.4754,0.47,0.4703
2000-06-23T00:00:00.000000000+0000,0.4702,0.4715,0.4692,0.4695
2000-06-24T00:00:00.000000000+0000,0.4695,0.4695,0.4695,0.4695
2000-06-25T00:00:00.000000000+0000,0.4695,0.4695,0.4695,0.4695
2000-06-26T00:00:00.000000000+0000,0.47,0.4715,0.4667,0.47
2000-06-27T00:00:00.000000000+0000,0.4701,0.4739,0.4689,0.4712
2000-06-28T00:00:00.000000000+0000,0.4714,0.4721,0.4643,0.468
2000-06-29T00:00:00.000000000+0000,0.4688,0.4706,0.4655,0.4668
2000-06-30T00:00:00.000000000+0000,0.4668,0.471,0.4666,0.4689
2000-07-01T00:00:00.000000000+0000,0.4689,0.4689,0.4689,0.4689
2000-07-02T00:00:00.000000000+0000,0.4689,0.4689,0.4689,0.4689
2000-07-03T00:00:00.000000000+0000,0.4675,0.47,0.4662,0.466
2000-07-04T00:00:00.000000000+0000,0.4665,0.467,0.4628,0.4648
2000-07-05T00:00:00.000000000+0000,0.4645,0.4651,0.4603,0.4603
2000-07-06T00:00:00.000000000+0000,0.4604,0.4622,0.46,0.4603
2000-07-07T00:00:00.000000000+0000,0.4607,0.4613,0.458,0.4607
2000-07-08T00:00:00.000000000+0000,0.4607,0.4607,0.4607,0.4607
2000-07-09T00:00:00.000000000+0000,0.4607,0.4607,0.4607,0.4607
2000-07-10T00:00:00.000000000+0000,0.4614,0.4636,0.4608,0.4616
2000-07-11T00:00:00.000000000+0000,0.4615,0.4618,0.4593,0.4599
2000-07-12T00:00:00.000000000+0000,0.4598,0.4612,0.4595,0.4603
2000-07-13T00:00:00.000000000+0000,0.4603,0.4628,0.459,0.4612
2000-07-14T00:00:00.000000000+0000,0.4605,0.462,0.4591,0.46
2000-07-15T00:00:00.000000000+0000,0.46,0.46,0.46,0.46
2000-07-16T00:00:00.000000000+0000,0.46,0.46,0.46,0.46
2000-07-17T00:00:00.000000000+0000,0.4604,0.4627,0.4576,0.4597
2000-07-18T00:00:00.000000000+0000,0.4597,0.4605,0.4567,0.4565
2000-07-19T00:00:00.000000000+0000,0.4569,0.4586,0.4544,0.4551
2000-07-20T00:00:00.000000000+0000,0.4552,0.4635,0.4549,0.4618
2000-07-21T00:00:00.000000000+0000,0.4622,0.4661,0.4617,0.4619
2000-07-22T00:00:00.000000000+0000,0.4619,0.4619,0.4619,0.4619
2000-07-23T00:00:00.000000000+0000,0.4619,0.4619,0.4619,0.4619
2000-07-24T00:00:00.000000000+0000,0.462,0.4636,0.4598,0.4598
2000-07-25T00:00:00.000000000+0000,0.4592,0.462,0.4588,0.4602
2000-07-26T00:00:00.000000000+0000,0.4601,0.4627,0.4589,0.4621
2000-07-27T00:00:00.000000000+0000,0.4622,0.4625,0.4573,0.4571
2000-07-28T00:00:00.000000000+0000,0.4573,0.46,0.4573,0.458
2000-07-29T00:00:00.000000000+0000,0.458,0.458,0.458,0.458
2000-07-30T00:00:00.000000000+0000,0.458,0.458,0.458,0.458
2000-07-31T00:00:00.000000000+0000,0.4572,0.4573,0.4532,0.4542
2000-08-01T00:00:00.000000000+0000,0.4541,0.457,0.4527,0.4532
2000-08-02T00:00:00.000000000+0000,0.4532,0.4558,0.4504,0.4544
2000-08-03T00:00:00.000000000+0000,0.4541,0.4574,0.4512,0.4564
2000-08-04T00:00:00.000000000+0000,0.456,0.4575,0.4534,0.4563
2000-08-05T00:00:00.000000000+0000,0.4563,0.4563,0.4563,0.4563
2000-08-06T00:00:00.000000000+0000,0.4563,0.4563,0.4563,0.4563
2000-08-07T00:00:00.000000000+0000,0.4561,0.4563,0.4537,0.4546
2000-08-08T00:00:00.000000000+0000,0.4547,0.4555,0.4528,0.453
2000-08-09T00:00:00.000000000+0000,0.4526,0.4546,0.4509,0.4516
2000-08-10T00:00:00.000000000+0000,0.4516,0.4533,0.4502,0.4524
2000-08-11T00:00:00.000000000+0000,0.4528,0.4535,0.4472,0.4478
2000-08-12T00:00:00.000000000+0000,0.4478,0.4478,0.4478,0.4478
2000-08-13T00:00:00.000000000+0000,0.4478,0.4478,0.4478,0.4478
2000-08-14T00:00:00.000000000+0000,0.4494,0.4519,0.4473,0.4506
2000-08-15T00:00:00.000000000+0000,0.4507,0.4507,0.4475,0.4474
2000-08-16T00:00:00.000000000+0000,0.4473,0.4536,0.4472,0.4527
2000-08-17T00:00:00.000000000+0000,0.4528,0.4536,0.4505,0.4519
2000-08-18T00:00:00.000000000+0000,0.4528,0.453,0.4486,0.4501
2000-08-19T00:00:00.000000000+0000,0.4501,0.4501,0.4501,0.4501
2000-08-20T00:00:00.000000000+0000,0.4501,0.4501,0.4501,0.4501
2000-08-21T00:00:00.000000000+0000,0.452,0.4526,0.4498,0.4495
2000-08-22T00:00:00.000000000+0000,0.45,0.4502,0.4388,0.439
2000-08-23T00:00:00.000000000+0000,0.4383,0.4395,0.4274,0.4316
2000-08-24T00:00:00.000000000+0000,0.4318,0.4364,0.4235,0.4353
2000-08-25T00:00:00.000000000+0000,0.4355,0.4378,0.4335,0.4359
2000-08-26T00:00:00.000000000+0000,0.4359,0.4359,0.4359,0.4359
2000-08-27T00:00:00.000000000+0000,0.4359,0.4359,0.4359,0.4359
2000-08-28T00:00:00.000000000+0000,0.4346,0.4367,0.4329,0.4332
2000-08-29T00:00:00.000000000+0000,0.4332,0.4345,0.4273,0.4271
2000-08-30T00:00:00.000000000+0000,0.4271,0.4315,0.4253,0.431
2000-08-31T00:00:00.000000000+0000,0.4309,0.4319,0.426,0.4271
2000-09-01T00:00:00.000000000+0000,0.4265,0.4315,0.4218,0.4306
2000-09-02T00:00:00.000000000+0000,0.4306,0.4306,0.4306,0.4306
2000-09-03T00:00:00.000000000+0000,0.4306,0.4306,0.4306,0.4306
2000-09-04T00:00:00.000000000+0000,0.43,0.4312,0.4281,0.4283
2000-09-05T00:00:00.000000000+0000,0.4283,0.4291,0.4242,0.4258
2000-09-06T00:00:00.000000000+0000,0.4258,0.428,0.424,0.4243
2000-09-07T00:00:00.000000000+0000,0.4247,0.425,0.4131,0.4175
2000-09-08T00:00:00.000000000+0000,0.4177,0.4212,0.4177,0.4176
2000-09-09T00:00:00.000000000+0000,0.4176,0.4176,0.4176,0.4176
2000-09-10T00:00:00.000000000+0000,0.4176,0.4176,0.4176,0.4176
2000-09-11T00:00:00.000000000+0000,0.4176,0.431,0.42,0.4275
2000-09-12T00:00:00.000000000+0000,0.4276,0.4297,0.4248,0.426
2000-09-13T00:00:00.000000000+0000,0.4259,0.4261,0.4208,0.421
2000-09-14T00:00:00.000000000+0000,0.421,0.4248,0.4163,0.4203
2000-09-15T00:00:00.000000000+0000,0.4208,0.4216,0.4164,0.4162
2000-09-16T00:00:00.000000000+0000,0.4162,0.4162,0.4162,0.4162
2000-09-17T00:00:00.000000000+0000,0.4162,0.4162,0.4162,0.4162
2000-09-18T00:00:00.000000000+0000,0.416,0.417,0.4081,0.4095
2000-09-19T00:00:00.000000000+0000,0.409,0.4154,0.4086,0.4146
2000-09-20T00:00:00.000000000+0000,0.4146,0.4146,0.4046,0.407
2000-09-21T00:00:00.000000000+0000,0.407,0.4098,0.4011,0.4085
2000-09-22T00:00:00.000000000+0000,0.4085,0.417,0.4075,0.4104
2000-09-23T00:00:00.000000000+0000,0.4104,0.4104,0.4104,0.4104
2000-09-24T00:00:00.000000000+0000,0.4104,0.4104,0.4104,0.4104
2000-09-25T00:00:00.000000000+0000,0.4147,0.4148,0.4101,0.4125
2000-09-26T00:00:00.000000000+0000,0.4126,0.4153,0.4115,0.4143
2000-09-27T00:00:00.000000000+0000,0.4144,0.4176,0.4123,0.4166
2000-09-28T00:00:00.000000000+0000,0.4168,0.4181,0.4083,0.4088
2000-09-29T00:00:00.000000000+0000,0.409,0.4097,0.4047,0.407
2000-09-30T00:00:00.000000000+0000,0.407,0.407,0.407,0.407
2000-10-01T00:00:00.000000000+0000,0.407,0.407,0.407,0.407
2000-10-02T00:00:00.000000000+0000,0.4076,0.409,0.403,0.4057
2000-10-03T00:00:00.000000000+0000,0.4051,0.408,0.4019,0.4036
2000-10-04T00:00:00.000000000+0000,0.4048,0.4058,0.3996,0.4048
2000-10-05T00:00:00.000000000+0000,0.4052,0.4056,0.4,0.4
2000-10-06T00:00:00.000000000+0000,0.4002,0.4034,0.3996,0.4012
2000-10-07T00:00:00.000000000+0000,0.4012,0.4012,0.4012,0.4012
2000-10-08T00:00:00.000000000+0000,0.4012,0.4012,0.4012,0.4012
2000-10-09T00:00:00.000000000+0000,0.4033,0.412,0.4018,0.4087
2000-10-10T00:00:00.000000000+0000,0.4082,0.4082,0.4004,0.4062
2000-10-11T00:00:00.000000000+0000,0.4056,0.4075,0.4038,0.4034
2000-10-12T00:00:00.000000000+0000,0.4033,0.4053,0.3962,0.3984
2000-10-13T00:00:00.000000000+0000,0.3984,0.4011,0.3978,0.3985
2000-10-14T00:00:00.000000000+0000,0.3985,0.3985,0.3985,0.3985
2000-10-15T00:00:00.000000000+0000,0.3985,0.3985,0.3985,0.3985
2000-10-16T00:00:00.000000000+0000,0.3987,0.3991,0.3944,0.395
2000-10-17T00:00:00.000000000+0000,0.3951,0.3956,0.3929,0.3935
2000-10-18T00:00:00.000000000+0000,0.3939,0.3963,0.39,0.3936
2000-10-19T00:00:00.000000000+0000,0.3939,0.3965,0.3919,0.3956
2000-10-20T00:00:00.000000000+0000,0.3956,0.4041,0.3956,0.4022
2000-10-21T00:00:00.000000000+0000,0.4022,0.4022,0.4022,0.4022
2000-10-22T00:00:00.000000000+0000,0.4022,0.4022,0.4022,0.4022
2000-10-23T00:00:00.000000000+0000,0.4035,0.4035,0.3989,0.399
2000-10-24T00:00:00.000000000+0000,0.4,0.4052,0.399,0.4021
2000-10-25T00:00:00.000000000+0000,0.4082,0.4046,0.398,0.3982
2000-10-26T00:00:00.000000000+0000,0.398,0.4024,0.3965,0.4015
2000-10-27T00:00:00.000000000+0000,0.401,0.4037,0.3992,0.4022
2000-10-28T00:00:00.000000000+0000,0.4022,0.4022,0.4022,0.4022
2000-10-29T00:00:00.000000000+0000,0.4022,0.4022,0.4022,0.4022
2000-10-30T00:00:00.000000000+0000,0.4031,0.4053,0.4022,0.402
2000-10-31T00:00:00.000000000+0000,0.4009,0.4023,0.3916,0.394
2000-11-01T00:00:00.000000000+0000,0.3925,0.3994,0.3925,0.3977
2000-11-02T00:00:00.000000000+0000,0.3977,0.4016,0.3936,0.3977
2000-11-03T00:00:00.000000000+0000,0.3985,0.4034,0.3964,0.3986
2000-11-04T00:00:00.000000000+0000,0.3986,0.3986,0.3986,0.3986
2000-11-05T00:00:00.000000000+0000,0.3986,0.3986,0.3986,0.3986
2000-11-06T00:00:00.000000000+0000,0.3992,0.4015,0.3966,0.3971
2000-11-07T00:00:00.000000000+0000,0.3971,0.3993,0.3966,0.3987
2000-11-08T00:00:00.000000000+0000,0.3995,0.4013,0.3973,0.3975
2000-11-09T00:00:00.000000000+0000,0.3979,0.4001,0.3959,0.3994
2000-11-10T00:00:00.000000000+0000,0.3994,0.4016,0.3945,0.394
2000-11-11T00:00:00.000000000+0000,0.394,0.394,0.394,0.394
2000-11-12T00:00:00.000000000+0000,0.394,0.394,0.394,0.394
2000-11-13T00:00:00.000000000+0000,0.3943,0.397,0.3941,0.395
2000-11-14T00:00:00.000000000+0000,0.395,0.3988,0.395,0.3961
2000-11-15T00:00:00.000000000+0000,0.397,0.3998,0.3967,0.398
2000-11-16T00:00:00.000000000+0000,0.3984,0.4031,0.3959,0.4021
2000-11-17T00:00:00.000000000+0000,0.4021,0.4033,0.3977,0.4005
2000-11-18T00:00:00.000000000+0000,0.4005,0.4005,0.4005,0.4005
2000-11-19T00:00:00.000000000+0000,0.4005,0.4005,0.4005,0.4005
2000-11-20T00:00:00.000000000+0000,0.4005,0.4008,0.3948,0.3952
2000-11-21T00:00:00.000000000+0000,0.3908,0.3925,0.3908,0.3922
2000-11-22T00:00:00.000000000+0000,0.3908,0.4025,0.3908,0.4006
2000-11-23T00:00:00.000000000+0000,0.404,0.4047,0.3981,0.4006
2000-11-24T00:00:00.000000000+0000,0.4001,0.403,0.3984,0.3998
2000-11-25T00:00:00.000000000+0000,0.3998,0.3998,0.3998,0.3998
2000-11-26T00:00:00.000000000+0000,0.3998,0.3998,0.3998,0.3998
2000-11-27T00:00:00.000000000+0000,0.4001,0.4067,0.3982,0.4057
2000-11-28T00:00:00.000000000+0000,0.4058,0.4091,0.4043,0.4043
2000-11-29T00:00:00.000000000+0000,0.4028,0.407,0.4028,0.403
2000-11-30T00:00:00.000000000+0000,0.4036,0.4124,0.4036,0.4121
2000-12-01T00:00:00.000000000+0000,0.4117,0.4174,0.4111,0.4166
2000-12-02T00:00:00.000000000+0000,0.4166,0.4166,0.4166,0.4166
2000-12-03T00:00:00.000000000+0000,0.4166,0.4166,0.4166,0.4166
2000-12-04T00:00:00.000000000+0000,0.4165,0.4251,0.4165,0.4232
2000-12-05T00:00:00.000000000+0000,0.4219,0.4259,0.4186,0.4197
2000-12-06T00:00:00.000000000+0000,0.4208,0.4291,0.4208,0.428
2000-12-07T00:00:00.000000000+0000,0.4275,0.4307,0.4257,0.4274
2000-12-08T00:00:00.000000000+0000,0.4283,0.43,0.425,0.4266
2000-12-09T00:00:00.000000000+0000,0.4266,0.4266,0.4266,0.4266
2000-12-10T00:00:00.000000000+0000,0.4266,0.4266,0.4266,0.4266
2000-12-11T00:00:00.000000000+0000,0.4263,0.4268,0.4219,0.4225
2000-12-12T00:00:00.000000000+0000,0.4227,0.4251,0.4204,0.422
2000-12-13T00:00:00.000000000+0000,0.4224,0.4243,0.4205,0.4212
2000-12-14T00:00:00.000000000+0000,0.4223,0.4253,0.4214,0.4252
2000-12-15T00:00:00.000000000+0000,0.4269,0.4302,0.4228,0.424
2000-12-16T00:00:00.000000000+0000,0.424,0.424,0.424,0.424
2000-12-17T00:00:00.000000000+0000,0.424,0.424,0.424,0.424
2000-12-18T00:00:00.000000000+0000,0.4257,0.4333,0.4257,0.4302
2000-12-19T00:00:00.000000000+0000,0.4301,0.4325,0.4263,0.4314
2000-12-20T00:00:00.000000000+0000,0.4294,0.4392,0.4294,0.4387
2000-12-21T00:00:00.000000000+0000,0.4398,0.4412,0.438,0.4401
2000-12-22T00:00:00.000000000+0000,0.4373,0.4414,0.4371,0.4404
2000-12-23T00:00:00.000000000+0000,0.4404,0.4404,0.4404,0.4404
2000-12-24T00:00:00.000000000+0000,0.4404,0.4404,0.4404,0.4404
2000-12-25T00:00:00.000000000+0000,0.4408,0.4417,0.4385,0.4411
2000-12-26T00:00:00.000000000+0000,0.4396,0.4432,0.4396,0.4416
2000-12-27T00:00:00.000000000+0000,0.4422,0.4445,0.4411,0.4438
2000-12-28T00:00:00.000000000+0000,0.4434,0.4442,0.4391,0.44
2000-12-29T00:00:00.000000000+0000,0.4402,0.4435,0.4399,0.4432
2001-01-01T00:00:00.000000000+0000,0.4448,0.4448,0.4448,0.4448
2001-01-02T00:00:00.000000000+0000,0.4436,0.4457,0.4398,0.4448
2001-01-03T00:00:00.000000000+0000,0.4452,0.4491,0.4378,0.4374
2001-01-04T00:00:00.000000000+0000,0.4378,0.4473,0.4378,0.4451
2001-01-05T00:00:00.000000000+0000,0.447,0.4541,0.447,0.4524
2001-01-06T00:00:00.000000000+0000,0.4524,0.4524,0.4524,0.4524
2001-01-07T00:00:00.000000000+0000,0.4524,0.4524,0.4524,0.4524
2001-01-08T00:00:00.000000000+0000,0.4534,0.4552,0.45,0.4516
2001-01-09T00:00:00.000000000+0000,0.4515,0.4522,0.4437,0.4478
2001-01-10T00:00:00.000000000+0000,0.4484,0.4505,0.4435,0.4442
2001-01-11T00:00:00.000000000+0000,0.4443,0.4526,0.4442,0.4511
2001-01-12T00:00:00.000000000+0000,0.4512,0.4523,0.4453,0.446
2001-01-13T00:00:00.000000000+0000,0.446,0.446,0.446,0.446
2001-01-14T00:00:00.000000000+0000,0.446,0.446,0.446,0.446
2001-01-15T00:00:00.000000000+0000,0.447,0.4474,0.4409,0.442
2001-01-16T00:00:00.000000000+0000,0.4418,0.4475,0.4418,0.4445
2001-01-17T00:00:00.000000000+0000,0.4445,0.4482,0.4415,0.445
2001-01-18T00:00:00.000000000+0000,0.4445,0.4493,0.4445,0.4482
2001-01-19T00:00:00.000000000+0000,0.449,0.4521,0.4468,0.4462
2001-01-20T00:00:00.000000000+0000,0.4462,0.4462,0.4462,0.4462
2001-01-21T00:00:00.000000000+0000,0.4462,0.4462,0.4462,0.4462
2001-01-22T00:00:00.000000000+0000,0.4465,0.449,0.4451,0.4483
2001-01-23T00:00:00.000000000+0000,0.4475,0.449,0.4456,0.446
2001-01-24T00:00:00.000000000+0000,0.4457,0.4478,0.4373,0.4368
2001-01-25T00:00:00.000000000+0000,0.4383,0.4412,0.4323,0.4366
2001-01-26T00:00:00.000000000+0000,0.437,0.437,0.4339,0.4353
2001-01-27T00:00:00.000000000+0000,0.4353,0.4353,0.4353,0.4353
2001-01-28T00:00:00.000000000+0000,0.4353,0.4353,0.4353,0.4353
2001-01-29T00:00:00.000000000+0000,0.4363,0.4378,0.4331,0.4338
2001-01-30T00:00:00.000000000+0000,0.4338,0.442,0.4335,0.4407
2001-01-31T00:00:00.000000000+0000,0.4402,0.445,0.439,0.4444
2001-02-01T00:00:00.000000000+0000,0.4432,0.449,0.4432,0.446
2001-02-02T00:00:00.000000000+0000,0.4462,0.451,0.4443,0.4456
2001-02-03T00:00:00.000000000+0000,0.4456,0.4456,0.4456,0.4456
2001-02-04T00:00:00.000000000+0000,0.4456,0.4456,0.4456,0.4456
2001-02-05T00:00:00.000000000+0000,0.4448,0.4464,0.4413,0.4423
2001-02-06T00:00:00.000000000+0000,0.4425,0.4442,0.4415,0.4426
2001-02-07T00:00:00.000000000+0000,0.4412,0.4452,0.4404,0.4431
2001-02-08T00:00:00.000000000+0000,0.443,0.4433,0.4337,0.4336
2001-02-09T00:00:00.000000000+0000,0.4341,0.4386,0.4329,0.4354
2001-02-10T00:00:00.000000000+0000,0.4354,0.4354,0.4354,0.4354
2001-02-11T00:00:00.000000000+0000,0.4354,0.4354,0.4354,0.4354
2001-02-12T00:00:00.000000000+0000,0.435,0.4383,0.435,0.4364
2001-02-13T00:00:00.000000000+0000,0.4376,0.4394,0.4331,0.4334
2001-02-14T00:00:00.000000000+0000,0.434,0.4344,0.4278,0.4291
2001-02-15T00:00:00.000000000+0000,0.428,0.4292,0.4245,0.4244
2001-02-16T00:00:00.000000000+0000,0.4251,0.4306,0.4251,0.429
2001-02-17T00:00:00.000000000+0000,0.429,0.429,0.429,0.429
2001-02-18T00:00:00.000000000+0000,0.429,0.429,0.429,0.429
2001-02-19T00:00:00.000000000+0000,0.4303,0.4322,0.429,0.4317
2001-02-20T00:00:00.000000000+0000,0.431,0.4322,0.4254,0.4282
2001-02-21T00:00:00.000000000+0000,0.4282,0.4332,0.4274,0.4289
2001-02-22T00:00:00.000000000+0000,0.4296,0.432,0.4267,0.4305
2001-02-23T00:00:00.000000000+0000,0.4304,0.436,0.4285,0.4352
2001-02-24T00:00:00.000000000+0000,0.4352,0.4352,0.4352,0.4352
2001-02-25T00:00:00.000000000+0000,0.4352,0.4352,0.4352,0.4352
2001-02-26T00:00:00.000000000+0000,0.4352,0.437,0.4269,0.4298
2001-02-27T00:00:00.000000000+0000,0.4296,0.4344,0.4296,0.4321
2001-02-28T00:00:00.000000000+0000,0.4315,0.4326,0.4283,0.4301
2001-03-01T00:00:00.000000000+0000,0.4303,0.4342,0.4303,0.4333
2001-03-02T00:00:00.000000000+0000,0.4336,0.4382,0.4325,0.4353
2001-03-03T00:00:00.000000000+0000,0.4353,0.4353,0.4353,0.4353
2001-03-04T00:00:00.000000000+0000,0.4353,0.4353,0.4353,0.4353
2001-03-05T00:00:00.000000000+0000,0.4358,0.4366,0.4309,0.4328
2001-03-06T00:00:00.000000000+0000,0.4328,0.4335,0.4275,0.4326
2001-03-07T00:00:00.000000000+0000,0.4326,0.4327,0.4224,0.4226
2001-03-08T00:00:00.000000000+0000,0.4233,0.4238,0.4179,0.4229
2001-03-09T00:00:00.000000000+0000,0.4229,0.4257,0.4191,0.42
2001-03-10T00:00:00.000000000+0000,0.42,0.42,0.42,0.42
2001-03-11T00:00:00.000000000+0000,0.42,0.42,0.42,0.42
2001-03-12T00:00:00.000000000+0000,0.4201,0.4207,0.4179,0.4198
2001-03-13T00:00:00.000000000+0000,0.42,0.4215,0.415,0.4168
2001-03-14T00:00:00.000000000+0000,0.42,0.4195,0.4145,0.414
2001-03-15T00:00:00.000000000+0000,0.4143,0.4143,0.4098,0.4096
2001-03-16T00:00:00.000000000+0000,0.4096,0.4157,0.4073,0.4152
2001-03-17T00:00:00.000000000+0000,0.4152,0.4152,0.4152,0.4152
2001-03-18T00:00:00.000000000+0000,0.4152,0.4152,0.4152,0.4152
2001-03-19T00:00:00.000000000+0000,0.4153,0.4224,0.4153,0.4173
2001-03-20T00:00:00.000000000+0000,0.4176,0.422,0.4138,0.421
2001-03-21T00:00:00.000000000+0000,0.4214,0.4225,0.4142,0.4142
2001-03-22T00:00:00.000000000+0000,0.414,0.4164,0.4113,0.4146
2001-03-23T00:00:00.000000000+0000,0.4146,0.4195,0.4135,0.4158
2001-03-24T00:00:00.000000000+0000,0.4158,0.4158,0.4158,0.4158
2001-03-25T00:00:00.000000000+0000,0.4158,0.4158,0.4158,0.4158
2001-03-26T00:00:00.000000000+0000,0.4163,0.4169,0.4045,0.4143
2001-03-27T00:00:00.000000000+0000,0.4127,0.4148,0.4091,0.4123
2001-03-28T00:00:00.000000000+0000,0.4125,0.4134,0.4083,0.4095
2001-03-29T00:00:00.000000000+0000,0.4096,0.4126,0.4064,0.4091
2001-03-30T00:00:00.000000000+0000,0.4095,0.4095,0.4005,0.4029
2001-03-31T00:00:00.000000000+0000,0.4029,0.4029,0.4029,0.4029
2001-04-01T00:00:00.000000000+0000,0.4029,0.4029,0.4029,0.4029
2001-04-02T00:00:00.000000000+0000,0.4028,0.4038,0.3955,0.3967
2001-04-03T00:00:00.000000000+0000,0.3967,0.4055,0.3967,0.4048
2001-04-04T00:00:00.000000000+0000,0.4048,0.4074,0.4008,0.4069
2001-04-05T00:00:00.000000000+0000,0.4071,0.4089,0.4022,0.4031
2001-04-06T00:00:00.000000000+0000,0.4029,0.4072,0.4025,0.4069
2001-04-07T00:00:00.000000000+0000,0.4069,0.4069,0.4069,0.4069
2001-04-08T00:00:00.000000000+0000,0.4069,0.4069,0.4069,0.4069
2001-04-09T00:00:00.000000000+0000,0.4077,0.4078,0.4,0.3996
2001-04-10T00:00:00.000000000+0000,0.3995,0.4046,0.3992,0.4028
2001-04-11T00:00:00.000000000+0000,0.403,0.4065,0.4022,0.4048
2001-04-12T00:00:00.000000000+0000,0.404,0.4093,0.404,0.4078
2001-04-13T00:00:00.000000000+0000,0.4081,0.4096,0.4055,0.4071
2001-04-14T00:00:00.000000000+0000,0.4071,0.4071,0.4071,0.4071
2001-04-15T00:00:00.000000000+0000,0.4071,0.4071,0.4071,0.4071
2001-04-16T00:00:00.000000000+0000,0.4073,0.4115,0.4062,0.4108
2001-04-17T00:00:00.000000000+0000,0.4105,0.4108,0.4026,0.4032
2001-04-18T00:00:00.000000000+0000,0.4034,0.4078,0.4003,0.4038
2001-04-19T00:00:00.000000000+0000,0.404,0.4112,0.4026,0.4104
2001-04-20T00:00:00.000000000+0000,0.4103,0.417,0.409,0.4119
2001-04-21T00:00:00.000000000+0000,0.4119,0.4119,0.4119,0.4119
2001-04-22T00:00:00.000000000+0000,0.4119,0.4119,0.4119,0.4119
2001-04-23T00:00:00.000000000+0000,0.412,0.416,0.4066,0.4114
2001-04-24T00:00:00.000000000+0000,0.412,0.412,0.4048,0.4112
2001-04-25T00:00:00.000000000+0000,0.4112,0.4116,0.4071,0.4112
2001-04-26T00:00:00.000000000+0000,0.4112,0.4135,0.4081,0.4131
2001-04-27T00:00:00.000000000+0000,0.4131,0.4145,0.4109,0.4125
2001-04-28T00:00:00.000000000+0000,0.4125,0.4125,0.4125,0.4125
2001-04-29T00:00:00.000000000+0000,0.4125,0.4125,0.4125,0.4125
2001-04-30T00:00:00.000000000+0000,0.4114,0.414,0.4096,0.4135
2001-05-01T00:00:00.000000000+0000,0.4132,0.4213,0.4132,0.419
2001-05-02T00:00:00.000000000+0000,0.4185,0.4238,0.4185,0.4217
2001-05-03T00:00:00.000000000+0000,0.4224,0.4242,0.4209,0.4204
2001-05-04T00:00:00.000000000+0000,0.4205,0.4238,0.42,0.4212
2001-05-05T00:00:00.000000000+0000,0.4212,0.4212,0.4212,0.4212
2001-05-06T00:00:00.000000000+0000,0.4212,0.4212,0.4212,0.4212
2001-05-07T00:00:00.000000000+0000,0.4218,0.4222,0.4204,0.4205
2001-05-08T00:00:00.000000000+0000,0.4207,0.4229,0.4184,0.4187
2001-05-09T00:00:00.000000000+0000,0.4207,0.4284,0.4182,0.4266
2001-05-10T00:00:00.000000000+0000,0.4266,0.4279,0.424,0.4243
2001-05-11T00:00:00.000000000+0000,0.4244,0.4257,0.4207,0.422
2001-05-12T00:00:00.000000000+0000,0.422,0.422,0.422,0.422
2001-05-13T00:00:00.000000000+0000,0.422,0.422,0.422,0.422
2001-05-14T00:00:00.000000000+0000,0.4212,0.4222,0.4179,0.4194
2001-05-15T00:00:00.000000000+0000,0.4188,0.4199,0.4159,0.418
2001-05-16T00:00:00.000000000+0000,0.4183,0.4232,0.4182,0.4228
2001-05-17T00:00:00.000000000+0000,0.4224,0.4272,0.4218,0.426
2001-05-18T00:00:00.000000000+0000,0.4262,0.4286,0.4248,0.4283
2001-05-19T00:00:00.000000000+0000,0.4283,0.4283,0.4283,0.4283
2001-05-20T00:00:00.000000000+0000,0.4283,0.4283,0.4283,0.4283
2001-05-21T00:00:00.000000000+0000,0.4279,0.429,0.426,0.4261
2001-05-22T00:00:00.000000000+0000,0.4259,0.427,0.4238,0.4239
2001-05-23T00:00:00.000000000+0000,0.4242,0.4243,0.4186,0.4191
2001-05-24T00:00:00.000000000+0000,0.4196,0.4241,0.4151,0.4232
2001-05-25T00:00:00.000000000+0000,0.4232,0.4262,0.4227,0.4239
2001-05-26T00:00:00.000000000+0000,0.4239,0.4239,0.4239,0.4239
2001-05-27T00:00:00.000000000+0000,0.4239,0.4239,0.4239,0.4239
2001-05-28T00:00:00.000000000+0000,0.4245,0.4267,0.4229,0.4233
2001-05-29T00:00:00.000000000+0000,0.423,0.4232,0.4203,0.4203
2001-05-30T00:00:00.000000000+0000,0.4203,0.4217,0.4165,0.4168
2001-05-31T00:00:00.000000000+0000,0.4165,0.4174,0.4074,0.4091
2001-06-01T00:00:00.000000000+0000,0.409,0.4134,0.4087,0.4091
2001-06-02T00:00:00.000000000+0000,0.4091,0.4091,0.4091,0.4091
2001-06-03T00:00:00.000000000+0000,0.4091,0.4091,0.4091,0.4091
2001-06-04T00:00:00.000000000+0000,0.4091,0.413,0.4083,0.41
2001-06-05T00:00:00.000000000+0000,0.4101,0.4124,0.4094,0.4122
2001-06-06T00:00:00.000000000+0000,0.4116,0.4154,0.4107,0.4131
2001-06-07T00:00:00.000000000+0000,0.413,0.4183,0.4105,0.4159
2001-06-08T00:00:00.000000000+0000,0.4161,0.42,0.4157,0.4196
2001-06-09T00:00:00.000000000+0000,0.4196,0.4196,0.4196,0.4196
2001-06-10T00:00:00.000000000+0000,0.4196,0.4196,0.4196,0.4196
2001-06-11T00:00:00.000000000+0000,0.4199,0.4203,0.4167,0.4171
2001-06-12T00:00:00.000000000+0000,0.4169,0.42,0.4166,0.4196
2001-06-13T00:00:00.000000000+0000,0.4189,0.4233,0.4184,0.4224
2001-06-14T00:00:00.000000000+0000,0.423,0.4231,0.4135,0.4182
2001-06-15T00:00:00.000000000+0000,0.4183,0.419,0.4157,0.4156
2001-06-16T00:00:00.000000000+0000,0.4156,0.4156,0.4156,0.4156
2001-06-17T00:00:00.000000000+0000,0.4156,0.4156,0.4156,0.4156
2001-06-18T00:00:00.000000000+0000,0.4156,0.417,0.4135,0.4138
2001-06-19T00:00:00.000000000+0000,0.4146,0.4165,0.4125,0.4147
2001-06-20T00:00:00.000000000+0000,0.415,0.4188,0.4118,0.4134
2001-06-21T00:00:00.000000000+0000,0.4135,0.4186,0.412,0.412
2001-06-22T00:00:00.000000000+0000,0.4115,0.418,0.4115,0.4124
2001-06-23T00:00:00.000000000+0000,0.4124,0.4124,0.4124,0.4124
2001-06-24T00:00:00.000000000+0000,0.4124,0.4124,0.4124,0.4124
2001-06-25T00:00:00.000000000+0000,0.4138,0.4142,0.412,0.4128
2001-06-26T00:00:00.000000000+0000,0.413,0.4192,0.413,0.4174
2001-06-27T00:00:00.000000000+0000,0.417,0.4196,0.414,0.4162
2001-06-28T00:00:00.000000000+0000,0.4163,0.4169,0.405,0.4061
2001-06-29T00:00:00.000000000+0000,0.4061,0.4076,0.4014,0.4074
2001-06-30T00:00:00.000000000+0000,0.4074,0.4074,0.4074,0.4074
2001-07-01T00:00:00.000000000+0000,0.4074,0.4074,0.4074,0.4074
2001-07-02T00:00:00.000000000+0000,0.4065,0.4076,0.4044,0.4071
2001-07-03T00:00:00.000000000+0000,0.4072,0.4094,0.4065,0.4079
2001-07-04T00:00:00.000000000+0000,0.408,0.4099,0.4057,0.407
2001-07-05T00:00:00.000000000+0000,0.4068,0.4076,0.4037,0.4034
2001-07-06T00:00:00.000000000+0000,0.4032,0.4062,0.4006,0.4046
2001-07-07T00:00:00.000000000+0000,0.4046,0.4046,0.4046,0.4046
2001-07-08T00:00:00.000000000+0000,0.4046,0.4046,0.4046,0.4046
2001-07-09T00:00:00.000000000+0000,0.4052,0.4076,0.4036,0.4066
2001-07-10T00:00:00.000000000+0000,0.407,0.4086,0.4053,0.4063
2001-07-11T00:00:00.000000000+0000,0.406,0.4091,0.4043,0.4058
2001-07-12T00:00:00.000000000+0000,0.4054,0.4062,0.4022,0.406
2001-07-13T00:00:00.000000000+0000,0.4058,0.4075,0.405,0.4063
2001-07-14T00:00:00.000000000+0000,0.4063,0.4063,0.4063,0.4063
2001-07-15T00:00:00.000000000+0000,0.4063,0.4063,0.4063,0.4063
2001-07-16T00:00:00.000000000+0000,0.4072,0.4086,0.4062,0.4061
2001-07-17T00:00:00.000000000+0000,0.4056,0.4076,0.4051,0.4066
2001-07-18T00:00:00.000000000+0000,0.4074,0.4146,0.4063,0.4138
2001-07-19T00:00:00.000000000+0000,0.4136,0.4163,0.413,0.4136
2001-07-20T00:00:00.000000000+0000,0.413,0.4145,0.4075,0.4089
2001-07-21T00:00:00.000000000+0000,0.4089,0.4089,0.4089,0.4089
2001-07-22T00:00:00.000000000+0000,0.4089,0.4089,0.4089,0.4089
2001-07-23T00:00:00.000000000+0000,0.4087,0.4104,0.4083,0.4088
2001-07-24T00:00:00.000000000+0000,0.4088,0.413,0.4088,0.4121
2001-07-25T00:00:00.000000000+0000,0.4116,0.4133,0.4108,0.412
2001-07-26T00:00:00.000000000+0000,0.4118,0.4139,0.4113,0.4116
2001-07-27T00:00:00.000000000+0000,0.4116,0.4126,0.4107,0.4118
2001-07-28T00:00:00.000000000+0000,0.4118,0.4118,0.4118,0.4118
2001-07-29T00:00:00.000000000+0000,0.4118,0.4118,0.4118,0.4118
2001-07-30T00:00:00.000000000+0000,0.4129,0.4131,0.4107,0.4124
2001-07-31T00:00:00.000000000+0000,0.4121,0.4136,0.4099,0.4131
2001-08-01T00:00:00.000000000+0000,0.4129,0.4189,0.4122,0.4176
2001-08-02T00:00:00.000000000+0000,0.4175,0.4197,0.4167,0.419
2001-08-03T00:00:00.000000000+0000,0.4189,0.4224,0.4159,0.4176
2001-08-04T00:00:00.000000000+0000,0.4176,0.4176,0.4176,0.4176
2001-08-05T00:00:00.000000000+0000,0.4176,0.4176,0.4176,0.4176
2001-08-06T00:00:00.000000000+0000,0.4176,0.4202,0.4164,0.4194
2001-08-07T00:00:00.000000000+0000,0.4193,0.4214,0.4178,0.4181
2001-08-08T00:00:00.000000000+0000,0.4188,0.4245,0.418,0.4231
2001-08-09T00:00:00.000000000+0000,0.4234,0.4272,0.4224,0.4254
2001-08-10T00:00:00.000000000+0000,0.4252,0.427,0.422,0.4254
2001-08-11T00:00:00.000000000+0000,0.4254,0.4254,0.4254,0.4254
2001-08-12T00:00:00.000000000+0000,0.4254,0.4254,0.4254,0.4254
2001-08-13T00:00:00.000000000+0000,0.4253,0.4288,0.4246,0.4274
2001-08-14T00:00:00.000000000+0000,0.4274,0.4314,0.4258,0.4307
2001-08-15T00:00:00.000000000+0000,0.4306,0.4358,0.4295,0.434
2001-08-16T00:00:00.000000000+0000,0.4343,0.437,0.4319,0.4321
2001-08-17T00:00:00.000000000+0000,0.432,0.4415,0.432,0.4389
2001-08-18T00:00:00.000000000+0000,0.4389,0.4389,0.4389,0.4389
2001-08-19T00:00:00.000000000+0000,0.4389,0.4389,0.4389,0.4389
2001-08-20T00:00:00.000000000+0000,0.4391,0.4423,0.4364,0.4364
2001-08-21T00:00:00.000000000+0000,0.4365,0.4401,0.435,0.439
2001-08-22T00:00:00.000000000+0000,0.4386,0.4452,0.4386,0.4408
2001-08-23T00:00:00.000000000+0000,0.4408,0.4423,0.4392,0.4405
2001-08-24T00:00:00.000000000+0000,0.4403,0.4427,0.4375,0.4408
2001-08-25T00:00:00.000000000+0000,0.4408,0.4408,0.4408,0.4408
2001-08-26T00:00:00.000000000+0000,0.4408,0.4408,0.4408,0.4408
2001-08-27T00:00:00.000000000+0000,0.4409,0.4419,0.4377,0.4379
2001-08-28T00:00:00.000000000+0000,0.4379,0.4414,0.435,0.4407
2001-08-29T00:00:00.000000000+0000,0.4406,0.4423,0.4388,0.4393
2001-08-30T00:00:00.000000000+0000,0.4406,0.4434,0.4378,0.4423
2001-08-31T00:00:00.000000000+0000,0.442,0.4434,0.437,0.4392
2001-09-01T00:00:00.000000000+0000,0.4392,0.4392,0.4392,0.4392
2001-09-02T00:00:00.000000000+0000,0.4392,0.4392,0.4392,0.4392
2001-09-03T00:00:00.000000000+0000,0.439,0.4404,0.4358,0.4371
2001-09-04T00:00:00.000000000+0000,0.4367,0.4383,0.4309,0.4314
2001-09-05T00:00:00.000000000+0000,0.4313,0.4344,0.4282,0.4319
2001-09-06T00:00:00.000000000+0000,0.4319,0.4364,0.4309,0.4346
2001-09-07T00:00:00.000000000+0000,0.4351,0.4366,0.4313,0.4343
2001-09-08T00:00:00.000000000+0000,0.4343,0.4343,0.4343,0.4343
2001-09-09T00:00:00.000000000+0000,0.4343,0.4343,0.4343,0.4343
2001-09-10T00:00:00.000000000+0000,0.4334,0.4365,0.4284,0.4302
2001-09-11T00:00:00.000000000+0000,0.4307,0.4351,0.4242,0.433
2001-09-12T00:00:00.000000000+0000,0.4308,0.431,0.4256,0.4265
2001-09-13T00:00:00.000000000+0000,0.4264,0.427,0.42,0.4238
2001-09-14T00:00:00.000000000+0000,0.4235,0.4247,0.4207,0.4236
2001-09-15T00:00:00.000000000+0000,0.4236,0.4236,0.4236,0.4236
2001-09-16T00:00:00.000000000+0000,0.4236,0.4236,0.4236,0.4236
2001-09-17T00:00:00.000000000+0000,0.423,0.4235,0.4098,0.4107
2001-09-18T00:00:00.000000000+0000,0.413,0.4133,0.4086,0.4132
2001-09-19T00:00:00.000000000+0000,0.4132,0.4133,0.4095,0.4115
2001-09-20T00:00:00.000000000+0000,0.4116,0.4138,0.4103,0.4116
2001-09-21T00:00:00.000000000+0000,0.4116,0.4124,0.4015,0.4019
2001-09-22T00:00:00.000000000+0000,0.4019,0.4019,0.4019,0.4019
2001-09-23T00:00:00.000000000+0000,0.4019,0.4019,0.4019,0.4019
2001-09-24T00:00:00.000000000+0000,0.4033,0.4081,0.3974,0.4023
2001-09-25T00:00:00.000000000+0000,0.403,0.4093,0.4021,0.4063
2001-09-26T00:00:00.000000000+0000,0.4065,0.4097,0.4045,0.4047
2001-09-27T00:00:00.000000000+0000,0.404,0.405,0.3988,0.401
2001-09-28T00:00:00.000000000+0000,0.4003,0.4083,0.3994,0.407
2001-09-29T00:00:00.000000000+0000,0.407,0.407,0.407,0.407
2001-09-30T00:00:00.000000000+0000,0.407,0.407,0.407,0.407
2001-10-01T00:00:00.000000000+0000,0.4062,0.4078,0.4023,0.4066
2001-10-02T00:00:00.000000000+0000,0.4064,0.4069,0.4033,0.405
2001-10-03T00:00:00.000000000+0000,0.405,0.4105,0.4035,0.4069
2001-10-04T00:00:00.000000000+0000,0.4067,0.4109,0.4065,0.4085
2001-10-05T00:00:00.000000000+0000,0.4086,0.4173,0.4086,0.4145
2001-10-06T00:00:00.000000000+0000,0.4145,0.4145,0.4145,0.4145
2001-10-07T00:00:00.000000000+0000,0.4145,0.4145,0.4145,0.4145
2001-10-08T00:00:00.000000000+0000,0.4139,0.4177,0.4139,0.4163
2001-10-09T00:00:00.000000000+0000,0.4165,0.417,0.4121,0.412
2001-10-10T00:00:00.000000000+0000,0.4119,0.4148,0.4115,0.4132
2001-10-11T00:00:00.000000000+0000,0.4129,0.415,0.4107,0.4145
2001-10-12T00:00:00.000000000+0000,0.4144,0.4162,0.4123,0.4149
2001-10-13T00:00:00.000000000+0000,0.4149,0.4149,0.4149,0.4149
2001-10-14T00:00:00.000000000+0000,0.4149,0.4149,0.4149,0.4149
2001-10-15T00:00:00.000000000+0000,0.4198,0.4228,0.4187,0.4203
2001-10-16T00:00:00.000000000+0000,0.4207,0.4209,0.4181,0.4184
2001-10-17T00:00:00.000000000+0000,0.4186,0.4228,0.4167,0.4176
2001-10-18T00:00:00.000000000+0000,0.4176,0.4182,0.4138,0.4156
2001-10-19T00:00:00.000000000+0000,0.4161,0.4172,0.4141,0.4165
2001-10-20T00:00:00.000000000+0000,0.4165,0.4165,0.4165,0.4165
2001-10-21T00:00:00.000000000+0000,0.4165,0.4165,0.4165,0.4165
2001-10-22T00:00:00.000000000+0000,0.4174,0.4189,0.4145,0.4183
2001-10-23T00:00:00.000000000+0000,0.4188,0.4194,0.4163,0.4187
2001-10-24T00:00:00.000000000+0000,0.4182,0.42,0.4172,0.418
2001-10-25T00:00:00.000000000+0000,0.4177,0.4189,0.4127,0.4128
2001-10-26T00:00:00.000000000+0000,0.412,0.4142,0.4117,0.4121
2001-10-27T00:00:00.000000000+0000,0.4121,0.4121,0.4121,0.4121
2001-10-28T00:00:00.000000000+0000,0.4121,0.4121,0.4121,0.4121
2001-10-29T00:00:00.000000000+0000,0.4095,0.4156,0.4095,0.4142
2001-10-30T00:00:00.000000000+0000,0.4138,0.4173,0.4127,0.4133
2001-10-31T00:00:00.000000000+0000,0.4126,0.4147,0.4096,0.411
2001-11-01T00:00:00.000000000+0000,0.4106,0.4182,0.4106,0.4151
2001-11-02T00:00:00.000000000+0000,0.4161,0.4169,0.4126,0.4152
2001-11-03T00:00:00.000000000+0000,0.4152,0.4152,0.4152,0.4152
2001-11-04T00:00:00.000000000+0000,0.4152,0.4152,0.4152,0.4152
2001-11-05T00:00:00.000000000+0000,0.4153,0.417,0.4138,0.4156
2001-11-06T00:00:00.000000000+0000,0.4154,0.421,0.4154,0.4196
2001-11-07T00:00:00.000000000+0000,0.4198,0.4206,0.4188,0.4193
2001-11-08T00:00:00.000000000+0000,0.4204,0.4209,0.4184,0.4202
2001-11-09T00:00:00.000000000+0000,0.42,0.4205,0.4168,0.4195
2001-11-10T00:00:00.000000000+0000,0.4195,0.4195,0.4195,0.4195
2001-11-11T00:00:00.000000000+0000,0.4195,0.4195,0.4195,0.4195
2001-11-12T00:00:00.000000000+0000,0.4222,0.4237,0.4207,0.422
2001-11-13T00:00:00.000000000+0000,0.422,0.4239,0.4209,0.4216
2001-11-14T00:00:00.000000000+0000,0.4229,0.4241,0.4198,0.4197
2001-11-15T00:00:00.000000000+0000,0.4196,0.4203,0.4172,0.4166
2001-11-16T00:00:00.000000000+0000,0.4169,0.4191,0.414,0.4154
2001-11-17T00:00:00.000000000+0000,0.4154,0.4154,0.4154,0.4154
2001-11-18T00:00:00.000000000+0000,0.4154,0.4154,0.4154,0.4154
2001-11-19T00:00:00.000000000+0000,0.4168,0.4175,0.4144,0.4164
2001-11-20T00:00:00.000000000+0000,0.4163,0.4167,0.4144,0.4145
2001-11-21T00:00:00.000000000+0000,0.4159,0.416,0.4096,0.4096
2001-11-22T00:00:00.000000000+0000,0.4101,0.4113,0.4081,0.41
2001-11-23T00:00:00.000000000+0000,0.4101,0.4115,0.41,0.41
2001-11-24T00:00:00.000000000+0000,0.41,0.41,0.41,0.41
2001-11-25T00:00:00.000000000+0000,0.41,0.41,0.41,0.41
2001-11-26T00:00:00.000000000+0000,0.4112,0.4134,0.4112,0.4127
2001-11-27T00:00:00.000000000+0000,0.4126,0.4159,0.412,0.4147
2001-11-28T00:00:00.000000000+0000,0.4159,0.4162,0.4129,0.4141
2001-11-29T00:00:00.000000000+0000,0.4133,0.4156,0.4117,0.412
2001-11-30T00:00:00.000000000+0000,0.4124,0.4172,0.4124,0.4165
2001-12-01T00:00:00.000000000+0000,0.4165,0.4165,0.4165,0.4165
2001-12-02T00:00:00.000000000+0000,0.4165,0.4165,0.4165,0.4165
2001-12-03T00:00:00.000000000+0000,0.4165,0.417,0.4139,0.4136
2001-12-04T00:00:00.000000000+0000,0.4126,0.415,0.412,0.4117
2001-12-05T00:00:00.000000000+0000,0.4117,0.4155,0.4117,0.4145
2001-12-06T00:00:00.000000000+0000,0.4148,0.4175,0.4143,0.4167
2001-12-07T00:00:00.000000000+0000,0.4168,0.4178,0.4143,0.4145
2001-12-08T00:00:00.000000000+0000,0.4145,0.4145,0.4145,0.4145
2001-12-09T00:00:00.000000000+0000,0.4145,0.4145,0.4145,0.4145
2001-12-10T00:00:00.000000000+0000,0.4141,0.4168,0.414,0.4141
2001-12-11T00:00:00.000000000+0000,0.4141,0.4186,0.4141,0.4166
2001-12-12T00:00:00.000000000+0000,0.4178,0.4213,0.4178,0.4202
2001-12-13T00:00:00.000000000+0000,0.4203,0.4208,0.4183,0.4188
2001-12-14T00:00:00.000000000+0000,0.4181,0.4189,0.417,0.4177
2001-12-15T00:00:00.000000000+0000,0.4177,0.4177,0.4177,0.4177
2001-12-16T00:00:00.000000000+0000,0.4177,0.4177,0.4177,0.4177
2001-12-17T00:00:00.000000000+0000,0.4188,0.419,0.4157,0.4156
2001-12-18T00:00:00.000000000+0000,0.4163,0.4187,0.416,0.4166
2001-12-19T00:00:00.000000000+0000,0.4166,0.4175,0.4145,0.4145
2001-12-20T00:00:00.000000000+0000,0.4144,0.4155,0.4105,0.4104
2001-12-21T00:00:00.000000000+0000,0.4107,0.4167,0.4102,0.4161
2001-12-22T00:00:00.000000000+0000,0.4161,0.4161,0.4161,0.4161
2001-12-23T00:00:00.000000000+0000,0.4161,0.4161,0.4161,0.4161
2001-12-24T00:00:00.000000000+0000,0.4135,0.4172,0.4135,0.4172
2001-12-25T00:00:00.000000000+0000,0.4167,0.4167,0.4145,0.4145
2001-12-26T00:00:00.000000000+0000,0.4139,0.4162,0.4139,0.4147
2001-12-27T00:00:00.000000000+0000,0.4145,0.416,0.412,0.4151
2001-12-28T00:00:00.000000000+0000,0.4148,0.416,0.413,0.415
2001-12-29T00:00:00.000000000+0000,0.415,0.415,0.415,0.415
2001-12-30T00:00:00.000000000+0000,0.415,0.415,0.415,0.415
2001-12-31T00:00:00.000000000+0000,0.4149,0.4169,0.4149,0.4165
2002-01-01T00:00:00.000000000+0000,0.4223,0.4223,0.4223,0.4223
2002-01-02T00:00:00.000000000+0000,0.4146,0.4242,0.4146,0.4223
2002-01-03T00:00:00.000000000+0000,0.422,0.4267,0.4214,0.4244
2002-01-04T00:00:00.000000000+0000,0.4249,0.4299,0.4247,0.4294
2002-01-05T00:00:00.000000000+0000,0.4294,0.4294,0.4294,0.4294
2002-01-06T00:00:00.000000000+0000,0.4294,0.4294,0.4294,0.4294
2002-01-07T00:00:00.000000000+0000,0.4295,0.4299,0.4269,0.4266
2002-01-08T00:00:00.000000000+0000,0.427,0.4323,0.4255,0.4319
2002-01-09T00:00:00.000000000+0000,0.4298,0.431,0.4274,0.4282
2002-01-10T00:00:00.000000000+0000,0.4286,0.4301,0.4258,0.4254
2002-01-11T00:00:00.000000000+0000,0.4261,0.4271,0.423,0.4226
2002-01-12T00:00:00.000000000+0000,0.4226,0.4226,0.4226,0.4226
2002-01-13T00:00:00.000000000+0000,0.4226,0.4226,0.4226,0.4226
2002-01-14T00:00:00.000000000+0000,0.4222,0.424,0.4219,0.4222
2002-01-15T00:00:00.000000000+0000,0.4221,0.4246,0.4216,0.4221
2002-01-16T00:00:00.000000000+0000,0.4224,0.4226,0.4188,0.4198
2002-01-17T00:00:00.000000000+0000,0.4198,0.4225,0.4187,0.4219
2002-01-18T00:00:00.000000000+0000,0.4216,0.4241,0.4215,0.423
2002-01-19T00:00:00.000000000+0000,0.423,0.423,0.423,0.423
2002-01-20T00:00:00.000000000+0000,0.423,0.423,0.423,0.423
2002-01-21T00:00:00.000000000+0000,0.4241,0.4293,0.4241,0.4292
2002-01-22T00:00:00.000000000+0000,0.4295,0.4302,0.4285,0.429
2002-01-23T00:00:00.000000000+0000,0.4292,0.4305,0.4265,0.4267
2002-01-24T00:00:00.000000000+0000,0.4263,0.4281,0.4246,0.4266
2002-01-25T00:00:00.000000000+0000,0.4269,0.4285,0.4231,0.4243
2002-01-26T00:00:00.000000000+0000,0.4243,0.4243,0.4243,0.4243
2002-01-27T00:00:00.000000000+0000,0.4243,0.4243,0.4243,0.4243
2002-01-28T00:00:00.000000000+0000,0.4239,0.4241,0.4209,0.4224
2002-01-29T00:00:00.000000000+0000,0.4225,0.4235,0.42,0.4196
2002-01-30T00:00:00.000000000+0000,0.4188,0.4196,0.4147,0.415
2002-01-31T00:00:00.000000000+0000,0.4162,0.418,0.4138,0.4162
2002-02-01T00:00:00.000000000+0000,0.4162,0.4177,0.4154,0.4176
2002-02-02T00:00:00.000000000+0000,0.4176,0.4176,0.4176,0.4176
2002-02-03T00:00:00.000000000+0000,0.4175,0.4176,0.4169,0.4164
2002-02-04T00:00:00.000000000+0000,0.4164,0.4191,0.4164,0.4179
2002-02-05T00:00:00.000000000+0000,0.4173,0.4189,0.416,0.4157
2002-02-06T00:00:00.000000000+0000,0.4164,0.4186,0.4157,0.4165
2002-02-07T00:00:00.000000000+0000,0.4153,0.4168,0.4145,0.4164
2002-02-08T00:00:00.000000000+0000,0.4171,0.4192,0.4171,0.418
2002-02-09T00:00:00.000000000+0000,0.418,0.418,0.418,0.418
2002-02-10T00:00:00.000000000+0000,0.4177,0.4187,0.4177,0.418
2002-02-11T00:00:00.000000000+0000,0.4181,0.4218,0.4181,0.4201
2002-02-12T00:00:00.000000000+0000,0.4198,0.4204,0.4173,0.4176
2002-02-13T00:00:00.000000000+0000,0.4174,0.4185,0.4167,0.4177
2002-02-14T00:00:00.000000000+0000,0.417,0.4225,0.417,0.4211
2002-02-15T00:00:00.000000000+0000,0.421,0.4231,0.4201,0.4227
2002-02-16T00:00:00.000000000+0000,0.4227,0.4227,0.4227,0.4227
2002-02-17T00:00:00.000000000+0000,0.4224,0.4225,0.4222,0.4213
2002-02-18T00:00:00.000000000+0000,0.4213,0.4232,0.4213,0.4218
2002-02-19T00:00:00.000000000+0000,0.4215,0.4225,0.4193,0.4211
2002-02-20T00:00:00.000000000+0000,0.421,0.4216,0.4197,0.4196
2002-02-21T00:00:00.000000000+0000,0.419,0.4196,0.4175,0.4186
2002-02-22T00:00:00.000000000+0000,0.4189,0.4195,0.4172,0.4177
2002-02-23T00:00:00.000000000+0000,0.4177,0.4177,0.4177,0.4177
2002-02-24T00:00:00.000000000+0000,0.4175,0.4176,0.4175,0.4169
2002-02-25T00:00:00.000000000+0000,0.4176,0.4191,0.4167,0.4169
2002-02-26T00:00:00.000000000+0000,0.4171,0.4189,0.4171,0.417
2002-02-27T00:00:00.000000000+0000,0.4169,0.4202,0.4169,0.419
2002-02-28T00:00:00.000000000+0000,0.4193,0.4221,0.4189,0.421
2002-03-01T00:00:00.000000000+0000,0.4215,0.4242,0.421,0.4242
2002-03-02T00:00:00.000000000+0000,0.4242,0.4242,0.4242,0.4242
2002-03-03T00:00:00.000000000+0000,0.4233,0.426,0.4233,0.4256
2002-03-04T00:00:00.000000000+0000,0.4255,0.4273,0.425,0.425
2002-03-05T00:00:00.000000000+0000,0.425,0.4267,0.4247,0.4251
2002-03-06T00:00:00.000000000+0000,0.4245,0.4294,0.4244,0.4283
2002-03-07T00:00:00.000000000+0000,0.4288,0.432,0.4282,0.4301
2002-03-08T00:00:00.000000000+0000,0.4308,0.4311,0.4283,0.4309
2002-03-09T00:00:00.000000000+0000,0.4309,0.4309,0.4309,0.4309
2002-03-10T00:00:00.000000000+0000,0.4301,0.4303,0.4295,0.429
2002-03-11T00:00:00.000000000+0000,0.4282,0.4289,0.4265,0.428
2002-03-12T00:00:00.000000000+0000,0.428,0.4305,0.4269,0.429
2002-03-13T00:00:00.000000000+0000,0.4289,0.4305,0.4281,0.429
2002-03-14T00:00:00.000000000+0000,0.4283,0.4313,0.4283,0.4307
2002-03-15T00:00:00.000000000+0000,0.4311,0.4373,0.4311,0.437
2002-03-16T00:00:00.000000000+0000,0.437,0.437,0.437,0.437
2002-03-17T00:00:00.000000000+0000,0.4364,0.4371,0.4364,0.4361
2002-03-18T00:00:00.000000000+0000,0.436,0.4365,0.4342,0.4354
2002-03-19T00:00:00.000000000+0000,0.4356,0.4365,0.4325,0.4324
2002-03-20T00:00:00.000000000+0000,0.4328,0.4429,0.4328,0.4401
2002-03-21T00:00:00.000000000+0000,0.4397,0.4422,0.439,0.4386
2002-03-22T00:00:00.000000000+0000,0.4383,0.4408,0.4376,0.4379
2002-03-23T00:00:00.000000000+0000,0.4379,0.4379,0.4379,0.4379
2002-03-24T00:00:00.000000000+0000,0.4395,0.4395,0.4367,0.4374
2002-03-25T00:00:00.000000000+0000,0.4372,0.4414,0.4372,0.4374
2002-03-26T00:00:00.000000000+0000,0.4372,0.4383,0.4354,0.436
2002-03-27T00:00:00.000000000+0000,0.4355,0.4365,0.4352,0.4351
2002-03-28T00:00:00.000000000+0000,0.4355,0.4414,0.4355,0.4407
2002-03-29T00:00:00.000000000+0000,0.441,0.4411,0.4405,0.4401
2002-03-30T00:00:00.000000000+0000,0.4401,0.4401,0.4401,0.4401
2002-03-31T00:00:00.000000000+0000,0.4402,0.4407,0.4402,0.4407
2002-04-01T00:00:00.000000000+0000,0.4409,0.4435,0.4409,0.4416
2002-04-02T00:00:00.000000000+0000,0.4411,0.4428,0.441,0.4412
2002-04-03T00:00:00.000000000+0000,0.4407,0.4414,0.4374,0.44
2002-04-04T00:00:00.000000000+0000,0.439,0.4418,0.4377,0.4396
2002-04-05T00:00:00.000000000+0000,0.4406,0.4416,0.4375,0.4372
2002-04-06T00:00:00.000000000+0000,0.4372,0.4372,0.4372,0.4372
2002-04-07T00:00:00.000000000+0000,0.4383,0.4383,0.4366,0.4357
2002-04-08T00:00:00.000000000+0000,0.4356,0.437,0.4327,0.4344
2002-04-09T00:00:00.000000000+0000,0.4338,0.4366,0.4336,0.435
2002-04-10T00:00:00.000000000+0000,0.4353,0.4394,0.4353,0.4386
2002-04-11T00:00:00.000000000+0000,0.4388,0.4435,0.4388,0.4419
2002-04-12T00:00:00.000000000+0000,0.442,0.4443,0.4418,0.4418
2002-04-13T00:00:00.000000000+0000,0.4418,0.4418,0.4418,0.4418
2002-04-14T00:00:00.000000000+0000,0.4417,0.4421,0.4417,0.4415
2002-04-15T00:00:00.000000000+0000,0.4414,0.4418,0.4388,0.4386
2002-04-16T00:00:00.000000000+0000,0.4387,0.4416,0.4383,0.441
2002-04-17T00:00:00.000000000+0000,0.4414,0.4464,0.4409,0.4457
2002-04-18T00:00:00.000000000+0000,0.4456,0.4469,0.444,0.4465
2002-04-19T00:00:00.000000000+0000,0.4462,0.4487,0.4462,0.4475
2002-04-20T00:00:00.000000000+0000,0.4475,0.4475,0.4475,0.4475
2002-04-21T00:00:00.000000000+0000,0.4469,0.448,0.4469,0.4471
2002-04-22T00:00:00.000000000+0000,0.4465,0.4479,0.4462,0.4479
2002-04-23T00:00:00.000000000+0000,0.448,0.4488,0.4457,0.4457
2002-04-24T00:00:00.000000000+0000,0.4457,0.4493,0.445,0.4486
2002-04-25T00:00:00.000000000+0000,0.4487,0.4518,0.4467,0.4484
2002-04-26T00:00:00.000000000+0000,0.4476,0.4516,0.4475,0.4508
2002-04-27T00:00:00.000000000+0000,0.4508,0.4508,0.4508,0.4508
2002-04-28T00:00:00.000000000+0000,0.4506,0.4508,0.4501,0.45
2002-04-29T00:00:00.000000000+0000,0.4505,0.451,0.4463,0.447
2002-04-30T00:00:00.000000000+0000,0.4466,0.4485,0.4461,0.4473
2002-05-01T00:00:00.000000000+0000,0.4479,0.4495,0.4448,0.4488
2002-05-02T00:00:00.000000000+0000,0.449,0.4493,0.4451,0.4453
2002-05-03T00:00:00.000000000+0000,0.4455,0.4497,0.4444,0.4487
2002-05-04T00:00:00.000000000+0000,0.4487,0.4487,0.4487,0.4487
2002-05-05T00:00:00.000000000+0000,0.4487,0.4487,0.4487,0.4487
2002-05-06T00:00:00.000000000+0000,0.4485,0.4493,0.4469,0.4479
2002-05-07T00:00:00.000000000+0000,0.4479,0.4515,0.4477,0.4476
2002-05-08T00:00:00.000000000+0000,0.448,0.4525,0.4477,0.4477
2002-05-09T00:00:00.000000000+0000,0.4472,0.4525,0.4472,0.4513
2002-05-10T00:00:00.000000000+0000,0.4515,0.4536,0.4512,0.453
2002-05-11T00:00:00.000000000+0000,0.453,0.453,0.453,0.453
2002-05-12T00:00:00.000000000+0000,0.453,0.453,0.453,0.453
2002-05-13T00:00:00.000000000+0000,0.4523,0.4563,0.4517,0.4556
2002-05-14T00:00:00.000000000+0000,0.4552,0.4579,0.455,0.4573
2002-05-15T00:00:00.000000000+0000,0.4571,0.4591,0.4555,0.4587
2002-05-16T00:00:00.000000000+0000,0.4587,0.4615,0.458,0.46
2002-05-17T00:00:00.000000000+0000,0.4595,0.4648,0.4595,0.464
2002-05-18T00:00:00.000000000+0000,0.464,0.464,0.464,0.464
2002-05-19T00:00:00.000000000+0000,0.464,0.464,0.464,0.464
2002-05-20T00:00:00.000000000+0000,0.4635,0.4681,0.4635,0.4667
2002-05-21T00:00:00.000000000+0000,0.4666,0.4682,0.4656,0.4667
2002-05-22T00:00:00.000000000+0000,0.4665,0.4754,0.4663,0.4726
2002-05-23T00:00:00.000000000+0000,0.4721,0.4763,0.4689,0.4702
2002-05-24T00:00:00.000000000+0000,0.4681,0.4724,0.4654,0.4705
2002-05-25T00:00:00.000000000+0000,0.4705,0.4705,0.4705,0.4705
2002-05-26T00:00:00.000000000+0000,0.4705,0.4705,0.4705,0.4705
2002-05-27T00:00:00.000000000+0000,0.4707,0.4746,0.4698,0.4735
2002-05-28T00:00:00.000000000+0000,0.4725,0.4774,0.4725,0.475
2002-05-29T00:00:00.000000000+0000,0.4757,0.4783,0.4755,0.4766
2002-05-30T00:00:00.000000000+0000,0.4761,0.4786,0.4747,0.4742
2002-05-31T00:00:00.000000000+0000,0.4744,0.4842,0.4741,0.4803
2002-06-01T00:00:00.000000000+0000,0.4803,0.4803,0.4803,0.4803
2002-06-02T00:00:00.000000000+0000,0.4803,0.4803,0.4803,0.4803
2002-06-03T00:00:00.000000000+0000,0.4797,0.4866,0.4792,0.4858
2002-06-04T00:00:00.000000000+0000,0.4856,0.4941,0.4856,0.4896
2002-06-05T00:00:00.000000000+0000,0.4904,0.4913,0.485,0.4885
2002-06-06T00:00:00.000000000+0000,0.4891,0.4933,0.4868,0.4918
2002-06-07T00:00:00.000000000+0000,0.4913,0.492,0.4877,0.488
2002-06-08T00:00:00.000000000+0000,0.488,0.488,0.488,0.488
2002-06-09T00:00:00.000000000+0000,0.488,0.488,0.488,0.488
2002-06-10T00:00:00.000000000+0000,0.4875,0.4898,0.4868,0.4869
2002-06-11T00:00:00.000000000+0000,0.4866,0.4891,0.4866,0.4889
2002-06-12T00:00:00.000000000+0000,0.4887,0.4932,0.4885,0.4921
2002-06-13T00:00:00.000000000+0000,0.4917,0.4939,0.4875,0.4871
2002-06-14T00:00:00.000000000+0000,0.4872,0.4904,0.4817,0.4836
2002-06-15T00:00:00.000000000+0000,0.4836,0.4836,0.4836,0.4836
2002-06-16T00:00:00.000000000+0000,0.4836,0.4836,0.4836,0.4836
2002-06-17T00:00:00.000000000+0000,0.483,0.4853,0.4819,0.4832
2002-06-18T00:00:00.000000000+0000,0.4834,0.4882,0.4823,0.4875
2002-06-19T00:00:00.000000000+0000,0.4876,0.4893,0.486,0.4872
2002-06-20T00:00:00.000000000+0000,0.4869,0.4926,0.4869,0.4915
2002-06-21T00:00:00.000000000+0000,0.4912,0.4997,0.4912,0.4981
2002-06-22T00:00:00.000000000+0000,0.4981,0.4981,0.4981,0.4981
2002-06-23T00:00:00.000000000+0000,0.4981,0.4981,0.4981,0.4981
2002-06-24T00:00:00.000000000+0000,0.497,0.5009,0.4851,0.4928
2002-06-25T00:00:00.000000000+0000,0.4926,0.4944,0.4877,0.4937
2002-06-26T00:00:00.000000000+0000,0.4926,0.4992,0.4831,0.4862
2002-06-27T00:00:00.000000000+0000,0.4866,0.4919,0.4866,0.4904
2002-06-28T00:00:00.000000000+0000,0.4901,0.4925,0.4857,0.4867
2002-06-29T00:00:00.000000000+0000,0.4867,0.4867,0.4867,0.4867
2002-06-30T00:00:00.000000000+0000,0.4867,0.4867,0.4867,0.4867
2002-07-01T00:00:00.000000000+0000,0.4869,0.4886,0.4854,0.4876
2002-07-02T00:00:00.000000000+0000,0.4872,0.4895,0.486,0.4891
2002-07-03T00:00:00.000000000+0000,0.4889,0.4905,0.4853,0.4885
2002-07-04T00:00:00.000000000+0000,0.4878,0.4882,0.4827,0.484
2002-07-05T00:00:00.000000000+0000,0.4838,0.4877,0.4822,0.485
2002-07-06T00:00:00.000000000+0000,0.485,0.485,0.485,0.485
2002-07-07T00:00:00.000000000+0000,0.485,0.485,0.485,0.485
2002-07-08T00:00:00.000000000+0000,0.4852,0.4915,0.4848,0.4907
2002-07-09T00:00:00.000000000+0000,0.4906,0.4938,0.4901,0.4918
2002-07-10T00:00:00.000000000+0000,0.4916,0.4948,0.4864,0.4875
2002-07-11T00:00:00.000000000+0000,0.4876,0.4886,0.4793,0.4828
2002-07-12T00:00:00.000000000+0000,0.4828,0.4881,0.48,0.4845
2002-07-13T00:00:00.000000000+0000,0.4845,0.4845,0.4845,0.4845
2002-07-14T00:00:00.000000000+0000,0.4845,0.4845,0.4845,0.4845
2002-07-15T00:00:00.000000000+0000,0.4838,0.4897,0.4838,0.4865
2002-07-16T00:00:00.000000000+0000,0.4859,0.4888,0.4834,0.4856
2002-07-17T00:00:00.000000000+0000,0.4858,0.4866,0.4793,0.4812
2002-07-18T00:00:00.000000000+0000,0.4818,0.4833,0.4805,0.4822
2002-07-19T00:00:00.000000000+0000,0.4819,0.4884,0.4819,0.4879
2002-07-20T00:00:00.000000000+0000,0.4879,0.4879,0.4879,0.4879
2002-07-21T00:00:00.000000000+0000,0.4879,0.4879,0.4879,0.4879
2002-07-22T00:00:00.000000000+0000,0.4875,0.4892,0.4785,0.4802
2002-07-23T00:00:00.000000000+0000,0.4798,0.4802,0.4722,0.4729
2002-07-24T00:00:00.000000000+0000,0.4729,0.4745,0.4626,0.4727
2002-07-25T00:00:00.000000000+0000,0.4724,0.4731,0.4648,0.4662
2002-07-26T00:00:00.000000000+0000,0.4658,0.4692,0.4618,0.4623
2002-07-27T00:00:00.000000000+0000,0.4623,0.4623,0.4623,0.4623
2002-07-28T00:00:00.000000000+0000,0.4623,0.4623,0.4623,0.4623
2002-07-29T00:00:00.000000000+0000,0.4626,0.4694,0.4616,0.4675
2002-07-30T00:00:00.000000000+0000,0.4677,0.4722,0.4667,0.4667
2002-07-31T00:00:00.000000000+0000,0.4668,0.4713,0.4645,0.4654
2002-08-01T00:00:00.000000000+0000,0.4648,0.4655,0.4609,0.4621
2002-08-02T00:00:00.000000000+0000,0.4625,0.4665,0.4608,0.4637
2002-08-03T00:00:00.000000000+0000,0.4637,0.4637,0.4637,0.4637
2002-08-04T00:00:00.000000000+0000,0.4637,0.4637,0.4637,0.4637
2002-08-05T00:00:00.000000000+0000,0.4635,0.4647,0.4564,0.4575
2002-08-06T00:00:00.000000000+0000,0.4573,0.459,0.4489,0.4527
2002-08-07T00:00:00.000000000+0000,0.4519,0.4557,0.4485,0.455
2002-08-08T00:00:00.000000000+0000,0.4552,0.4573,0.4525,0.4549
2002-08-09T00:00:00.000000000+0000,0.4547,0.4588,0.4537,0.4581
2002-08-10T00:00:00.000000000+0000,0.4581,0.4581,0.4581,0.4581
2002-08-11T00:00:00.000000000+0000,0.4581,0.4581,0.4581,0.4581
2002-08-12T00:00:00.000000000+0000,0.4578,0.464,0.4568,0.4633
2002-08-13T00:00:00.000000000+0000,0.4633,0.4652,0.4597,0.4605
2002-08-14T00:00:00.000000000+0000,0.4603,0.4636,0.4548,0.4611
2002-08-15T00:00:00.000000000+0000,0.4611,0.4678,0.4605,0.4656
2002-08-16T00:00:00.000000000+0000,0.465,0.4692,0.4644,0.4677
2002-08-17T00:00:00.000000000+0000,0.4677,0.4677,0.4677,0.4677
2002-08-18T00:00:00.000000000+0000,0.4677,0.4677,0.4677,0.4677
2002-08-19T00:00:00.000000000+0000,0.4669,0.4694,0.4654,0.4662
2002-08-20T00:00:00.000000000+0000,0.4663,0.4705,0.4663,0.4691
2002-08-21T00:00:00.000000000+0000,0.4696,0.4727,0.4623,0.4658
2002-08-22T00:00:00.000000000+0000,0.4661,0.468,0.4634,0.4662
2002-08-23T00:00:00.000000000+0000,0.4658,0.4678,0.4653,0.4657
2002-08-24T00:00:00.000000000+0000,0.4657,0.4657,0.4657,0.4657
2002-08-25T00:00:00.000000000+0000,0.4657,0.4657,0.4657,0.4657
2002-08-26T00:00:00.000000000+0000,0.4658,0.4693,0.4658,0.4692
2002-08-27T00:00:00.000000000+0000,0.4693,0.4732,0.4681,0.4726
2002-08-28T00:00:00.000000000+0000,0.4729,0.474,0.4685,0.4689
2002-08-29T00:00:00.000000000+0000,0.4694,0.471,0.4669,0.4685
2002-08-30T00:00:00.000000000+0000,0.4676,0.4709,0.4665,0.4687
2002-08-31T00:00:00.000000000+0000,0.4687,0.4687,0.4687,0.4687
2002-09-01T00:00:00.000000000+0000,0.4687,0.4687,0.4687,0.4687
2002-09-02T00:00:00.000000000+0000,0.4682,0.4712,0.4663,0.4695
2002-09-03T00:00:00.000000000+0000,0.4697,0.4715,0.4662,0.4664
2002-09-04T00:00:00.000000000+0000,0.4664,0.4687,0.4645,0.4652
2002-09-05T00:00:00.000000000+0000,0.466,0.467,0.4645,0.4649
2002-09-06T00:00:00.000000000+0000,0.4651,0.4708,0.465,0.47
2002-09-07T00:00:00.000000000+0000,0.47,0.47,0.47,0.47
2002-09-08T00:00:00.000000000+0000,0.47,0.47,0.47,0.47
2002-09-09T00:00:00.000000000+0000,0.4696,0.4713,0.4681,0.4706
2002-09-10T00:00:00.000000000+0000,0.4698,0.4725,0.4688,0.4691
2002-09-11T00:00:00.000000000+0000,0.4692,0.4722,0.4683,0.4715
2002-09-12T00:00:00.000000000+0000,0.4715,0.4765,0.4715,0.4739
2002-09-13T00:00:00.000000000+0000,0.4737,0.476,0.4726,0.4732
2002-09-14T00:00:00.000000000+0000,0.4732,0.4732,0.4732,0.4732
2002-09-15T00:00:00.000000000+0000,0.4732,0.4732,0.4732,0.4732
2002-09-16T00:00:00.000000000+0000,0.4735,0.4735,0.4694,0.4701
2002-09-17T00:00:00.000000000+0000,0.4701,0.4734,0.4672,0.469
2002-09-18T00:00:00.000000000+0000,0.4692,0.4719,0.466,0.4715
2002-09-19T00:00:00.000000000+0000,0.471,0.4762,0.4706,0.4735
2002-09-20T00:00:00.000000000+0000,0.4739,0.4741,0.47,0.47
2002-09-21T00:00:00.000000000+0000,0.47,0.47,0.47,0.47
2002-09-22T00:00:00.000000000+0000,0.47,0.47,0.47,0.47
2002-09-23T00:00:00.000000000+0000,0.47,0.4726,0.4684,0.4686
2002-09-24T00:00:00.000000000+0000,0.4684,0.4716,0.4671,0.4695
2002-09-25T00:00:00.000000000+0000,0.4702,0.4728,0.4697,0.4723
2002-09-26T00:00:00.000000000+0000,0.4728,0.4742,0.4649,0.4699
2002-09-27T00:00:00.000000000+0000,0.4701,0.473,0.4689,0.4702
2002-09-28T00:00:00.000000000+0000,0.4702,0.4702,0.4702,0.4702
2002-09-29T00:00:00.000000000+0000,0.4702,0.4702,0.4702,0.4702
2002-09-30T00:00:00.000000000+0000,0.4699,0.4715,0.4683,0.4698
2002-10-01T00:00:00.000000000+0000,0.4702,0.4748,0.4678,0.474
2002-10-02T00:00:00.000000000+0000,0.474,0.4763,0.4725,0.4731
2002-10-03T00:00:00.000000000+0000,0.473,0.4784,0.473,0.4769
2002-10-04T00:00:00.000000000+0000,0.4769,0.4793,0.4763,0.4783
2002-10-05T00:00:00.000000000+0000,0.4783,0.4783,0.4783,0.4783
2002-10-06T00:00:00.000000000+0000,0.4783,0.4783,0.4783,0.4783
2002-10-07T00:00:00.000000000+0000,0.478,0.4848,0.478,0.4831
2002-10-08T00:00:00.000000000+0000,0.4831,0.484,0.4809,0.4807
2002-10-09T00:00:00.000000000+0000,0.4809,0.4818,0.479,0.4806
2002-10-10T00:00:00.000000000+0000,0.4806,0.4806,0.4779,0.4788
2002-10-11T00:00:00.000000000+0000,0.4793,0.4817,0.4782,0.481
2002-10-12T00:00:00.000000000+0000,0.481,0.481,0.481,0.481
2002-10-13T00:00:00.000000000+0000,0.481,0.481,0.481,0.481
2002-10-14T00:00:00.000000000+0000,0.481,0.4814,0.4776,0.4779
2002-10-15T00:00:00.000000000+0000,0.478,0.4814,0.4748,0.4788
2002-10-16T00:00:00.000000000+0000,0.4789,0.482,0.4777,0.4793
2002-10-17T00:00:00.000000000+0000,0.4792,0.4833,0.479,0.4812
2002-10-18T00:00:00.000000000+0000,0.4811,0.4837,0.48,0.4809
2002-10-19T00:00:00.000000000+0000,0.4809,0.4809,0.4809,0.4809
2002-10-20T00:00:00.000000000+0000,0.4809,0.4809,0.4809,0.4809
2002-10-21T00:00:00.000000000+0000,0.4809,0.4855,0.4794,0.4833
2002-10-22T00:00:00.000000000+0000,0.4835,0.4859,0.4818,0.4831
2002-10-23T00:00:00.000000000+0000,0.4823,0.4863,0.4818,0.4837
2002-10-24T00:00:00.000000000+0000,0.4837,0.488,0.4834,0.4858
2002-10-25T00:00:00.000000000+0000,0.4859,0.4884,0.4852,0.4878
2002-10-26T00:00:00.000000000+0000,0.4878,0.4878,0.4878,0.4878
2002-10-27T00:00:00.000000000+0000,0.4878,0.4878,0.4878,0.4878
2002-10-28T00:00:00.000000000+0000,0.4871,0.4906,0.486,0.4881
2002-10-29T00:00:00.000000000+0000,0.4887,0.4908,0.4846,0.4852
2002-10-30T00:00:00.000000000+0000,0.4861,0.4873,0.4808,0.4818
2002-10-31T00:00:00.000000000+0000,0.4824,0.4872,0.482,0.4856
2002-11-01T00:00:00.000000000+0000,0.486,0.4935,0.4853,0.4914
2002-11-02T00:00:00.000000000+0000,0.4914,0.4914,0.4914,0.4914
2002-11-03T00:00:00.000000000+0000,0.4914,0.4914,0.4914,0.4914
2002-11-04T00:00:00.000000000+0000,0.4912,0.4976,0.4896,0.4961
2002-11-05T00:00:00.000000000+0000,0.496,0.4992,0.4948,0.4953
2002-11-06T00:00:00.000000000+0000,0.4939,0.4996,0.4925,0.4978
2002-11-07T00:00:00.000000000+0000,0.4988,0.501,0.4948,0.4997
2002-11-08T00:00:00.000000000+0000,0.4996,0.501,0.496,0.496
2002-11-09T00:00:00.000000000+0000,0.496,0.496,0.496,0.496
2002-11-10T00:00:00.000000000+0000,0.496,0.496,0.496,0.496
2002-11-11T00:00:00.000000000+0000,0.4968,0.4973,0.4922,0.4936
2002-11-12T00:00:00.000000000+0000,0.493,0.4956,0.4905,0.4931
2002-11-13T00:00:00.000000000+0000,0.4924,0.4985,0.492,0.4971
2002-11-14T00:00:00.000000000+0000,0.4963,0.5011,0.495,0.5001
2002-11-15T00:00:00.000000000+0000,0.5002,0.5018,0.4985,0.4996
2002-11-16T00:00:00.000000000+0000,0.4996,0.4996,0.4996,0.4996
2002-11-17T00:00:00.000000000+0000,0.4996,0.4996,0.4996,0.4996
2002-11-18T00:00:00.000000000+0000,0.4997,0.5003,0.4958,0.4967
2002-11-19T00:00:00.000000000+0000,0.496,0.4996,0.494,0.4966
2002-11-20T00:00:00.000000000+0000,0.497,0.4994,0.4935,0.4985
2002-11-21T00:00:00.000000000+0000,0.4991,0.5051,0.4972,0.5031
2002-11-22T00:00:00.000000000+0000,0.5028,0.5051,0.5009,0.5025
2002-11-23T00:00:00.000000000+0000,0.5025,0.5025,0.5025,0.5025
2002-11-24T00:00:00.000000000+0000,0.5025,0.5025,0.5025,0.5025
2002-11-25T00:00:00.000000000+0000,0.5023,0.504,0.4974,0.4992
2002-11-26T00:00:00.000000000+0000,0.4988,0.5005,0.4935,0.4958
2002-11-27T00:00:00.000000000+0000,0.4958,0.499,0.4901,0.494
2002-11-28T00:00:00.000000000+0000,0.4935,0.4965,0.4915,0.4947
2002-11-29T00:00:00.000000000+0000,0.4951,0.4997,0.494,0.498
2002-11-30T00:00:00.000000000+0000,0.498,0.498,0.498,0.498
2002-12-01T00:00:00.000000000+0000,0.498,0.498,0.498,0.498
2002-12-02T00:00:00.000000000+0000,0.4978,0.5023,0.4958,0.4982
2002-12-03T00:00:00.000000000+0000,0.4982,0.5006,0.4972,0.4979
2002-12-04T00:00:00.000000000+0000,0.498,0.5026,0.4968,0.5008
2002-12-05T00:00:00.000000000+0000,0.501,0.5036,0.4996,0.5012
2002-12-06T00:00:00.000000000+0000,0.5023,0.5035,0.4994,0.5019
2002-12-07T00:00:00.000000000+0000,0.5019,0.5019,0.5019,0.5019
2002-12-08T00:00:00.000000000+0000,0.5019,0.5019,0.5019,0.5019
2002-12-09T00:00:00.000000000+0000,0.5019,0.5046,0.5015,0.5037
2002-12-10T00:00:00.000000000+0000,0.5037,0.5063,0.5005,0.5012
2002-12-11T00:00:00.000000000+0000,0.5009,0.504,0.4995,0.5024
2002-12-12T00:00:00.000000000+0000,0.5024,0.5117,0.501,0.5081
2002-12-13T00:00:00.000000000+0000,0.5076,0.5159,0.5073,0.5136
2002-12-14T00:00:00.000000000+0000,0.5136,0.5136,0.5136,0.5136
2002-12-15T00:00:00.000000000+0000,0.5136,0.5136,0.5136,0.5136
2002-12-16T00:00:00.000000000+0000,0.5142,0.5157,0.5118,0.5142
2002-12-17T00:00:00.000000000+0000,0.5142,0.5204,0.5125,0.5175
2002-12-18T00:00:00.000000000+0000,0.5174,0.5191,0.5119,0.5143
2002-12-19T00:00:00.000000000+0000,0.5141,0.5183,0.513,0.5161
2002-12-20T00:00:00.000000000+0000,0.516,0.5195,0.5124,0.5164
2002-12-21T00:00:00.000000000+0000,0.5164,0.5164,0.5164,0.5164
2002-12-22T00:00:00.000000000+0000,0.5164,0.5164,0.5164,0.5164
2002-12-23T00:00:00.000000000+0000,0.5164,0.5186,0.5125,0.5153
2002-12-24T00:00:00.000000000+0000,0.5152,0.5181,0.5138,0.5169
2002-12-25T00:00:00.000000000+0000,0.5169,0.5176,0.5141,0.5169
2002-12-26T00:00:00.000000000+0000,0.5169,0.5207,0.516,0.5179
2002-12-27T00:00:00.000000000+0000,0.5179,0.5208,0.5157,0.5196
2002-12-28T00:00:00.000000000+0000,0.5196,0.5196,0.5196,0.5196
2002-12-29T00:00:00.000000000+0000,0.5196,0.5196,0.5196,0.5196
2002-12-30T00:00:00.000000000+0000,0.5193,0.5275,0.5178,0.5261
2002-12-31T00:00:00.000000000+0000,0.5261,0.5279,0.5223,0.524
2003-01-01T00:00:00.000000000+0000,0.524,0.5255,0.5232,0.5243
2003-01-02T00:00:00.000000000+0000,0.5242,0.5284,0.5212,0.5226
2003-01-03T00:00:00.000000000+0000,0.5226,0.5293,0.5215,0.5285
2003-01-04T00:00:00.000000000+0000,0.5285,0.5285,0.5285,0.5285
2003-01-05T00:00:00.000000000+0000,0.5285,0.5285,0.5285,0.5285
2003-01-06T00:00:00.000000000+0000,0.5286,0.534,0.5255,0.5322
2003-01-07T00:00:00.000000000+0000,0.5321,0.5355,0.5292,0.5298
2003-01-08T00:00:00.000000000+0000,0.53,0.5342,0.5267,0.5336
2003-01-09T00:00:00.000000000+0000,0.533,0.5369,0.5294,0.5313
2003-01-10T00:00:00.000000000+0000,0.5313,0.5393,0.5306,0.5381
2003-01-11T00:00:00.000000000+0000,0.5381,0.5381,0.5381,0.5381
2003-01-12T00:00:00.000000000+0000,0.5381,0.5381,0.5381,0.5381
2003-01-13T00:00:00.000000000+0000,0.5383,0.5426,0.5363,0.5412
2003-01-14T00:00:00.000000000+0000,0.5413,0.5448,0.5376,0.5391
2003-01-15T00:00:00.000000000+0000,0.5391,0.5426,0.5353,0.5388
2003-01-16T00:00:00.000000000+0000,0.5388,0.5463,0.5387,0.5452
2003-01-17T00:00:00.000000000+0000,0.5455,0.5538,0.5445,0.5515
2003-01-18T00:00:00.000000000+0000,0.5515,0.5515,0.5515,0.5515
2003-01-19T00:00:00.000000000+0000,0.5515,0.5515,0.5515,0.5515
2003-01-20T00:00:00.000000000+0000,0.5517,0.5546,0.5489,0.553
2003-01-21T00:00:00.000000000+0000,0.5529,0.5541,0.5428,0.5458
2003-01-22T00:00:00.000000000+0000,0.5457,0.549,0.5404,0.5409
2003-01-23T00:00:00.000000000+0000,0.5404,0.5497,0.5395,0.5478
2003-01-24T00:00:00.000000000+0000,0.5476,0.5535,0.5464,0.5487
2003-01-25T00:00:00.000000000+0000,0.5487,0.5487,0.5487,0.5487
2003-01-26T00:00:00.000000000+0000,0.5487,0.5487,0.5487,0.5487
2003-01-27T00:00:00.000000000+0000,0.5492,0.5515,0.5465,0.5487
2003-01-28T00:00:00.000000000+0000,0.5483,0.5492,0.5439,0.5463
2003-01-29T00:00:00.000000000+0000,0.5459,0.5512,0.5449,0.5491
2003-01-30T00:00:00.000000000+0000,0.5463,0.5502,0.5427,0.5463
2003-01-31T00:00:00.000000000+0000,0.5463,0.549,0.5432,0.5441
2003-02-01T00:00:00.000000000+0000,0.5441,0.5441,0.5441,0.5441
2003-02-02T00:00:00.000000000+0000,0.5441,0.5441,0.5441,0.5441
2003-02-03T00:00:00.000000000+0000,0.5443,0.5456,0.54,0.544
2003-02-04T00:00:00.000000000+0000,0.5441,0.5505,0.5432,0.5492
2003-02-05T00:00:00.000000000+0000,0.5492,0.5528,0.5458,0.5473
2003-02-06T00:00:00.000000000+0000,0.5486,0.5498,0.5469,0.5496
2003-02-07T00:00:00.000000000+0000,0.5488,0.5501,0.5468,0.5492
2003-02-08T00:00:00.000000000+0000,0.5492,0.5492,0.5492,0.5492
2003-02-09T00:00:00.000000000+0000,0.5492,0.5492,0.5492,0.5492
2003-02-10T00:00:00.000000000+0000,0.5492,0.5531,0.5488,0.5504
2003-02-11T00:00:00.000000000+0000,0.5501,0.551,0.546,0.5507
2003-02-12T00:00:00.000000000+0000,0.5505,0.5525,0.5477,0.5472
2003-02-13T00:00:00.000000000+0000,0.547,0.5545,0.547,0.5538
2003-02-14T00:00:00.000000000+0000,0.5538,0.5558,0.5505,0.5527
2003-02-15T00:00:00.000000000+0000,0.5527,0.5527,0.5527,0.5527
2003-02-16T00:00:00.000000000+0000,0.5527,0.5527,0.5527,0.5527
2003-02-17T00:00:00.000000000+0000,0.5528,0.5528,0.5483,0.5496
2003-02-18T00:00:00.000000000+0000,0.5483,0.5521,0.5483,0.5495
2003-02-19T00:00:00.000000000+0000,0.5495,0.5544,0.549,0.5536
2003-02-20T00:00:00.000000000+0000,0.5536,0.5586,0.553,0.5578
2003-02-21T00:00:00.000000000+0000,0.558,0.5616,0.5573,0.5586
2003-02-22T00:00:00.000000000+0000,0.5586,0.5586,0.5586,0.5586
2003-02-23T00:00:00.000000000+0000,0.5586,0.5586,0.5586,0.5586
2003-02-24T00:00:00.000000000+0000,0.5585,0.5666,0.5572,0.5648
2003-02-25T00:00:00.000000000+0000,0.5648,0.5682,0.5636,0.5639
2003-02-26T00:00:00.000000000+0000,0.564,0.5665,0.5626,0.5653
2003-02-27T00:00:00.000000000+0000,0.5653,0.5668,0.5615,0.5608
2003-02-28T00:00:00.000000000+0000,0.561,0.5628,0.5553,0.5597
2003-03-01T00:00:00.000000000+0000,0.5597,0.5597,0.5597,0.5597
2003-03-02T00:00:00.000000000+0000,0.5597,0.5597,0.5597,0.5597
2003-03-03T00:00:00.000000000+0000,0.5597,0.5629,0.5561,0.5622
2003-03-04T00:00:00.000000000+0000,0.5616,0.5632,0.5599,0.5602
2003-03-05T00:00:00.000000000+0000,0.5602,0.568,0.5596,0.567
2003-03-06T00:00:00.000000000+0000,0.567,0.5672,0.5635,0.5647
2003-03-07T00:00:00.000000000+0000,0.5645,0.5674,0.5609,0.5619
2003-03-08T00:00:00.000000000+0000,0.5619,0.5619,0.5619,0.5619
2003-03-09T00:00:00.000000000+0000,0.5619,0.5619,0.5619,0.5619
2003-03-10T00:00:00.000000000+0000,0.5619,0.5645,0.5586,0.5596
2003-03-11T00:00:00.000000000+0000,0.5592,0.5612,0.5523,0.5543
2003-03-12T00:00:00.000000000+0000,0.5592,0.555,0.5465,0.5471
2003-03-13T00:00:00.000000000+0000,0.5467,0.5488,0.5418,0.5472
2003-03-14T00:00:00.000000000+0000,0.5469,0.5518,0.5457,0.5509
2003-03-15T00:00:00.000000000+0000,0.5509,0.5509,0.5509,0.5509
2003-03-16T00:00:00.000000000+0000,0.5509,0.5509,0.5509,0.5509
2003-03-17T00:00:00.000000000+0000,0.5512,0.5562,0.5478,0.5479
2003-03-18T00:00:00.000000000+0000,0.5485,0.5504,0.5435,0.5484
2003-03-19T00:00:00.000000000+0000,0.548,0.5514,0.5458,0.5478
2003-03-20T00:00:00.000000000+0000,0.5479,0.5546,0.5478,0.5529
2003-03-21T00:00:00.000000000+0000,0.5529,0.554,0.5478,0.5495
2003-03-22T00:00:00.000000000+0000,0.5495,0.5495,0.5495,0.5495
2003-03-23T00:00:00.000000000+0000,0.5495,0.5495,0.5495,0.5495
2003-03-24T00:00:00.000000000+0000,0.5492,0.5543,0.5488,0.5505
2003-03-25T00:00:00.000000000+0000,0.5515,0.556,0.5493,0.5494
2003-03-26T00:00:00.000000000+0000,0.5491,0.5521,0.5459,0.5474
2003-03-27T00:00:00.000000000+0000,0.5475,0.5517,0.5456,0.5503
2003-03-28T00:00:00.000000000+0000,0.55,0.5512,0.549,0.5508
2003-03-29T00:00:00.000000000+0000,0.5508,0.5508,0.5508,0.5508
2003-03-30T00:00:00.000000000+0000,0.5508,0.5508,0.5508,0.5508
2003-03-31T00:00:00.000000000+0000,0.5505,0.5552,0.5489,0.5546
2003-04-01T00:00:00.000000000+0000,0.5548,0.5564,0.5525,0.5542
2003-04-02T00:00:00.000000000+0000,0.5544,0.5564,0.5494,0.5516
2003-04-03T00:00:00.000000000+0000,0.5517,0.5537,0.5456,0.5478
2003-04-04T00:00:00.000000000+0000,0.5478,0.5483,0.539,0.5406
2003-04-05T00:00:00.000000000+0000,0.5406,0.5406,0.5406,0.5406
2003-04-06T00:00:00.000000000+0000,0.5406,0.5406,0.5406,0.5406
2003-04-07T00:00:00.000000000+0000,0.5404,0.5425,0.5324,0.5406
2003-04-08T00:00:00.000000000+0000,0.5404,0.5466,0.5394,0.5445
2003-04-09T00:00:00.000000000+0000,0.5439,0.5482,0.5436,0.5478
2003-04-10T00:00:00.000000000+0000,0.5467,0.5484,0.5453,0.547
2003-04-11T00:00:00.000000000+0000,0.5471,0.5478,0.543,0.5456
2003-04-12T00:00:00.000000000+0000,0.5456,0.5456,0.5456,0.5456
2003-04-13T00:00:00.000000000+0000,0.5456,0.5456,0.5456,0.5456
2003-04-14T00:00:00.000000000+0000,0.5456,0.5483,0.5435,0.5473
2003-04-15T00:00:00.000000000+0000,0.5473,0.5545,0.5456,0.5528
2003-04-16T00:00:00.000000000+0000,0.5525,0.5577,0.5524,0.5574
2003-04-17T00:00:00.000000000+0000,0.5575,0.5579,0.554,0.5567
2003-04-18T00:00:00.000000000+0000,0.5567,0.5574,0.5551,0.5546
2003-04-19T00:00:00.000000000+0000,0.5546,0.5546,0.5546,0.5546
2003-04-20T00:00:00.000000000+0000,0.5546,0.5546,0.5546,0.5546
2003-04-21T00:00:00.000000000+0000,0.5546,0.5589,0.554,0.554
2003-04-22T00:00:00.000000000+0000,0.5543,0.562,0.5543,0.5615
2003-04-23T00:00:00.000000000+0000,0.5612,0.5616,0.5531,0.5524
2003-04-24T00:00:00.000000000+0000,0.5516,0.5564,0.5516,0.5535
2003-04-25T00:00:00.000000000+0000,0.5535,0.5563,0.5505,0.5546
2003-04-26T00:00:00.000000000+0000,0.5546,0.5546,0.5546,0.5546
2003-04-27T00:00:00.000000000+0000,0.5546,0.5546,0.5546,0.5546
2003-04-28T00:00:00.000000000+0000,0.5546,0.5589,0.5537,0.5552
2003-04-29T00:00:00.000000000+0000,0.5553,0.5588,0.554,0.5587
2003-04-30T00:00:00.000000000+0000,0.5589,0.562,0.5578,0.5618
2003-05-01T00:00:00.000000000+0000,0.5619,0.5643,0.5596,0.5627
2003-05-02T00:00:00.000000000+0000,0.5628,0.5642,0.5614,0.5638
2003-05-03T00:00:00.000000000+0000,0.5638,0.5638,0.5638,0.5638
2003-05-04T00:00:00.000000000+0000,0.5638,0.5638,0.5638,0.5638
2003-05-05T00:00:00.000000000+0000,0.5637,0.5681,0.5626,0.5666
2003-05-06T00:00:00.000000000+0000,0.5674,0.575,0.5644,0.5741
2003-05-07T00:00:00.000000000+0000,0.5725,0.5741,0.5646,0.5679
2003-05-08T00:00:00.000000000+0000,0.5694,0.5761,0.5651,0.5733
2003-05-09T00:00:00.000000000+0000,0.5737,0.5785,0.5676,0.5765
2003-05-10T00:00:00.000000000+0000,0.5765,0.5765,0.5765,0.5765
2003-05-11T00:00:00.000000000+0000,0.5765,0.5765,0.5765,0.5765
2003-05-12T00:00:00.000000000+0000,0.5765,0.5826,0.5671,0.581
2003-05-13T00:00:00.000000000+0000,0.5803,0.5811,0.5716,0.5763
2003-05-14T00:00:00.000000000+0000,0.5765,0.5765,0.5718,0.5747
2003-05-15T00:00:00.000000000+0000,0.5732,0.5767,0.5701,0.57
2003-05-16T00:00:00.000000000+0000,0.5706,0.5822,0.5701,0.5815
2003-05-17T00:00:00.000000000+0000,0.5815,0.5815,0.5815,0.5815
2003-05-18T00:00:00.000000000+0000,0.5815,0.5815,0.5815,0.5815
2003-05-19T00:00:00.000000000+0000,0.5811,0.5877,0.5811,0.5835
2003-05-20T00:00:00.000000000+0000,0.5847,0.5876,0.5819,0.587
2003-05-21T00:00:00.000000000+0000,0.5877,0.5887,0.58,0.58
2003-05-22T00:00:00.000000000+0000,0.5803,0.584,0.5795,0.5826
2003-05-23T00:00:00.000000000+0000,0.5825,0.5875,0.5803,0.584
2003-05-24T00:00:00.000000000+0000,0.584,0.584,0.584,0.584
2003-05-25T00:00:00.000000000+0000,0.584,0.584,0.584,0.584
2003-05-26T00:00:00.000000000+0000,0.5849,0.5855,0.5829,0.5848
2003-05-27T00:00:00.000000000+0000,0.585,0.587,0.5809,0.5804
2003-05-28T00:00:00.000000000+0000,0.5806,0.5826,0.5721,0.5772
2003-05-29T00:00:00.000000000+0000,0.5773,0.5794,0.5708,0.5776
2003-05-30T00:00:00.000000000+0000,0.5782,0.5792,0.5736,0.5767
2003-05-31T00:00:00.000000000+0000,0.5767,0.5767,0.5767,0.5767
2003-06-01T00:00:00.000000000+0000,0.5767,0.5767,0.5767,0.5767
2003-06-02T00:00:00.000000000+0000,0.5769,0.5818,0.5731,0.5798
2003-06-03T00:00:00.000000000+0000,0.5801,0.5816,0.577,0.5801
2003-06-04T00:00:00.000000000+0000,0.5802,0.5847,0.579,0.5815
2003-06-05T00:00:00.000000000+0000,0.5813,0.5843,0.5741,0.5785
2003-06-06T00:00:00.000000000+0000,0.5787,0.5824,0.5747,0.5766
2003-06-07T00:00:00.000000000+0000,0.5766,0.5766,0.5766,0.5766
2003-06-08T00:00:00.000000000+0000,0.5766,0.5766,0.5766,0.5766
2003-06-09T00:00:00.000000000+0000,0.5766,0.5787,0.5721,0.5723
2003-06-10T00:00:00.000000000+0000,0.5723,0.578,0.5722,0.5726
2003-06-11T00:00:00.000000000+0000,0.5726,0.5789,0.5712,0.5765
2003-06-12T00:00:00.000000000+0000,0.5774,0.581,0.5752,0.5786
2003-06-13T00:00:00.000000000+0000,0.5778,0.5811,0.577,0.5803
2003-06-14T00:00:00.000000000+0000,0.5803,0.5803,0.5803,0.5803
2003-06-15T00:00:00.000000000+0000,0.5803,0.5803,0.5803,0.5803
2003-06-16T00:00:00.000000000+0000,0.5802,0.586,0.5802,0.5816
2003-06-17T00:00:00.000000000+0000,0.5817,0.5861,0.5817,0.5842
2003-06-18T00:00:00.000000000+0000,0.5842,0.5877,0.5831,0.5845
2003-06-19T00:00:00.000000000+0000,0.5844,0.5859,0.5803,0.5825
2003-06-20T00:00:00.000000000+0000,0.5831,0.5876,0.5818,0.5855
2003-06-21T00:00:00.000000000+0000,0.5855,0.5855,0.5855,0.5855
2003-06-22T00:00:00.000000000+0000,0.5855,0.5855,0.5855,0.5855
2003-06-23T00:00:00.000000000+0000,0.5855,0.5881,0.5826,0.5858
2003-06-24T00:00:00.000000000+0000,0.5857,0.5899,0.5841,0.5862
2003-06-25T00:00:00.000000000+0000,0.5861,0.5892,0.5826,0.5839
2003-06-26T00:00:00.000000000+0000,0.5847,0.5874,0.5785,0.579
2003-06-27T00:00:00.000000000+0000,0.5795,0.5854,0.5791,0.5805
2003-06-28T00:00:00.000000000+0000,0.5805,0.5805,0.5805,0.5805
2003-06-29T00:00:00.000000000+0000,0.5805,0.5805,0.5805,0.5805
2003-06-30T00:00:00.000000000+0000,0.5805,0.5878,0.5805,0.5874
2003-07-01T00:00:00.000000000+0000,0.587,0.5966,0.5869,0.5928
2003-07-02T00:00:00.000000000+0000,0.5933,0.5968,0.5916,0.5945
2003-07-03T00:00:00.000000000+0000,0.5942,0.5975,0.5929,0.5954
2003-07-04T00:00:00.000000000+0000,0.5958,0.5968,0.5937,0.5931
2003-07-05T00:00:00.000000000+0000,0.5931,0.5931,0.5931,0.5931
2003-07-06T00:00:00.000000000+0000,0.5931,0.5931,0.5931,0.5931
2003-07-07T00:00:00.000000000+0000,0.596,0.6021,0.5947,0.5994
2003-07-08T00:00:00.000000000+0000,0.5998,0.5998,0.5857,0.5905
2003-07-09T00:00:00.000000000+0000,0.5911,0.5929,0.5834,0.5881
2003-07-10T00:00:00.000000000+0000,0.5877,0.5915,0.5758,0.5887
2003-07-11T00:00:00.000000000+0000,0.589,0.5946,0.586,0.5912
2003-07-12T00:00:00.000000000+0000,0.5912,0.5912,0.5912,0.5912
2003-07-13T00:00:00.000000000+0000,0.5912,0.5912,0.5912,0.5912
2003-07-14T00:00:00.000000000+0000,0.5911,0.5915,0.5862,0.5876
2003-07-15T00:00:00.000000000+0000,0.5877,0.5888,0.5797,0.58
2003-07-16T00:00:00.000000000+0000,0.5802,0.5861,0.5778,0.5837
2003-07-17T00:00:00.000000000+0000,0.5837,0.5853,0.5789,0.5816
2003-07-18T00:00:00.000000000+0000,0.5816,0.5816,0.5673,0.5727
2003-07-19T00:00:00.000000000+0000,0.5727,0.5727,0.5727,0.5727
2003-07-20T00:00:00.000000000+0000,0.5727,0.5727,0.5727,0.5727
2003-07-21T00:00:00.000000000+0000,0.5737,0.5771,0.5709,0.5742
2003-07-22T00:00:00.000000000+0000,0.5746,0.5808,0.5733,0.5752
2003-07-23T00:00:00.000000000+0000,0.5754,0.5835,0.5734,0.5826
2003-07-24T00:00:00.000000000+0000,0.5824,0.5879,0.5813,0.5864
2003-07-25T00:00:00.000000000+0000,0.5865,0.5895,0.5843,0.5869
2003-07-26T00:00:00.000000000+0000,0.5869,0.5869,0.5869,0.5869
2003-07-27T00:00:00.000000000+0000,0.5869,0.5869,0.5869,0.5869
2003-07-28T00:00:00.000000000+0000,0.5874,0.5899,0.5848,0.587
2003-07-29T00:00:00.000000000+0000,0.5867,0.5932,0.5867,0.5888
2003-07-30T00:00:00.000000000+0000,0.5887,0.59,0.5824,0.5823
2003-07-31T00:00:00.000000000+0000,0.583,0.5838,0.5784,0.5808
2003-08-01T00:00:00.000000000+0000,0.5809,0.5871,0.5767,0.5838
2003-08-02T00:00:00.000000000+0000,0.5838,0.5838,0.5838,0.5838
2003-08-03T00:00:00.000000000+0000,0.58434,0.58487,0.58297,0.58392
2003-08-04T00:00:00.000000000+0000,0.58389,0.58609,0.57582,0.5798
2003-08-05T00:00:00.000000000+0000,0.57986,0.58318,0.57716,0.58123
2003-08-06T00:00:00.000000000+0000,0.58141,0.58659,0.57796,0.57892
2003-08-07T00:00:00.000000000+0000,0.57905,0.58458,0.57204,0.57952
2003-08-08T00:00:00.000000000+0000,0.57953,0.58428,0.57891,0.58055
2003-08-09T00:00:00.000000000+0000,0.58055,0.58055,0.58055,0.58055
2003-08-10T00:00:00.000000000+0000,0.58068,0.58234,0.57987,0.58162
2003-08-11T00:00:00.000000000+0000,0.58163,0.58918,0.581,0.58751
2003-08-12T00:00:00.000000000+0000,0.58751,0.58968,0.58502,0.58608
2003-08-13T00:00:00.000000000+0000,0.58593,0.58898,0.58299,0.58837
2003-08-14T00:00:00.000000000+0000,0.58839,0.58966,0.58493,0.58647
2003-08-15T00:00:00.000000000+0000,0.58653,0.59069,0.58575,0.59033
2003-08-16T00:00:00.000000000+0000,0.59033,0.59033,0.59033,0.59033
2003-08-17T00:00:00.000000000+0000,0.5883,0.59112,0.5883,0.59057
2003-08-18T00:00:00.000000000+0000,0.59075,0.5912,0.58393,0.58504
2003-08-19T00:00:00.000000000+0000,0.58495,0.58578,0.58176,0.5844
2003-08-20T00:00:00.000000000+0000,0.58447,0.59084,0.58288,0.58707
2003-08-21T00:00:00.000000000+0000,0.58712,0.58927,0.58273,0.58505
2003-08-22T00:00:00.000000000+0000,0.5851,0.58586,0.58022,0.58463
2003-08-23T00:00:00.000000000+0000,0.58463,0.58463,0.58463,0.58463
2003-08-24T00:00:00.000000000+0000,0.58458,0.58458,0.58239,0.58265
2003-08-25T00:00:00.000000000+0000,0.58266,0.58554,0.57621,0.57749
2003-08-26T00:00:00.000000000+0000,0.57762,0.57849,0.57274,0.57445
2003-08-27T00:00:00.000000000+0000,0.57445,0.5767,0.56454,0.5651
2003-08-28T00:00:00.000000000+0000,0.56513,0.57424,0.56298,0.57093
2003-08-29T00:00:00.000000000+0000,0.57085,0.57845,0.57009,0.57775
2003-08-30T00:00:00.000000000+0000,0.57775,0.57775,0.57775,0.57775
2003-08-31T00:00:00.000000000+0000,0.57685,0.57791,0.57641,0.57761
2003-09-01T00:00:00.000000000+0000,0.57749,0.58032,0.57413,0.57607
2003-09-02T00:00:00.000000000+0000,0.57629,0.57659,0.56328,0.5656
2003-09-03T00:00:00.000000000+0000,0.56572,0.56978,0.5639,0.56533
2003-09-04T00:00:00.000000000+0000,0.56548,0.57103,0.56533,0.56927
2003-09-05T00:00:00.000000000+0000,0.56935,0.57717,0.5688,0.57637
2003-09-06T00:00:00.000000000+0000,0.57637,0.57637,0.57637,0.57637
2003-09-07T00:00:00.000000000+0000,0.57599,0.57732,0.57525,0.5757
2003-09-08T00:00:00.000000000+0000,0.57576,0.57865,0.57446,0.57529
2003-09-09T00:00:00.000000000+0000,0.57542,0.58644,0.57463,0.5835
2003-09-10T00:00:00.000000000+0000,0.58353,0.58479,0.57981,0.58047
2003-09-11T00:00:00.000000000+0000,0.58049,0.58576,0.57984,0.58098
2003-09-12T00:00:00.000000000+0000,0.58127,0.58445,0.57822,0.58285
2003-09-13T00:00:00.000000000+0000,0.58285,0.58285,0.58285,0.58285
2003-09-14T00:00:00.000000000+0000,0.58293,0.58358,0.58186,0.58287
2003-09-15T00:00:00.000000000+0000,0.58283,0.58751,0.58203,0.58616
2003-09-16T00:00:00.000000000+0000,0.58629,0.58932,0.58273,0.58422
2003-09-17T00:00:00.000000000+0000,0.58424,0.58626,0.57838,0.58337
2003-09-18T00:00:00.000000000+0000,0.58283,0.58703,0.58184,0.58654
2003-09-19T00:00:00.000000000+0000,0.58659,0.59267,0.58568,0.59194
2003-09-20T00:00:00.000000000+0000,0.59194,0.59194,0.59194,0.59194
2003-09-21T00:00:00.000000000+0000,0.59214,0.59884,0.59214,0.598
2003-09-22T00:00:00.000000000+0000,0.59845,0.60051,0.59314,0.59561
2003-09-23T00:00:00.000000000+0000,0.59563,0.59893,0.59096,0.59098
2003-09-24T00:00:00.000000000+0000,0.591,0.5959,0.5905,0.59492
2003-09-25T00:00:00.000000000+0000,0.59481,0.59909,0.59271,0.5941
2003-09-26T00:00:00.000000000+0000,0.59423,0.59566,0.58677,0.58805
2003-09-27T00:00:00.000000000+0000,0.58805,0.58805,0.58805,0.58805
2003-09-28T00:00:00.000000000+0000,0.58897,0.59053,0.585,0.59007
2003-09-29T00:00:00.000000000+0000,0.58984,0.59449,0.58535,0.5921
2003-09-30T00:00:00.000000000+0000,0.59222,0.59737,0.59182,0.59683
2003-10-01T00:00:00.000000000+0000,0.5968,0.60092,0.59403,0.59905
2003-10-02T00:00:00.000000000+0000,0.59905,0.60142,0.59586,0.59767
2003-10-03T00:00:00.000000000+0000,0.59783,0.59979,0.59011,0.59181
2003-10-04T00:00:00.000000000+0000,0.59181,0.59181,0.59181,0.59181
2003-10-05T00:00:00.000000000+0000,0.59147,0.59373,0.59105,0.59287
2003-10-06T00:00:00.000000000+0000,0.59287,0.59597,0.59145,0.59479
2003-10-07T00:00:00.000000000+0000,0.5948,0.59914,0.59364,0.59809
2003-10-08T00:00:00.000000000+0000,0.59813,0.59897,0.5962,0.59765
2003-10-09T00:00:00.000000000+0000,0.59782,0.60396,0.59557,0.59786
2003-10-10T00:00:00.000000000+0000,0.5979,0.60168,0.59666,0.59947
2003-10-11T00:00:00.000000000+0000,0.59947,0.59947,0.59947,0.59947
2003-10-12T00:00:00.000000000+0000,0.59957,0.60116,0.59719,0.59762
2003-10-13T00:00:00.000000000+0000,0.5977,0.59852,0.59372,0.59565
2003-10-14T00:00:00.000000000+0000,0.59566,0.59799,0.59181,0.5949
2003-10-15T00:00:00.000000000+0000,0.59495,0.59683,0.59106,0.59371
2003-10-16T00:00:00.000000000+0000,0.59368,0.59703,0.59259,0.59313
2003-10-17T00:00:00.000000000+0000,0.59319,0.5983,0.59174,0.5966
2003-10-18T00:00:00.000000000+0000,0.5966,0.5966,0.5966,0.5966
2003-10-19T00:00:00.000000000+0000,0.59678,0.59792,0.59635,0.59707
2003-10-20T00:00:00.000000000+0000,0.59718,0.59788,0.59177,0.59512
2003-10-21T00:00:00.000000000+0000,0.59513,0.60425,0.59405,0.6021
2003-10-22T00:00:00.000000000+0000,0.60215,0.60725,0.59987,0.60625
2003-10-23T00:00:00.000000000+0000,0.60666,0.61163,0.60547,0.6085
2003-10-24T00:00:00.000000000+0000,0.60883,0.6109,0.60674,0.60955
2003-10-25T00:00:00.000000000+0000,0.60955,0.60955,0.60955,0.60955
2003-10-26T00:00:00.000000000+0000,0.60943,0.60943,0.60595,0.60833
2003-10-27T00:00:00.000000000+0000,0.6084,0.61207,0.60743,0.61157
2003-10-28T00:00:00.000000000+0000,0.61148,0.61341,0.60879,0.61199
2003-10-29T00:00:00.000000000+0000,0.61208,0.6152,0.60995,0.61121
2003-10-30T00:00:00.000000000+0000,0.6113,0.61638,0.60324,0.61012
2003-10-31T00:00:00.000000000+0000,0.61012,0.61577,0.60887,0.61348
2003-11-01T00:00:00.000000000+0000,0.61348,0.61348,0.61348,0.61348
2003-11-02T00:00:00.000000000+0000,0.61325,0.61345,0.61185,0.61277
2003-11-03T00:00:00.000000000+0000,0.61286,0.61505,0.6049,0.60642
2003-11-04T00:00:00.000000000+0000,0.60643,0.61646,0.60578,0.61297
2003-11-05T00:00:00.000000000+0000,0.6131,0.61888,0.61214,0.61469
2003-11-06T00:00:00.000000000+0000,0.61482,0.61898,0.6116,0.61235
2003-11-07T00:00:00.000000000+0000,0.61262,0.61763,0.61116,0.61605
2003-11-08T00:00:00.000000000+0000,0.61605,0.61605,0.61605,0.61605
2003-11-09T00:00:00.000000000+0000,0.61591,0.61763,0.61526,0.61681
2003-11-10T00:00:00.000000000+0000,0.6168,0.62325,0.6163,0.62131
2003-11-11T00:00:00.000000000+0000,0.62138,0.62686,0.61983,0.62452
2003-11-12T00:00:00.000000000+0000,0.62457,0.6278,0.62335,0.62683
2003-11-13T00:00:00.000000000+0000,0.62671,0.6313,0.62659,0.62947
2003-11-14T00:00:00.000000000+0000,0.62953,0.6322,0.62865,0.63072
2003-11-15T00:00:00.000000000+0000,0.63072,0.63072,0.63072,0.63072
2003-11-16T00:00:00.000000000+0000,0.63063,0.63258,0.62976,0.63209
2003-11-17T00:00:00.000000000+0000,0.63218,0.63315,0.6243,0.62508
2003-11-18T00:00:00.000000000+0000,0.62551,0.63771,0.62465,0.63624
2003-11-19T00:00:00.000000000+0000,0.63626,0.63913,0.6335,0.63599
2003-11-20T00:00:00.000000000+0000,0.63603,0.64615,0.63582,0.63871
2003-11-21T00:00:00.000000000+0000,0.63876,0.64317,0.63799,0.64222
2003-11-22T00:00:00.000000000+0000,0.64222,0.64222,0.64222,0.64222
2003-11-23T00:00:00.000000000+0000,0.64212,0.64212,0.64,0.64048
2003-11-24T00:00:00.000000000+0000,0.64052,0.64161,0.63512,0.63595
2003-11-25T00:00:00.000000000+0000,0.63603,0.64006,0.63465,0.63587
2003-11-26T00:00:00.000000000+0000,0.6358,0.64212,0.63544,0.64081
2003-11-27T00:00:00.000000000+0000,0.64088,0.64324,0.63706,0.63881
2003-11-28T00:00:00.000000000+0000,0.63908,0.64131,0.63739,0.63947
2003-11-29T00:00:00.000000000+0000,0.63947,0.63947,0.63947,0.63947
2003-11-30T00:00:00.000000000+0000,0.63951,0.6405,0.63924,0.64004
2003-12-01T00:00:00.000000000+0000,0.64019,0.64505,0.63932,0.64204
2003-12-02T00:00:00.000000000+0000,0.64204,0.64707,0.64135,0.64554
2003-12-03T00:00:00.000000000+0000,0.64565,0.65065,0.6446,0.64526
2003-12-04T00:00:00.000000000+0000,0.64529,0.64813,0.6425,0.64458
2003-12-05T00:00:00.000000000+0000,0.64486,0.64623,0.64244,0.64452
2003-12-06T00:00:00.000000000+0000,0.64452,0.64452,0.64452,0.64452
2003-12-07T00:00:00.000000000+0000,0.64453,0.64541,0.64404,0.64425
2003-12-08T00:00:00.000000000+0000,0.64435,0.6482,0.64388,0.64673
2003-12-09T00:00:00.000000000+0000,0.64673,0.6491,0.64458,0.64784
2003-12-10T00:00:00.000000000+0000,0.64779,0.64891,0.64525,0.64667
2003-12-11T00:00:00.000000000+0000,0.6467,0.64791,0.641,0.64724
2003-12-12T00:00:00.000000000+0000,0.64736,0.6493,0.64578,0.64632
2003-12-13T00:00:00.000000000+0000,0.64632,0.64632,0.64632,0.64632
2003-12-14T00:00:00.000000000+0000,0.64603,0.64603,0.64279,0.64467
2003-12-15T00:00:00.000000000+0000,0.64491,0.64904,0.6442,0.64842
2003-12-16T00:00:00.000000000+0000,0.64845,0.65188,0.64711,0.6496
2003-12-17T00:00:00.000000000+0000,0.64993,0.65132,0.64363,0.64567
2003-12-18T00:00:00.000000000+0000,0.64573,0.64995,0.6426,0.64831
2003-12-19T00:00:00.000000000+0000,0.64836,0.64849,0.64202,0.64371
2003-12-20T00:00:00.000000000+0000,0.64371,0.64371,0.64371,0.64371
2003-12-21T00:00:00.000000000+0000,0.64409,0.64496,0.64151,0.64151
2003-12-22T00:00:00.000000000+0000,0.64153,0.64515,0.63974,0.6402
2003-12-23T00:00:00.000000000+0000,0.6402,0.64384,0.63875,0.64284
2003-12-24T00:00:00.000000000+0000,0.64296,0.64771,0.64244,0.6466
2003-12-25T00:00:00.000000000+0000,0.64663,0.64749,0.64607,0.64629
2003-12-26T00:00:00.000000000+0000,0.64637,0.64792,0.6453,0.64586
2003-12-27T00:00:00.000000000+0000,0.64586,0.64586,0.64586,0.64586
2003-12-28T00:00:00.000000000+0000,0.64578,0.6475,0.64514,0.64729
2003-12-29T00:00:00.000000000+0000,0.64738,0.65155,0.64664,0.64978
2003-12-30T00:00:00.000000000+0000,0.65,0.65583,0.64967,0.65532
2003-12-31T00:00:00.000000000+0000,0.65538,0.65667,0.65231,0.6553
2004-01-01T00:00:00.000000000+0000,0.65533,0.65568,0.6537,0.65451
2004-01-02T00:00:00.000000000+0000,0.65466,0.65921,0.65206,0.65856
2004-01-03T00:00:00.000000000+0000,0.65856,0.65856,0.65856,0.65856
2004-01-04T00:00:00.000000000+0000,0.65842,0.66165,0.65824,0.66108
2004-01-05T00:00:00.000000000+0000,0.66102,0.67274,0.6606,0.66975
2004-01-06T00:00:00.000000000+0000,0.66983,0.67437,0.66739,0.67006
2004-01-07T00:00:00.000000000+0000,0.67011,0.67296,0.66709,0.67
2004-01-08T00:00:00.000000000+0000,0.67005,0.67868,0.66879,0.67677
2004-01-09T00:00:00.000000000+0000,0.67683,0.68249,0.67508,0.6815
2004-01-10T00:00:00.000000000+0000,0.6815,0.6815,0.6815,0.6815
2004-01-11T00:00:00.000000000+0000,0.68145,0.68259,0.6809,0.68208
2004-01-12T00:00:00.000000000+0000,0.68214,0.68456,0.67836,0.67965
2004-01-13T00:00:00.000000000+0000,0.67973,0.68681,0.67822,0.68446
2004-01-14T00:00:00.000000000+0000,0.68456,0.68483,0.67805,0.67945
2004-01-15T00:00:00.000000000+0000,0.67942,0.68,0.67023,0.67207
2004-01-16T00:00:00.000000000+0000,0.6721,0.67313,0.66287,0.66603
2004-01-17T00:00:00.000000000+0000,0.66603,0.66603,0.66603,0.66603
2004-01-18T00:00:00.000000000+0000,0.66415,0.66435,0.66018,0.66068
2004-01-19T00:00:00.000000000+0000,0.6605,0.66113,0.65179,0.65421
2004-01-20T00:00:00.000000000+0000,0.65416,0.66816,0.65385,0.66567
2004-01-21T00:00:00.000000000+0000,0.66567,0.67423,0.66449,0.67117
2004-01-22T00:00:00.000000000+0000,0.67107,0.67855,0.6691,0.67658
2004-01-23T00:00:00.000000000+0000,0.67645,0.67911,0.67087,0.6713
2004-01-24T00:00:00.000000000+0000,0.6713,0.6713,0.6713,0.6713
2004-01-25T00:00:00.000000000+0000,0.67125,0.67161,0.67017,0.6706
2004-01-26T00:00:00.000000000+0000,0.67076,0.67568,0.6676,0.66845
2004-01-27T00:00:00.000000000+0000,0.66863,0.6795,0.66755,0.6774
2004-01-28T00:00:00.000000000+0000,0.67747,0.6795,0.67162,0.6729
2004-01-29T00:00:00.000000000+0000,0.67289,0.677,0.66526,0.66882
2004-01-30T00:00:00.000000000+0000,0.6689,0.67421,0.66313,0.6733
2004-01-31T00:00:00.000000000+0000,0.6733,0.6733,0.6733,0.6733
2004-02-01T00:00:00.000000000+0000,0.67305,0.67305,0.67149,0.67249
2004-02-02T00:00:00.000000000+0000,0.67253,0.67694,0.66994,0.67229
2004-02-03T00:00:00.000000000+0000,0.67221,0.68146,0.67184,0.67878
2004-02-04T00:00:00.000000000+0000,0.67877,0.68426,0.67681,0.68108
2004-02-05T00:00:00.000000000+0000,0.68092,0.69027,0.67963,0.68485
2004-02-06T00:00:00.000000000+0000,0.68501,0.69465,0.68348,0.69455
2004-02-07T00:00:00.000000000+0000,0.69455,0.69455,0.69455,0.69455
2004-02-08T00:00:00.000000000+0000,0.69181,0.69181,0.68759,0.68827
2004-02-09T00:00:00.000000000+0000,0.6882,0.69662,0.68802,0.69551
2004-02-10T00:00:00.000000000+0000,0.69548,0.70025,0.69522,0.69523
2004-02-11T00:00:00.000000000+0000,0.69537,0.70152,0.69164,0.69827
2004-02-12T00:00:00.000000000+0000,0.69833,0.70011,0.69582,0.69738
2004-02-13T00:00:00.000000000+0000,0.69738,0.70554,0.69613,0.7003
2004-02-14T00:00:00.000000000+0000,0.7003,0.7003,0.7003,0.7003
2004-02-15T00:00:00.000000000+0000,0.70013,0.70129,0.69978,0.70118
2004-02-16T00:00:00.000000000+0000,0.701,0.7083,0.70084,0.70497
2004-02-17T00:00:00.000000000+0000,0.70459,0.70954,0.70445,0.70765
2004-02-18T00:00:00.000000000+0000,0.70788,0.70858,0.69777,0.69981
2004-02-19T00:00:00.000000000+0000,0.69991,0.70279,0.69813,0.7026
2004-02-20T00:00:00.000000000+0000,0.70269,0.70328,0.67347,0.68297
2004-02-21T00:00:00.000000000+0000,0.68297,0.68297,0.68297,0.68297
2004-02-22T00:00:00.000000000+0000,0.68273,0.68305,0.6799,0.68057
2004-02-23T00:00:00.000000000+0000,0.68065,0.68684,0.67619,0.68347
2004-02-24T00:00:00.000000000+0000,0.68357,0.69259,0.67813,0.68937
2004-02-25T00:00:00.000000000+0000,0.68949,0.69558,0.6856,0.68615
2004-02-26T00:00:00.000000000+0000,0.68645,0.69263,0.68325,0.6864
2004-02-27T00:00:00.000000000+0000,0.68675,0.68795,0.67957,0.68675
2004-02-28T00:00:00.000000000+0000,0.68675,0.68675,0.68675,0.68675
2004-02-29T00:00:00.000000000+0000,0.68654,0.68832,0.68529,0.68818
2004-03-01T00:00:00.000000000+0000,0.68824,0.69469,0.68733,0.68969
2004-03-02T00:00:00.000000000+0000,0.68996,0.69202,0.67449,0.67544
2004-03-03T00:00:00.000000000+0000,0.67551,0.67689,0.66138,0.66732
2004-03-04T00:00:00.000000000+0000,0.66727,0.67452,0.6653,0.66585
2004-03-05T00:00:00.000000000+0000,0.66587,0.67817,0.66477,0.67424
2004-03-06T00:00:00.000000000+0000,0.67424,0.67424,0.67424,0.67424
2004-03-07T00:00:00.000000000+0000,0.6742,0.67557,0.67348,0.67379
2004-03-08T00:00:00.000000000+0000,0.67394,0.6794,0.67058,0.67906
2004-03-09T00:00:00.000000000+0000,0.67889,0.68396,0.67376,0.67573
2004-03-10T00:00:00.000000000+0000,0.67575,0.6781,0.65487,0.6596
2004-03-11T00:00:00.000000000+0000,0.65974,0.66007,0.64147,0.64503
2004-03-12T00:00:00.000000000+0000,0.64513,0.64674,0.63345,0.64303
2004-03-13T00:00:00.000000000+0000,0.64303,0.64303,0.64303,0.64303
2004-03-14T00:00:00.000000000+0000,0.64817,0.64833,0.6402,0.642
2004-03-15T00:00:00.000000000+0000,0.64206,0.64787,0.63904,0.64573
2004-03-16T00:00:00.000000000+0000,0.64582,0.65246,0.64223,0.64982
2004-03-17T00:00:00.000000000+0000,0.64995,0.65414,0.64575,0.65011
2004-03-18T00:00:00.000000000+0000,0.65005,0.66178,0.64892,0.65844
2004-03-19T00:00:00.000000000+0000,0.65821,0.6587,0.65198,0.65561
2004-03-20T00:00:00.000000000+0000,0.65561,0.65561,0.65561,0.65561
2004-03-21T00:00:00.000000000+0000,0.65538,0.65553,0.65311,0.6548
2004-03-22T00:00:00.000000000+0000,0.65477,0.66426,0.65167,0.6612
2004-03-23T00:00:00.000000000+0000,0.66137,0.66237,0.65739,0.66018
2004-03-24T00:00:00.000000000+0000,0.66015,0.6614,0.64752,0.65069
2004-03-25T00:00:00.000000000+0000,0.65079,0.65242,0.64397,0.64658
2004-03-26T00:00:00.000000000+0000,0.64654,0.65198,0.64121,0.6511
2004-03-27T00:00:00.000000000+0000,0.6511,0.6511,0.6511,0.6511
2004-03-28T00:00:00.000000000+0000,0.65081,0.65089,0.64617,0.64863
2004-03-29T00:00:00.000000000+0000,0.64882,0.65296,0.64669,0.65049
2004-03-30T00:00:00.000000000+0000,0.65061,0.65841,0.65005,0.65738
2004-03-31T00:00:00.000000000+0000,0.65748,0.66861,0.6566,0.66672
2004-04-01T00:00:00.000000000+0000,0.66647,0.67019,0.66159,0.6672
2004-04-02T00:00:00.000000000+0000,0.66724,0.66762,0.65582,0.65825
2004-04-03T00:00:00.000000000+0000,0.65825,0.65825,0.65825,0.65825
2004-04-04T00:00:00.000000000+0000,0.65793,0.65793,0.6544,0.65542
2004-04-05T00:00:00.000000000+0000,0.65555,0.6567,0.64764,0.65067
2004-04-06T00:00:00.000000000+0000,0.65067,0.65839,0.6464,0.65466
2004-04-07T00:00:00.000000000+0000,0.65435,0.66307,0.65167,0.65912
2004-04-08T00:00:00.000000000+0000,0.65932,0.66238,0.65525,0.65742
2004-04-09T00:00:00.000000000+0000,0.65745,0.66076,0.65622,0.65935
2004-04-10T00:00:00.000000000+0000,0.65935,0.65935,0.65935,0.65935
2004-04-11T00:00:00.000000000+0000,0.65871,0.66028,0.65845,0.65947
2004-04-12T00:00:00.000000000+0000,0.6594,0.66376,0.65924,0.66298
2004-04-13T00:00:00.000000000+0000,0.6629,0.66389,0.65109,0.65172
2004-04-14T00:00:00.000000000+0000,0.65189,0.65226,0.62971,0.6336
2004-04-15T00:00:00.000000000+0000,0.63378,0.6396,0.63194,0.63624
2004-04-16T00:00:00.000000000+0000,0.63625,0.64226,0.63465,0.63884
2004-04-17T00:00:00.000000000+0000,0.63884,0.63884,0.63884,0.63884
2004-04-18T00:00:00.000000000+0000,0.63858,0.64155,0.63858,0.64022
2004-04-19T00:00:00.000000000+0000,0.64022,0.648,0.63941,0.64297
2004-04-20T00:00:00.000000000+0000,0.64314,0.64319,0.62588,0.62773
2004-04-21T00:00:00.000000000+0000,0.6276,0.62916,0.61805,0.61992
2004-04-22T00:00:00.000000000+0000,0.61991,0.62977,0.61784,0.62677
2004-04-23T00:00:00.000000000+0000,0.62678,0.63201,0.62325,0.62721
2004-04-24T00:00:00.000000000+0000,0.62721,0.62721,0.62721,0.62721
2004-04-25T00:00:00.000000000+0000,0.62686,0.62686,0.6236,0.62428
2004-04-26T00:00:00.000000000+0000,0.62425,0.63104,0.62372,0.63023
2004-04-27T00:00:00.000000000+0000,0.63026,0.63217,0.62498,0.63141
2004-04-28T00:00:00.000000000+0000,0.63134,0.63134,0.61801,0.61899
2004-04-29T00:00:00.000000000+0000,0.61904,0.62377,0.61393,0.61976
2004-04-30T00:00:00.000000000+0000,0.6199,0.62767,0.61895,0.62553
2004-05-01T00:00:00.000000000+0000,0.62553,0.62553,0.62553,0.62553
2004-05-02T00:00:00.000000000+0000,0.62517,0.62806,0.62517,0.62715
2004-05-03T00:00:00.000000000+0000,0.62715,0.62724,0.62365,0.62472
2004-05-04T00:00:00.000000000+0000,0.62487,0.63342,0.6242,0.63235
2004-05-05T00:00:00.000000000+0000,0.63276,0.63798,0.63172,0.63592
2004-05-06T00:00:00.000000000+0000,0.63594,0.63664,0.62803,0.62954
2004-05-07T00:00:00.000000000+0000,0.62958,0.63163,0.61572,0.61727
2004-05-08T00:00:00.000000000+0000,0.61727,0.61727,0.61727,0.61727
2004-05-09T00:00:00.000000000+0000,0.61651,0.61702,0.61466,0.61501
2004-05-10T00:00:00.000000000+0000,0.61506,0.61527,0.6012,0.60532
2004-05-11T00:00:00.000000000+0000,0.60545,0.60985,0.60118,0.60923
2004-05-12T00:00:00.000000000+0000,0.60947,0.61557,0.60777,0.61094
2004-05-13T00:00:00.000000000+0000,0.6107,0.61219,0.5972,0.60048
2004-05-14T00:00:00.000000000+0000,0.60028,0.60556,0.59583,0.60392
2004-05-15T00:00:00.000000000+0000,0.60392,0.60392,0.60392,0.60392
2004-05-16T00:00:00.000000000+0000,0.6038,0.60512,0.60143,0.60147
2004-05-17T00:00:00.000000000+0000,0.6021,0.60744,0.59098,0.59457
2004-05-18T00:00:00.000000000+0000,0.59452,0.60332,0.59361,0.59954
2004-05-19T00:00:00.000000000+0000,0.59969,0.61031,0.59938,0.60635
2004-05-20T00:00:00.000000000+0000,0.60668,0.6089,0.60136,0.60732
2004-05-21T00:00:00.000000000+0000,0.60738,0.61413,0.60595,0.60845
2004-05-22T00:00:00.000000000+0000,0.60845,0.60845,0.60845,0.60845
2004-05-23T00:00:00.000000000+0000,0.60875,0.61039,0.60802,0.60864
2004-05-24T00:00:00.000000000+0000,0.60852,0.61111,0.60598,0.6086
2004-05-25T00:00:00.000000000+0000,0.60856,0.61885,0.60784,0.61776
2004-05-26T00:00:00.000000000+0000,0.61757,0.62301,0.61651,0.62012
2004-05-27T00:00:00.000000000+0000,0.62028,0.63701,0.61983,0.63339
2004-05-28T00:00:00.000000000+0000,0.63354,0.63515,0.62747,0.6325
2004-05-29T00:00:00.000000000+0000,0.6325,0.6325,0.6325,0.6325
2004-05-30T00:00:00.000000000+0000,0.63234,0.63242,0.62952,0.63028
2004-05-31T00:00:00.000000000+0000,0.63042,0.63436,0.62776,0.63282
2004-06-01T00:00:00.000000000+0000,0.63269,0.63723,0.6258,0.6291
2004-06-02T00:00:00.000000000+0000,0.6289,0.63158,0.61952,0.6231
2004-06-03T00:00:00.000000000+0000,0.62338,0.62657,0.61542,0.61937
2004-06-04T00:00:00.000000000+0000,0.61936,0.62371,0.61766,0.62258
2004-06-05T00:00:00.000000000+0000,0.62258,0.62258,0.62258,0.62258
2004-06-06T00:00:00.000000000+0000,0.6223,0.62603,0.62149,0.62378
2004-06-07T00:00:00.000000000+0000,0.62393,0.63412,0.6228,0.63181
2004-06-08T00:00:00.000000000+0000,0.63272,0.63329,0.62455,0.62739
2004-06-09T00:00:00.000000000+0000,0.62737,0.62737,0.61586,0.62084
2004-06-10T00:00:00.000000000+0000,0.62094,0.63497,0.61883,0.63179
2004-06-11T00:00:00.000000000+0000,0.63189,0.63318,0.62573,0.62842
2004-06-12T00:00:00.000000000+0000,0.62842,0.62842,0.62842,0.62842
2004-06-13T00:00:00.000000000+0000,0.62808,0.6286,0.62486,0.6265
2004-06-14T00:00:00.000000000+0000,0.62648,0.63032,0.62137,0.6243
2004-06-15T00:00:00.000000000+0000,0.62418,0.63945,0.61998,0.63569
2004-06-16T00:00:00.000000000+0000,0.63579,0.63678,0.62633,0.62666
2004-06-17T00:00:00.000000000+0000,0.62676,0.63121,0.62048,0.62187
2004-06-18T00:00:00.000000000+0000,0.62177,0.62792,0.61894,0.62638
2004-06-19T00:00:00.000000000+0000,0.62638,0.62638,0.62638,0.62638
2004-06-20T00:00:00.000000000+0000,0.62672,0.62934,0.62646,0.62722
2004-06-21T00:00:00.000000000+0000,0.6274,0.63013,0.62489,0.62958
2004-06-22T00:00:00.000000000+0000,0.62959,0.62998,0.6225,0.62677
2004-06-23T00:00:00.000000000+0000,0.6269,0.63029,0.62222,0.62597
2004-06-24T00:00:00.000000000+0000,0.62588,0.6385,0.62461,0.63744
2004-06-25T00:00:00.000000000+0000,0.63753,0.63991,0.63255,0.63624
2004-06-26T00:00:00.000000000+0000,0.63624,0.63624,0.63624,0.63624
2004-06-27T00:00:00.000000000+0000,0.63606,0.63775,0.63501,0.63673
2004-06-28T00:00:00.000000000+0000,0.63687,0.64324,0.63533,0.64119
2004-06-29T00:00:00.000000000+0000,0.64108,0.64133,0.62883,0.62974
2004-06-30T00:00:00.000000000+0000,0.62983,0.63741,0.62631,0.63684
2004-07-01T00:00:00.000000000+0000,0.63709,0.6423,0.63423,0.63972
2004-07-02T00:00:00.000000000+0000,0.63989,0.64939,0.63641,0.64749
2004-07-03T00:00:00.000000000+0000,0.64749,0.64749,0.64749,0.64749
2004-07-04T00:00:00.000000000+0000,0.64737,0.64803,0.64599,0.64663
2004-07-05T00:00:00.000000000+0000,0.64671,0.64883,0.64538,0.64863
2004-07-06T00:00:00.000000000+0000,0.64834,0.65447,0.64706,0.65176
2004-07-07T00:00:00.000000000+0000,0.6519,0.65731,0.65047,0.65612
2004-07-08T00:00:00.000000000+0000,0.65641,0.65738,0.65227,0.65643
2004-07-09T00:00:00.000000000+0000,0.65669,0.65878,0.6531,0.65722
2004-07-10T00:00:00.000000000+0000,0.65722,0.65722,0.65722,0.65722
2004-07-11T00:00:00.000000000+0000,0.65672,0.65875,0.65647,0.65847
2004-07-12T00:00:00.000000000+0000,0.65836,0.66217,0.65625,0.65869
2004-07-13T00:00:00.000000000+0000,0.6588,0.66035,0.6545,0.65618
2004-07-14T00:00:00.000000000+0000,0.65621,0.65888,0.65079,0.65312
2004-07-15T00:00:00.000000000+0000,0.6532,0.65345,0.64738,0.64924
2004-07-16T00:00:00.000000000+0000,0.64934,0.65965,0.64825,0.65886
2004-07-17T00:00:00.000000000+0000,0.65886,0.65886,0.65886,0.65886
2004-07-18T00:00:00.000000000+0000,0.659,0.66067,0.65807,0.6601
2004-07-19T00:00:00.000000000+0000,0.65996,0.66098,0.65303,0.65482
2004-07-20T00:00:00.000000000+0000,0.65443,0.65723,0.64979,0.65119
2004-07-21T00:00:00.000000000+0000,0.65116,0.65331,0.63517,0.63859
2004-07-22T00:00:00.000000000+0000,0.63898,0.64381,0.63634,0.6408
2004-07-23T00:00:00.000000000+0000,0.64079,0.64139,0.63333,0.63562
2004-07-24T00:00:00.000000000+0000,0.63562,0.63562,0.63562,0.63562
2004-07-25T00:00:00.000000000+0000,0.63547,0.63584,0.63265,0.63365
2004-07-26T00:00:00.000000000+0000,0.63372,0.64036,0.63257,0.63655
2004-07-27T00:00:00.000000000+0000,0.63659,0.64044,0.62515,0.62926
2004-07-28T00:00:00.000000000+0000,0.62909,0.63157,0.62318,0.63143
2004-07-29T00:00:00.000000000+0000,0.63138,0.63519,0.62847,0.6334
2004-07-30T00:00:00.000000000+0000,0.63339,0.63919,0.62938,0.6367
2004-07-31T00:00:00.000000000+0000,0.6367,0.6367,0.6367,0.6367
2004-08-01T00:00:00.000000000+0000,0.63667,0.63762,0.63516,0.63641
2004-08-02T00:00:00.000000000+0000,0.63642,0.64199,0.63563,0.63825
2004-08-03T00:00:00.000000000+0000,0.63825,0.64752,0.63637,0.6444
2004-08-04T00:00:00.000000000+0000,0.64453,0.64658,0.64104,0.646
2004-08-05T00:00:00.000000000+0000,0.64604,0.64676,0.64145,0.64239
2004-08-06T00:00:00.000000000+0000,0.64244,0.6555,0.6418,0.65327
2004-08-07T00:00:00.000000000+0000,0.65327,0.65327,0.65327,0.65327
2004-08-08T00:00:00.000000000+0000,0.65266,0.65407,0.65162,0.65388
2004-08-09T00:00:00.000000000+0000,0.65415,0.65496,0.65141,0.65362
2004-08-10T00:00:00.000000000+0000,0.65362,0.65645,0.64876,0.65136
2004-08-11T00:00:00.000000000+0000,0.65158,0.65574,0.64712,0.65362
2004-08-12T00:00:00.000000000+0000,0.65369,0.65923,0.65335,0.65578
2004-08-13T00:00:00.000000000+0000,0.65603,0.66679,0.65154,0.66595
2004-08-14T00:00:00.000000000+0000,0.66595,0.66595,0.66595,0.66595
2004-08-15T00:00:00.000000000+0000,0.66386,0.66562,0.66371,0.66495
2004-08-16T00:00:00.000000000+0000,0.66509,0.66702,0.6624,0.66547
2004-08-17T00:00:00.000000000+0000,0.66543,0.66739,0.66211,0.66446
2004-08-18T00:00:00.000000000+0000,0.66458,0.66592,0.66148,0.66317
2004-08-19T00:00:00.000000000+0000,0.66312,0.67247,0.66201,0.67094
2004-08-20T00:00:00.000000000+0000,0.67086,0.67444,0.66788,0.67325
2004-08-21T00:00:00.000000000+0000,0.67325,0.67325,0.67325,0.67325
2004-08-22T00:00:00.000000000+0000,0.67305,0.67306,0.67152,0.67223
2004-08-23T00:00:00.000000000+0000,0.67211,0.67229,0.6599,0.6615
2004-08-24T00:00:00.000000000+0000,0.66165,0.66238,0.64556,0.64664
2004-08-25T00:00:00.000000000+0000,0.64669,0.65316,0.64502,0.64837
2004-08-26T00:00:00.000000000+0000,0.64836,0.65451,0.64781,0.65116
2004-08-27T00:00:00.000000000+0000,0.65129,0.65822,0.65055,0.65309
2004-08-28T00:00:00.000000000+0000,0.65309,0.65309,0.65309,0.65309
2004-08-29T00:00:00.000000000+0000,0.65278,0.654,0.65142,0.65175
2004-08-30T00:00:00.000000000+0000,0.65201,0.65368,0.64549,0.64898
2004-08-31T00:00:00.000000000+0000,0.64892,0.65752,0.64857,0.6557
2004-09-01T00:00:00.000000000+0000,0.65549,0.65891,0.65343,0.65403
2004-09-02T00:00:00.000000000+0000,0.65414,0.65555,0.64481,0.64652
2004-09-03T00:00:00.000000000+0000,0.64679,0.65389,0.64392,0.64595
2004-09-04T00:00:00.000000000+0000,0.64595,0.64595,0.64595,0.64595
2004-09-05T00:00:00.000000000+0000,0.64583,0.64913,0.64578,0.6487
2004-09-06T00:00:00.000000000+0000,0.64899,0.65084,0.64584,0.6497
2004-09-07T00:00:00.000000000+0000,0.64955,0.65009,0.64405,0.64558
2004-09-08T00:00:00.000000000+0000,0.64556,0.65392,0.64075,0.65148
2004-09-09T00:00:00.000000000+0000,0.65173,0.65523,0.6495,0.65233
2004-09-10T00:00:00.000000000+0000,0.65227,0.66022,0.65026,0.65462
2004-09-11T00:00:00.000000000+0000,0.65462,0.65462,0.65462,0.65462
2004-09-12T00:00:00.000000000+0000,0.65524,0.65662,0.65502,0.65649
2004-09-13T00:00:00.000000000+0000,0.65656,0.65869,0.65488,0.65842
2004-09-14T00:00:00.000000000+0000,0.65829,0.66348,0.65795,0.66256
2004-09-15T00:00:00.000000000+0000,0.66264,0.66345,0.65586,0.65655
2004-09-16T00:00:00.000000000+0000,0.65658,0.66168,0.65397,0.66117
2004-09-17T00:00:00.000000000+0000,0.66132,0.66248,0.65753,0.66035
2004-09-18T00:00:00.000000000+0000,0.66035,0.66035,0.66035,0.66035
2004-09-19T00:00:00.000000000+0000,0.66006,0.66052,0.6592,0.65964
2004-09-20T00:00:00.000000000+0000,0.65971,0.66168,0.65822,0.66102
2004-09-21T00:00:00.000000000+0000,0.66106,0.66484,0.65929,0.66435
2004-09-22T00:00:00.000000000+0000,0.6644,0.66492,0.65989,0.66208
2004-09-23T00:00:00.000000000+0000,0.66232,0.66852,0.66208,0.66706
2004-09-24T00:00:00.000000000+0000,0.66734,0.66887,0.66519,0.66842
2004-09-25T00:00:00.000000000+0000,0.66842,0.66842,0.66842,0.66842
2004-09-26T00:00:00.000000000+0000,0.66822,0.66833,0.66729,0.66782
2004-09-27T00:00:00.000000000+0000,0.66786,0.66835,0.66327,0.66781
2004-09-28T00:00:00.000000000+0000,0.66764,0.67042,0.66555,0.6689
2004-09-29T00:00:00.000000000+0000,0.6689,0.67062,0.66714,0.66931
2004-09-30T00:00:00.000000000+0000,0.6694,0.67801,0.66768,0.67632
2004-10-01T00:00:00.000000000+0000,0.67659,0.67885,0.66965,0.67451
2004-10-02T00:00:00.000000000+0000,0.67451,0.67451,0.67451,0.67451
2004-10-03T00:00:00.000000000+0000,0.67403,0.67403,0.67073,0.67185
2004-10-04T00:00:00.000000000+0000,0.67182,0.67231,0.6668,0.66815
2004-10-05T00:00:00.000000000+0000,0.66818,0.67438,0.66766,0.67272
2004-10-06T00:00:00.000000000+0000,0.67236,0.67606,0.66975,0.674
2004-10-07T00:00:00.000000000+0000,0.67386,0.67764,0.67322,0.67588
2004-10-08T00:00:00.000000000+0000,0.67556,0.68632,0.67417,0.68492
2004-10-09T00:00:00.000000000+0000,0.68492,0.68492,0.68492,0.68492
2004-10-10T00:00:00.000000000+0000,0.68475,0.68475,0.68232,0.68277
2004-10-11T00:00:00.000000000+0000,0.68271,0.68358,0.68054,0.68105
2004-10-12T00:00:00.000000000+0000,0.68113,0.68244,0.67594,0.67766
2004-10-13T00:00:00.000000000+0000,0.67764,0.67873,0.6708,0.67602
2004-10-14T00:00:00.000000000+0000,0.67598,0.68318,0.67493,0.68147
2004-10-15T00:00:00.000000000+0000,0.6815,0.68962,0.68127,0.68707
2004-10-16T00:00:00.000000000+0000,0.68707,0.68707,0.68707,0.68707
2004-10-17T00:00:00.000000000+0000,0.68621,0.68707,0.68497,0.68616
2004-10-18T00:00:00.000000000+0000,0.68609,0.68901,0.68337,0.68434
2004-10-19T00:00:00.000000000+0000,0.68421,0.68876,0.68178,0.68573
2004-10-20T00:00:00.000000000+0000,0.6858,0.69332,0.68429,0.68998
2004-10-21T00:00:00.000000000+0000,0.69012,0.69485,0.68972,0.69212
2004-10-22T00:00:00.000000000+0000,0.69223,0.69682,0.69057,0.69572
2004-10-23T00:00:00.000000000+0000,0.69572,0.69572,0.69572,0.69572
2004-10-24T00:00:00.000000000+0000,0.69595,0.69775,0.69491,0.69747
2004-10-25T00:00:00.000000000+0000,0.69752,0.70509,0.69703,0.7
2004-10-26T00:00:00.000000000+0000,0.70007,0.70157,0.6949,0.69628
2004-10-27T00:00:00.000000000+0000,0.69644,0.7014,0.68436,0.68734
2004-10-28T00:00:00.000000000+0000,0.6873,0.69058,0.67778,0.68272
2004-10-29T00:00:00.000000000+0000,0.68285,0.68581,0.68077,0.68382
2004-10-30T00:00:00.000000000+0000,0.68382,0.68382,0.68382,0.68382
2004-10-31T00:00:00.000000000+0000,0.6839,0.68759,0.68389,0.6867
2004-11-01T00:00:00.000000000+0000,0.68684,0.68697,0.6817,0.68219
2004-11-02T00:00:00.000000000+0000,0.68257,0.68688,0.68067,0.68579
2004-11-03T00:00:00.000000000+0000,0.68558,0.69104,0.68207,0.68987
2004-11-04T00:00:00.000000000+0000,0.68985,0.69246,0.68626,0.69022
2004-11-05T00:00:00.000000000+0000,0.69047,0.69565,0.68475,0.69415
2004-11-06T00:00:00.000000000+0000,0.69415,0.69415,0.69415,0.69415
2004-11-07T00:00:00.000000000+0000,0.69407,0.69617,0.69403,0.6946
2004-11-08T00:00:00.000000000+0000,0.69479,0.69598,0.69017,0.69064
2004-11-09T00:00:00.000000000+0000,0.69072,0.6944,0.68777,0.68866
2004-11-10T00:00:00.000000000+0000,0.68863,0.68936,0.68182,0.68438
2004-11-11T00:00:00.000000000+0000,0.68425,0.68892,0.68254,0.6876
2004-11-12T00:00:00.000000000+0000,0.68768,0.69489,0.68748,0.6934
2004-11-13T00:00:00.000000000+0000,0.6934,0.6934,0.6934,0.6934
2004-11-14T00:00:00.000000000+0000,0.69386,0.69435,0.69226,0.69394
2004-11-15T00:00:00.000000000+0000,0.69384,0.70148,0.69365,0.69904
2004-11-16T00:00:00.000000000+0000,0.69878,0.70246,0.69635,0.69897
2004-11-17T00:00:00.000000000+0000,0.69898,0.70965,0.6983,0.70676
2004-11-18T00:00:00.000000000+0000,0.70722,0.71205,0.70397,0.70454
2004-11-19T00:00:00.000000000+0000,0.70454,0.71245,0.70092,0.70808
2004-11-20T00:00:00.000000000+0000,0.70808,0.70808,0.70808,0.70808
2004-11-21T00:00:00.000000000+0000,0.70799,0.71164,0.70781,0.71001
2004-11-22T00:00:00.000000000+0000,0.70999,0.71128,0.70762,0.70933
2004-11-23T00:00:00.000000000+0000,0.7095,0.71478,0.70381,0.71307
2004-11-24T00:00:00.000000000+0000,0.71318,0.71318,0.70777,0.71059
2004-11-25T00:00:00.000000000+0000,0.71054,0.71799,0.70963,0.71607
2004-11-26T00:00:00.000000000+0000,0.71621,0.72069,0.7122,0.716
2004-11-27T00:00:00.000000000+0000,0.716,0.716,0.716,0.716
2004-11-28T00:00:00.000000000+0000,0.71632,0.71678,0.7142,0.71457
2004-11-29T00:00:00.000000000+0000,0.71461,0.71865,0.71345,0.71412
2004-11-30T00:00:00.000000000+0000,0.71418,0.71877,0.7096,0.71516
2004-12-01T00:00:00.000000000+0000,0.71565,0.71985,0.71243,0.71875
2004-12-02T00:00:00.000000000+0000,0.71866,0.72553,0.71494,0.71567
2004-12-03T00:00:00.000000000+0000,0.71577,0.72229,0.71501,0.72023
2004-12-04T00:00:00.000000000+0000,0.72023,0.72023,0.72023,0.72023
2004-12-05T00:00:00.000000000+0000,0.72073,0.72185,0.71993,0.72066
2004-12-06T00:00:00.000000000+0000,0.72074,0.72641,0.71825,0.71867
2004-12-07T00:00:00.000000000+0000,0.71885,0.72581,0.71521,0.71785
2004-12-08T00:00:00.000000000+0000,0.71809,0.71815,0.70173,0.712
2004-12-09T00:00:00.000000000+0000,0.71214,0.71499,0.70418,0.70839
2004-12-10T00:00:00.000000000+0000,0.70834,0.70866,0.69746,0.70355
2004-12-11T00:00:00.000000000+0000,0.70355,0.70355,0.70355,0.70355
2004-12-12T00:00:00.000000000+0000,0.70275,0.70362,0.70062,0.70233
2004-12-13T00:00:00.000000000+0000,0.70251,0.71158,0.70241,0.70969
2004-12-14T00:00:00.000000000+0000,0.70978,0.71378,0.70699,0.70895
2004-12-15T00:00:00.000000000+0000,0.70902,0.71939,0.70771,0.71747
2004-12-16T00:00:00.000000000+0000,0.71751,0.72042,0.70705,0.70933
2004-12-17T00:00:00.000000000+0000,0.70942,0.71523,0.70914,0.71305
2004-12-18T00:00:00.000000000+0000,0.71305,0.71305,0.71305,0.71305
2004-12-19T00:00:00.000000000+0000,0.71335,0.71578,0.71335,0.71492
2004-12-20T00:00:00.000000000+0000,0.71486,0.7188,0.7092,0.71011
2004-12-21T00:00:00.000000000+0000,0.7102,0.71534,0.70824,0.71016
2004-12-22T00:00:00.000000000+0000,0.71012,0.71455,0.70955,0.71057
2004-12-23T00:00:00.000000000+0000,0.71069,0.71433,0.7102,0.71325
2004-12-24T00:00:00.000000000+0000,0.71345,0.71751,0.71275,0.71685
2004-12-25T00:00:00.000000000+0000,0.71685,0.71685,0.71685,0.71685
2004-12-26T00:00:00.000000000+0000,0.71675,0.71712,0.71547,0.7162
2004-12-27T00:00:00.000000000+0000,0.71662,0.7243,0.71599,0.72396
2004-12-28T00:00:00.000000000+0000,0.72377,0.72468,0.71831,0.71852
2004-12-29T00:00:00.000000000+0000,0.71853,0.72071,0.7105,0.71287
2004-12-30T00:00:00.000000000+0000,0.7129,0.71923,0.71145,0.71722
2004-12-31T00:00:00.000000000+0000,0.71748,0.72203,0.71547,0.71765
2005-01-01T00:00:00.000000000+0000,0.71825,0.71825,0.71825,0.71825
2005-01-02T00:00:00.000000000+0000,0.71764,0.71905,0.717,0.71825
2005-01-03T00:00:00.000000000+0000,0.71781,0.71854,0.70985,0.71339
2005-01-04T00:00:00.000000000+0000,0.71334,0.7153,0.70003,0.70182
2005-01-05T00:00:00.000000000+0000,0.70182,0.70348,0.6945,0.69927
2005-01-06T00:00:00.000000000+0000,0.69928,0.70101,0.69411,0.69879
2005-01-07T00:00:00.000000000+0000,0.69882,0.70522,0.69185,0.69476
2005-01-08T00:00:00.000000000+0000,0.69476,0.69476,0.69476,0.69476
2005-01-09T00:00:00.000000000+0000,0.69472,0.69511,0.69258,0.69504
2005-01-10T00:00:00.000000000+0000,0.69498,0.69655,0.69241,0.69519
2005-01-11T00:00:00.000000000+0000,0.69524,0.70065,0.69416,0.69797
2005-01-12T00:00:00.000000000+0000,0.69805,0.70866,0.69281,0.70623
2005-01-13T00:00:00.000000000+0000,0.70626,0.70724,0.70231,0.70367
2005-01-14T00:00:00.000000000+0000,0.70385,0.70405,0.69606,0.699
2005-01-15T00:00:00.000000000+0000,0.699,0.699,0.699,0.699
2005-01-16T00:00:00.000000000+0000,0.69877,0.6998,0.69765,0.69828
2005-01-17T00:00:00.000000000+0000,0.6983,0.70061,0.69358,0.69427
2005-01-18T00:00:00.000000000+0000,0.69443,0.69837,0.69005,0.69718
2005-01-19T00:00:00.000000000+0000,0.69727,0.70591,0.69671,0.70065
2005-01-20T00:00:00.000000000+0000,0.70075,0.70591,0.70032,0.70399
2005-01-21T00:00:00.000000000+0000,0.70408,0.71459,0.7036,0.71441
2005-01-22T00:00:00.000000000+0000,0.71441,0.71441,0.71441,0.71441
2005-01-23T00:00:00.000000000+0000,0.71242,0.71601,0.71217,0.7148
2005-01-24T00:00:00.000000000+0000,0.71477,0.71585,0.71236,0.71469
2005-01-25T00:00:00.000000000+0000,0.71479,0.71551,0.70769,0.7103
2005-01-26T00:00:00.000000000+0000,0.71047,0.71906,0.71018,0.71627
2005-01-27T00:00:00.000000000+0000,0.71655,0.71802,0.71237,0.71631
2005-01-28T00:00:00.000000000+0000,0.716,0.71604,0.70955,0.71235
2005-01-29T00:00:00.000000000+0000,0.71235,0.71235,0.71235,0.71235
2005-01-30T00:00:00.000000000+0000,0.7102,0.71104,0.70979,0.71063
2005-01-31T00:00:00.000000000+0000,0.71068,0.7141,0.70894,0.71018
2005-02-01T00:00:00.000000000+0000,0.71039,0.7128,0.70871,0.71182
2005-02-02T00:00:00.000000000+0000,0.71189,0.7145,0.70979,0.71412
2005-02-03T00:00:00.000000000+0000,0.71428,0.71435,0.70744,0.70962
2005-02-04T00:00:00.000000000+0000,0.70988,0.71479,0.7078,0.70991
2005-02-05T00:00:00.000000000+0000,0.70991,0.70991,0.70991,0.70991
2005-02-06T00:00:00.000000000+0000,0.70992,0.71003,0.70641,0.70669
2005-02-07T00:00:00.000000000+0000,0.70649,0.7084,0.69929,0.70071
2005-02-08T00:00:00.000000000+0000,0.7006,0.70172,0.69515,0.69844
2005-02-09T00:00:00.000000000+0000,0.69846,0.70492,0.69635,0.70398
2005-02-10T00:00:00.000000000+0000,0.70404,0.71242,0.70283,0.71067
2005-02-11T00:00:00.000000000+0000,0.71067,0.7148,0.70886,0.71348
2005-02-12T00:00:00.000000000+0000,0.71348,0.71348,0.71348,0.71348
2005-02-13T00:00:00.000000000+0000,0.71325,0.71383,0.71169,0.71237
2005-02-14T00:00:00.000000000+0000,0.71244,0.7177,0.71214,0.71454
2005-02-15T00:00:00.000000000+0000,0.71458,0.71685,0.71183,0.71381
2005-02-16T00:00:00.000000000+0000,0.71382,0.71581,0.70933,0.71243
2005-02-17T00:00:00.000000000+0000,0.71265,0.71942,0.71196,0.71594
2005-02-18T00:00:00.000000000+0000,0.71607,0.72435,0.71551,0.72254
2005-02-19T00:00:00.000000000+0000,0.72254,0.72254,0.72254,0.72254
2005-02-20T00:00:00.000000000+0000,0.72247,0.72394,0.72179,0.72255
2005-02-21T00:00:00.000000000+0000,0.72247,0.72769,0.72154,0.72549
2005-02-22T00:00:00.000000000+0000,0.72556,0.7301,0.72349,0.72769
2005-02-23T00:00:00.000000000+0000,0.72747,0.72807,0.71992,0.72183
2005-02-24T00:00:00.000000000+0000,0.72176,0.72497,0.71897,0.71901
2005-02-25T00:00:00.000000000+0000,0.71901,0.72336,0.71791,0.72172
2005-02-26T00:00:00.000000000+0000,0.72172,0.72172,0.72172,0.72172
2005-02-27T00:00:00.000000000+0000,0.72141,0.72262,0.72037,0.72234
2005-02-28T00:00:00.000000000+0000,0.72242,0.72927,0.72207,0.7259
2005-03-01T00:00:00.000000000+0000,0.72584,0.72737,0.72313,0.72477
2005-03-02T00:00:00.000000000+0000,0.72519,0.72709,0.72113,0.72611
2005-03-03T00:00:00.000000000+0000,0.72624,0.72933,0.72402,0.72648
2005-03-04T00:00:00.000000000+0000,0.72624,0.73619,0.72561,0.73256
2005-03-05T00:00:00.000000000+0000,0.73256,0.73256,0.73256,0.73256
2005-03-06T00:00:00.000000000+0000,0.73264,0.7345,0.73206,0.73387
2005-03-07T00:00:00.000000000+0000,0.73403,0.73628,0.7322,0.73605
2005-03-08T00:00:00.000000000+0000,0.73609,0.74037,0.7348,0.73799
2005-03-09T00:00:00.000000000+0000,0.73779,0.74112,0.73159,0.73756
2005-03-10T00:00:00.000000000+0000,0.7376,0.7445,0.73538,0.73645
2005-03-11T00:00:00.000000000+0000,0.73683,0.74098,0.73484,0.73947
2005-03-12T00:00:00.000000000+0000,0.73947,0.73947,0.73947,0.73947
2005-03-13T00:00:00.000000000+0000,0.73885,0.7416,0.73851,0.7416
2005-03-14T00:00:00.000000000+0000,0.74143,0.74177,0.73528,0.73766
2005-03-15T00:00:00.000000000+0000,0.73783,0.7442,0.73682,0.7393
2005-03-16T00:00:00.000000000+0000,0.73937,0.74584,0.7378,0.74376
2005-03-17T00:00:00.000000000+0000,0.74415,0.74482,0.74079,0.74174
2005-03-18T00:00:00.000000000+0000,0.74231,0.7448,0.73784,0.74449
2005-03-19T00:00:00.000000000+0000,0.74449,0.74449,0.74449,0.74449
2005-03-20T00:00:00.000000000+0000,0.7444,0.74449,0.74194,0.74228
2005-03-21T00:00:00.000000000+0000,0.74257,0.74282,0.73366,0.73387
2005-03-22T00:00:00.000000000+0000,0.73434,0.74034,0.72598,0.72613
2005-03-23T00:00:00.000000000+0000,0.72605,0.729,0.71455,0.71596
2005-03-24T00:00:00.000000000+0000,0.71626,0.71882,0.71139,0.71209
2005-03-25T00:00:00.000000000+0000,0.71219,0.71488,0.71145,0.71402
2005-03-26T00:00:00.000000000+0000,0.71402,0.71402,0.71402,0.71402
2005-03-27T00:00:00.000000000+0000,0.71339,0.71393,0.7121,0.71225
2005-03-28T00:00:00.000000000+0000,0.71227,0.71264,0.70378,0.70613
2005-03-29T00:00:00.000000000+0000,0.70615,0.71249,0.70548,0.70978
2005-03-30T00:00:00.000000000+0000,0.70987,0.71228,0.70591,0.70829
2005-03-31T00:00:00.000000000+0000,0.70839,0.71484,0.70694,0.71175
2005-04-01T00:00:00.000000000+0000,0.71178,0.71572,0.70706,0.70831
2005-04-02T00:00:00.000000000+0000,0.70831,0.70831,0.70831,0.70831
2005-04-03T00:00:00.000000000+0000,0.70807,0.70845,0.70562,0.7058
2005-04-04T00:00:00.000000000+0000,0.70606,0.70924,0.70301,0.70663
2005-04-05T00:00:00.000000000+0000,0.70677,0.70984,0.70115,0.70802
2005-04-06T00:00:00.000000000+0000,0.70793,0.7133,0.70675,0.71027
2005-04-07T00:00:00.000000000+0000,0.71028,0.7174,0.70953,0.71118
2005-04-08T00:00:00.000000000+0000,0.7111,0.71834,0.71013,0.71586
2005-04-09T00:00:00.000000000+0000,0.71586,0.71586,0.71586,0.71586
2005-04-10T00:00:00.000000000+0000,0.71572,0.71724,0.71536,0.71711
2005-04-11T00:00:00.000000000+0000,0.71706,0.72222,0.71533,0.7217
2005-04-12T00:00:00.000000000+0000,0.72157,0.72296,0.71673,0.72073
2005-04-13T00:00:00.000000000+0000,0.7209,0.72658,0.72039,0.72462
2005-04-14T00:00:00.000000000+0000,0.72477,0.72623,0.71336,0.71471
2005-04-15T00:00:00.000000000+0000,0.71474,0.71759,0.71181,0.71575
2005-04-16T00:00:00.000000000+0000,0.71575,0.71575,0.71575,0.71575
2005-04-17T00:00:00.000000000+0000,0.71609,0.71653,0.71547,0.7158
2005-04-18T00:00:00.000000000+0000,0.71589,0.71839,0.71031,0.71613
2005-04-19T00:00:00.000000000+0000,0.71609,0.72488,0.71592,0.72365
2005-04-20T00:00:00.000000000+0000,0.72371,0.72868,0.72213,0.72741
2005-04-21T00:00:00.000000000+0000,0.7275,0.729,0.72503,0.72592
2005-04-22T00:00:00.000000000+0000,0.72623,0.73285,0.70923,0.70945
2005-04-23T00:00:00.000000000+0000,0.70945,0.70945,0.70945,0.70945
2005-04-24T00:00:00.000000000+0000,0.70945,0.73274,0.70934,0.73205
2005-04-25T00:00:00.000000000+0000,0.73213,0.73325,0.72691,0.72794
2005-04-26T00:00:00.000000000+0000,0.72791,0.72917,0.72183,0.724
2005-04-27T00:00:00.000000000+0000,0.724,0.72455,0.71868,0.72297
2005-04-28T00:00:00.000000000+0000,0.72288,0.72965,0.72234,0.72761
2005-04-29T00:00:00.000000000+0000,0.72763,0.73462,0.72662,0.73117
2005-04-30T00:00:00.000000000+0000,0.73117,0.73117,0.73117,0.73117
2005-05-01T00:00:00.000000000+0000,0.73045,0.73072,0.72939,0.72958
2005-05-02T00:00:00.000000000+0000,0.72967,0.73084,0.72726,0.72997
2005-05-03T00:00:00.000000000+0000,0.73009,0.73013,0.72363,0.72625
2005-05-04T00:00:00.000000000+0000,0.72636,0.73406,0.72516,0.73251
2005-05-05T00:00:00.000000000+0000,0.73242,0.73747,0.73014,0.73357
2005-05-06T00:00:00.000000000+0000,0.73368,0.736,0.73072,0.73105
2005-05-07T00:00:00.000000000+0000,0.73105,0.73105,0.73105,0.73105
2005-05-08T00:00:00.000000000+0000,0.73104,0.73233,0.73089,0.73151
2005-05-09T00:00:00.000000000+0000,0.73175,0.73246,0.72801,0.72994
2005-05-10T00:00:00.000000000+0000,0.7299,0.73236,0.72523,0.73057
2005-05-11T00:00:00.000000000+0000,0.73088,0.73385,0.72566,0.72722
2005-05-12T00:00:00.000000000+0000,0.72731,0.72758,0.71512,0.7161
2005-05-13T00:00:00.000000000+0000,0.71647,0.7188,0.71038,0.71152
2005-05-14T00:00:00.000000000+0000,0.71152,0.71152,0.71152,0.71152
2005-05-15T00:00:00.000000000+0000,0.71158,0.7124,0.7099,0.71042
2005-05-16T00:00:00.000000000+0000,0.71054,0.71068,0.70392,0.70768
2005-05-17T00:00:00.000000000+0000,0.70765,0.71047,0.70513,0.70563
2005-05-18T00:00:00.000000000+0000,0.70537,0.71467,0.70417,0.71172
2005-05-19T00:00:00.000000000+0000,0.71185,0.71263,0.70679,0.70695
2005-05-20T00:00:00.000000000+0000,0.7063,0.7135,0.70594,0.70763
2005-05-21T00:00:00.000000000+0000,0.70763,0.70763,0.70763,0.70763
2005-05-22T00:00:00.000000000+0000,0.70758,0.70856,0.70654,0.70751
2005-05-23T00:00:00.000000000+0000,0.7077,0.71142,0.70582,0.71054
2005-05-24T00:00:00.000000000+0000,0.71059,0.71459,0.70934,0.71063
2005-05-25T00:00:00.000000000+0000,0.71094,0.71439,0.70985,0.71428
2005-05-26T00:00:00.000000000+0000,0.71423,0.71599,0.70787,0.70958
2005-05-27T00:00:00.000000000+0000,0.70933,0.7154,0.70908,0.71518
2005-05-28T00:00:00.000000000+0000,0.71518,0.71518,0.71518,0.71518
2005-05-29T00:00:00.000000000+0000,0.71458,0.71458,0.71125,0.71167
2005-05-30T00:00:00.000000000+0000,0.71197,0.71438,0.70941,0.70992
2005-05-31T00:00:00.000000000+0000,0.70994,0.71001,0.70258,0.70412
2005-06-01T00:00:00.000000000+0000,0.70439,0.70639,0.69518,0.69723
2005-06-02T00:00:00.000000000+0000,0.69723,0.70166,0.69617,0.70032
2005-06-03T00:00:00.000000000+0000,0.70053,0.70465,0.69787,0.69995
2005-06-04T00:00:00.000000000+0000,0.69995,0.69995,0.69995,0.69995
2005-06-05T00:00:00.000000000+0000,0.69922,0.70024,0.69847,0.69936
2005-06-06T00:00:00.000000000+0000,0.69995,0.70973,0.69899,0.70788
2005-06-07T00:00:00.000000000+0000,0.70797,0.71572,0.70653,0.7143
2005-06-08T00:00:00.000000000+0000,0.71433,0.71672,0.7098,0.71222
2005-06-09T00:00:00.000000000+0000,0.71274,0.71613,0.70999,0.71295
2005-06-10T00:00:00.000000000+0000,0.71317,0.71327,0.70456,0.70601
2005-06-11T00:00:00.000000000+0000,0.70601,0.70601,0.70601,0.70601
2005-06-12T00:00:00.000000000+0000,0.7057,0.7073,0.70509,0.70576
2005-06-13T00:00:00.000000000+0000,0.70591,0.70853,0.70281,0.70443
2005-06-14T00:00:00.000000000+0000,0.70459,0.71166,0.70409,0.70781
2005-06-15T00:00:00.000000000+0000,0.70825,0.7139,0.70655,0.71225
2005-06-16T00:00:00.000000000+0000,0.71236,0.7169,0.70993,0.71383
2005-06-17T00:00:00.000000000+0000,0.71415,0.71837,0.71206,0.71598
2005-06-18T00:00:00.000000000+0000,0.71598,0.71598,0.71598,0.71598
2005-06-19T00:00:00.000000000+0000,0.71601,0.71685,0.71487,0.71647
2005-06-20T00:00:00.000000000+0000,0.7163,0.71895,0.71337,0.71533
2005-06-21T00:00:00.000000000+0000,0.71562,0.71851,0.71102,0.71602
2005-06-22T00:00:00.000000000+0000,0.71618,0.71774,0.7128,0.71341
2005-06-23T00:00:00.000000000+0000,0.71351,0.71476,0.70294,0.7041
2005-06-24T00:00:00.000000000+0000,0.70453,0.71185,0.70342,0.70525
2005-06-25T00:00:00.000000000+0000,0.70525,0.70525,0.70525,0.70525
2005-06-26T00:00:00.000000000+0000,0.70513,0.70705,0.7042,0.70448
2005-06-27T00:00:00.000000000+0000,0.70482,0.70956,0.70438,0.70713
2005-06-28T00:00:00.000000000+0000,0.70728,0.708,0.69926,0.70189
2005-06-29T00:00:00.000000000+0000,0.70186,0.70252,0.69654,0.70042
2005-06-30T00:00:00.000000000+0000,0.70031,0.70133,0.69254,0.69484
2005-07-01T00:00:00.000000000+0000,0.69486,0.6961,0.6803,0.68465
2005-07-02T00:00:00.000000000+0000,0.68465,0.68465,0.68465,0.68465
2005-07-03T00:00:00.000000000+0000,0.68398,0.68414,0.67992,0.68097
2005-07-04T00:00:00.000000000+0000,0.68094,0.68176,0.67745,0.67892
2005-07-05T00:00:00.000000000+0000,0.67898,0.67976,0.67316,0.67737
2005-07-06T00:00:00.000000000+0000,0.67739,0.67851,0.6709,0.67243
2005-07-07T00:00:00.000000000+0000,0.67255,0.68012,0.66889,0.67242
2005-07-08T00:00:00.000000000+0000,0.67265,0.67463,0.66822,0.67312
2005-07-09T00:00:00.000000000+0000,0.67312,0.67312,0.67312,0.67312
2005-07-10T00:00:00.000000000+0000,0.67371,0.67574,0.67348,0.67385
2005-07-11T00:00:00.000000000+0000,0.67396,0.68026,0.67308,0.67851
2005-07-12T00:00:00.000000000+0000,0.67836,0.68713,0.67755,0.68262
2005-07-13T00:00:00.000000000+0000,0.68258,0.68308,0.67015,0.67205
2005-07-14T00:00:00.000000000+0000,0.67215,0.67866,0.67194,0.67474
2005-07-15T00:00:00.000000000+0000,0.67474,0.67956,0.6711,0.67415
2005-07-16T00:00:00.000000000+0000,0.67415,0.67415,0.67415,0.67415
2005-07-17T00:00:00.000000000+0000,0.67394,0.6765,0.67183,0.67484
2005-07-18T00:00:00.000000000+0000,0.67497,0.67888,0.67249,0.6773
2005-07-19T00:00:00.000000000+0000,0.67726,0.67824,0.67075,0.67381
2005-07-20T00:00:00.000000000+0000,0.67398,0.67932,0.67166,0.67741
2005-07-21T00:00:00.000000000+0000,0.67759,0.68762,0.67697,0.68322
2005-07-22T00:00:00.000000000+0000,0.68346,0.68867,0.68314,0.68552
2005-07-23T00:00:00.000000000+0000,0.68552,0.68552,0.68552,0.68552
2005-07-24T00:00:00.000000000+0000,0.68523,0.68523,0.68201,0.68458
2005-07-25T00:00:00.000000000+0000,0.68453,0.68526,0.68071,0.68392
2005-07-26T00:00:00.000000000+0000,0.6843,0.6853,0.67948,0.68135
2005-07-27T00:00:00.000000000+0000,0.68157,0.68273,0.677,0.68109
2005-07-28T00:00:00.000000000+0000,0.68125,0.68474,0.67643,0.6831
2005-07-29T00:00:00.000000000+0000,0.68301,0.68494,0.67953,0.68063
2005-07-30T00:00:00.000000000+0000,0.68063,0.68063,0.68063,0.68063
2005-07-31T00:00:00.000000000+0000,0.68045,0.68046,0.67777,0.67864
2005-08-01T00:00:00.000000000+0000,0.6785,0.68588,0.6785,0.683
2005-08-02T00:00:00.000000000+0000,0.68317,0.68806,0.68279,0.68685
2005-08-03T00:00:00.000000000+0000,0.68685,0.69213,0.68428,0.69042
2005-08-04T00:00:00.000000000+0000,0.69057,0.6925,0.68815,0.69055
2005-08-05T00:00:00.000000000+0000,0.6906,0.6928,0.68741,0.69021
2005-08-06T00:00:00.000000000+0000,0.69021,0.69021,0.69021,0.69021
2005-08-07T00:00:00.000000000+0000,0.69006,0.69023,0.68855,0.68917
2005-08-08T00:00:00.000000000+0000,0.68923,0.69436,0.68872,0.6921
2005-08-09T00:00:00.000000000+0000,0.6923,0.6954,0.6886,0.69
2005-08-10T00:00:00.000000000+0000,0.69034,0.69843,0.69005,0.69746
2005-08-11T00:00:00.000000000+0000,0.69772,0.70708,0.69664,0.7046
2005-08-12T00:00:00.000000000+0000,0.70501,0.70886,0.70288,0.70744
2005-08-13T00:00:00.000000000+0000,0.70744,0.70744,0.70744,0.70744
2005-08-14T00:00:00.000000000+0000,0.70733,0.71075,0.70707,0.71
2005-08-15T00:00:00.000000000+0000,0.70998,0.71049,0.7036,0.70439
2005-08-16T00:00:00.000000000+0000,0.70435,0.70664,0.70193,0.70351
2005-08-17T00:00:00.000000000+0000,0.70367,0.70475,0.69912,0.70069
2005-08-18T00:00:00.000000000+0000,0.70063,0.70151,0.69387,0.69517
2005-08-19T00:00:00.000000000+0000,0.69532,0.69745,0.6918,0.69349
2005-08-20T00:00:00.000000000+0000,0.69349,0.69349,0.69349,0.69349
2005-08-21T00:00:00.000000000+0000,0.69349,0.69456,0.69176,0.69202
2005-08-22T00:00:00.000000000+0000,0.6924,0.69798,0.69154,0.69717
2005-08-23T00:00:00.000000000+0000,0.69736,0.69879,0.69492,0.69729
2005-08-24T00:00:00.000000000+0000,0.69748,0.69997,0.69331,0.69551
2005-08-25T00:00:00.000000000+0000,0.69585,0.70055,0.69524,0.69643
2005-08-26T00:00:00.000000000+0000,0.69653,0.69897,0.69358,0.69487
2005-08-27T00:00:00.000000000+0000,0.69487,0.69487,0.69487,0.69487
2005-08-28T00:00:00.000000000+0000,0.6948,0.69652,0.69286,0.69642
2005-08-29T00:00:00.000000000+0000,0.6964,0.70185,0.6912,0.69289
2005-08-30T00:00:00.000000000+0000,0.69308,0.69356,0.68619,0.68773
2005-08-31T00:00:00.000000000+0000,0.68779,0.69609,0.68632,0.69418
2005-09-01T00:00:00.000000000+0000,0.69443,0.70602,0.69314,0.70415
2005-09-02T00:00:00.000000000+0000,0.70402,0.70881,0.70226,0.70606
2005-09-03T00:00:00.000000000+0000,0.70606,0.70606,0.70606,0.70606
2005-09-04T00:00:00.000000000+0000,0.70593,0.7074,0.70436,0.70666
2005-09-05T00:00:00.000000000+0000,0.7067,0.71204,0.70587,0.70779
2005-09-06T00:00:00.000000000+0000,0.70812,0.70984,0.70617,0.70896
2005-09-07T00:00:00.000000000+0000,0.70913,0.70948,0.70274,0.70456
2005-09-08T00:00:00.000000000+0000,0.70462,0.70655,0.70222,0.70393
2005-09-09T00:00:00.000000000+0000,0.70367,0.70824,0.70241,0.70767
2005-09-10T00:00:00.000000000+0000,0.70767,0.70767,0.70767,0.70767
2005-09-11T00:00:00.000000000+0000,0.70814,0.70896,0.707,0.70837
2005-09-12T00:00:00.000000000+0000,0.70821,0.7085,0.70183,0.70322
2005-09-13T00:00:00.000000000+0000,0.70343,0.70518,0.70043,0.70437
2005-09-14T00:00:00.000000000+0000,0.70445,0.71059,0.70355,0.70699
2005-09-15T00:00:00.000000000+0000,0.70702,0.70861,0.70384,0.70414
2005-09-16T00:00:00.000000000+0000,0.70422,0.7075,0.70222,0.70475
2005-09-17T00:00:00.000000000+0000,0.70475,0.70475,0.70475,0.70475
2005-09-18T00:00:00.000000000+0000,0.70364,0.70364,0.69909,0.69955
2005-09-19T00:00:00.000000000+0000,0.69987,0.70172,0.69671,0.70018
2005-09-20T00:00:00.000000000+0000,0.70019,0.7032,0.6949,0.69526
2005-09-21T00:00:00.000000000+0000,0.69503,0.70157,0.69478,0.70037
2005-09-22T00:00:00.000000000+0000,0.70055,0.70082,0.69118,0.69293
2005-09-23T00:00:00.000000000+0000,0.69294,0.69392,0.6856,0.68775
2005-09-24T00:00:00.000000000+0000,0.68775,0.68775,0.68775,0.68775
2005-09-25T00:00:00.000000000+0000,0.68725,0.69042,0.68503,0.68712
2005-09-26T00:00:00.000000000+0000,0.68714,0.68815,0.68287,0.68423
2005-09-27T00:00:00.000000000+0000,0.68434,0.68525,0.6777,0.6793
2005-09-28T00:00:00.000000000+0000,0.67953,0.69184,0.67841,0.69092
2005-09-29T00:00:00.000000000+0000,0.69106,0.6938,0.68807,0.68959
2005-09-30T00:00:00.000000000+0000,0.68995,0.69367,0.68882,0.69159
2005-10-01T00:00:00.000000000+0000,0.69159,0.69159,0.69159,0.69159
2005-10-02T00:00:00.000000000+0000,0.69155,0.69336,0.69145,0.69261
2005-10-03T00:00:00.000000000+0000,0.69257,0.69302,0.68877,0.6913
2005-10-04T00:00:00.000000000+0000,0.69137,0.69746,0.69082,0.69743
2005-10-05T00:00:00.000000000+0000,0.69726,0.69858,0.69179,0.69495
2005-10-06T00:00:00.000000000+0000,0.69502,0.70011,0.69454,0.69746
2005-10-07T00:00:00.000000000+0000,0.69757,0.70095,0.69405,0.6958
2005-10-08T00:00:00.000000000+0000,0.6958,0.6958,0.6958,0.6958
2005-10-09T00:00:00.000000000+0000,0.69502,0.69543,0.69379,0.69505
2005-10-10T00:00:00.000000000+0000,0.69507,0.7,0.69464,0.69777
2005-10-11T00:00:00.000000000+0000,0.69811,0.69877,0.69089,0.69215
2005-10-12T00:00:00.000000000+0000,0.69258,0.69801,0.69085,0.69669
2005-10-13T00:00:00.000000000+0000,0.69628,0.69687,0.6876,0.69051
2005-10-14T00:00:00.000000000+0000,0.69087,0.69736,0.6892,0.69618
2005-10-15T00:00:00.000000000+0000,0.69618,0.69618,0.69618,0.69618
2005-10-16T00:00:00.000000000+0000,0.69611,0.69723,0.69503,0.69586
2005-10-17T00:00:00.000000000+0000,0.6958,0.69914,0.69405,0.69472
2005-10-18T00:00:00.000000000+0000,0.69481,0.6969,0.6934,0.69477
2005-10-19T00:00:00.000000000+0000,0.69483,0.69917,0.69211,0.69769
2005-10-20T00:00:00.000000000+0000,0.69777,0.7019,0.69653,0.70107
2005-10-21T00:00:00.000000000+0000,0.70119,0.70429,0.69807,0.69926
2005-10-22T00:00:00.000000000+0000,0.69926,0.69926,0.69926,0.69926
2005-10-23T00:00:00.000000000+0000,0.69855,0.69976,0.69818,0.69929
2005-10-24T00:00:00.000000000+0000,0.69916,0.70391,0.69882,0.70204
2005-10-25T00:00:00.000000000+0000,0.70207,0.7062,0.70016,0.70475
2005-10-26T00:00:00.000000000+0000,0.70497,0.70685,0.69906,0.70007
2005-10-27T00:00:00.000000000+0000,0.70012,0.7088,0.7,0.70715
2005-10-28T00:00:00.000000000+0000,0.70723,0.70833,0.70242,0.70263
2005-10-29T00:00:00.000000000+0000,0.70263,0.70263,0.70263,0.70263
2005-10-30T00:00:00.000000000+0000,0.70261,0.70334,0.70136,0.70238
2005-10-31T00:00:00.000000000+0000,0.70256,0.70517,0.69816,0.69897
2005-11-01T00:00:00.000000000+0000,0.69952,0.7008,0.69531,0.69571
2005-11-02T00:00:00.000000000+0000,0.69584,0.69828,0.69107,0.69166
2005-11-03T00:00:00.000000000+0000,0.69224,0.69472,0.68664,0.68909
2005-11-04T00:00:00.000000000+0000,0.68909,0.68991,0.68089,0.68275
2005-11-05T00:00:00.000000000+0000,0.68275,0.68275,0.68275,0.68275
2005-11-06T00:00:00.000000000+0000,0.68189,0.6826,0.68131,0.68167
2005-11-07T00:00:00.000000000+0000,0.68179,0.68401,0.6777,0.67998
2005-11-08T00:00:00.000000000+0000,0.68005,0.68339,0.67379,0.68177
2005-11-09T00:00:00.000000000+0000,0.68175,0.68815,0.67978,0.68715
2005-11-10T00:00:00.000000000+0000,0.68714,0.69063,0.68417,0.68575
2005-11-11T00:00:00.000000000+0000,0.68579,0.68891,0.68488,0.6865
2005-11-12T00:00:00.000000000+0000,0.6865,0.6865,0.6865,0.6865
2005-11-13T00:00:00.000000000+0000,0.68634,0.68667,0.68519,0.68606
2005-11-14T00:00:00.000000000+0000,0.68592,0.68749,0.67733,0.67977
2005-11-15T00:00:00.000000000+0000,0.67976,0.68534,0.67952,0.68417
2005-11-16T00:00:00.000000000+0000,0.68423,0.686,0.68161,0.68429
2005-11-17T00:00:00.000000000+0000,0.68431,0.68839,0.68336,0.68687
2005-11-18T00:00:00.000000000+0000,0.68693,0.68739,0.68415,0.6865
2005-11-19T00:00:00.000000000+0000,0.6865,0.6865,0.6865,0.6865
2005-11-20T00:00:00.000000000+0000,0.68628,0.68907,0.68553,0.68839
2005-11-21T00:00:00.000000000+0000,0.68841,0.69141,0.68654,0.68888
2005-11-22T00:00:00.000000000+0000,0.68895,0.69267,0.68387,0.69137
2005-11-23T00:00:00.000000000+0000,0.69143,0.694,0.68982,0.69345
2005-11-24T00:00:00.000000000+0000,0.69342,0.69592,0.69282,0.69427
2005-11-25T00:00:00.000000000+0000,0.69433,0.69727,0.69352,0.6958
2005-11-26T00:00:00.000000000+0000,0.6958,0.6958,0.6958,0.6958
2005-11-27T00:00:00.000000000+0000,0.69576,0.69694,0.69385,0.69659
2005-11-28T00:00:00.000000000+0000,0.69663,0.70673,0.69457,0.70339
2005-11-29T00:00:00.000000000+0000,0.70346,0.70432,0.699,0.7008
2005-11-30T00:00:00.000000000+0000,0.70084,0.705,0.69997,0.70387
2005-12-01T00:00:00.000000000+0000,0.70395,0.70538,0.70272,0.70487
2005-12-02T00:00:00.000000000+0000,0.70492,0.71297,0.7044,0.7128
2005-12-03T00:00:00.000000000+0000,0.7128,0.7128,0.7128,0.7128
2005-12-04T00:00:00.000000000+0000,0.71204,0.71305,0.71117,0.71287
2005-12-05T00:00:00.000000000+0000,0.71292,0.71951,0.71253,0.71843
2005-12-06T00:00:00.000000000+0000,0.71837,0.71857,0.71563,0.71627
2005-12-07T00:00:00.000000000+0000,0.71634,0.71641,0.70066,0.70295
2005-12-08T00:00:00.000000000+0000,0.70299,0.70308,0.69626,0.69989
2005-12-09T00:00:00.000000000+0000,0.69996,0.70415,0.69975,0.7032
2005-12-10T00:00:00.000000000+0000,0.7032,0.7032,0.7032,0.7032
2005-12-11T00:00:00.000000000+0000,0.70214,0.70299,0.70053,0.70267
2005-12-12T00:00:00.000000000+0000,0.70277,0.71156,0.70275,0.71035
2005-12-13T00:00:00.000000000+0000,0.71043,0.71121,0.70426,0.70505
2005-12-14T00:00:00.000000000+0000,0.70513,0.71014,0.70467,0.70718
2005-12-15T00:00:00.000000000+0000,0.70723,0.70797,0.69045,0.69128
2005-12-16T00:00:00.000000000+0000,0.69281,0.69353,0.68598,0.6888
2005-12-17T00:00:00.000000000+0000,0.6888,0.6888,0.6888,0.6888
2005-12-18T00:00:00.000000000+0000,0.68931,0.69003,0.68794,0.68897
2005-12-19T00:00:00.000000000+0000,0.68903,0.69353,0.68605,0.68803
2005-12-20T00:00:00.000000000+0000,0.68813,0.68944,0.67992,0.68187
2005-12-21T00:00:00.000000000+0000,0.68195,0.6835,0.67681,0.67808
2005-12-22T00:00:00.000000000+0000,0.67816,0.67828,0.67065,0.67075
2005-12-23T00:00:00.000000000+0000,0.67087,0.67528,0.66989,0.67205
2005-12-24T00:00:00.000000000+0000,0.67205,0.67205,0.67205,0.67205
2005-12-25T00:00:00.000000000+0000,0.67335,0.67386,0.67153,0.67337
2005-12-26T00:00:00.000000000+0000,0.67353,0.67634,0.67239,0.67427
2005-12-27T00:00:00.000000000+0000,0.67433,0.67587,0.67069,0.67177
2005-12-28T00:00:00.000000000+0000,0.67183,0.68388,0.67167,0.68162
2005-12-29T00:00:00.000000000+0000,0.68168,0.68392,0.67823,0.68347
2005-12-30T00:00:00.000000000+0000,0.68353,0.68514,0.67945,0.6797
2006-01-01T00:00:00.000000000+0000,0.68295,0.6834,0.68294,0.6831
2006-01-02T00:00:00.000000000+0000,0.68318,0.6835,0.68,0.68044
2006-01-03T00:00:00.000000000+0000,0.68047,0.68625,0.6778,0.68512
2006-01-04T00:00:00.000000000+0000,0.68516,0.68856,0.68335,0.68707
2006-01-05T00:00:00.000000000+0000,0.68707,0.68965,0.68302,0.68607
2006-01-06T00:00:00.000000000+0000,0.68613,0.69152,0.6831,0.6913
2006-01-07T00:00:00.000000000+0000,0.6913,0.6913,0.6913,0.6913
2006-01-08T00:00:00.000000000+0000,0.69038,0.69122,0.68991,0.69028
2006-01-09T00:00:00.000000000+0000,0.69035,0.69411,0.68969,0.69265
2006-01-10T00:00:00.000000000+0000,0.69269,0.69474,0.68979,0.69415
2006-01-11T00:00:00.000000000+0000,0.69421,0.69762,0.69249,0.69677
2006-01-12T00:00:00.000000000+0000,0.69681,0.69927,0.69191,0.69346
2006-01-13T00:00:00.000000000+0000,0.69351,0.69877,0.69294,0.6984
2006-01-14T00:00:00.000000000+0000,0.6984,0.6984,0.6984,0.6984
2006-01-15T00:00:00.000000000+0000,0.69846,0.69985,0.69799,0.69964
2006-01-16T00:00:00.000000000+0000,0.69973,0.69982,0.69448,0.69488
2006-01-17T00:00:00.000000000+0000,0.6949,0.69603,0.68817,0.68877
2006-01-18T00:00:00.000000000+0000,0.68885,0.6903,0.68424,0.68608
2006-01-19T00:00:00.000000000+0000,0.68612,0.6866,0.67619,0.68057
2006-01-20T00:00:00.000000000+0000,0.68063,0.68213,0.67695,0.6777
2006-01-21T00:00:00.000000000+0000,0.6777,0.6777,0.6777,0.6777
2006-01-22T00:00:00.000000000+0000,0.67893,0.68137,0.67864,0.68077
2006-01-23T00:00:00.000000000+0000,0.6811,0.6853,0.67905,0.68367
2006-01-24T00:00:00.000000000+0000,0.68376,0.68391,0.67585,0.68207
2006-01-25T00:00:00.000000000+0000,0.68215,0.68734,0.68114,0.68637
2006-01-26T00:00:00.000000000+0000,0.68643,0.6893,0.68258,0.68398
2006-01-27T00:00:00.000000000+0000,0.68402,0.68628,0.67541,0.6819
2006-01-28T00:00:00.000000000+0000,0.6819,0.6819,0.6819,0.6819
2006-01-29T00:00:00.000000000+0000,0.68029,0.68168,0.67961,0.68087
2006-01-30T00:00:00.000000000+0000,0.68093,0.683,0.67901,0.68125
2006-01-31T00:00:00.000000000+0000,0.68133,0.68831,0.68023,0.68769
2006-02-01T00:00:00.000000000+0000,0.68775,0.68849,0.68335,0.68478
2006-02-02T00:00:00.000000000+0000,0.68483,0.69059,0.68366,0.68998
2006-02-03T00:00:00.000000000+0000,0.69004,0.69153,0.68463,0.6861
2006-02-04T00:00:00.000000000+0000,0.6861,0.6861,0.6861,0.6861
2006-02-05T00:00:00.000000000+0000,0.68745,0.68849,0.68645,0.68714
2006-02-06T00:00:00.000000000+0000,0.68722,0.6874,0.67975,0.68097
2006-02-07T00:00:00.000000000+0000,0.68103,0.68419,0.67684,0.67788
2006-02-08T00:00:00.000000000+0000,0.67798,0.67986,0.67352,0.67529
2006-02-09T00:00:00.000000000+0000,0.67533,0.68127,0.67357,0.68057
2006-02-10T00:00:00.000000000+0000,0.68073,0.68327,0.67744,0.6785
2006-02-11T00:00:00.000000000+0000,0.6785,0.6785,0.6785,0.6785
2006-02-12T00:00:00.000000000+0000,0.67812,0.67847,0.6763,0.67823
2006-02-13T00:00:00.000000000+0000,0.67833,0.6804,0.67361,0.67447
2006-02-14T00:00:00.000000000+0000,0.67453,0.67764,0.67083,0.67637
2006-02-15T00:00:00.000000000+0000,0.67643,0.67952,0.67284,0.67426
2006-02-16T00:00:00.000000000+0000,0.67437,0.6746,0.66706,0.6711
2006-02-17T00:00:00.000000000+0000,0.67115,0.67117,0.66193,0.66625
2006-02-18T00:00:00.000000000+0000,0.66625,0.66625,0.66625,0.66625
2006-02-19T00:00:00.000000000+0000,0.6675,0.6687,0.66646,0.66866
2006-02-20T00:00:00.000000000+0000,0.66872,0.67046,0.66774,0.66957
2006-02-21T00:00:00.000000000+0000,0.66958,0.66995,0.65943,0.66179
2006-02-22T00:00:00.000000000+0000,0.66183,0.662,0.6558,0.65767
2006-02-23T00:00:00.000000000+0000,0.65773,0.66204,0.65703,0.661
2006-02-24T00:00:00.000000000+0000,0.66105,0.66449,0.6606,0.6622
2006-02-25T00:00:00.000000000+0000,0.6622,0.6622,0.6622,0.6622
2006-02-26T00:00:00.000000000+0000,0.66148,0.66197,0.6567,0.65727
2006-02-27T00:00:00.000000000+0000,0.65733,0.66145,0.65676,0.65987
2006-02-28T00:00:00.000000000+0000,0.65995,0.66329,0.65785,0.66227
2006-03-01T00:00:00.000000000+0000,0.6623,0.66668,0.66165,0.66447
2006-03-02T00:00:00.000000000+0000,0.66453,0.66812,0.66361,0.66634
2006-03-03T00:00:00.000000000+0000,0.66643,0.66718,0.66366,0.6644
2006-03-04T00:00:00.000000000+0000,0.6644,0.6644,0.6644,0.6644
2006-03-05T00:00:00.000000000+0000,0.66536,0.6671,0.66463,0.66696
2006-03-06T00:00:00.000000000+0000,0.66703,0.6672,0.65507,0.65599
2006-03-07T00:00:00.000000000+0000,0.65596,0.65655,0.6467,0.64723
2006-03-08T00:00:00.000000000+0000,0.64731,0.6527,0.64702,0.65025
2006-03-09T00:00:00.000000000+0000,0.65033,0.65155,0.64493,0.64577
2006-03-10T00:00:00.000000000+0000,0.64579,0.64634,0.63965,0.6399
2006-03-11T00:00:00.000000000+0000,0.6399,0.6399,0.6399,0.6399
2006-03-12T00:00:00.000000000+0000,0.64085,0.64375,0.64026,0.64265
2006-03-13T00:00:00.000000000+0000,0.6427,0.64327,0.63465,0.63697
2006-03-14T00:00:00.000000000+0000,0.63698,0.64336,0.63179,0.64167
2006-03-15T00:00:00.000000000+0000,0.64173,0.64708,0.64117,0.64497
2006-03-16T00:00:00.000000000+0000,0.64503,0.64513,0.63502,0.63992
2006-03-17T00:00:00.000000000+0000,0.63998,0.64035,0.62993,0.63365
2006-03-18T00:00:00.000000000+0000,0.63365,0.63365,0.63365,0.63365
2006-03-19T00:00:00.000000000+0000,0.63432,0.63626,0.63014,0.63187
2006-03-20T00:00:00.000000000+0000,0.6319,0.63196,0.62288,0.62337
2006-03-21T00:00:00.000000000+0000,0.62342,0.62717,0.62067,0.62387
2006-03-22T00:00:00.000000000+0000,0.62396,0.6283,0.61753,0.62792
2006-03-23T00:00:00.000000000+0000,0.62797,0.62909,0.61471,0.6159
2006-03-24T00:00:00.000000000+0000,0.61594,0.61654,0.60818,0.6119
2006-03-25T00:00:00.000000000+0000,0.6119,0.6119,0.6119,0.6119
2006-03-26T00:00:00.000000000+0000,0.60825,0.61163,0.6075,0.61097
2006-03-27T00:00:00.000000000+0000,0.61112,0.61134,0.6046,0.60682
2006-03-28T00:00:00.000000000+0000,0.60688,0.61181,0.60291,0.60432
2006-03-29T00:00:00.000000000+0000,0.60441,0.60653,0.59885,0.60632
2006-03-30T00:00:00.000000000+0000,0.6064,0.61388,0.60436,0.61304
2006-03-31T00:00:00.000000000+0000,0.61309,0.61641,0.60909,0.61585
2006-04-01T00:00:00.000000000+0000,0.61585,0.61585,0.61585,0.61585
2006-04-02T00:00:00.000000000+0000,0.61547,0.61618,0.61408,0.61494
2006-04-03T00:00:00.000000000+0000,0.61493,0.61734,0.60408,0.60672
2006-04-04T00:00:00.000000000+0000,0.60679,0.61135,0.60101,0.61016
2006-04-05T00:00:00.000000000+0000,0.61021,0.61648,0.60936,0.61397
2006-04-06T00:00:00.000000000+0000,0.61396,0.6183,0.61082,0.61137
2006-04-07T00:00:00.000000000+0000,0.61151,0.61636,0.60702,0.60764
2006-04-08T00:00:00.000000000+0000,0.60764,0.60764,0.60764,0.60764
2006-04-09T00:00:00.000000000+0000,0.60794,0.60911,0.60657,0.60705
2006-04-10T00:00:00.000000000+0000,0.60707,0.61128,0.60608,0.60807
2006-04-11T00:00:00.000000000+0000,0.60818,0.61268,0.60574,0.61237
2006-04-12T00:00:00.000000000+0000,0.61239,0.62441,0.61213,0.62292
2006-04-13T00:00:00.000000000+0000,0.62296,0.62526,0.61487,0.61815
2006-04-14T00:00:00.000000000+0000,0.61823,0.61909,0.61557,0.61688
2006-04-15T00:00:00.000000000+0000,0.61688,0.61688,0.61688,0.61688
2006-04-16T00:00:00.000000000+0000,0.61728,0.61794,0.6166,0.61772
2006-04-17T00:00:00.000000000+0000,0.61777,0.62523,0.6177,0.62493
2006-04-18T00:00:00.000000000+0000,0.62499,0.63137,0.62357,0.63043
2006-04-19T00:00:00.000000000+0000,0.63052,0.63554,0.63044,0.63317
2006-04-20T00:00:00.000000000+0000,0.63323,0.63516,0.62394,0.62515
2006-04-21T00:00:00.000000000+0000,0.62526,0.6346,0.62526,0.63309
2006-04-22T00:00:00.000000000+0000,0.63309,0.63309,0.63309,0.63309
2006-04-23T00:00:00.000000000+0000,0.63356,0.63486,0.633,0.63395
2006-04-24T00:00:00.000000000+0000,0.63403,0.63697,0.6266,0.62842
2006-04-25T00:00:00.000000000+0000,0.62848,0.62995,0.62332,0.62547
2006-04-26T00:00:00.000000000+0000,0.62558,0.63444,0.62544,0.63063
2006-04-27T00:00:00.000000000+0000,0.63068,0.63465,0.62655,0.63305
2006-04-28T00:00:00.000000000+0000,0.63317,0.63872,0.63154,0.63764
2006-04-29T00:00:00.000000000+0000,0.63764,0.63764,0.63764,0.63764
2006-04-30T00:00:00.000000000+0000,0.63761,0.63815,0.63524,0.63645
2006-05-01T00:00:00.000000000+0000,0.63653,0.64215,0.6334,0.63375
2006-05-02T00:00:00.000000000+0000,0.63386,0.641,0.63348,0.63917
2006-05-03T00:00:00.000000000+0000,0.63926,0.64411,0.63774,0.64029
2006-05-04T00:00:00.000000000+0000,0.64035,0.64333,0.63598,0.63947
2006-05-05T00:00:00.000000000+0000,0.63957,0.64328,0.6389,0.64172
2006-05-06T00:00:00.000000000+0000,0.64172,0.64172,0.64172,0.64172
2006-05-07T00:00:00.000000000+0000,0.64157,0.64283,0.64116,0.64177
2006-05-08T00:00:00.000000000+0000,0.64183,0.64258,0.63095,0.63302
2006-05-09T00:00:00.000000000+0000,0.63309,0.6334,0.62397,0.63105
2006-05-10T00:00:00.000000000+0000,0.63109,0.63113,0.62115,0.62242
2006-05-11T00:00:00.000000000+0000,0.62244,0.63278,0.62013,0.63127
2006-05-12T00:00:00.000000000+0000,0.63133,0.63294,0.62507,0.62672
2006-05-13T00:00:00.000000000+0000,0.62672,0.62672,0.62672,0.62672
2006-05-14T00:00:00.000000000+0000,0.628,0.62945,0.62595,0.62667
2006-05-15T00:00:00.000000000+0000,0.6267,0.6267,0.61816,0.61952
2006-05-16T00:00:00.000000000+0000,0.61957,0.62747,0.61936,0.62637
2006-05-17T00:00:00.000000000+0000,0.62643,0.62951,0.61822,0.6216
2006-05-18T00:00:00.000000000+0000,0.62168,0.62631,0.62069,0.62242
2006-05-19T00:00:00.000000000+0000,0.62248,0.62335,0.61536,0.61945
2006-05-20T00:00:00.000000000+0000,0.61945,0.61945,0.61945,0.61945
2006-05-21T00:00:00.000000000+0000,0.6202,0.62048,0.6184,0.6187
2006-05-22T00:00:00.000000000+0000,0.61873,0.62356,0.61397,0.62162
2006-05-23T00:00:00.000000000+0000,0.62172,0.62934,0.62023,0.62341
2006-05-24T00:00:00.000000000+0000,0.62346,0.63525,0.62285,0.63362
2006-05-25T00:00:00.000000000+0000,0.63365,0.64136,0.6328,0.63919
2006-05-26T00:00:00.000000000+0000,0.63923,0.63963,0.63138,0.63429
2006-05-27T00:00:00.000000000+0000,0.63429,0.63429,0.63429,0.63429
2006-05-28T00:00:00.000000000+0000,0.6331,0.63513,0.6328,0.63442
2006-05-29T00:00:00.000000000+0000,0.63448,0.63533,0.63264,0.63442
2006-05-30T00:00:00.000000000+0000,0.63451,0.64088,0.63414,0.63836
2006-05-31T00:00:00.000000000+0000,0.63846,0.6425,0.63294,0.63298
2006-06-01T00:00:00.000000000+0000,0.63301,0.63565,0.62516,0.62804
2006-06-02T00:00:00.000000000+0000,0.62816,0.63297,0.62273,0.62985
2006-06-03T00:00:00.000000000+0000,0.62985,0.62985,0.62985,0.62985
2006-06-04T00:00:00.000000000+0000,0.63,0.6316,0.62939,0.63132
2006-06-05T00:00:00.000000000+0000,0.63138,0.63505,0.63016,0.63138
2006-06-06T00:00:00.000000000+0000,0.63145,0.63222,0.6258,0.62692
2006-06-07T00:00:00.000000000+0000,0.62703,0.63025,0.62244,0.62932
2006-06-08T00:00:00.000000000+0000,0.62941,0.63018,0.624,0.62597
2006-06-09T00:00:00.000000000+0000,0.62603,0.63413,0.62485,0.63307
2006-06-10T00:00:00.000000000+0000,0.63307,0.63307,0.63307,0.63307
2006-06-11T00:00:00.000000000+0000,0.6321,0.63227,0.6309,0.63145
2006-06-12T00:00:00.000000000+0000,0.63144,0.63339,0.62328,0.62537
2006-06-13T00:00:00.000000000+0000,0.6254,0.62638,0.61895,0.62092
2006-06-14T00:00:00.000000000+0000,0.62093,0.62628,0.61845,0.62292
2006-06-15T00:00:00.000000000+0000,0.62296,0.6241,0.6197,0.62323
2006-06-16T00:00:00.000000000+0000,0.62336,0.62455,0.61547,0.61658
2006-06-17T00:00:00.000000000+0000,0.61658,0.61658,0.61658,0.61658
2006-06-18T00:00:00.000000000+0000,0.6171,0.61745,0.61529,0.61737
2006-06-19T00:00:00.000000000+0000,0.61743,0.61788,0.61441,0.61597
2006-06-20T00:00:00.000000000+0000,0.61603,0.62161,0.61562,0.62057
2006-06-21T00:00:00.000000000+0000,0.62062,0.622,0.61575,0.61752
2006-06-22T00:00:00.000000000+0000,0.61755,0.61767,0.60727,0.6095
2006-06-23T00:00:00.000000000+0000,0.60962,0.61148,0.60322,0.60721
2006-06-24T00:00:00.000000000+0000,0.60721,0.60721,0.60721,0.60721
2006-06-25T00:00:00.000000000+0000,0.6069,0.60822,0.60494,0.60797
2006-06-26T00:00:00.000000000+0000,0.60803,0.6087,0.60245,0.60533
2006-06-27T00:00:00.000000000+0000,0.60521,0.60817,0.60058,0.60089
2006-06-28T00:00:00.000000000+0000,0.60095,0.6025,0.59263,0.59555
2006-06-29T00:00:00.000000000+0000,0.59574,0.60564,0.59278,0.60534
2006-06-30T00:00:00.000000000+0000,0.60542,0.6122,0.60516,0.60817
2006-07-01T00:00:00.000000000+0000,0.60817,0.60817,0.60817,0.60817
2006-07-02T00:00:00.000000000+0000,0.60801,0.60859,0.60692,0.60784
2006-07-03T00:00:00.000000000+0000,0.60788,0.61066,0.60438,0.60747
2006-07-04T00:00:00.000000000+0000,0.60753,0.61136,0.60669,0.60787
2006-07-05T00:00:00.000000000+0000,0.60793,0.61169,0.60303,0.60394
2006-07-06T00:00:00.000000000+0000,0.60402,0.60612,0.6023,0.60356
2006-07-07T00:00:00.000000000+0000,0.60363,0.61111,0.60313,0.60968
2006-07-08T00:00:00.000000000+0000,0.60968,0.60968,0.60968,0.60968
2006-07-09T00:00:00.000000000+0000,0.60978,0.61118,0.60978,0.61087
2006-07-10T00:00:00.000000000+0000,0.61092,0.61521,0.6096,0.61044
2006-07-11T00:00:00.000000000+0000,0.61048,0.6173,0.60968,0.61698
2006-07-12T00:00:00.000000000+0000,0.61698,0.61887,0.61324,0.61789
2006-07-13T00:00:00.000000000+0000,0.61793,0.61992,0.6158,0.61807
2006-07-14T00:00:00.000000000+0000,0.61813,0.62115,0.61467,0.62001
2006-07-15T00:00:00.000000000+0000,0.62001,0.62001,0.62001,0.62001
2006-07-16T00:00:00.000000000+0000,0.61979,0.62227,0.61909,0.62108
2006-07-17T00:00:00.000000000+0000,0.62103,0.62225,0.61851,0.62067
2006-07-18T00:00:00.000000000+0000,0.62073,0.62794,0.62062,0.62395
2006-07-19T00:00:00.000000000+0000,0.62398,0.6255,0.61625,0.62522
2006-07-20T00:00:00.000000000+0000,0.62528,0.6253,0.61884,0.62202
2006-07-21T00:00:00.000000000+0000,0.62208,0.62537,0.62052,0.62303
2006-07-22T00:00:00.000000000+0000,0.62303,0.62303,0.62303,0.62303
2006-07-23T00:00:00.000000000+0000,0.62307,0.62448,0.6228,0.62333
2006-07-24T00:00:00.000000000+0000,0.62338,0.62395,0.61878,0.62317
2006-07-25T00:00:00.000000000+0000,0.62323,0.6272,0.62156,0.62417
2006-07-26T00:00:00.000000000+0000,0.62424,0.62632,0.62005,0.62092
2006-07-27T00:00:00.000000000+0000,0.62095,0.62335,0.61749,0.61917
2006-07-28T00:00:00.000000000+0000,0.61919,0.61945,0.61412,0.61805
2006-07-29T00:00:00.000000000+0000,0.61805,0.61805,0.61805,0.61805
2006-07-30T00:00:00.000000000+0000,0.618,0.6186,0.61715,0.61772
2006-07-31T00:00:00.000000000+0000,0.61779,0.62006,0.61528,0.61793
2006-08-01T00:00:00.000000000+0000,0.61806,0.6205,0.61508,0.61945
2006-08-02T00:00:00.000000000+0000,0.61961,0.62324,0.61575,0.62207
2006-08-03T00:00:00.000000000+0000,0.62211,0.62268,0.61722,0.61806
2006-08-04T00:00:00.000000000+0000,0.61809,0.62633,0.61767,0.62579
2006-08-05T00:00:00.000000000+0000,0.62579,0.62579,0.62579,0.62579
2006-08-06T00:00:00.000000000+0000,0.62575,0.6265,0.6253,0.62617
2006-08-07T00:00:00.000000000+0000,0.62618,0.62706,0.62201,0.62372
2006-08-08T00:00:00.000000000+0000,0.62381,0.62845,0.61875,0.62439
2006-08-09T00:00:00.000000000+0000,0.62446,0.63389,0.6238,0.63304
2006-08-10T00:00:00.000000000+0000,0.63309,0.63544,0.63125,0.63344
2006-08-11T00:00:00.000000000+0000,0.63353,0.63583,0.63185,0.63318
2006-08-12T00:00:00.000000000+0000,0.63318,0.63318,0.63318,0.63318
2006-08-13T00:00:00.000000000+0000,0.63287,0.63613,0.6304,0.63465
2006-08-14T00:00:00.000000000+0000,0.63477,0.6372,0.62758,0.63031
2006-08-15T00:00:00.000000000+0000,0.63036,0.63502,0.62788,0.63422
2006-08-16T00:00:00.000000000+0000,0.63428,0.64354,0.63405,0.64106
2006-08-17T00:00:00.000000000+0000,0.64108,0.6426,0.63719,0.63877
2006-08-18T00:00:00.000000000+0000,0.63885,0.6419,0.63669,0.63874
2006-08-19T00:00:00.000000000+0000,0.63874,0.63874,0.63874,0.63874
2006-08-20T00:00:00.000000000+0000,0.63861,0.6398,0.63813,0.63834
2006-08-21T00:00:00.000000000+0000,0.63843,0.64232,0.63736,0.6398
2006-08-22T00:00:00.000000000+0000,0.63987,0.64099,0.63583,0.63688
2006-08-23T00:00:00.000000000+0000,0.63696,0.64165,0.63426,0.63467
2006-08-24T00:00:00.000000000+0000,0.63476,0.63867,0.63313,0.63342
2006-08-25T00:00:00.000000000+0000,0.63349,0.63777,0.6329,0.63609
2006-08-26T00:00:00.000000000+0000,0.63609,0.63609,0.63609,0.63609
2006-08-27T00:00:00.000000000+0000,0.63599,0.63632,0.63524,0.63567
2006-08-28T00:00:00.000000000+0000,0.6357,0.6388,0.6352,0.63787
2006-08-29T00:00:00.000000000+0000,0.63791,0.64494,0.6378,0.64392
2006-08-30T00:00:00.000000000+0000,0.644,0.65036,0.64335,0.64904
2006-08-31T00:00:00.000000000+0000,0.64898,0.65627,0.64697,0.65608
2006-09-01T00:00:00.000000000+0000,0.65613,0.65664,0.65227,0.65452
2006-09-02T00:00:00.000000000+0000,0.65452,0.65452,0.65452,0.65452
2006-09-03T00:00:00.000000000+0000,0.65434,0.65774,0.6539,0.65666
2006-09-04T00:00:00.000000000+0000,0.65687,0.65752,0.64788,0.65123
2006-09-05T00:00:00.000000000+0000,0.65128,0.6514,0.64354,0.64496
2006-09-06T00:00:00.000000000+0000,0.64506,0.65006,0.64469,0.64915
2006-09-07T00:00:00.000000000+0000,0.64924,0.64966,0.64203,0.64416
2006-09-08T00:00:00.000000000+0000,0.64417,0.64486,0.63522,0.63705
2006-09-09T00:00:00.000000000+0000,0.63705,0.63705,0.63705,0.63705
2006-09-10T00:00:00.000000000+0000,0.63683,0.63816,0.63558,0.63725
2006-09-11T00:00:00.000000000+0000,0.63734,0.64146,0.63382,0.63775
2006-09-12T00:00:00.000000000+0000,0.63782,0.64546,0.63713,0.64065
2006-09-13T00:00:00.000000000+0000,0.64072,0.65535,0.63839,0.65316
2006-09-14T00:00:00.000000000+0000,0.65313,0.6649,0.65269,0.65974
2006-09-15T00:00:00.000000000+0000,0.6596,0.66392,0.65645,0.66116
2006-09-16T00:00:00.000000000+0000,0.66116,0.66116,0.66116,0.66116
2006-09-17T00:00:00.000000000+0000,0.66105,0.66401,0.66097,0.66327
2006-09-18T00:00:00.000000000+0000,0.66334,0.66558,0.66091,0.66193
2006-09-19T00:00:00.000000000+0000,0.66193,0.66531,0.65715,0.65795
2006-09-20T00:00:00.000000000+0000,0.65812,0.66384,0.65435,0.65831
2006-09-21T00:00:00.000000000+0000,0.65832,0.66395,0.65696,0.66134
2006-09-22T00:00:00.000000000+0000,0.66152,0.66233,0.65618,0.6599
2006-09-23T00:00:00.000000000+0000,0.6599,0.6599,0.6599,0.6599
2006-09-24T00:00:00.000000000+0000,0.65991,0.66235,0.65991,0.66137
2006-09-25T00:00:00.000000000+0000,0.66123,0.67197,0.65502,0.6706
2006-09-26T00:00:00.000000000+0000,0.67034,0.67082,0.65609,0.66107
2006-09-27T00:00:00.000000000+0000,0.6608,0.66143,0.65291,0.65635
2006-09-28T00:00:00.000000000+0000,0.65634,0.65899,0.65106,0.65161
2006-09-29T00:00:00.000000000+0000,0.65171,0.65488,0.64985,0.6525
2006-09-30T00:00:00.000000000+0000,0.6525,0.6525,0.6525,0.6525
2006-10-01T00:00:00.000000000+0000,0.65227,0.65269,0.65068,0.6516
2006-10-02T00:00:00.000000000+0000,0.65151,0.6603,0.64827,0.65744
2006-10-03T00:00:00.000000000+0000,0.6576,0.66142,0.65561,0.65721
2006-10-04T00:00:00.000000000+0000,0.65713,0.66401,0.65624,0.66367
2006-10-05T00:00:00.000000000+0000,0.66352,0.66553,0.6613,0.66173
2006-10-06T00:00:00.000000000+0000,0.66203,0.6649,0.65664,0.65825
2006-10-07T00:00:00.000000000+0000,0.65825,0.65825,0.65825,0.65825
2006-10-08T00:00:00.000000000+0000,0.6582,0.65858,0.65611,0.65699
2006-10-09T00:00:00.000000000+0000,0.65707,0.6608,0.65328,0.65781
2006-10-10T00:00:00.000000000+0000,0.65797,0.66155,0.65698,0.66028
2006-10-11T00:00:00.000000000+0000,0.66031,0.66157,0.65635,0.65846
2006-10-12T00:00:00.000000000+0000,0.65854,0.66147,0.65607,0.65879
2006-10-13T00:00:00.000000000+0000,0.65891,0.66052,0.65489,0.65705
2006-10-14T00:00:00.000000000+0000,0.65705,0.65705,0.65705,0.65705
2006-10-15T00:00:00.000000000+0000,0.6569,0.65736,0.65511,0.65594
2006-10-16T00:00:00.000000000+0000,0.65594,0.6611,0.65416,0.65977
2006-10-17T00:00:00.000000000+0000,0.66017,0.66566,0.65826,0.66243
2006-10-18T00:00:00.000000000+0000,0.66248,0.66453,0.66163,0.6634
2006-10-19T00:00:00.000000000+0000,0.6634,0.66915,0.66214,0.6673
2006-10-20T00:00:00.000000000+0000,0.66747,0.66908,0.66627,0.66785
2006-10-21T00:00:00.000000000+0000,0.66785,0.66785,0.66785,0.66785
2006-10-22T00:00:00.000000000+0000,0.6678,0.66892,0.66706,0.66726
2006-10-23T00:00:00.000000000+0000,0.66745,0.66864,0.66184,0.66331
2006-10-24T00:00:00.000000000+0000,0.66326,0.66389,0.65844,0.65895
2006-10-25T00:00:00.000000000+0000,0.65898,0.66255,0.65429,0.65587
2006-10-26T00:00:00.000000000+0000,0.65593,0.65868,0.65284,0.65697
2006-10-27T00:00:00.000000000+0000,0.65706,0.66279,0.6557,0.66123
2006-10-28T00:00:00.000000000+0000,0.66123,0.66123,0.66123,0.66123
2006-10-29T00:00:00.000000000+0000,0.66129,0.66243,0.66064,0.66222
2006-10-30T00:00:00.000000000+0000,0.66226,0.66684,0.66017,0.66547
2006-10-31T00:00:00.000000000+0000,0.66553,0.67332,0.66389,0.67111
2006-11-01T00:00:00.000000000+0000,0.67108,0.67482,0.66833,0.67262
2006-11-02T00:00:00.000000000+0000,0.67254,0.67447,0.66928,0.67387
2006-11-03T00:00:00.000000000+0000,0.67381,0.67457,0.66822,0.66895
2006-11-04T00:00:00.000000000+0000,0.66895,0.66895,0.66895,0.66895
2006-11-05T00:00:00.000000000+0000,0.66885,0.67,0.66871,0.66974
2006-11-06T00:00:00.000000000+0000,0.66974,0.67005,0.66469,0.66849
2006-11-07T00:00:00.000000000+0000,0.66843,0.67254,0.66683,0.66954
2006-11-08T00:00:00.000000000+0000,0.66953,0.67045,0.66514,0.66664
2006-11-09T00:00:00.000000000+0000,0.66656,0.66706,0.66088,0.66487
2006-11-10T00:00:00.000000000+0000,0.66488,0.66647,0.6643,0.66495
2006-11-11T00:00:00.000000000+0000,0.66495,0.66495,0.66495,0.66495
2006-11-12T00:00:00.000000000+0000,0.66523,0.66561,0.66433,0.6645
2006-11-13T00:00:00.000000000+0000,0.66457,0.66611,0.65805,0.65978
2006-11-14T00:00:00.000000000+0000,0.65975,0.66338,0.65809,0.66268
2006-11-15T00:00:00.000000000+0000,0.66267,0.66289,0.65718,0.65872
2006-11-16T00:00:00.000000000+0000,0.65877,0.66581,0.65793,0.66403
2006-11-17T00:00:00.000000000+0000,0.66415,0.66519,0.66132,0.66416
2006-11-18T00:00:00.000000000+0000,0.66416,0.66416,0.66416,0.66416
2006-11-19T00:00:00.000000000+0000,0.66421,0.66633,0.66391,0.66559
2006-11-20T00:00:00.000000000+0000,0.66557,0.66955,0.66392,0.66847
2006-11-21T00:00:00.000000000+0000,0.66845,0.67107,0.66725,0.66938
2006-11-22T00:00:00.000000000+0000,0.66933,0.67209,0.66738,0.67036
2006-11-23T00:00:00.000000000+0000,0.67035,0.67153,0.66734,0.66866
2006-11-24T00:00:00.000000000+0000,0.66865,0.67362,0.66794,0.67176
2006-11-25T00:00:00.000000000+0000,0.67176,0.67176,0.67176,0.67176
2006-11-26T00:00:00.000000000+0000,0.67177,0.6731,0.67148,0.67218
2006-11-27T00:00:00.000000000+0000,0.67223,0.67296,0.66788,0.66847
2006-11-28T00:00:00.000000000+0000,0.66853,0.68177,0.66829,0.67874
2006-11-29T00:00:00.000000000+0000,0.67876,0.67959,0.67712,0.67767
2006-11-30T00:00:00.000000000+0000,0.67773,0.68562,0.67734,0.68317
2006-12-01T00:00:00.000000000+0000,0.68315,0.68835,0.68215,0.6879
2006-12-02T00:00:00.000000000+0000,0.6879,0.6879,0.6879,0.6879
2006-12-03T00:00:00.000000000+0000,0.68757,0.68837,0.68624,0.68694
2006-12-04T00:00:00.000000000+0000,0.68702,0.69045,0.68499,0.68915
2006-12-05T00:00:00.000000000+0000,0.68922,0.68979,0.68402,0.6862
2006-12-06T00:00:00.000000000+0000,0.68629,0.68856,0.6811,0.68527
2006-12-07T00:00:00.000000000+0000,0.68534,0.69183,0.68426,0.6876
2006-12-08T00:00:00.000000000+0000,0.68754,0.69361,0.68537,0.68618
2006-12-09T00:00:00.000000000+0000,0.68618,0.68618,0.68618,0.68618
2006-12-10T00:00:00.000000000+0000,0.68618,0.68647,0.68415,0.68507
2006-12-11T00:00:00.000000000+0000,0.6851,0.68944,0.6839,0.68797
2006-12-12T00:00:00.000000000+0000,0.68806,0.69266,0.68775,0.69137
2006-12-13T00:00:00.000000000+0000,0.69135,0.69403,0.68869,0.69309
2006-12-14T00:00:00.000000000+0000,0.6931,0.69428,0.68591,0.68826
2006-12-15T00:00:00.000000000+0000,0.68831,0.6918,0.68629,0.68926
2006-12-16T00:00:00.000000000+0000,0.68926,0.68926,0.68926,0.68926
2006-12-17T00:00:00.000000000+0000,0.68914,0.6898,0.6877,0.68869
2006-12-18T00:00:00.000000000+0000,0.68864,0.69145,0.68818,0.69081
2006-12-19T00:00:00.000000000+0000,0.69061,0.69731,0.68925,0.69666
2006-12-20T00:00:00.000000000+0000,0.69673,0.69842,0.69221,0.6951
2006-12-21T00:00:00.000000000+0000,0.69512,0.69715,0.69248,0.69687
2006-12-22T00:00:00.000000000+0000,0.69685,0.70099,0.69593,0.70021
2006-12-23T00:00:00.000000000+0000,0.70021,0.70021,0.70021,0.70021
2006-12-24T00:00:00.000000000+0000,0.70013,0.70045,0.69707,0.69907
2006-12-25T00:00:00.000000000+0000,0.69898,0.70078,0.69755,0.70049
2006-12-26T00:00:00.000000000+0000,0.70054,0.70291,0.69888,0.69977
2006-12-27T00:00:00.000000000+0000,0.69979,0.70322,0.69894,0.70032
2006-12-28T00:00:00.000000000+0000,0.70028,0.70572,0.70005,0.70482
2006-12-29T00:00:00.000000000+0000,0.70484,0.70667,0.70147,0.70418
2006-12-30T00:00:00.000000000+0000,0.70418,0.70418,0.70418,0.70418
2006-12-31T00:00:00.000000000+0000,0.70405,0.70559,0.70404,0.70537
2007-01-01T00:00:00.000000000+0000,0.70526,0.70539,0.70299,0.70504
2007-01-02T00:00:00.000000000+0000,0.70464,0.70942,0.70415,0.70597
2007-01-03T00:00:00.000000000+0000,0.70602,0.70899,0.70323,0.70567
2007-01-04T00:00:00.000000000+0000,0.7058,0.70624,0.6944,0.69517
2007-01-05T00:00:00.000000000+0000,0.69525,0.69581,0.68519,0.68657
2007-01-06T00:00:00.000000000+0000,0.68657,0.68657,0.68657,0.68657
2007-01-07T00:00:00.000000000+0000,0.6861,0.68801,0.68609,0.68614
2007-01-08T00:00:00.000000000+0000,0.68622,0.69125,0.68395,0.6909
2007-01-09T00:00:00.000000000+0000,0.69087,0.6936,0.68848,0.69179
2007-01-10T00:00:00.000000000+0000,0.69163,0.69163,0.68549,0.68705
2007-01-11T00:00:00.000000000+0000,0.68712,0.69251,0.68654,0.68819
2007-01-12T00:00:00.000000000+0000,0.68821,0.69231,0.68774,0.6903
2007-01-13T00:00:00.000000000+0000,0.6903,0.6903,0.6903,0.6903
2007-01-14T00:00:00.000000000+0000,0.69025,0.69249,0.69025,0.69188
2007-01-15T00:00:00.000000000+0000,0.69203,0.69659,0.69105,0.69597
2007-01-16T00:00:00.000000000+0000,0.69593,0.69713,0.68838,0.6894
2007-01-17T00:00:00.000000000+0000,0.68947,0.69281,0.68901,0.69207
2007-01-18T00:00:00.000000000+0000,0.69214,0.69604,0.69165,0.69468
2007-01-19T00:00:00.000000000+0000,0.69457,0.69592,0.69306,0.69494
2007-01-20T00:00:00.000000000+0000,0.69494,0.69494,0.69494,0.69494
2007-01-21T00:00:00.000000000+0000,0.69473,0.69531,0.69385,0.69423
2007-01-22T00:00:00.000000000+0000,0.69432,0.70034,0.69389,0.69887
2007-01-23T00:00:00.000000000+0000,0.6989,0.70328,0.69778,0.70027
2007-01-24T00:00:00.000000000+0000,0.70033,0.70157,0.69215,0.69969
2007-01-25T00:00:00.000000000+0000,0.69961,0.70313,0.6948,0.69632
2007-01-26T00:00:00.000000000+0000,0.69616,0.6979,0.69196,0.69568
2007-01-27T00:00:00.000000000+0000,0.69568,0.69568,0.69568,0.69568
2007-01-28T00:00:00.000000000+0000,0.69525,0.69616,0.69462,0.69526
2007-01-29T00:00:00.000000000+0000,0.69535,0.69817,0.69366,0.69573
2007-01-30T00:00:00.000000000+0000,0.69581,0.69879,0.68619,0.6869
2007-01-31T00:00:00.000000000+0000,0.687,0.69091,0.68083,0.68897
2007-02-01T00:00:00.000000000+0000,0.689,0.68918,0.67942,0.68227
2007-02-02T00:00:00.000000000+0000,0.6823,0.68266,0.67664,0.68095
2007-02-03T00:00:00.000000000+0000,0.68095,0.68095,0.68095,0.68095
2007-02-04T00:00:00.000000000+0000,0.68078,0.68469,0.68078,0.68347
2007-02-05T00:00:00.000000000+0000,0.68345,0.68604,0.68041,0.68426
2007-02-06T00:00:00.000000000+0000,0.68434,0.68437,0.67795,0.68021
2007-02-07T00:00:00.000000000+0000,0.68035,0.68822,0.67778,0.68756
2007-02-08T00:00:00.000000000+0000,0.68761,0.68892,0.68221,0.68442
2007-02-09T00:00:00.000000000+0000,0.68446,0.68621,0.67993,0.68293
2007-02-10T00:00:00.000000000+0000,0.68293,0.68293,0.68293,0.68293
2007-02-11T00:00:00.000000000+0000,0.68245,0.68388,0.68073,0.68342
2007-02-12T00:00:00.000000000+0000,0.68357,0.68635,0.68143,0.68298
2007-02-13T00:00:00.000000000+0000,0.68291,0.69014,0.68216,0.68919
2007-02-14T00:00:00.000000000+0000,0.68915,0.69474,0.68881,0.69246
2007-02-15T00:00:00.000000000+0000,0.69248,0.69692,0.69169,0.69256
2007-02-16T00:00:00.000000000+0000,0.69261,0.69801,0.6926,0.69695
2007-02-17T00:00:00.000000000+0000,0.69695,0.69695,0.69695,0.69695
2007-02-18T00:00:00.000000000+0000,0.69685,0.70082,0.69684,0.69976
2007-02-19T00:00:00.000000000+0000,0.69985,0.70259,0.6985,0.69991
2007-02-20T00:00:00.000000000+0000,0.69993,0.70154,0.699,0.70132
2007-02-21T00:00:00.000000000+0000,0.70144,0.70667,0.69875,0.70567
2007-02-22T00:00:00.000000000+0000,0.7057,0.70656,0.70166,0.70402
2007-02-23T00:00:00.000000000+0000,0.70412,0.70709,0.70248,0.70605
2007-02-24T00:00:00.000000000+0000,0.70605,0.70605,0.70605,0.70605
2007-02-25T00:00:00.000000000+0000,0.70602,0.7083,0.70565,0.70818
2007-02-26T00:00:00.000000000+0000,0.70822,0.71197,0.70618,0.70998
2007-02-27T00:00:00.000000000+0000,0.71005,0.71112,0.69667,0.69695
2007-02-28T00:00:00.000000000+0000,0.69705,0.70223,0.69686,0.70062
2007-03-01T00:00:00.000000000+0000,0.70071,0.70292,0.69135,0.69338
2007-03-02T00:00:00.000000000+0000,0.69341,0.69416,0.68467,0.68754
2007-03-03T00:00:00.000000000+0000,0.68754,0.68754,0.68754,0.68754
2007-03-04T00:00:00.000000000+0000,0.68709,0.6885,0.68441,0.68447
2007-03-05T00:00:00.000000000+0000,0.68433,0.68507,0.67168,0.67295
2007-03-06T00:00:00.000000000+0000,0.67311,0.6845,0.673,0.68432
2007-03-07T00:00:00.000000000+0000,0.68452,0.68554,0.67539,0.6771
2007-03-08T00:00:00.000000000+0000,0.67731,0.68748,0.67681,0.6873
2007-03-09T00:00:00.000000000+0000,0.6874,0.69124,0.68667,0.69005
2007-03-10T00:00:00.000000000+0000,0.69005,0.69005,0.69005,0.69005
2007-03-11T00:00:00.000000000+0000,0.69007,0.69371,0.69007,0.69364
2007-03-12T00:00:00.000000000+0000,0.69366,0.69816,0.68908,0.69592
2007-03-13T00:00:00.000000000+0000,0.69594,0.69792,0.68304,0.68483
2007-03-14T00:00:00.000000000+0000,0.68486,0.69421,0.68365,0.6935
2007-03-15T00:00:00.000000000+0000,0.69344,0.69638,0.69072,0.6955
2007-03-16T00:00:00.000000000+0000,0.69561,0.69995,0.69253,0.69708
2007-03-17T00:00:00.000000000+0000,0.69708,0.69708,0.69708,0.69708
2007-03-18T00:00:00.000000000+0000,0.69659,0.69709,0.69521,0.69641
2007-03-19T00:00:00.000000000+0000,0.69655,0.70453,0.69557,0.70323
2007-03-20T00:00:00.000000000+0000,0.70331,0.70652,0.69954,0.70636
2007-03-21T00:00:00.000000000+0000,0.7064,0.71081,0.70323,0.70965
2007-03-22T00:00:00.000000000+0000,0.70974,0.71475,0.70741,0.71102
2007-03-23T00:00:00.000000000+0000,0.71098,0.71557,0.70929,0.70996
2007-03-24T00:00:00.000000000+0000,0.70996,0.70996,0.70996,0.70996
2007-03-25T00:00:00.000000000+0000,0.71089,0.7117,0.70813,0.71015
2007-03-26T00:00:00.000000000+0000,0.71036,0.71771,0.70857,0.7161
2007-03-27T00:00:00.000000000+0000,0.71608,0.71996,0.7155,0.71655
2007-03-28T00:00:00.000000000+0000,0.71644,0.7174,0.70783,0.711
2007-03-29T00:00:00.000000000+0000,0.7111,0.71581,0.70909,0.71344
2007-03-30T00:00:00.000000000+0000,0.71344,0.71833,0.71119,0.71498
2007-03-31T00:00:00.000000000+0000,0.71498,0.71498,0.71498,0.71498
2007-04-01T00:00:00.000000000+0000,0.7153,0.7181,0.71257,0.7145
2007-04-02T00:00:00.000000000+0000,0.7145,0.72395,0.7136,0.7225
2007-04-03T00:00:00.000000000+0000,0.7225,0.7229,0.71655,0.7172
2007-04-04T00:00:00.000000000+0000,0.7172,0.7225,0.71545,0.72115
2007-04-05T00:00:00.000000000+0000,0.72105,0.72525,0.71952,0.72247
2007-04-06T00:00:00.000000000+0000,0.7226,0.72405,0.71953,0.71957
2007-04-07T00:00:00.000000000+0000,0.71957,0.71957,0.71957,0.71957
2007-04-08T00:00:00.000000000+0000,0.72125,0.7224,0.7204,0.721
2007-04-09T00:00:00.000000000+0000,0.72039,0.724,0.71865,0.7207
2007-04-10T00:00:00.000000000+0000,0.7207,0.7313,0.7207,0.72855
2007-04-11T00:00:00.000000000+0000,0.72865,0.7296,0.72575,0.7276
2007-04-12T00:00:00.000000000+0000,0.7276,0.73555,0.7251,0.7343
2007-04-13T00:00:00.000000000+0000,0.7344,0.73828,0.7334,0.73778
2007-04-14T00:00:00.000000000+0000,0.73778,0.73778,0.73778,0.73778
2007-04-15T00:00:00.000000000+0000,0.73778,0.7412,0.73753,0.7405
2007-04-16T00:00:00.000000000+0000,0.7405,0.7411,0.73745,0.7389
2007-04-17T00:00:00.000000000+0000,0.7388,0.7477,0.7374,0.74581
2007-04-18T00:00:00.000000000+0000,0.7462,0.7492,0.7381,0.74675
2007-04-19T00:00:00.000000000+0000,0.7466,0.74675,0.7363,0.7442
2007-04-20T00:00:00.000000000+0000,0.7442,0.74825,0.7422,0.74797
2007-04-21T00:00:00.000000000+0000,0.74797,0.74797,0.74797,0.74797
2007-04-22T00:00:00.000000000+0000,0.74799,0.7482,0.7461,0.74636
2007-04-23T00:00:00.000000000+0000,0.7467,0.74714,0.74215,0.7449
2007-04-24T00:00:00.000000000+0000,0.745,0.746,0.73865,0.7437
2007-04-25T00:00:00.000000000+0000,0.7438,0.748,0.7417,0.744
2007-04-26T00:00:00.000000000+0000,0.7439,0.7484,0.7367,0.7389
2007-04-27T00:00:00.000000000+0000,0.7389,0.7444,0.73495,0.74253
2007-04-28T00:00:00.000000000+0000,0.74253,0.74253,0.74253,0.74253
2007-04-29T00:00:00.000000000+0000,0.74083,0.74083,0.737,0.738
2007-04-30T00:00:00.000000000+0000,0.7381,0.7433,0.737,0.7407
2007-05-01T00:00:00.000000000+0000,0.7407,0.7445,0.73885,0.7396
2007-05-02T00:00:00.000000000+0000,0.7397,0.7402,0.73617,0.7374
2007-05-03T00:00:00.000000000+0000,0.73698,0.7398,0.7341,0.73615
2007-05-04T00:00:00.000000000+0000,0.7362,0.7378,0.73297,0.7361
2007-05-05T00:00:00.000000000+0000,0.7361,0.7361,0.7361,0.7361
2007-05-06T00:00:00.000000000+0000,0.7353,0.7367,0.73435,0.73445
2007-05-07T00:00:00.000000000+0000,0.7345,0.7395,0.73421,0.7368
2007-05-08T00:00:00.000000000+0000,0.7363,0.74,0.7343,0.7348
2007-05-09T00:00:00.000000000+0000,0.7348,0.7369,0.7321,0.733
2007-05-10T00:00:00.000000000+0000,0.733,0.7354,0.725,0.72705
2007-05-11T00:00:00.000000000+0000,0.7271,0.73497,0.7258,0.73477
2007-05-12T00:00:00.000000000+0000,0.73477,0.73477,0.73477,0.73477
2007-05-13T00:00:00.000000000+0000,0.73461,0.7381,0.73262,0.737
2007-05-14T00:00:00.000000000+0000,0.7369,0.74,0.7357,0.7369
2007-05-15T00:00:00.000000000+0000,0.7369,0.7404,0.7294,0.73717
2007-05-16T00:00:00.000000000+0000,0.7375,0.7393,0.7319,0.7334
2007-05-17T00:00:00.000000000+0000,0.7334,0.7341,0.72795,0.729
2007-05-18T00:00:00.000000000+0000,0.7289,0.7318,0.7265,0.73139
2007-05-19T00:00:00.000000000+0000,0.73139,0.73139,0.73139,0.73139
2007-05-20T00:00:00.000000000+0000,0.73134,0.7317,0.7299,0.7305
2007-05-21T00:00:00.000000000+0000,0.7305,0.7316,0.7274,0.7297
2007-05-22T00:00:00.000000000+0000,0.7297,0.7297,0.725,0.7261
2007-05-23T00:00:00.000000000+0000,0.7261,0.7315,0.7245,0.72835
2007-05-24T00:00:00.000000000+0000,0.7284,0.7291,0.72357,0.7243
2007-05-25T00:00:00.000000000+0000,0.7243,0.7282,0.7239,0.72568
2007-05-26T00:00:00.000000000+0000,0.72568,0.72568,0.72568,0.72568
2007-05-27T00:00:00.000000000+0000,0.7255,0.7263,0.72507,0.7256
2007-05-28T00:00:00.000000000+0000,0.72555,0.7275,0.725,0.7263
2007-05-29T00:00:00.000000000+0000,0.7263,0.7299,0.72465,0.7274
2007-05-30T00:00:00.000000000+0000,0.72735,0.73095,0.726,0.7295
2007-05-31T00:00:00.000000000+0000,0.7295,0.738,0.7284,0.7372
2007-06-01T00:00:00.000000000+0000,0.7372,0.74566,0.73695,0.74552
2007-06-02T00:00:00.000000000+0000,0.74552,0.74552,0.74552,0.74552
2007-06-03T00:00:00.000000000+0000,0.74551,0.7457,0.74362,0.744
2007-06-04T00:00:00.000000000+0000,0.744,0.7478,0.74336,0.7468
2007-06-05T00:00:00.000000000+0000,0.7468,0.7543,0.74582,0.7508
2007-06-06T00:00:00.000000000+0000,0.75075,0.7565,0.74835,0.7526
2007-06-07T00:00:00.000000000+0000,0.7526,0.7574,0.748,0.754
2007-06-08T00:00:00.000000000+0000,0.754,0.76436,0.7472,0.76405
2007-06-09T00:00:00.000000000+0000,0.76405,0.76405,0.76405,0.76405
2007-06-10T00:00:00.000000000+0000,0.762,0.7624,0.76051,0.7616
2007-06-11T00:00:00.000000000+0000,0.7616,0.7632,0.74635,0.7511
2007-06-12T00:00:00.000000000+0000,0.751,0.7541,0.7476,0.7483
2007-06-13T00:00:00.000000000+0000,0.7483,0.752,0.74525,0.7483
2007-06-14T00:00:00.000000000+0000,0.7484,0.7526,0.7481,0.7513
2007-06-15T00:00:00.000000000+0000,0.7513,0.75491,0.7501,0.75439
2007-06-16T00:00:00.000000000+0000,0.75439,0.75439,0.75439,0.75439
2007-06-17T00:00:00.000000000+0000,0.7501,0.7533,0.7498,0.7532
2007-06-18T00:00:00.000000000+0000,0.75315,0.7572,0.7517,0.7542
2007-06-19T00:00:00.000000000+0000,0.7542,0.7592,0.75352,0.7584
2007-06-20T00:00:00.000000000+0000,0.7585,0.7633,0.7576,0.7599
2007-06-21T00:00:00.000000000+0000,0.76,0.7658,0.7595,0.7631
2007-06-22T00:00:00.000000000+0000,0.7631,0.7681,0.7601,0.76477
2007-06-23T00:00:00.000000000+0000,0.76477,0.76477,0.76477,0.76477
2007-06-24T00:00:00.000000000+0000,0.76424,0.7669,0.76247,0.76635
2007-06-25T00:00:00.000000000+0000,0.76635,0.7685,0.76316,0.7647
2007-06-26T00:00:00.000000000+0000,0.7647,0.7691,0.7635,0.765
2007-06-27T00:00:00.000000000+0000,0.7649,0.7662,0.757,0.76355
2007-06-28T00:00:00.000000000+0000,0.7636,0.7711,0.76223,0.7682
2007-06-29T00:00:00.000000000+0000,0.7682,0.7739,0.76782,0.7713
2007-06-30T00:00:00.000000000+0000,0.7713,0.7713,0.7713,0.7713
2007-07-01T00:00:00.000000000+0000,0.77191,0.7746,0.77154,0.7726
2007-07-02T00:00:00.000000000+0000,0.7727,0.7834,0.77247,0.7803
2007-07-03T00:00:00.000000000+0000,0.7803,0.784,0.77954,0.7809
2007-07-04T00:00:00.000000000+0000,0.7809,0.78305,0.78016,0.7815
2007-07-05T00:00:00.000000000+0000,0.78114,0.788,0.78047,0.782
2007-07-06T00:00:00.000000000+0000,0.782,0.7865,0.7796,0.78217
2007-07-07T00:00:00.000000000+0000,0.78217,0.78217,0.78217,0.78217
2007-07-08T00:00:00.000000000+0000,0.78192,0.7828,0.7813,0.7818
2007-07-09T00:00:00.000000000+0000,0.7818,0.7831,0.77755,0.7792
2007-07-10T00:00:00.000000000+0000,0.7792,0.7811,0.7714,0.77685
2007-07-11T00:00:00.000000000+0000,0.7769,0.7838,0.77315,0.7815
2007-07-12T00:00:00.000000000+0000,0.7815,0.7878,0.77879,0.78715
2007-07-13T00:00:00.000000000+0000,0.78715,0.7875,0.7814,0.78584
2007-07-14T00:00:00.000000000+0000,0.78584,0.78584,0.78584,0.78584
2007-07-15T00:00:00.000000000+0000,0.78602,0.7892,0.78486,0.7876
2007-07-16T00:00:00.000000000+0000,0.7876,0.7939,0.7857,0.7925
2007-07-17T00:00:00.000000000+0000,0.7925,0.7931,0.7882,0.7901
2007-07-18T00:00:00.000000000+0000,0.7901,0.7945,0.78943,0.79275
2007-07-19T00:00:00.000000000+0000,0.79255,0.7937,0.79059,0.7933
2007-07-20T00:00:00.000000000+0000,0.7932,0.799,0.7927,0.79676
2007-07-21T00:00:00.000000000+0000,0.79676,0.79676,0.79676,0.79676
2007-07-22T00:00:00.000000000+0000,0.7979,0.7982,0.79536,0.798
2007-07-23T00:00:00.000000000+0000,0.798,0.807,0.7959,0.80535
2007-07-24T00:00:00.000000000+0000,0.8054,0.8108,0.8031,0.8041
2007-07-25T00:00:00.000000000+0000,0.8041,0.808,0.7987,0.80135
2007-07-26T00:00:00.000000000+0000,0.8014,0.8019,0.77795,0.7834
2007-07-27T00:00:00.000000000+0000,0.7834,0.7873,0.7628,0.76601
2007-07-28T00:00:00.000000000+0000,0.76601,0.76601,0.76601,0.76601
2007-07-29T00:00:00.000000000+0000,0.76532,0.76532,0.7558,0.7622
2007-07-30T00:00:00.000000000+0000,0.7621,0.7721,0.7552,0.772
2007-07-31T00:00:00.000000000+0000,0.772,0.7731,0.75935,0.7622
2007-08-01T00:00:00.000000000+0000,0.7622,0.7677,0.7529,0.76425
2007-08-02T00:00:00.000000000+0000,0.7642,0.7714,0.7602,0.7675
2007-08-03T00:00:00.000000000+0000,0.7675,0.7687,0.75936,0.76037
2007-08-04T00:00:00.000000000+0000,0.76037,0.76037,0.76037,0.76037
2007-08-05T00:00:00.000000000+0000,0.75964,0.75964,0.7554,0.7584
2007-08-06T00:00:00.000000000+0000,0.7584,0.7661,0.75645,0.7651
2007-08-07T00:00:00.000000000+0000,0.7651,0.7652,0.7553,0.7635
2007-08-08T00:00:00.000000000+0000,0.7634,0.7702,0.7589,0.769
2007-08-09T00:00:00.000000000+0000,0.769,0.7701,0.7473,0.74885
2007-08-10T00:00:00.000000000+0000,0.7489,0.7492,0.7399,0.74621
2007-08-11T00:00:00.000000000+0000,0.74621,0.74621,0.74621,0.74621
2007-08-12T00:00:00.000000000+0000,0.74669,0.74742,0.7434,0.74425
2007-08-13T00:00:00.000000000+0000,0.74425,0.7472,0.7327,0.7339
2007-08-14T00:00:00.000000000+0000,0.7339,0.7345,0.7251,0.7254
2007-08-15T00:00:00.000000000+0000,0.7254,0.7258,0.7028,0.7037
2007-08-16T00:00:00.000000000+0000,0.70365,0.70425,0.671,0.689
2007-08-17T00:00:00.000000000+0000,0.6895,0.6983,0.6639,0.69654
2007-08-18T00:00:00.000000000+0000,0.69654,0.69654,0.69654,0.69654
2007-08-19T00:00:00.000000000+0000,0.6952,0.6984,0.6918,0.6921
2007-08-20T00:00:00.000000000+0000,0.6921,0.7026,0.6824,0.6978
2007-08-21T00:00:00.000000000+0000,0.6978,0.7021,0.6917,0.6951
2007-08-22T00:00:00.000000000+0000,0.6951,0.71,0.6884,0.7092
2007-08-23T00:00:00.000000000+0000,0.7092,0.718,0.7074,0.7142
2007-08-24T00:00:00.000000000+0000,0.7142,0.72173,0.7085,0.72104
2007-08-25T00:00:00.000000000+0000,0.72104,0.72104,0.72104,0.72104
2007-08-26T00:00:00.000000000+0000,0.72325,0.7271,0.7218,0.7264
2007-08-27T00:00:00.000000000+0000,0.7265,0.7272,0.71295,0.71345
2007-08-28T00:00:00.000000000+0000,0.7135,0.7149,0.6899,0.6915
2007-08-29T00:00:00.000000000+0000,0.6915,0.7106,0.6867,0.7038
2007-08-30T00:00:00.000000000+0000,0.7038,0.7072,0.698,0.703
2007-08-31T00:00:00.000000000+0000,0.703,0.71,0.6987,0.70342
2007-09-01T00:00:00.000000000+0000,0.70342,0.70342,0.70342,0.70342
2007-09-02T00:00:00.000000000+0000,0.70324,0.7036,0.69895,0.7025
2007-09-03T00:00:00.000000000+0000,0.7025,0.7063,0.7002,0.7002
2007-09-04T00:00:00.000000000+0000,0.7001,0.7047,0.69395,0.6973
2007-09-05T00:00:00.000000000+0000,0.6973,0.6974,0.6832,0.6849
2007-09-06T00:00:00.000000000+0000,0.6849,0.6936,0.6845,0.6909
2007-09-07T00:00:00.000000000+0000,0.6909,0.6938,0.6858,0.69107
2007-09-08T00:00:00.000000000+0000,0.69107,0.69107,0.69107,0.69107
2007-09-09T00:00:00.000000000+0000,0.68932,0.68937,0.685,0.686
2007-09-10T00:00:00.000000000+0000,0.686,0.6987,0.6823,0.69425
2007-09-11T00:00:00.000000000+0000,0.6943,0.7069,0.69198,0.7063
2007-09-12T00:00:00.000000000+0000,0.7064,0.7159,0.70409,0.7092
2007-09-13T00:00:00.000000000+0000,0.7092,0.7185,0.7063,0.7094
2007-09-14T00:00:00.000000000+0000,0.70945,0.7157,0.7092,0.7127
2007-09-15T00:00:00.000000000+0000,0.7127,0.7127,0.7127,0.7127
2007-09-16T00:00:00.000000000+0000,0.71274,0.7142,0.7114,0.71195
2007-09-17T00:00:00.000000000+0000,0.71195,0.7151,0.7027,0.70612
2007-09-18T00:00:00.000000000+0000,0.70623,0.7285,0.7003,0.72335
2007-09-19T00:00:00.000000000+0000,0.7234,0.7373,0.723,0.7364
2007-09-20T00:00:00.000000000+0000,0.7364,0.745,0.73235,0.74355
2007-09-21T00:00:00.000000000+0000,0.7436,0.7467,0.7386,0.74223
2007-09-22T00:00:00.000000000+0000,0.74223,0.74223,0.74223,0.74223
2007-09-23T00:00:00.000000000+0000,0.74244,0.7446,0.7424,0.7431
2007-09-24T00:00:00.000000000+0000,0.74305,0.7486,0.742,0.7442
2007-09-25T00:00:00.000000000+0000,0.7442,0.74625,0.73045,0.7428
2007-09-26T00:00:00.000000000+0000,0.7428,0.7457,0.74035,0.7442
2007-09-27T00:00:00.000000000+0000,0.7442,0.7542,0.7437,0.7532
2007-09-28T00:00:00.000000000+0000,0.7532,0.7587,0.753,0.75729
2007-09-29T00:00:00.000000000+0000,0.75729,0.75729,0.75729,0.75729
2007-09-30T00:00:00.000000000+0000,0.75924,0.76059,0.7581,0.7603
2007-10-01T00:00:00.000000000+0000,0.7603,0.7668,0.7582,0.7649
2007-10-02T00:00:00.000000000+0000,0.7649,0.7664,0.754,0.75785
2007-10-03T00:00:00.000000000+0000,0.7578,0.7635,0.7507,0.75395
2007-10-04T00:00:00.000000000+0000,0.754,0.7569,0.7501,0.75525
2007-10-05T00:00:00.000000000+0000,0.75525,0.7633,0.7525,0.7611
2007-10-06T00:00:00.000000000+0000,0.7611,0.7611,0.7611,0.7611
2007-10-07T00:00:00.000000000+0000,0.76132,0.7649,0.76132,0.7642
2007-10-08T00:00:00.000000000+0000,0.7642,0.7673,0.76015,0.76235
2007-10-09T00:00:00.000000000+0000,0.7624,0.7662,0.7583,0.7633
2007-10-10T00:00:00.000000000+0000,0.7633,0.7647,0.75925,0.7624
2007-10-11T00:00:00.000000000+0000,0.7624,0.7747,0.76189,0.772
2007-10-12T00:00:00.000000000+0000,0.772,0.7768,0.7673,0.77627
2007-10-13T00:00:00.000000000+0000,0.77627,0.77627,0.77627,0.77627
2007-10-14T00:00:00.000000000+0000,0.77621,0.7785,0.77165,0.7734
2007-10-15T00:00:00.000000000+0000,0.7734,0.7739,0.7591,0.7624
2007-10-16T00:00:00.000000000+0000,0.7624,0.7645,0.7394,0.74965
2007-10-17T00:00:00.000000000+0000,0.74965,0.7556,0.7409,0.7495
2007-10-18T00:00:00.000000000+0000,0.74945,0.75585,0.746,0.7529
2007-10-19T00:00:00.000000000+0000,0.7529,0.7579,0.74345,0.74885
2007-10-20T00:00:00.000000000+0000,0.74885,0.74885,0.74885,0.74885
2007-10-21T00:00:00.000000000+0000,0.7454,0.7463,0.7385,0.7406
2007-10-22T00:00:00.000000000+0000,0.7406,0.7497,0.73645,0.7477
2007-10-23T00:00:00.000000000+0000,0.7477,0.75885,0.74655,0.75565
2007-10-24T00:00:00.000000000+0000,0.7557,0.7602,0.7467,0.754
2007-10-25T00:00:00.000000000+0000,0.754,0.7625,0.75225,0.7616
2007-10-26T00:00:00.000000000+0000,0.7616,0.7675,0.76135,0.76562
2007-10-27T00:00:00.000000000+0000,0.76562,0.76562,0.76562,0.76562
2007-10-28T00:00:00.000000000+0000,0.76734,0.7703,0.76629,0.7692
2007-10-29T00:00:00.000000000+0000,0.7692,0.77385,0.76695,0.7704
2007-10-30T00:00:00.000000000+0000,0.7704,0.77135,0.7622,0.7657
2007-10-31T00:00:00.000000000+0000,0.7657,0.7738,0.7637,0.77205
2007-11-01T00:00:00.000000000+0000,0.77205,0.7737,0.7569,0.759
2007-11-02T00:00:00.000000000+0000,0.759,0.76816,0.75885,0.76727
2007-11-03T00:00:00.000000000+0000,0.76727,0.76727,0.76727,0.76727
2007-11-04T00:00:00.000000000+0000,0.76715,0.76719,0.76263,0.76325
2007-11-05T00:00:00.000000000+0000,0.76325,0.7721,0.7619,0.7706
2007-11-06T00:00:00.000000000+0000,0.7706,0.7832,0.77025,0.7824
2007-11-07T00:00:00.000000000+0000,0.7824,0.78915,0.76595,0.76865
2007-11-08T00:00:00.000000000+0000,0.76865,0.78095,0.7665,0.77635
2007-11-09T00:00:00.000000000+0000,0.77635,0.78185,0.76205,0.76365
2007-11-10T00:00:00.000000000+0000,0.76365,0.76365,0.76365,0.76365
2007-11-11T00:00:00.000000000+0000,0.76366,0.76375,0.7541,0.7604
2007-11-12T00:00:00.000000000+0000,0.7605,0.76225,0.74335,0.7471
2007-11-13T00:00:00.000000000+0000,0.7471,0.76385,0.74595,0.76185
2007-11-14T00:00:00.000000000+0000,0.7618,0.76755,0.75515,0.7607
2007-11-15T00:00:00.000000000+0000,0.7607,0.76615,0.75265,0.75605
2007-11-16T00:00:00.000000000+0000,0.75615,0.76215,0.75215,0.75707
2007-11-17T00:00:00.000000000+0000,0.75707,0.75707,0.75707,0.75707
2007-11-18T00:00:00.000000000+0000,0.75892,0.7604,0.7572,0.759
2007-11-19T00:00:00.000000000+0000,0.759,0.7619,0.7497,0.75195
2007-11-20T00:00:00.000000000+0000,0.752,0.7666,0.7489,0.7628
2007-11-21T00:00:00.000000000+0000,0.76285,0.76385,0.74555,0.75115
2007-11-22T00:00:00.000000000+0000,0.75115,0.7579,0.74875,0.7525
2007-11-23T00:00:00.000000000+0000,0.7525,0.75945,0.75035,0.75826
2007-11-24T00:00:00.000000000+0000,0.75826,0.75826,0.75826,0.75826
2007-11-25T00:00:00.000000000+0000,0.75856,0.7623,0.7574,0.76115
2007-11-26T00:00:00.000000000+0000,0.76115,0.7629,0.7486,0.7523
2007-11-27T00:00:00.000000000+0000,0.7523,0.763,0.7515,0.7593
2007-11-28T00:00:00.000000000+0000,0.7593,0.77595,0.7564,0.77035
2007-11-29T00:00:00.000000000+0000,0.77035,0.7745,0.76745,0.77075
2007-11-30T00:00:00.000000000+0000,0.77075,0.77515,0.75935,0.7637
2007-12-01T00:00:00.000000000+0000,0.7637,0.7637,0.7637,0.7637
2007-12-02T00:00:00.000000000+0000,0.76367,0.7648,0.76119,0.7639
2007-12-03T00:00:00.000000000+0000,0.764,0.7682,0.7606,0.7644
2007-12-04T00:00:00.000000000+0000,0.7644,0.7655,0.75955,0.7618
2007-12-05T00:00:00.000000000+0000,0.7618,0.77305,0.75765,0.7712
2007-12-06T00:00:00.000000000+0000,0.77115,0.77815,0.7681,0.77695
2007-12-07T00:00:00.000000000+0000,0.77695,0.78165,0.7744,0.77616
2007-12-08T00:00:00.000000000+0000,0.77616,0.77616,0.77616,0.77616
2007-12-09T00:00:00.000000000+0000,0.77621,0.77626,0.77225,0.77435
2007-12-10T00:00:00.000000000+0000,0.77401,0.7834,0.77164,0.7815
2007-12-11T00:00:00.000000000+0000,0.78165,0.78565,0.7713,0.7771
2007-12-12T00:00:00.000000000+0000,0.77705,0.7937,0.7763,0.7864
2007-12-13T00:00:00.000000000+0000,0.78635,0.7873,0.77785,0.7813
2007-12-14T00:00:00.000000000+0000,0.7812,0.7854,0.76429,0.76455
2007-12-15T00:00:00.000000000+0000,0.76455,0.76455,0.76455,0.76455
2007-12-16T00:00:00.000000000+0000,0.765,0.7694,0.76439,0.7682
2007-12-17T00:00:00.000000000+0000,0.7682,0.7687,0.7518,0.7528
2007-12-18T00:00:00.000000000+0000,0.7528,0.75865,0.7505,0.7552
2007-12-19T00:00:00.000000000+0000,0.75525,0.7588,0.7527,0.7543
2007-12-20T00:00:00.000000000+0000,0.75425,0.76345,0.75345,0.76105
2007-12-21T00:00:00.000000000+0000,0.761,0.76765,0.7599,0.76278
2007-12-22T00:00:00.000000000+0000,0.76278,0.76278,0.76278,0.76278
2007-12-23T00:00:00.000000000+0000,0.76284,0.76585,0.76255,0.7643
2007-12-24T00:00:00.000000000+0000,0.7642,0.7674,0.76189,0.76612
2007-12-25T00:00:00.000000000+0000,0.76629,0.76718,0.76361,0.76501
2007-12-26T00:00:00.000000000+0000,0.76509,0.7696,0.76324,0.76765
2007-12-27T00:00:00.000000000+0000,0.76737,0.77265,0.7661,0.7721
2007-12-28T00:00:00.000000000+0000,0.7721,0.77502,0.76841,0.77431
2007-12-29T00:00:00.000000000+0000,0.77431,0.77431,0.77431,0.77431
2007-12-30T00:00:00.000000000+0000,0.7742,0.7755,0.77263,0.7753
2007-12-31T00:00:00.000000000+0000,0.7752,0.77885,0.76431,0.76541
2008-01-01T00:00:00.000000000+0000,0.76538,0.76895,0.76301,0.7682
2008-01-02T00:00:00.000000000+0000,0.7682,0.7757,0.76727,0.77465
2008-01-03T00:00:00.000000000+0000,0.7747,0.7788,0.76915,0.7725
2008-01-04T00:00:00.000000000+0000,0.7725,0.77495,0.76444,0.7657
2008-01-05T00:00:00.000000000+0000,0.7657,0.7657,0.7657,0.7657
2008-01-06T00:00:00.000000000+0000,0.76567,0.768,0.76485,0.7679
2008-01-07T00:00:00.000000000+0000,0.7678,0.77035,0.7611,0.7677
2008-01-08T00:00:00.000000000+0000,0.7677,0.7731,0.7669,0.7684
2008-01-09T00:00:00.000000000+0000,0.7684,0.7749,0.7671,0.7736
2008-01-10T00:00:00.000000000+0000,0.7736,0.7868,0.7725,0.7856
2008-01-11T00:00:00.000000000+0000,0.7856,0.7879,0.78095,0.78199
2008-01-12T00:00:00.000000000+0000,0.78199,0.78199,0.78199,0.78199
2008-01-13T00:00:00.000000000+0000,0.7819,0.7836,0.77908,0.7836
2008-01-14T00:00:00.000000000+0000,0.7836,0.7914,0.783,0.78855
2008-01-15T00:00:00.000000000+0000,0.78855,0.7932,0.7729,0.7777
2008-01-16T00:00:00.000000000+0000,0.7777,0.78075,0.7641,0.7683
2008-01-17T00:00:00.000000000+0000,0.7683,0.77615,0.76235,0.7628
2008-01-18T00:00:00.000000000+0000,0.7628,0.76865,0.75605,0.7594
2008-01-19T00:00:00.000000000+0000,0.7594,0.7594,0.7594,0.7594
2008-01-20T00:00:00.000000000+0000,0.75962,0.7616,0.75784,0.7611
2008-01-21T00:00:00.000000000+0000,0.7611,0.76115,0.7399,0.7406
2008-01-22T00:00:00.000000000+0000,0.7406,0.76755,0.7385,0.7657
2008-01-23T00:00:00.000000000+0000,0.7657,0.76885,0.75455,0.76345
2008-01-24T00:00:00.000000000+0000,0.76345,0.7749,0.7614,0.7742
2008-01-25T00:00:00.000000000+0000,0.7742,0.7744,0.7661,0.76725
2008-01-26T00:00:00.000000000+0000,0.76725,0.76725,0.76725,0.76725
2008-01-27T00:00:00.000000000+0000,0.76752,0.7705,0.76649,0.7698
2008-01-28T00:00:00.000000000+0000,0.7698,0.7786,0.7665,0.77765
2008-01-29T00:00:00.000000000+0000,0.7778,0.77955,0.7751,0.7773
2008-01-30T00:00:00.000000000+0000,0.7773,0.7915,0.775,0.7771
2008-01-31T00:00:00.000000000+0000,0.7771,0.78975,0.7771,0.78685
2008-02-01T00:00:00.000000000+0000,0.78685,0.796,0.78575,0.79437
2008-02-02T00:00:00.000000000+0000,0.79437,0.79437,0.79437,0.79437
2008-02-03T00:00:00.000000000+0000,0.79411,0.79428,0.79048,0.7916
2008-02-04T00:00:00.000000000+0000,0.7916,0.79665,0.7897,0.7926
2008-02-05T00:00:00.000000000+0000,0.7926,0.7945,0.778,0.7815
2008-02-06T00:00:00.000000000+0000,0.78145,0.7891,0.7789,0.78425
2008-02-07T00:00:00.000000000+0000,0.78425,0.7927,0.7824,0.78625
2008-02-08T00:00:00.000000000+0000,0.78625,0.7913,0.7836,0.78775
2008-02-09T00:00:00.000000000+0000,0.78775,0.78775,0.78775,0.78775
2008-02-10T00:00:00.000000000+0000,0.78732,0.78865,0.78586,0.78805
2008-02-11T00:00:00.000000000+0000,0.78805,0.79135,0.78685,0.7875
2008-02-12T00:00:00.000000000+0000,0.7875,0.7956,0.7862,0.7889
2008-02-13T00:00:00.000000000+0000,0.7888,0.7907,0.7812,0.78445
2008-02-14T00:00:00.000000000+0000,0.78445,0.79185,0.7835,0.78655
2008-02-15T00:00:00.000000000+0000,0.78655,0.7915,0.78425,0.78965
2008-02-16T00:00:00.000000000+0000,0.78965,0.78965,0.78965,0.78965
2008-02-17T00:00:00.000000000+0000,0.78966,0.79125,0.78802,0.7907
2008-02-18T00:00:00.000000000+0000,0.7907,0.7977,0.78965,0.79625
2008-02-19T00:00:00.000000000+0000,0.79625,0.8023,0.7953,0.79855
2008-02-20T00:00:00.000000000+0000,0.79855,0.7989,0.7902,0.7986
2008-02-21T00:00:00.000000000+0000,0.7986,0.8017,0.7971,0.8004
2008-02-22T00:00:00.000000000+0000,0.8004,0.8098,0.79955,0.80815
2008-02-23T00:00:00.000000000+0000,0.80815,0.80815,0.80815,0.80815
2008-02-24T00:00:00.000000000+0000,0.80818,0.80843,0.80575,0.80645
2008-02-25T00:00:00.000000000+0000,0.80645,0.81395,0.806,0.81365
2008-02-26T00:00:00.000000000+0000,0.81365,0.8183,0.8066,0.8165
2008-02-27T00:00:00.000000000+0000,0.8165,0.8213,0.8125,0.8153
2008-02-28T00:00:00.000000000+0000,0.8153,0.8184,0.8105,0.81335
2008-02-29T00:00:00.000000000+0000,0.81335,0.81685,0.797,0.79821
2008-03-01T00:00:00.000000000+0000,0.79821,0.79821,0.79821,0.79821
2008-03-02T00:00:00.000000000+0000,0.79841,0.8002,0.7925,0.7953
2008-03-03T00:00:00.000000000+0000,0.7953,0.8082,0.79206,0.8062
2008-03-04T00:00:00.000000000+0000,0.80615,0.80625,0.79566,0.79945
2008-03-05T00:00:00.000000000+0000,0.79945,0.805,0.79215,0.8028
2008-03-06T00:00:00.000000000+0000,0.8028,0.8046,0.79415,0.7971
2008-03-07T00:00:00.000000000+0000,0.7971,0.80145,0.79055,0.79312
2008-03-08T00:00:00.000000000+0000,0.79312,0.79312,0.79312,0.79312
2008-03-09T00:00:00.000000000+0000,0.79301,0.7936,0.79094,0.7936
2008-03-10T00:00:00.000000000+0000,0.7936,0.7961,0.7875,0.7883
2008-03-11T00:00:00.000000000+0000,0.7883,0.8052,0.7874,0.80155
2008-03-12T00:00:00.000000000+0000,0.8014,0.80885,0.7996,0.80665
2008-03-13T00:00:00.000000000+0000,0.80665,0.81853,0.801,0.8165
2008-03-14T00:00:00.000000000+0000,0.8165,0.8214,0.8112,0.81363
2008-03-15T00:00:00.000000000+0000,0.81363,0.81363,0.81363,0.81363
2008-03-16T00:00:00.000000000+0000,0.81268,0.8177,0.8099,0.8163
2008-03-17T00:00:00.000000000+0000,0.8163,0.8199,0.7919,0.8005
2008-03-18T00:00:00.000000000+0000,0.8007,0.8148,0.798,0.80985
2008-03-19T00:00:00.000000000+0000,0.80985,0.8173,0.7969,0.7994
2008-03-20T00:00:00.000000000+0000,0.7994,0.8044,0.78645,0.7921
2008-03-21T00:00:00.000000000+0000,0.7921,0.7954,0.7895,0.79191
2008-03-22T00:00:00.000000000+0000,0.79191,0.79191,0.79191,0.79191
2008-03-23T00:00:00.000000000+0000,0.79136,0.79152,0.789,0.7901
2008-03-24T00:00:00.000000000+0000,0.7901,0.8017,0.78815,0.8015
2008-03-25T00:00:00.000000000+0000,0.8015,0.80855,0.7992,0.80575
2008-03-26T00:00:00.000000000+0000,0.8057,0.8101,0.7987,0.80375
2008-03-27T00:00:00.000000000+0000,0.80375,0.8067,0.7999,0.8059
2008-03-28T00:00:00.000000000+0000,0.8059,0.806,0.794,0.79575
2008-03-29T00:00:00.000000000+0000,0.79575,0.79575,0.79575,0.79575
2008-03-30T00:00:00.000000000+0000,0.79577,0.79603,0.7891,0.79095
2008-03-31T00:00:00.000000000+0000,0.79095,0.79455,0.7834,0.78455
2008-04-01T00:00:00.000000000+0000,0.78455,0.78785,0.7781,0.7867
2008-04-02T00:00:00.000000000+0000,0.7867,0.7926,0.784,0.7888
2008-04-03T00:00:00.000000000+0000,0.7888,0.7909,0.7809,0.7851
2008-04-04T00:00:00.000000000+0000,0.7851,0.78991,0.7812,0.78925
2008-04-05T00:00:00.000000000+0000,0.78925,0.78925,0.78925,0.78925
2008-04-06T00:00:00.000000000+0000,0.78893,0.7894,0.7879,0.7881
2008-04-07T00:00:00.000000000+0000,0.7881,0.79875,0.7865,0.7966
2008-04-08T00:00:00.000000000+0000,0.7966,0.8004,0.79175,0.79775
2008-04-09T00:00:00.000000000+0000,0.79775,0.7988,0.793,0.7966
2008-04-10T00:00:00.000000000+0000,0.7966,0.8024,0.7963,0.7987
2008-04-11T00:00:00.000000000+0000,0.7987,0.8009,0.79238,0.79302
2008-04-12T00:00:00.000000000+0000,0.79302,0.79302,0.79302,0.79302
2008-04-13T00:00:00.000000000+0000,0.79212,0.79212,0.7865,0.7875
2008-04-14T00:00:00.000000000+0000,0.7875,0.7931,0.7853,0.7898
2008-04-15T00:00:00.000000000+0000,0.7898,0.7945,0.7826,0.7849
2008-04-16T00:00:00.000000000+0000,0.7849,0.7929,0.7831,0.7912
2008-04-17T00:00:00.000000000+0000,0.7912,0.7933,0.785,0.7905
2008-04-18T00:00:00.000000000+0000,0.79055,0.7939,0.785,0.79043
2008-04-19T00:00:00.000000000+0000,0.79043,0.79043,0.79043,0.79043
2008-04-20T00:00:00.000000000+0000,0.78973,0.7915,0.78872,0.7907
2008-04-21T00:00:00.000000000+0000,0.7907,0.797,0.7894,0.7953
2008-04-22T00:00:00.000000000+0000,0.7953,0.79855,0.7901,0.7974
2008-04-23T00:00:00.000000000+0000,0.7974,0.80315,0.7928,0.79365
2008-04-24T00:00:00.000000000+0000,0.79365,0.79455,0.7856,0.7859
2008-04-25T00:00:00.000000000+0000,0.7859,0.7884,0.7782,0.78112
2008-04-26T00:00:00.000000000+0000,0.78112,0.78112,0.78112,0.78112
2008-04-27T00:00:00.000000000+0000,0.78175,0.7843,0.78172,0.7833
2008-04-28T00:00:00.000000000+0000,0.78296,0.7878,0.7821,0.7827
2008-04-29T00:00:00.000000000+0000,0.7827,0.7832,0.7725,0.7735
2008-04-30T00:00:00.000000000+0000,0.7735,0.7852,0.7726,0.78169
2008-05-01T00:00:00.000000000+0000,0.7817,0.7838,0.77375,0.7772
2008-05-02T00:00:00.000000000+0000,0.7773,0.78415,0.7753,0.78065
2008-05-03T00:00:00.000000000+0000,0.78065,0.78065,0.78065,0.78065
2008-05-04T00:00:00.000000000+0000,0.78125,0.78125,0.77869,0.7797
2008-05-05T00:00:00.000000000+0000,0.7797,0.7865,0.77953,0.7853
2008-05-06T00:00:00.000000000+0000,0.7853,0.79355,0.78465,0.78975
2008-05-07T00:00:00.000000000+0000,0.78975,0.7906,0.7715,0.7718
2008-05-08T00:00:00.000000000+0000,0.7718,0.7752,0.7689,0.772
2008-05-09T00:00:00.000000000+0000,0.772,0.77465,0.765,0.76813
2008-05-10T00:00:00.000000000+0000,0.76813,0.76813,0.76813,0.76813
2008-05-11T00:00:00.000000000+0000,0.76746,0.7678,0.76503,0.7654
2008-05-12T00:00:00.000000000+0000,0.7654,0.7726,0.7628,0.7689
2008-05-13T00:00:00.000000000+0000,0.7688,0.77095,0.76251,0.7632
2008-05-14T00:00:00.000000000+0000,0.7632,0.7643,0.7553,0.7564
2008-05-15T00:00:00.000000000+0000,0.7564,0.7642,0.75365,0.763
2008-05-16T00:00:00.000000000+0000,0.763,0.77484,0.76179,0.7724
2008-05-17T00:00:00.000000000+0000,0.7724,0.7724,0.7724,0.7724
2008-05-18T00:00:00.000000000+0000,0.77341,0.77486,0.77115,0.77143
2008-05-19T00:00:00.000000000+0000,0.7718,0.7773,0.77042,0.7733
2008-05-20T00:00:00.000000000+0000,0.7733,0.77715,0.77106,0.774
2008-05-21T00:00:00.000000000+0000,0.774,0.78075,0.77255,0.7775
2008-05-22T00:00:00.000000000+0000,0.7775,0.7895,0.77585,0.7849
2008-05-23T00:00:00.000000000+0000,0.7849,0.7902,0.7823,0.78494
2008-05-24T00:00:00.000000000+0000,0.78494,0.78494,0.78494,0.78494
2008-05-25T00:00:00.000000000+0000,0.78542,0.78556,0.7827,0.7849
2008-05-26T00:00:00.000000000+0000,0.7849,0.7878,0.78455,0.7873
2008-05-27T00:00:00.000000000+0000,0.7873,0.7921,0.786,0.7879
2008-05-28T00:00:00.000000000+0000,0.7879,0.7903,0.7832,0.7865
2008-05-29T00:00:00.000000000+0000,0.7865,0.7867,0.77675,0.78
2008-05-30T00:00:00.000000000+0000,0.78,0.7846,0.7787,0.78406
2008-05-31T00:00:00.000000000+0000,0.78406,0.78406,0.78406,0.78406
2008-06-01T00:00:00.000000000+0000,0.78402,0.78416,0.78201,0.7836
2008-06-02T00:00:00.000000000+0000,0.7836,0.7866,0.7818,0.7843
2008-06-03T00:00:00.000000000+0000,0.7842,0.7891,0.7793,0.7798
2008-06-04T00:00:00.000000000+0000,0.7799,0.78405,0.7681,0.7692
2008-06-05T00:00:00.000000000+0000,0.7692,0.7702,0.7614,0.7658
2008-06-06T00:00:00.000000000+0000,0.7657,0.76965,0.76295,0.76737
2008-06-07T00:00:00.000000000+0000,0.76737,0.76737,0.76737,0.76737
2008-06-08T00:00:00.000000000+0000,0.76796,0.76897,0.76688,0.7681
2008-06-09T00:00:00.000000000+0000,0.7681,0.7703,0.7572,0.7591
2008-06-10T00:00:00.000000000+0000,0.7591,0.7592,0.75,0.7532
2008-06-11T00:00:00.000000000+0000,0.75315,0.7579,0.75241,0.7553
2008-06-12T00:00:00.000000000+0000,0.7553,0.7555,0.748,0.74985
2008-06-13T00:00:00.000000000+0000,0.74975,0.7514,0.7446,0.74881
2008-06-14T00:00:00.000000000+0000,0.74881,0.74881,0.74881,0.74881
2008-06-15T00:00:00.000000000+0000,0.74951,0.7519,0.74944,0.7504
2008-06-16T00:00:00.000000000+0000,0.7505,0.7543,0.7485,0.7534
2008-06-17T00:00:00.000000000+0000,0.7534,0.7572,0.7511,0.7563
2008-06-18T00:00:00.000000000+0000,0.7563,0.7597,0.7535,0.7581
2008-06-19T00:00:00.000000000+0000,0.758,0.7632,0.7567,0.7605
2008-06-20T00:00:00.000000000+0000,0.7605,0.7646,0.75996,0.76023
2008-06-21T00:00:00.000000000+0000,0.76023,0.76023,0.76023,0.76023
2008-06-22T00:00:00.000000000+0000,0.76085,0.7637,0.75994,0.7625
2008-06-23T00:00:00.000000000+0000,0.7626,0.76329,0.7558,0.75725
2008-06-24T00:00:00.000000000+0000,0.75725,0.7597,0.7552,0.7595
2008-06-25T00:00:00.000000000+0000,0.7595,0.7601,0.75435,0.7566
2008-06-26T00:00:00.000000000+0000,0.7566,0.7586,0.7532,0.75455
2008-06-27T00:00:00.000000000+0000,0.75455,0.7633,0.7538,0.76045
2008-06-28T00:00:00.000000000+0000,0.76045,0.76045,0.76045,0.76045
2008-06-29T00:00:00.000000000+0000,0.7609,0.763,0.7601,0.7625
2008-06-30T00:00:00.000000000+0000,0.7625,0.76625,0.7589,0.7619
2008-07-01T00:00:00.000000000+0000,0.7619,0.7627,0.75547,0.7577
2008-07-02T00:00:00.000000000+0000,0.7577,0.7616,0.75625,0.76
2008-07-03T00:00:00.000000000+0000,0.76,0.761,0.75435,0.75465
2008-07-04T00:00:00.000000000+0000,0.75465,0.7603,0.7541,0.75998
2008-07-05T00:00:00.000000000+0000,0.75998,0.75998,0.75998,0.75998
2008-07-06T00:00:00.000000000+0000,0.75905,0.75974,0.7578,0.7587
2008-07-07T00:00:00.000000000+0000,0.75843,0.75915,0.7502,0.7526
2008-07-08T00:00:00.000000000+0000,0.7526,0.7538,0.74831,0.75255
2008-07-09T00:00:00.000000000+0000,0.75255,0.7619,0.7515,0.7569
2008-07-10T00:00:00.000000000+0000,0.7569,0.7618,0.75395,0.75848
2008-07-11T00:00:00.000000000+0000,0.75845,0.7648,0.75695,0.76068
2008-07-12T00:00:00.000000000+0000,0.76068,0.76068,0.76068,0.76068
2008-07-13T00:00:00.000000000+0000,0.76147,0.7622,0.7559,0.7596
2008-07-14T00:00:00.000000000+0000,0.7596,0.7664,0.75844,0.7633
2008-07-15T00:00:00.000000000+0000,0.7633,0.7761,0.76303,0.77165
2008-07-16T00:00:00.000000000+0000,0.77165,0.7736,0.76825,0.77085
2008-07-17T00:00:00.000000000+0000,0.7709,0.77265,0.7587,0.76345
2008-07-18T00:00:00.000000000+0000,0.7635,0.76605,0.76024,0.76262
2008-07-19T00:00:00.000000000+0000,0.76262,0.76262,0.76262,0.76262
2008-07-20T00:00:00.000000000+0000,0.76026,0.7614,0.75923,0.7603
2008-07-21T00:00:00.000000000+0000,0.7603,0.7633,0.7585,0.7604
2008-07-22T00:00:00.000000000+0000,0.7604,0.7633,0.75705,0.75864
2008-07-23T00:00:00.000000000+0000,0.7589,0.75935,0.7424,0.74415
2008-07-24T00:00:00.000000000+0000,0.74415,0.74475,0.73875,0.7431
2008-07-25T00:00:00.000000000+0000,0.7431,0.74665,0.7404,0.74152
2008-07-26T00:00:00.000000000+0000,0.74152,0.74152,0.74152,0.74152
2008-07-27T00:00:00.000000000+0000,0.74212,0.7436,0.74165,0.742
2008-07-28T00:00:00.000000000+0000,0.7418,0.7461,0.7407,0.7456
2008-07-29T00:00:00.000000000+0000,0.7456,0.7466,0.7347,0.7386
2008-07-30T00:00:00.000000000+0000,0.7386,0.73905,0.7315,0.7343
2008-07-31T00:00:00.000000000+0000,0.7343,0.7363,0.7306,0.7313
2008-08-01T00:00:00.000000000+0000,0.7313,0.7315,0.72445,0.72713
2008-08-02T00:00:00.000000000+0000,0.72713,0.72713,0.72713,0.72713
2008-08-03T00:00:00.000000000+0000,0.72805,0.7288,0.72674,0.7277
2008-08-04T00:00:00.000000000+0000,0.728,0.7333,0.7271,0.72755
2008-08-05T00:00:00.000000000+0000,0.72755,0.72755,0.72205,0.7261
2008-08-06T00:00:00.000000000+0000,0.7261,0.727,0.71607,0.7211
2008-08-07T00:00:00.000000000+0000,0.7211,0.7216,0.7127,0.7131
2008-08-08T00:00:00.000000000+0000,0.7131,0.71315,0.6981,0.704
2008-08-09T00:00:00.000000000+0000,0.704,0.704,0.704,0.704
2008-08-10T00:00:00.000000000+0000,0.70311,0.70311,0.69946,0.7005
2008-08-11T00:00:00.000000000+0000,0.7005,0.7082,0.69715,0.699
2008-08-12T00:00:00.000000000+0000,0.6991,0.7011,0.69105,0.69195
2008-08-13T00:00:00.000000000+0000,0.6919,0.7058,0.68235,0.699
2008-08-14T00:00:00.000000000+0000,0.699,0.7057,0.6963,0.6989
2008-08-15T00:00:00.000000000+0000,0.69895,0.7079,0.69431,0.70622
2008-08-16T00:00:00.000000000+0000,0.70622,0.70622,0.70622,0.70622
2008-08-17T00:00:00.000000000+0000,0.7056,0.70646,0.703,0.7048
2008-08-18T00:00:00.000000000+0000,0.7048,0.716,0.7045,0.7096
2008-08-19T00:00:00.000000000+0000,0.7096,0.7153,0.70385,0.7149
2008-08-20T00:00:00.000000000+0000,0.7149,0.716,0.7082,0.7128
2008-08-21T00:00:00.000000000+0000,0.7129,0.7215,0.7101,0.7189
2008-08-22T00:00:00.000000000+0000,0.7189,0.7197,0.7079,0.70901
2008-08-23T00:00:00.000000000+0000,0.70901,0.70901,0.70901,0.70901
2008-08-24T00:00:00.000000000+0000,0.70804,0.7099,0.70691,0.709
2008-08-25T00:00:00.000000000+0000,0.709,0.70915,0.6958,0.6972
2008-08-26T00:00:00.000000000+0000,0.6972,0.6988,0.68965,0.69503
2008-08-27T00:00:00.000000000+0000,0.6954,0.7045,0.6954,0.70285
2008-08-28T00:00:00.000000000+0000,0.70285,0.7068,0.70021,0.7028
2008-08-29T00:00:00.000000000+0000,0.7028,0.70665,0.69782,0.70163
2008-08-30T00:00:00.000000000+0000,0.70163,0.70163,0.70163,0.70163
2008-08-31T00:00:00.000000000+0000,0.6998,0.70015,0.69848,0.69913
2008-09-01T00:00:00.000000000+0000,0.69911,0.6998,0.69155,0.6926
2008-09-02T00:00:00.000000000+0000,0.6926,0.69395,0.6803,0.6825
2008-09-03T00:00:00.000000000+0000,0.6825,0.6897,0.67335,0.6845
2008-09-04T00:00:00.000000000+0000,0.6845,0.6881,0.65895,0.6641
2008-09-05T00:00:00.000000000+0000,0.6641,0.6708,0.66205,0.66888
2008-09-06T00:00:00.000000000+0000,0.66888,0.66888,0.66888,0.66888
2008-09-07T00:00:00.000000000+0000,0.67123,0.6838,0.67123,0.6761
2008-09-08T00:00:00.000000000+0000,0.6761,0.6837,0.6645,0.6705
2008-09-09T00:00:00.000000000+0000,0.6705,0.67885,0.6605,0.6653
2008-09-10T00:00:00.000000000+0000,0.66535,0.67205,0.6513,0.6524
2008-09-11T00:00:00.000000000+0000,0.6525,0.6575,0.64365,0.6534
2008-09-12T00:00:00.000000000+0000,0.6534,0.669,0.65179,0.66808
2008-09-13T00:00:00.000000000+0000,0.66808,0.66808,0.66808,0.66808
2008-09-14T00:00:00.000000000+0000,0.6673,0.66865,0.66524,0.6676
2008-09-15T00:00:00.000000000+0000,0.66765,0.6716,0.653,0.65475
2008-09-16T00:00:00.000000000+0000,0.6549,0.6632,0.64865,0.6625
2008-09-17T00:00:00.000000000+0000,0.6625,0.6683,0.6525,0.66298
2008-09-18T00:00:00.000000000+0000,0.66291,0.6789,0.65975,0.6738
2008-09-19T00:00:00.000000000+0000,0.6738,0.68945,0.6693,0.68784
2008-09-20T00:00:00.000000000+0000,0.68784,0.68784,0.68784,0.68784
2008-09-21T00:00:00.000000000+0000,0.68893,0.69152,0.6812,0.68675
2008-09-22T00:00:00.000000000+0000,0.68695,0.6952,0.68335,0.6908
2008-09-23T00:00:00.000000000+0000,0.69085,0.69195,0.67745,0.68205
2008-09-24T00:00:00.000000000+0000,0.6819,0.68855,0.67855,0.6838
2008-09-25T00:00:00.000000000+0000,0.68375,0.69035,0.6793,0.68665
2008-09-26T00:00:00.000000000+0000,0.68665,0.68985,0.6819,0.68607
2008-09-27T00:00:00.000000000+0000,0.68607,0.68607,0.68607,0.68607
2008-09-28T00:00:00.000000000+0000,0.68533,0.6886,0.6823,0.6884
2008-09-29T00:00:00.000000000+0000,0.68835,0.6884,0.6645,0.6693
2008-09-30T00:00:00.000000000+0000,0.66975,0.67925,0.664,0.66865
2008-10-01T00:00:00.000000000+0000,0.6687,0.67875,0.66595,0.6726
2008-10-02T00:00:00.000000000+0000,0.67168,0.67405,0.65509,0.6578
2008-10-03T00:00:00.000000000+0000,0.6578,0.668,0.65635,0.66085
2008-10-04T00:00:00.000000000+0000,0.66085,0.66085,0.66085,0.66085
2008-10-05T00:00:00.000000000+0000,0.65994,0.66052,0.6541,0.6551
2008-10-06T00:00:00.000000000+0000,0.65515,0.6565,0.61725,0.6327
2008-10-07T00:00:00.000000000+0000,0.6327,0.64235,0.61605,0.62275
2008-10-08T00:00:00.000000000+0000,0.6228,0.6259,0.57825,0.5972
2008-10-09T00:00:00.000000000+0000,0.5972,0.62555,0.5903,0.5975
2008-10-10T00:00:00.000000000+0000,0.5975,0.6063,0.5886,0.5943
2008-10-11T00:00:00.000000000+0000,0.5943,0.5943,0.5943,0.5943
2008-10-12T00:00:00.000000000+0000,0.59616,0.61445,0.59616,0.6125
2008-10-13T00:00:00.000000000+0000,0.6125,0.6207,0.5913,0.6206
2008-10-14T00:00:00.000000000+0000,0.6208,0.6346,0.61555,0.6174
2008-10-15T00:00:00.000000000+0000,0.61745,0.6275,0.59075,0.59745
2008-10-16T00:00:00.000000000+0000,0.5973,0.62015,0.5973,0.6136
2008-10-17T00:00:00.000000000+0000,0.61365,0.6215,0.60715,0.6121
2008-10-18T00:00:00.000000000+0000,0.6121,0.6121,0.6121,0.6121
2008-10-19T00:00:00.000000000+0000,0.61227,0.61488,0.6057,0.6114
2008-10-20T00:00:00.000000000+0000,0.6115,0.6259,0.6091,0.62065
2008-10-21T00:00:00.000000000+0000,0.6206,0.62145,0.60474,0.6069
2008-10-22T00:00:00.000000000+0000,0.6069,0.6112,0.58085,0.588
2008-10-23T00:00:00.000000000+0000,0.58795,0.60165,0.57915,0.5938
2008-10-24T00:00:00.000000000+0000,0.5938,0.5938,0.54885,0.55526
2008-10-25T00:00:00.000000000+0000,0.55526,0.55526,0.55526,0.55526
2008-10-26T00:00:00.000000000+0000,0.55553,0.5591,0.5506,0.5589
2008-10-27T00:00:00.000000000+0000,0.5589,0.5599,0.5348,0.5469
2008-10-28T00:00:00.000000000+0000,0.5468,0.57915,0.5407,0.57635
2008-10-29T00:00:00.000000000+0000,0.5764,0.5936,0.566,0.5822
2008-10-30T00:00:00.000000000+0000,0.58225,0.603,0.58153,0.5879
2008-10-31T00:00:00.000000000+0000,0.5879,0.59,0.57425,0.58225
2008-11-01T00:00:00.000000000+0000,0.58225,0.58225,0.58225,0.58225
2008-11-02T00:00:00.000000000+0000,0.58256,0.58795,0.58235,0.58665
2008-11-03T00:00:00.000000000+0000,0.58675,0.5971,0.5809,0.5904
2008-11-04T00:00:00.000000000+0000,0.5905,0.6127,0.58425,0.6061
2008-11-05T00:00:00.000000000+0000,0.6063,0.61055,0.5941,0.5981
2008-11-06T00:00:00.000000000+0000,0.5982,0.60365,0.58294,0.584
2008-11-07T00:00:00.000000000+0000,0.584,0.5933,0.57875,0.58985
2008-11-08T00:00:00.000000000+0000,0.58985,0.58985,0.58985,0.58985
2008-11-09T00:00:00.000000000+0000,0.59071,0.59845,0.59071,0.59695
2008-11-10T00:00:00.000000000+0000,0.597,0.60455,0.57769,0.58192
2008-11-11T00:00:00.000000000+0000,0.5822,0.58875,0.56855,0.5708
2008-11-12T00:00:00.000000000+0000,0.5708,0.5806,0.5539,0.55705
2008-11-13T00:00:00.000000000+0000,0.5571,0.5755,0.55075,0.5699
2008-11-14T00:00:00.000000000+0000,0.5701,0.571,0.55187,0.5532
2008-11-15T00:00:00.000000000+0000,0.5532,0.5532,0.5532,0.5532
2008-11-16T00:00:00.000000000+0000,0.55312,0.5552,0.54579,0.5483
2008-11-17T00:00:00.000000000+0000,0.5483,0.56205,0.54815,0.5511
2008-11-18T00:00:00.000000000+0000,0.55115,0.5553,0.5459,0.55152
2008-11-19T00:00:00.000000000+0000,0.5517,0.55615,0.54045,0.54145
2008-11-20T00:00:00.000000000+0000,0.54155,0.5431,0.5186,0.5206
2008-11-21T00:00:00.000000000+0000,0.52065,0.5383,0.52055,0.5353
2008-11-22T00:00:00.000000000+0000,0.5353,0.5353,0.5353,0.5353
2008-11-23T00:00:00.000000000+0000,0.53685,0.53945,0.53615,0.5381
2008-11-24T00:00:00.000000000+0000,0.5377,0.5508,0.52815,0.54695
2008-11-25T00:00:00.000000000+0000,0.54695,0.55855,0.53445,0.546
2008-11-26T00:00:00.000000000+0000,0.546,0.5541,0.544,0.5525
2008-11-27T00:00:00.000000000+0000,0.55275,0.55465,0.5463,0.5512
2008-11-28T00:00:00.000000000+0000,0.5512,0.55415,0.54515,0.5474
2008-11-29T00:00:00.000000000+0000,0.5474,0.5474,0.5474,0.5474
2008-11-30T00:00:00.000000000+0000,0.54729,0.54729,0.54399,0.5443
2008-12-01T00:00:00.000000000+0000,0.54435,0.5455,0.52465,0.5259
2008-12-02T00:00:00.000000000+0000,0.52595,0.5355,0.52505,0.5322
2008-12-03T00:00:00.000000000+0000,0.5322,0.5346,0.52485,0.5329
2008-12-04T00:00:00.000000000+0000,0.5329,0.5391,0.52805,0.532
2008-12-05T00:00:00.000000000+0000,0.53205,0.5362,0.5201,0.53255
2008-12-06T00:00:00.000000000+0000,0.53255,0.53255,0.53255,0.53255
2008-12-07T00:00:00.000000000+0000,0.53271,0.53683,0.53252,0.5339
2008-12-08T00:00:00.000000000+0000,0.5339,0.5487,0.53135,0.5451
2008-12-09T00:00:00.000000000+0000,0.5451,0.54535,0.53585,0.5411
2008-12-10T00:00:00.000000000+0000,0.5411,0.54985,0.5391,0.5443
2008-12-11T00:00:00.000000000+0000,0.54435,0.557,0.54343,0.55085
2008-12-12T00:00:00.000000000+0000,0.55095,0.55425,0.54175,0.5454
2008-12-13T00:00:00.000000000+0000,0.5454,0.5454,0.5454,0.5454
2008-12-14T00:00:00.000000000+0000,0.54672,0.5487,0.54105,0.5487
2008-12-15T00:00:00.000000000+0000,0.54875,0.5564,0.54735,0.5543
2008-12-16T00:00:00.000000000+0000,0.5543,0.57965,0.55315,0.5783
2008-12-17T00:00:00.000000000+0000,0.5785,0.59515,0.57575,0.592
2008-12-18T00:00:00.000000000+0000,0.592,0.608,0.5782,0.5856
2008-12-19T00:00:00.000000000+0000,0.5856,0.5864,0.57075,0.5737
2008-12-20T00:00:00.000000000+0000,0.5737,0.5737,0.5737,0.5737
2008-12-21T00:00:00.000000000+0000,0.57345,0.5762,0.573,0.57583
2008-12-22T00:00:00.000000000+0000,0.57595,0.58145,0.5707,0.57299
2008-12-23T00:00:00.000000000+0000,0.57304,0.5805,0.56481,0.5676
2008-12-24T00:00:00.000000000+0000,0.5676,0.5775,0.56619,0.57447
2008-12-25T00:00:00.000000000+0000,0.57413,0.57538,0.56839,0.5732
2008-12-26T00:00:00.000000000+0000,0.57245,0.579,0.572,0.5751
2008-12-27T00:00:00.000000000+0000,0.5751,0.5751,0.5751,0.5751
2008-12-28T00:00:00.000000000+0000,0.57493,0.57942,0.5746,0.5762
2008-12-29T00:00:00.000000000+0000,0.57615,0.5854,0.57285,0.5781
2008-12-30T00:00:00.000000000+0000,0.57825,0.58265,0.57405,0.5778
2008-12-31T00:00:00.000000000+0000,0.57775,0.5887,0.5731,0.57873
2009-01-01T00:00:00.000000000+0000,0.57862,0.58495,0.57766,0.5824
2009-01-02T00:00:00.000000000+0000,0.5824,0.58645,0.5748,0.5853
2009-01-03T00:00:00.000000000+0000,0.5853,0.5853,0.5853,0.5853
2009-01-04T00:00:00.000000000+0000,0.58535,0.5914,0.58525,0.59025
2009-01-05T00:00:00.000000000+0000,0.59025,0.59185,0.5802,0.5883
2009-01-06T00:00:00.000000000+0000,0.5884,0.599,0.5809,0.5959
2009-01-07T00:00:00.000000000+0000,0.5959,0.6034,0.588,0.5884
2009-01-08T00:00:00.000000000+0000,0.58855,0.5966,0.58115,0.5941
2009-01-09T00:00:00.000000000+0000,0.5941,0.5951,0.58865,0.59265
2009-01-10T00:00:00.000000000+0000,0.59265,0.59265,0.59265,0.59265
2009-01-11T00:00:00.000000000+0000,0.59073,0.59073,0.58705,0.588
2009-01-12T00:00:00.000000000+0000,0.588,0.58875,0.5714,0.5717
2009-01-13T00:00:00.000000000+0000,0.5717,0.5721,0.5458,0.5526
2009-01-14T00:00:00.000000000+0000,0.5526,0.55935,0.53855,0.54285
2009-01-15T00:00:00.000000000+0000,0.54295,0.5452,0.52765,0.54025
2009-01-16T00:00:00.000000000+0000,0.5403,0.5527,0.53825,0.5462
2009-01-17T00:00:00.000000000+0000,0.5462,0.5462,0.5462,0.5462
2009-01-18T00:00:00.000000000+0000,0.54719,0.5524,0.54719,0.55155
2009-01-19T00:00:00.000000000+0000,0.55175,0.5544,0.5344,0.537
2009-01-20T00:00:00.000000000+0000,0.537,0.5376,0.5166,0.5189
2009-01-21T00:00:00.000000000+0000,0.5189,0.5363,0.51705,0.52945
2009-01-22T00:00:00.000000000+0000,0.52945,0.53385,0.5224,0.52735
2009-01-23T00:00:00.000000000+0000,0.52735,0.53215,0.51715,0.5283
2009-01-24T00:00:00.000000000+0000,0.5283,0.5283,0.5283,0.5283
2009-01-25T00:00:00.000000000+0000,0.5285,0.5311,0.52524,0.52605
2009-01-26T00:00:00.000000000+0000,0.52605,0.5341,0.52155,0.52845
2009-01-27T00:00:00.000000000+0000,0.5285,0.5339,0.52455,0.5281
2009-01-28T00:00:00.000000000+0000,0.52815,0.5373,0.51845,0.5221
2009-01-29T00:00:00.000000000+0000,0.5221,0.5228,0.51125,0.51285
2009-01-30T00:00:00.000000000+0000,0.5129,0.5138,0.50455,0.50835
2009-01-31T00:00:00.000000000+0000,0.50835,0.50835,0.50835,0.50835
2009-02-01T00:00:00.000000000+0000,0.50858,0.50865,0.50565,0.508
2009-02-02T00:00:00.000000000+0000,0.508,0.50815,0.49605,0.5022
2009-02-03T00:00:00.000000000+0000,0.5022,0.51535,0.5011,0.50995
2009-02-04T00:00:00.000000000+0000,0.50995,0.51515,0.502,0.5091
2009-02-05T00:00:00.000000000+0000,0.50905,0.521,0.5049,0.51555
2009-02-06T00:00:00.000000000+0000,0.51555,0.5364,0.5109,0.5303
2009-02-07T00:00:00.000000000+0000,0.5303,0.5303,0.5303,0.5303
2009-02-08T00:00:00.000000000+0000,0.53074,0.53265,0.5283,0.5312
2009-02-09T00:00:00.000000000+0000,0.53115,0.54455,0.52395,0.53415
2009-02-10T00:00:00.000000000+0000,0.53415,0.5389,0.51775,0.5246
2009-02-11T00:00:00.000000000+0000,0.52455,0.5286,0.52105,0.52455
2009-02-12T00:00:00.000000000+0000,0.5246,0.5316,0.51345,0.52235
2009-02-13T00:00:00.000000000+0000,0.5224,0.52955,0.52015,0.5221
2009-02-14T00:00:00.000000000+0000,0.5221,0.5221,0.5221,0.5221
2009-02-15T00:00:00.000000000+0000,0.52211,0.52285,0.51811,0.5203
2009-02-16T00:00:00.000000000+0000,0.5203,0.5222,0.51582,0.52015
2009-02-17T00:00:00.000000000+0000,0.5202,0.52065,0.5055,0.5076
2009-02-18T00:00:00.000000000+0000,0.5076,0.5135,0.50705,0.5108
2009-02-19T00:00:00.000000000+0000,0.5108,0.51895,0.5081,0.50875
2009-02-20T00:00:00.000000000+0000,0.50875,0.51555,0.50075,0.511
2009-02-21T00:00:00.000000000+0000,0.511,0.511,0.511,0.511
2009-02-22T00:00:00.000000000+0000,0.51095,0.51105,0.50768,0.509
2009-02-23T00:00:00.000000000+0000,0.50895,0.5183,0.506,0.5064
2009-02-24T00:00:00.000000000+0000,0.5064,0.51615,0.50463,0.5139
2009-02-25T00:00:00.000000000+0000,0.5139,0.5194,0.50751,0.5087
2009-02-26T00:00:00.000000000+0000,0.5087,0.5128,0.5063,0.50715
2009-02-27T00:00:00.000000000+0000,0.5072,0.5078,0.4983,0.50045
2009-02-28T00:00:00.000000000+0000,0.50045,0.50045,0.50045,0.50045
2009-03-01T00:00:00.000000000+0000,0.50035,0.5005,0.49495,0.49525
2009-03-02T00:00:00.000000000+0000,0.4953,0.49655,0.4906,0.49245
2009-03-03T00:00:00.000000000+0000,0.4925,0.50165,0.49183,0.4938
2009-03-04T00:00:00.000000000+0000,0.49385,0.50775,0.4893,0.5037
2009-03-05T00:00:00.000000000+0000,0.5036,0.50495,0.49645,0.4985
2009-03-06T00:00:00.000000000+0000,0.4985,0.50925,0.4979,0.5019
2009-03-07T00:00:00.000000000+0000,0.5019,0.5019,0.5019,0.5019
2009-03-08T00:00:00.000000000+0000,0.50258,0.50525,0.50172,0.50495
2009-03-09T00:00:00.000000000+0000,0.505,0.50605,0.4912,0.49455
2009-03-10T00:00:00.000000000+0000,0.4946,0.5058,0.49421,0.5051
2009-03-11T00:00:00.000000000+0000,0.5051,0.5144,0.4975,0.51075
2009-03-12T00:00:00.000000000+0000,0.5108,0.52335,0.50695,0.52005
2009-03-13T00:00:00.000000000+0000,0.52005,0.52675,0.51827,0.52423
2009-03-14T00:00:00.000000000+0000,0.52423,0.52423,0.52423,0.52423
2009-03-15T00:00:00.000000000+0000,0.5222,0.52365,0.52035,0.52265
2009-03-16T00:00:00.000000000+0000,0.5227,0.53425,0.52155,0.5292
2009-03-17T00:00:00.000000000+0000,0.52925,0.53255,0.5274,0.52995
2009-03-18T00:00:00.000000000+0000,0.53005,0.54695,0.526,0.5445
2009-03-19T00:00:00.000000000+0000,0.54445,0.5611,0.53943,0.55665
2009-03-20T00:00:00.000000000+0000,0.5567,0.56255,0.55466,0.55835
2009-03-21T00:00:00.000000000+0000,0.55835,0.55835,0.55835,0.55835
2009-03-22T00:00:00.000000000+0000,0.55905,0.5615,0.5584,0.5603
2009-03-23T00:00:00.000000000+0000,0.5603,0.5726,0.55983,0.57055
2009-03-24T00:00:00.000000000+0000,0.5706,0.57465,0.5606,0.56315
2009-03-25T00:00:00.000000000+0000,0.5632,0.5719,0.555,0.56845
2009-03-26T00:00:00.000000000+0000,0.5685,0.58015,0.5675,0.57755
2009-03-27T00:00:00.000000000+0000,0.57755,0.57895,0.56665,0.56907
2009-03-28T00:00:00.000000000+0000,0.56907,0.56907,0.56907,0.56907
2009-03-29T00:00:00.000000000+0000,0.56915,0.56935,0.5653,0.5669
2009-03-30T00:00:00.000000000+0000,0.5669,0.5684,0.55825,0.5615
2009-03-31T00:00:00.000000000+0000,0.5617,0.573,0.5582,0.5603
2009-04-01T00:00:00.000000000+0000,0.5602,0.5694,0.5527,0.56605
2009-04-02T00:00:00.000000000+0000,0.56605,0.5889,0.5635,0.5879
2009-04-03T00:00:00.000000000+0000,0.5879,0.58985,0.57715,0.58513
2009-04-04T00:00:00.000000000+0000,0.58513,0.58513,0.58513,0.58513
2009-04-05T00:00:00.000000000+0000,0.58583,0.59325,0.58539,0.5921
2009-04-06T00:00:00.000000000+0000,0.5921,0.5977,0.57945,0.57955
2009-04-07T00:00:00.000000000+0000,0.57955,0.58545,0.57332,0.5756
2009-04-08T00:00:00.000000000+0000,0.5756,0.58015,0.5692,0.578
2009-04-09T00:00:00.000000000+0000,0.578,0.58455,0.57655,0.582
2009-04-10T00:00:00.000000000+0000,0.582,0.5839,0.58063,0.58302
2009-04-11T00:00:00.000000000+0000,0.58302,0.58302,0.58302,0.58302
2009-04-12T00:00:00.000000000+0000,0.58368,0.5868,0.58235,0.5848
2009-04-13T00:00:00.000000000+0000,0.58495,0.59335,0.5828,0.59195
2009-04-14T00:00:00.000000000+0000,0.5919,0.5919,0.58075,0.5822
2009-04-15T00:00:00.000000000+0000,0.58225,0.58355,0.57355,0.57805
2009-04-16T00:00:00.000000000+0000,0.57805,0.57935,0.56775,0.5738
2009-04-17T00:00:00.000000000+0000,0.57375,0.5746,0.56482,0.56668
2009-04-18T00:00:00.000000000+0000,0.56668,0.56668,0.56668,0.56668
2009-04-19T00:00:00.000000000+0000,0.56746,0.57055,0.56615,0.56745
2009-04-20T00:00:00.000000000+0000,0.56745,0.5686,0.5486,0.5517
2009-04-21T00:00:00.000000000+0000,0.5517,0.5656,0.5506,0.5591
2009-04-22T00:00:00.000000000+0000,0.55875,0.56025,0.55325,0.5552
2009-04-23T00:00:00.000000000+0000,0.55525,0.5625,0.55265,0.56025
2009-04-24T00:00:00.000000000+0000,0.56005,0.57375,0.55985,0.57174
2009-04-25T00:00:00.000000000+0000,0.57174,0.57174,0.57174,0.57174
2009-04-26T00:00:00.000000000+0000,0.57076,0.57076,0.564,0.5664
2009-04-27T00:00:00.000000000+0000,0.5664,0.57075,0.5621,0.5627
2009-04-28T00:00:00.000000000+0000,0.56265,0.5627,0.5527,0.56135
2009-04-29T00:00:00.000000000+0000,0.5613,0.57765,0.56125,0.56485
2009-04-30T00:00:00.000000000+0000,0.5647,0.57535,0.5625,0.56605
2009-05-01T00:00:00.000000000+0000,0.56625,0.5742,0.56305,0.56963
2009-05-02T00:00:00.000000000+0000,0.56963,0.56963,0.56963,0.56963
2009-05-03T00:00:00.000000000+0000,0.56963,0.56963,0.56963,0.56963
2009-05-04T00:00:00.000000000+0000,0.57295,0.5785,0.57085,0.5769
2009-05-05T00:00:00.000000000+0000,0.57715,0.58645,0.57405,0.57816
2009-05-06T00:00:00.000000000+0000,0.57855,0.5904,0.5752,0.58755
2009-05-07T00:00:00.000000000+0000,0.5876,0.59885,0.58545,0.5933
2009-05-08T00:00:00.000000000+0000,0.59335,0.6054,0.59029,0.60345
2009-05-09T00:00:00.000000000+0000,0.60345,0.60345,0.60345,0.60345
2009-05-10T00:00:00.000000000+0000,0.60298,0.6067,0.60215,0.6064
2009-05-11T00:00:00.000000000+0000,0.6066,0.61252,0.5959,0.60035
2009-05-12T00:00:00.000000000+0000,0.60035,0.6094,0.59595,0.6063
2009-05-13T00:00:00.000000000+0000,0.6063,0.61045,0.58805,0.5918
2009-05-14T00:00:00.000000000+0000,0.5918,0.5986,0.58615,0.5935
2009-05-15T00:00:00.000000000+0000,0.5932,0.5946,0.58314,0.58453
2009-05-16T00:00:00.000000000+0000,0.58453,0.58453,0.58453,0.58453
2009-05-17T00:00:00.000000000+0000,0.58514,0.587,0.58365,0.5846
2009-05-18T00:00:00.000000000+0000,0.5844,0.59795,0.58315,0.5955
2009-05-19T00:00:00.000000000+0000,0.5955,0.60615,0.5936,0.603
2009-05-20T00:00:00.000000000+0000,0.60295,0.61125,0.5985,0.60645
2009-05-21T00:00:00.000000000+0000,0.6065,0.61495,0.6015,0.61465
2009-05-22T00:00:00.000000000+0000,0.61465,0.62375,0.6125,0.61952
2009-05-23T00:00:00.000000000+0000,0.61952,0.61952,0.61952,0.61952
2009-05-24T00:00:00.000000000+0000,0.61894,0.61894,0.6141,0.61735
2009-05-25T00:00:00.000000000+0000,0.61725,0.6211,0.61445,0.6198
2009-05-26T00:00:00.000000000+0000,0.6198,0.62615,0.609,0.6225
2009-05-27T00:00:00.000000000+0000,0.6226,0.62355,0.61335,0.61534
2009-05-28T00:00:00.000000000+0000,0.61545,0.6272,0.6117,0.62455
2009-05-29T00:00:00.000000000+0000,0.6246,0.64105,0.62405,0.63947
2009-05-30T00:00:00.000000000+0000,0.63947,0.63947,0.63947,0.63947
2009-05-31T00:00:00.000000000+0000,0.64025,0.64175,0.6371,0.6384
2009-06-01T00:00:00.000000000+0000,0.6384,0.6564,0.6363,0.64825
2009-06-02T00:00:00.000000000+0000,0.6483,0.6594,0.64455,0.6537
2009-06-03T00:00:00.000000000+0000,0.6536,0.6556,0.62685,0.6345
2009-06-04T00:00:00.000000000+0000,0.6345,0.63775,0.62165,0.6318
2009-06-05T00:00:00.000000000+0000,0.6318,0.64185,0.6252,0.62555
2009-06-06T00:00:00.000000000+0000,0.62555,0.62555,0.62555,0.62555
2009-06-07T00:00:00.000000000+0000,0.62617,0.6272,0.6233,0.6269
2009-06-08T00:00:00.000000000+0000,0.6269,0.6283,0.61515,0.62233
2009-06-09T00:00:00.000000000+0000,0.62255,0.6294,0.6166,0.6257
2009-06-10T00:00:00.000000000+0000,0.6262,0.63655,0.6231,0.6334
2009-06-11T00:00:00.000000000+0000,0.6334,0.6468,0.63275,0.64505
2009-06-12T00:00:00.000000000+0000,0.64505,0.64545,0.63575,0.64294
2009-06-13T00:00:00.000000000+0000,0.64294,0.64294,0.64294,0.64294
2009-06-14T00:00:00.000000000+0000,0.64201,0.64201,0.63667,0.63822
2009-06-15T00:00:00.000000000+0000,0.63825,0.63928,0.62742,0.62885
2009-06-16T00:00:00.000000000+0000,0.62889,0.6391,0.62351,0.62538
2009-06-17T00:00:00.000000000+0000,0.62525,0.63657,0.62423,0.63478
2009-06-18T00:00:00.000000000+0000,0.6346,0.64406,0.62927,0.63852
2009-06-19T00:00:00.000000000+0000,0.63865,0.6482,0.63641,0.64374
2009-06-20T00:00:00.000000000+0000,0.64374,0.64374,0.64374,0.64374
2009-06-21T00:00:00.000000000+0000,0.64317,0.64402,0.64025,0.6417
2009-06-22T00:00:00.000000000+0000,0.6417,0.64388,0.6261,0.62735
2009-06-23T00:00:00.000000000+0000,0.62735,0.6417,0.62545,0.6387
2009-06-24T00:00:00.000000000+0000,0.6387,0.64865,0.6376,0.6386
2009-06-25T00:00:00.000000000+0000,0.6386,0.6432,0.6346,0.6411
2009-06-26T00:00:00.000000000+0000,0.6432,0.64775,0.6422,0.64518
2009-06-27T00:00:00.000000000+0000,0.64518,0.64518,0.64518,0.64518
2009-06-28T00:00:00.000000000+0000,0.64528,0.6477,0.64345,0.64705
2009-06-29T00:00:00.000000000+0000,0.64705,0.65415,0.64205,0.6528
2009-06-30T00:00:00.000000000+0000,0.6528,0.65495,0.64365,0.64578
2009-07-01T00:00:00.000000000+0000,0.6462,0.64735,0.63841,0.6414
2009-07-02T00:00:00.000000000+0000,0.6414,0.64155,0.62613,0.6274
2009-07-03T00:00:00.000000000+0000,0.6274,0.63475,0.627,0.62942
2009-07-04T00:00:00.000000000+0000,0.62942,0.62942,0.62942,0.62942
2009-07-05T00:00:00.000000000+0000,0.62883,0.62889,0.62707,0.6282
2009-07-06T00:00:00.000000000+0000,0.62805,0.6378,0.62415,0.6371
2009-07-07T00:00:00.000000000+0000,0.6371,0.6395,0.62655,0.62745
2009-07-08T00:00:00.000000000+0000,0.62745,0.6313,0.6196,0.6253
2009-07-09T00:00:00.000000000+0000,0.6253,0.634,0.6247,0.6325
2009-07-10T00:00:00.000000000+0000,0.6325,0.63255,0.6234,0.6272
2009-07-11T00:00:00.000000000+0000,0.6272,0.6272,0.6272,0.6272
2009-07-12T00:00:00.000000000+0000,0.6278,0.6289,0.62645,0.62833
2009-07-13T00:00:00.000000000+0000,0.62855,0.63465,0.6196,0.63355
2009-07-14T00:00:00.000000000+0000,0.63355,0.6416,0.63163,0.6407
2009-07-15T00:00:00.000000000+0000,0.6405,0.65125,0.6387,0.64815
2009-07-16T00:00:00.000000000+0000,0.64815,0.6498,0.63855,0.64705
2009-07-17T00:00:00.000000000+0000,0.64705,0.64771,0.642,0.64415
2009-07-18T00:00:00.000000000+0000,0.64415,0.64415,0.64415,0.64415
2009-07-19T00:00:00.000000000+0000,0.64356,0.6471,0.643,0.64705
2009-07-20T00:00:00.000000000+0000,0.64705,0.6587,0.6463,0.65621
2009-07-21T00:00:00.000000000+0000,0.6565,0.66075,0.64935,0.6562
2009-07-22T00:00:00.000000000+0000,0.65615,0.66285,0.6529,0.6583
2009-07-23T00:00:00.000000000+0000,0.6583,0.66265,0.65095,0.65476
2009-07-24T00:00:00.000000000+0000,0.65515,0.65865,0.6533,0.65552
2009-07-25T00:00:00.000000000+0000,0.65552,0.65552,0.65552,0.65552
2009-07-26T00:00:00.000000000+0000,0.65618,0.6573,0.65319,0.65384
2009-07-27T00:00:00.000000000+0000,0.6539,0.6615,0.6528,0.6557
2009-07-28T00:00:00.000000000+0000,0.6557,0.66335,0.6538,0.6552
2009-07-29T00:00:00.000000000+0000,0.6552,0.65895,0.64719,0.6487
2009-07-30T00:00:00.000000000+0000,0.6487,0.6543,0.6481,0.6527
2009-07-31T00:00:00.000000000+0000,0.6527,0.66255,0.65218,0.66134
2009-08-01T00:00:00.000000000+0000,0.66134,0.66134,0.66134,0.66134
2009-08-02T00:00:00.000000000+0000,0.66133,0.6659,0.65895,0.66365
2009-08-03T00:00:00.000000000+0000,0.66365,0.66875,0.6607,0.66825
2009-08-04T00:00:00.000000000+0000,0.66825,0.67495,0.6646,0.67395
2009-08-05T00:00:00.000000000+0000,0.67395,0.67615,0.67045,0.6714
2009-08-06T00:00:00.000000000+0000,0.67155,0.67405,0.66855,0.67095
2009-08-07T00:00:00.000000000+0000,0.6711,0.6821,0.6691,0.67137
2009-08-08T00:00:00.000000000+0000,0.67137,0.67137,0.67137,0.67137
2009-08-09T00:00:00.000000000+0000,0.67128,0.67175,0.66815,0.6716
2009-08-10T00:00:00.000000000+0000,0.6716,0.67775,0.6713,0.67575
2009-08-11T00:00:00.000000000+0000,0.67575,0.677,0.66615,0.66735
2009-08-12T00:00:00.000000000+0000,0.66735,0.6766,0.65985,0.6711
2009-08-13T00:00:00.000000000+0000,0.67115,0.68125,0.6706,0.67871
2009-08-14T00:00:00.000000000+0000,0.6788,0.68855,0.67393,0.67788
2009-08-15T00:00:00.000000000+0000,0.67788,0.67788,0.67788,0.67788
2009-08-16T00:00:00.000000000+0000,0.67685,0.67685,0.6734,0.6747
2009-08-17T00:00:00.000000000+0000,0.6747,0.67505,0.6643,0.66915
2009-08-18T00:00:00.000000000+0000,0.66915,0.67705,0.66821,0.67635
2009-08-19T00:00:00.000000000+0000,0.6763,0.6766,0.6665,0.67535
2009-08-20T00:00:00.000000000+0000,0.6753,0.678,0.6727,0.67675
2009-08-21T00:00:00.000000000+0000,0.6769,0.68665,0.67105,0.6819
2009-08-22T00:00:00.000000000+0000,0.6819,0.6819,0.6819,0.6819
2009-08-23T00:00:00.000000000+0000,0.68275,0.6856,0.68275,0.68515
2009-08-24T00:00:00.000000000+0000,0.68515,0.6885,0.6815,0.6849
2009-08-25T00:00:00.000000000+0000,0.6849,0.6897,0.68275,0.6831
2009-08-26T00:00:00.000000000+0000,0.6832,0.6895,0.67875,0.6805
2009-08-27T00:00:00.000000000+0000,0.68055,0.68955,0.6774,0.688
2009-08-28T00:00:00.000000000+0000,0.688,0.68945,0.6832,0.68376
2009-08-29T00:00:00.000000000+0000,0.68376,0.68376,0.68376,0.68376
2009-08-30T00:00:00.000000000+0000,0.68358,0.68469,0.68245,0.6837
2009-08-31T00:00:00.000000000+0000,0.6837,0.68675,0.6792,0.68535
2009-09-01T00:00:00.000000000+0000,0.68535,0.68875,0.67205,0.6752
2009-09-02T00:00:00.000000000+0000,0.67525,0.6779,0.6685,0.6743
2009-09-03T00:00:00.000000000+0000,0.6743,0.68295,0.672,0.67855
2009-09-04T00:00:00.000000000+0000,0.67855,0.6896,0.67725,0.68684
2009-09-05T00:00:00.000000000+0000,0.68684,0.68684,0.68684,0.68684
2009-09-06T00:00:00.000000000+0000,0.68745,0.68955,0.68732,0.6895
2009-09-07T00:00:00.000000000+0000,0.6894,0.6934,0.6874,0.69175
2009-09-08T00:00:00.000000000+0000,0.6919,0.69835,0.69065,0.69706
2009-09-09T00:00:00.000000000+0000,0.69745,0.70075,0.6904,0.69745
2009-09-10T00:00:00.000000000+0000,0.6976,0.7044,0.69245,0.70315
2009-09-11T00:00:00.000000000+0000,0.70315,0.7088,0.7012,0.70668
2009-09-12T00:00:00.000000000+0000,0.70668,0.70668,0.70668,0.70668
2009-09-13T00:00:00.000000000+0000,0.70586,0.70708,0.70345,0.7043
2009-09-14T00:00:00.000000000+0000,0.7043,0.7043,0.69635,0.7012
2009-09-15T00:00:00.000000000+0000,0.70115,0.70645,0.6978,0.7052
2009-09-16T00:00:00.000000000+0000,0.7052,0.7152,0.70415,0.71335
2009-09-17T00:00:00.000000000+0000,0.71335,0.7157,0.70805,0.7099
2009-09-18T00:00:00.000000000+0000,0.70995,0.7125,0.70719,0.70858
2009-09-19T00:00:00.000000000+0000,0.70858,0.70858,0.70858,0.70858
2009-09-20T00:00:00.000000000+0000,0.70834,0.7092,0.70678,0.70843
2009-09-21T00:00:00.000000000+0000,0.7086,0.71525,0.70165,0.71365
2009-09-22T00:00:00.000000000+0000,0.71365,0.73105,0.71315,0.7281
2009-09-23T00:00:00.000000000+0000,0.7281,0.7282,0.71605,0.71875
2009-09-24T00:00:00.000000000+0000,0.71875,0.72695,0.7105,0.71235
2009-09-25T00:00:00.000000000+0000,0.71235,0.7215,0.71105,0.71886
2009-09-26T00:00:00.000000000+0000,0.71886,0.71886,0.71886,0.71886
2009-09-27T00:00:00.000000000+0000,0.71807,0.7224,0.71575,0.7203
2009-09-28T00:00:00.000000000+0000,0.7204,0.7217,0.7113,0.71765
2009-09-29T00:00:00.000000000+0000,0.71765,0.72265,0.7127,0.71685
2009-09-30T00:00:00.000000000+0000,0.71685,0.72525,0.71635,0.7232
2009-10-01T00:00:00.000000000+0000,0.72315,0.72465,0.71215,0.71275
2009-10-02T00:00:00.000000000+0000,0.71275,0.72105,0.7078,0.71568
2009-10-03T00:00:00.000000000+0000,0.71568,0.71568,0.71568,0.71568
2009-10-04T00:00:00.000000000+0000,0.71631,0.71712,0.71375,0.71425
2009-10-05T00:00:00.000000000+0000,0.71425,0.7314,0.71415,0.72955
2009-10-06T00:00:00.000000000+0000,0.72955,0.73775,0.72855,0.73485
2009-10-07T00:00:00.000000000+0000,0.73485,0.74055,0.73179,0.73882
2009-10-08T00:00:00.000000000+0000,0.73895,0.7452,0.73665,0.7409
2009-10-09T00:00:00.000000000+0000,0.7409,0.7415,0.73015,0.73405
2009-10-10T00:00:00.000000000+0000,0.73405,0.73405,0.73405,0.73405
2009-10-11T00:00:00.000000000+0000,0.73355,0.73475,0.73255,0.7337
2009-10-12T00:00:00.000000000+0000,0.7337,0.73945,0.72495,0.73865
2009-10-13T00:00:00.000000000+0000,0.7386,0.74155,0.7314,0.73835
2009-10-14T00:00:00.000000000+0000,0.7384,0.74505,0.7357,0.74365
2009-10-15T00:00:00.000000000+0000,0.7437,0.74935,0.7404,0.74795
2009-10-16T00:00:00.000000000+0000,0.748,0.7495,0.735,0.73941
2009-10-17T00:00:00.000000000+0000,0.73941,0.73941,0.73941,0.73941
2009-10-18T00:00:00.000000000+0000,0.73952,0.7415,0.73643,0.74025
2009-10-19T00:00:00.000000000+0000,0.74025,0.7574,0.73685,0.7559
2009-10-20T00:00:00.000000000+0000,0.7559,0.75605,0.74405,0.75
2009-10-21T00:00:00.000000000+0000,0.75,0.76345,0.74635,0.75745
2009-10-22T00:00:00.000000000+0000,0.7575,0.7602,0.7499,0.75825
2009-10-23T00:00:00.000000000+0000,0.75815,0.75955,0.75229,0.7536
2009-10-24T00:00:00.000000000+0000,0.7536,0.7536,0.7536,0.7536
2009-10-25T00:00:00.000000000+0000,0.75298,0.7543,0.75187,0.75315
2009-10-26T00:00:00.000000000+0000,0.7532,0.75665,0.7446,0.74565
2009-10-27T00:00:00.000000000+0000,0.7457,0.7516,0.7413,0.74465
2009-10-28T00:00:00.000000000+0000,0.74465,0.74615,0.7192,0.71925
2009-10-29T00:00:00.000000000+0000,0.71925,0.7367,0.71605,0.72965
2009-10-30T00:00:00.000000000+0000,0.72965,0.73325,0.71545,0.71678
2009-10-31T00:00:00.000000000+0000,0.71678,0.71678,0.71678,0.71678
2009-11-01T00:00:00.000000000+0000,0.71335,0.71675,0.7079,0.7133
2009-11-02T00:00:00.000000000+0000,0.7133,0.72675,0.71285,0.71985
2009-11-03T00:00:00.000000000+0000,0.71995,0.72375,0.7095,0.72265
2009-11-04T00:00:00.000000000+0000,0.72265,0.73095,0.71658,0.722
2009-11-05T00:00:00.000000000+0000,0.722,0.72425,0.7159,0.7214
2009-11-06T00:00:00.000000000+0000,0.7214,0.72755,0.71935,0.72449
2009-11-07T00:00:00.000000000+0000,0.72449,0.72449,0.72449,0.72449
2009-11-08T00:00:00.000000000+0000,0.72437,0.735,0.72437,0.7325
2009-11-09T00:00:00.000000000+0000,0.7325,0.74605,0.7322,0.74435
2009-11-10T00:00:00.000000000+0000,0.7443,0.74465,0.73765,0.741
2009-11-11T00:00:00.000000000+0000,0.7411,0.7438,0.73805,0.74015
2009-11-12T00:00:00.000000000+0000,0.74015,0.7441,0.73075,0.73355
2009-11-13T00:00:00.000000000+0000,0.7335,0.7443,0.7314,0.74322
2009-11-14T00:00:00.000000000+0000,0.74322,0.74322,0.74322,0.74322
2009-11-15T00:00:00.000000000+0000,0.74315,0.74535,0.74153,0.7435
2009-11-16T00:00:00.000000000+0000,0.7435,0.7523,0.7393,0.74875
2009-11-17T00:00:00.000000000+0000,0.7487,0.75015,0.7407,0.74526
2009-11-18T00:00:00.000000000+0000,0.74534,0.7498,0.74235,0.74505
2009-11-19T00:00:00.000000000+0000,0.74505,0.74505,0.7272,0.7304
2009-11-20T00:00:00.000000000+0000,0.7304,0.73255,0.72,0.72355
2009-11-21T00:00:00.000000000+0000,0.72355,0.72355,0.72355,0.72355
2009-11-22T00:00:00.000000000+0000,0.7238,0.72455,0.7199,0.7242
2009-11-23T00:00:00.000000000+0000,0.7242,0.7367,0.72365,0.7312
2009-11-24T00:00:00.000000000+0000,0.7312,0.7315,0.72205,0.7254
2009-11-25T00:00:00.000000000+0000,0.7254,0.7331,0.72535,0.73025
2009-11-26T00:00:00.000000000+0000,0.73025,0.7303,0.70405,0.70895
2009-11-27T00:00:00.000000000+0000,0.70895,0.7156,0.70235,0.71055
2009-11-28T00:00:00.000000000+0000,0.71055,0.71055,0.71055,0.71055
2009-11-29T00:00:00.000000000+0000,0.71099,0.71639,0.71099,0.71375
2009-11-30T00:00:00.000000000+0000,0.71375,0.7219,0.71225,0.7177
2009-12-01T00:00:00.000000000+0000,0.7177,0.72935,0.71395,0.7264
2009-12-02T00:00:00.000000000+0000,0.72645,0.7295,0.7204,0.72425
2009-12-03T00:00:00.000000000+0000,0.72425,0.73,0.7207,0.7221
2009-12-04T00:00:00.000000000+0000,0.7221,0.7273,0.71335,0.71565
2009-12-05T00:00:00.000000000+0000,0.71565,0.71565,0.71565,0.71565
2009-12-06T00:00:00.000000000+0000,0.71589,0.7178,0.71454,0.7164
2009-12-07T00:00:00.000000000+0000,0.7164,0.71885,0.70805,0.7149
2009-12-08T00:00:00.000000000+0000,0.7149,0.7171,0.70425,0.7056
2009-12-09T00:00:00.000000000+0000,0.7056,0.72345,0.70555,0.7219
2009-12-10T00:00:00.000000000+0000,0.7219,0.73185,0.7216,0.72805
2009-12-11T00:00:00.000000000+0000,0.7281,0.7289,0.7222,0.7244
2009-12-12T00:00:00.000000000+0000,0.7244,0.7244,0.7244,0.7244
2009-12-13T00:00:00.000000000+0000,0.72477,0.72585,0.72234,0.72415
2009-12-14T00:00:00.000000000+0000,0.72415,0.72975,0.721,0.72705
2009-12-15T00:00:00.000000000+0000,0.72705,0.72775,0.71865,0.72115
2009-12-16T00:00:00.000000000+0000,0.72115,0.72245,0.7155,0.7193
2009-12-17T00:00:00.000000000+0000,0.7193,0.72015,0.7063,0.7091
2009-12-18T00:00:00.000000000+0000,0.7091,0.7132,0.7064,0.71025
2009-12-19T00:00:00.000000000+0000,0.71025,0.71025,0.71025,0.71025
2009-12-20T00:00:00.000000000+0000,0.71117,0.7117,0.70999,0.7105
2009-12-21T00:00:00.000000000+0000,0.7106,0.7113,0.7031,0.7046
2009-12-22T00:00:00.000000000+0000,0.7046,0.7075,0.69685,0.6989
2009-12-23T00:00:00.000000000+0000,0.69895,0.7063,0.69776,0.7043
2009-12-24T00:00:00.000000000+0000,0.70435,0.70877,0.70322,0.70688
2009-12-25T00:00:00.000000000+0000,0.70685,0.70746,0.70448,0.70522
2009-12-26T00:00:00.000000000+0000,0.70522,0.70522,0.70522,0.70522
2009-12-27T00:00:00.000000000+0000,0.70533,0.7064,0.70479,0.70585
2009-12-28T00:00:00.000000000+0000,0.7059,0.70945,0.7054,0.7074
2009-12-29T00:00:00.000000000+0000,0.7074,0.7213,0.70659,0.71635
2009-12-30T00:00:00.000000000+0000,0.71645,0.7235,0.71389,0.7229
2009-12-31T00:00:00.000000000+0000,0.7229,0.72895,0.7208,0.72533
2010-01-01T00:00:00.000000000+0000,0.72537,0.72614,0.72469,0.72559
2010-01-02T00:00:00.000000000+0000,0.72559,0.72559,0.72559,0.72559
2010-01-03T00:00:00.000000000+0000,0.7256,0.72567,0.72266,0.72355
2010-01-04T00:00:00.000000000+0000,0.72355,0.7353,0.7193,0.7341
2010-01-05T00:00:00.000000000+0000,0.73405,0.739,0.73155,0.73345
2010-01-06T00:00:00.000000000+0000,0.7334,0.73855,0.73025,0.7378
2010-01-07T00:00:00.000000000+0000,0.7378,0.74285,0.73092,0.7324
2010-01-08T00:00:00.000000000+0000,0.7324,0.738,0.7286,0.73635
2010-01-09T00:00:00.000000000+0000,0.73635,0.73635,0.73635,0.73635
2010-01-10T00:00:00.000000000+0000,0.73649,0.7403,0.73649,0.73995
2010-01-11T00:00:00.000000000+0000,0.73995,0.74355,0.73825,0.7415
2010-01-12T00:00:00.000000000+0000,0.7415,0.7432,0.73635,0.73795
2010-01-13T00:00:00.000000000+0000,0.7381,0.74255,0.73705,0.73995
2010-01-14T00:00:00.000000000+0000,0.73995,0.7442,0.7383,0.7419
2010-01-15T00:00:00.000000000+0000,0.74195,0.7423,0.73595,0.7372
2010-01-16T00:00:00.000000000+0000,0.7372,0.7372,0.7372,0.7372
2010-01-17T00:00:00.000000000+0000,0.73679,0.7368,0.7327,0.73525
2010-01-18T00:00:00.000000000+0000,0.73535,0.7408,0.73285,0.74055
2010-01-19T00:00:00.000000000+0000,0.74055,0.7406,0.7321,0.73345
2010-01-20T00:00:00.000000000+0000,0.73345,0.73425,0.71845,0.7214
2010-01-21T00:00:00.000000000+0000,0.7213,0.7233,0.70955,0.713
2010-01-22T00:00:00.000000000+0000,0.713,0.7177,0.709,0.70915
2010-01-23T00:00:00.000000000+0000,0.70915,0.70915,0.70915,0.70915
2010-01-24T00:00:00.000000000+0000,0.70957,0.7139,0.70957,0.71295
2010-01-25T00:00:00.000000000+0000,0.71295,0.71685,0.71125,0.7138
2010-01-26T00:00:00.000000000+0000,0.7138,0.7169,0.70215,0.7073
2010-01-27T00:00:00.000000000+0000,0.7073,0.7106,0.70295,0.7058
2010-01-28T00:00:00.000000000+0000,0.7058,0.7138,0.7026,0.7048
2010-01-29T00:00:00.000000000+0000,0.7048,0.7089,0.70039,0.70065
2010-01-30T00:00:00.000000000+0000,0.70065,0.70065,0.70065,0.70065
2010-01-31T00:00:00.000000000+0000,0.70056,0.70405,0.69929,0.70325
2010-02-01T00:00:00.000000000+0000,0.70325,0.7097,0.69945,0.70865
2010-02-02T00:00:00.000000000+0000,0.70865,0.71345,0.70315,0.7132
2010-02-03T00:00:00.000000000+0000,0.7132,0.71495,0.69655,0.6985
2010-02-04T00:00:00.000000000+0000,0.6985,0.6999,0.68435,0.68845
2010-02-05T00:00:00.000000000+0000,0.68845,0.6932,0.6807,0.68875
2010-02-06T00:00:00.000000000+0000,0.68875,0.68875,0.68875,0.68875
2010-02-07T00:00:00.000000000+0000,0.68911,0.69022,0.6856,0.6866
2010-02-08T00:00:00.000000000+0000,0.6866,0.6921,0.68165,0.68245
2010-02-09T00:00:00.000000000+0000,0.68245,0.69665,0.6824,0.6949
2010-02-10T00:00:00.000000000+0000,0.6949,0.69675,0.6895,0.6942
2010-02-11T00:00:00.000000000+0000,0.6942,0.70235,0.6942,0.6975
2010-02-12T00:00:00.000000000+0000,0.69745,0.6993,0.68985,0.69738
2010-02-13T00:00:00.000000000+0000,0.69738,0.69738,0.69738,0.69738
2010-02-14T00:00:00.000000000+0000,0.6969,0.6969,0.69453,0.6964
2010-02-15T00:00:00.000000000+0000,0.6964,0.69885,0.69545,0.6968
2010-02-16T00:00:00.000000000+0000,0.6968,0.70795,0.69645,0.70615
2010-02-17T00:00:00.000000000+0000,0.7062,0.70795,0.7009,0.7026
2010-02-18T00:00:00.000000000+0000,0.70265,0.7061,0.6945,0.69545
2010-02-19T00:00:00.000000000+0000,0.6954,0.69945,0.69305,0.6991
2010-02-20T00:00:00.000000000+0000,0.6991,0.6991,0.6991,0.6991
2010-02-21T00:00:00.000000000+0000,0.69938,0.70095,0.6991,0.7001
2010-02-22T00:00:00.000000000+0000,0.7001,0.70365,0.69945,0.70155
2010-02-23T00:00:00.000000000+0000,0.70155,0.7058,0.68945,0.69455
2010-02-24T00:00:00.000000000+0000,0.6946,0.69475,0.68705,0.6939
2010-02-25T00:00:00.000000000+0000,0.6939,0.6945,0.68465,0.6905
2010-02-26T00:00:00.000000000+0000,0.6905,0.70175,0.6904,0.6976
2010-02-27T00:00:00.000000000+0000,0.6976,0.6976,0.6976,0.6976
2010-02-28T00:00:00.000000000+0000,0.69801,0.7007,0.69783,0.69965
2010-03-01T00:00:00.000000000+0000,0.6997,0.70165,0.69305,0.69945
2010-03-02T00:00:00.000000000+0000,0.69945,0.69955,0.6923,0.69695
2010-03-03T00:00:00.000000000+0000,0.69695,0.69855,0.6892,0.69335
2010-03-04T00:00:00.000000000+0000,0.69335,0.6935,0.68459,0.68595
2010-03-05T00:00:00.000000000+0000,0.68595,0.6976,0.6859,0.6965
2010-03-06T00:00:00.000000000+0000,0.6965,0.6965,0.6965,0.6965
2010-03-07T00:00:00.000000000+0000,0.69629,0.7003,0.69338,0.69925
2010-03-08T00:00:00.000000000+0000,0.69925,0.7035,0.69845,0.69955
2010-03-09T00:00:00.000000000+0000,0.69955,0.7043,0.69615,0.70325
2010-03-10T00:00:00.000000000+0000,0.7033,0.70975,0.7,0.7002
2010-03-11T00:00:00.000000000+0000,0.7002,0.70185,0.6963,0.69945
2010-03-12T00:00:00.000000000+0000,0.6994,0.70495,0.6981,0.7011
2010-03-13T00:00:00.000000000+0000,0.7011,0.7011,0.7011,0.7011
2010-03-14T00:00:00.000000000+0000,0.70209,0.7036,0.70209,0.70355
2010-03-15T00:00:00.000000000+0000,0.70355,0.70545,0.69865,0.70265
2010-03-16T00:00:00.000000000+0000,0.70265,0.71325,0.7024,0.7121
2010-03-17T00:00:00.000000000+0000,0.71205,0.71785,0.71024,0.71375
2010-03-18T00:00:00.000000000+0000,0.7137,0.71735,0.71175,0.71495
2010-03-19T00:00:00.000000000+0000,0.71495,0.7156,0.7065,0.70777
2010-03-20T00:00:00.000000000+0000,0.70777,0.70777,0.70777,0.70777
2010-03-21T00:00:00.000000000+0000,0.70718,0.70728,0.70481,0.7063
2010-03-22T00:00:00.000000000+0000,0.7063,0.70767,0.70005,0.7072
2010-03-23T00:00:00.000000000+0000,0.7073,0.70785,0.70295,0.705
2010-03-24T00:00:00.000000000+0000,0.70505,0.70565,0.69935,0.70325
2010-03-25T00:00:00.000000000+0000,0.70325,0.71005,0.7015,0.70455
2010-03-26T00:00:00.000000000+0000,0.70455,0.70925,0.7015,0.70364
2010-03-27T00:00:00.000000000+0000,0.70364,0.70364,0.70364,0.70364
2010-03-28T00:00:00.000000000+0000,0.70508,0.70528,0.7032,0.7037
2010-03-29T00:00:00.000000000+0000,0.70365,0.71165,0.70319,0.7093
2010-03-30T00:00:00.000000000+0000,0.70925,0.71315,0.7081,0.71085
2010-03-31T00:00:00.000000000+0000,0.7108,0.71168,0.7059,0.70835
2010-04-01T00:00:00.000000000+0000,0.70835,0.7102,0.7035,0.7078
2010-04-02T00:00:00.000000000+0000,0.7079,0.7081,0.70465,0.70599
2010-04-03T00:00:00.000000000+0000,0.70599,0.70599,0.70599,0.70599
2010-04-04T00:00:00.000000000+0000,0.70652,0.7068,0.70535,0.70589
2010-04-05T00:00:00.000000000+0000,0.70645,0.7072,0.70195,0.7039
2010-04-06T00:00:00.000000000+0000,0.7039,0.7073,0.6965,0.70545
2010-04-07T00:00:00.000000000+0000,0.70545,0.70945,0.70265,0.70635
2010-04-08T00:00:00.000000000+0000,0.70635,0.7079,0.7007,0.70775
2010-04-09T00:00:00.000000000+0000,0.70775,0.71745,0.70618,0.7151
2010-04-10T00:00:00.000000000+0000,0.7151,0.7151,0.7151,0.7151
2010-04-11T00:00:00.000000000+0000,0.71655,0.71935,0.7163,0.7179
2010-04-12T00:00:00.000000000+0000,0.7179,0.7185,0.71085,0.7135
2010-04-13T00:00:00.000000000+0000,0.7135,0.71465,0.7084,0.70975
2010-04-14T00:00:00.000000000+0000,0.70975,0.71585,0.7093,0.71545
2010-04-15T00:00:00.000000000+0000,0.71545,0.716,0.7102,0.7126
2010-04-16T00:00:00.000000000+0000,0.7126,0.71555,0.7065,0.7082
2010-04-17T00:00:00.000000000+0000,0.7082,0.7082,0.7082,0.7082
2010-04-18T00:00:00.000000000+0000,0.70715,0.7091,0.7064,0.7085
2010-04-19T00:00:00.000000000+0000,0.7085,0.7144,0.7053,0.70955
2010-04-20T00:00:00.000000000+0000,0.70945,0.7125,0.70845,0.7103
2010-04-21T00:00:00.000000000+0000,0.7103,0.7131,0.7075,0.7099
2010-04-22T00:00:00.000000000+0000,0.7099,0.7139,0.7069,0.70905
2010-04-23T00:00:00.000000000+0000,0.70905,0.7177,0.709,0.71692
2010-04-24T00:00:00.000000000+0000,0.71692,0.71692,0.71692,0.71692
2010-04-25T00:00:00.000000000+0000,0.71635,0.7179,0.71605,0.7167
2010-04-26T00:00:00.000000000+0000,0.7168,0.7255,0.7167,0.72225
2010-04-27T00:00:00.000000000+0000,0.72225,0.72325,0.7098,0.71225
2010-04-28T00:00:00.000000000+0000,0.71225,0.72295,0.7111,0.71665
2010-04-29T00:00:00.000000000+0000,0.7166,0.7249,0.7151,0.72395
2010-04-30T00:00:00.000000000+0000,0.72395,0.7325,0.72325,0.72658
2010-05-01T00:00:00.000000000+0000,0.72658,0.72658,0.72658,0.72658
2010-05-02T00:00:00.000000000+0000,0.7272,0.72945,0.72612,0.72835
2010-05-03T00:00:00.000000000+0000,0.72835,0.7323,0.7266,0.7302
2010-05-04T00:00:00.000000000+0000,0.7302,0.7308,0.71875,0.72065
2010-05-05T00:00:00.000000000+0000,0.7206,0.72725,0.7142,0.72605
2010-05-06T00:00:00.000000000+0000,0.72605,0.7276,0.7005,0.71415
2010-05-07T00:00:00.000000000+0000,0.71415,0.71665,0.7038,0.71407
2010-05-08T00:00:00.000000000+0000,0.71407,0.71407,0.71407,0.71407
2010-05-09T00:00:00.000000000+0000,0.72035,0.7216,0.71385,0.7165
2010-05-10T00:00:00.000000000+0000,0.7165,0.7296,0.71435,0.7192
2010-05-11T00:00:00.000000000+0000,0.7192,0.72225,0.71516,0.7177
2010-05-12T00:00:00.000000000+0000,0.7177,0.71985,0.7105,0.71505
2010-05-13T00:00:00.000000000+0000,0.71505,0.71925,0.71134,0.7118
2010-05-14T00:00:00.000000000+0000,0.7118,0.7152,0.706,0.70625
2010-05-15T00:00:00.000000000+0000,0.70625,0.70625,0.70625,0.70625
2010-05-16T00:00:00.000000000+0000,0.70653,0.7077,0.7053,0.70575
2010-05-17T00:00:00.000000000+0000,0.70565,0.70735,0.6915,0.6971
2010-05-18T00:00:00.000000000+0000,0.6971,0.7039,0.6862,0.68635
2010-05-19T00:00:00.000000000+0000,0.68635,0.68925,0.6658,0.68095
2010-05-20T00:00:00.000000000+0000,0.68095,0.68755,0.66195,0.6677
2010-05-21T00:00:00.000000000+0000,0.6677,0.6818,0.66475,0.67766
2010-05-22T00:00:00.000000000+0000,0.67766,0.67766,0.67766,0.67766
2010-05-23T00:00:00.000000000+0000,0.67756,0.67764,0.6742,0.67455
2010-05-24T00:00:00.000000000+0000,0.67455,0.6787,0.6683,0.67195
2010-05-25T00:00:00.000000000+0000,0.67195,0.6725,0.656,0.66815
2010-05-26T00:00:00.000000000+0000,0.6682,0.6743,0.6603,0.66545
2010-05-27T00:00:00.000000000+0000,0.66535,0.6858,0.6626,0.6824
2010-05-28T00:00:00.000000000+0000,0.6824,0.68615,0.67535,0.67897
2010-05-29T00:00:00.000000000+0000,0.67897,0.67897,0.67897,0.67897
2010-05-30T00:00:00.000000000+0000,0.67788,0.67815,0.67521,0.6773
2010-05-31T00:00:00.000000000+0000,0.6773,0.6846,0.66985,0.67995
2010-06-01T00:00:00.000000000+0000,0.67995,0.68385,0.67015,0.67725
2010-06-02T00:00:00.000000000+0000,0.67725,0.68265,0.67195,0.68225
2010-06-03T00:00:00.000000000+0000,0.6822,0.68985,0.67835,0.68415
2010-06-04T00:00:00.000000000+0000,0.68415,0.6864,0.66825,0.67016
2010-06-05T00:00:00.000000000+0000,0.67016,0.67016,0.67016,0.67016
2010-06-06T00:00:00.000000000+0000,0.66845,0.6711,0.66605,0.6673
2010-06-07T00:00:00.000000000+0000,0.66725,0.6693,0.65755,0.65935
2010-06-08T00:00:00.000000000+0000,0.65935,0.66835,0.65725,0.66435
2010-06-09T00:00:00.000000000+0000,0.66435,0.67515,0.6612,0.6733
2010-06-10T00:00:00.000000000+0000,0.6734,0.6876,0.6707,0.685
2010-06-11T00:00:00.000000000+0000,0.68491,0.69095,0.68015,0.68956
2010-06-12T00:00:00.000000000+0000,0.68956,0.68956,0.68956,0.68956
2010-06-13T00:00:00.000000000+0000,0.69055,0.69265,0.6898,0.69235
2010-06-14T00:00:00.000000000+0000,0.6924,0.7019,0.69104,0.6951
2010-06-15T00:00:00.000000000+0000,0.69515,0.6993,0.68865,0.6978
2010-06-16T00:00:00.000000000+0000,0.69785,0.7001,0.69295,0.69695
2010-06-17T00:00:00.000000000+0000,0.69695,0.7065,0.69495,0.70345
2010-06-18T00:00:00.000000000+0000,0.70342,0.7074,0.70185,0.70559
2010-06-19T00:00:00.000000000+0000,0.70559,0.70559,0.70559,0.70559
2010-06-20T00:00:00.000000000+0000,0.71305,0.7137,0.70885,0.71175
2010-06-21T00:00:00.000000000+0000,0.71175,0.7152,0.70675,0.70865
2010-06-22T00:00:00.000000000+0000,0.70895,0.71185,0.70315,0.7045
2010-06-23T00:00:00.000000000+0000,0.7046,0.71595,0.70265,0.71315
2010-06-24T00:00:00.000000000+0000,0.71315,0.7143,0.70355,0.7074
2010-06-25T00:00:00.000000000+0000,0.7074,0.71555,0.69945,0.71389
2010-06-26T00:00:00.000000000+0000,0.71389,0.71389,0.71389,0.71389
2010-06-27T00:00:00.000000000+0000,0.7145,0.71556,0.71155,0.71295
2010-06-28T00:00:00.000000000+0000,0.71295,0.7146,0.7047,0.7064
2010-06-29T00:00:00.000000000+0000,0.7064,0.70685,0.69083,0.6923
2010-06-30T00:00:00.000000000+0000,0.6923,0.69545,0.68405,0.68575
2010-07-01T00:00:00.000000000+0000,0.68575,0.6927,0.67935,0.6909
2010-07-02T00:00:00.000000000+0000,0.6909,0.69705,0.6872,0.68809
2010-07-03T00:00:00.000000000+0000,0.68809,0.68809,0.68809,0.68809
2010-07-04T00:00:00.000000000+0000,0.68748,0.68882,0.6852,0.68565
2010-07-05T00:00:00.000000000+0000,0.68565,0.6939,0.685,0.68525
2010-07-06T00:00:00.000000000+0000,0.68525,0.69735,0.68235,0.6944
2010-07-07T00:00:00.000000000+0000,0.6944,0.7052,0.68845,0.70265
2010-07-08T00:00:00.000000000+0000,0.70265,0.71025,0.7026,0.7084
2010-07-09T00:00:00.000000000+0000,0.7084,0.71155,0.7062,0.71052
2010-07-10T00:00:00.000000000+0000,0.71052,0.71052,0.71052,0.71052
2010-07-11T00:00:00.000000000+0000,0.71055,0.711,0.70785,0.70975
2010-07-12T00:00:00.000000000+0000,0.70975,0.7136,0.7056,0.71215
2010-07-13T00:00:00.000000000+0000,0.71215,0.7206,0.70755,0.71805
2010-07-14T00:00:00.000000000+0000,0.71815,0.7254,0.7159,0.72135
2010-07-15T00:00:00.000000000+0000,0.72135,0.73025,0.7174,0.7227
2010-07-16T00:00:00.000000000+0000,0.7227,0.72445,0.70913,0.71018
2010-07-17T00:00:00.000000000+0000,0.71018,0.71018,0.71018,0.71018
2010-07-18T00:00:00.000000000+0000,0.70865,0.70925,0.70395,0.70395
2010-07-19T00:00:00.000000000+0000,0.70395,0.7113,0.70287,0.70595
2010-07-20T00:00:00.000000000+0000,0.70595,0.71835,0.70545,0.71825
2010-07-21T00:00:00.000000000+0000,0.71825,0.7195,0.71105,0.71145
2010-07-22T00:00:00.000000000+0000,0.71185,0.7272,0.70945,0.72595
2010-07-23T00:00:00.000000000+0000,0.72595,0.72895,0.7226,0.72733
2010-07-24T00:00:00.000000000+0000,0.72733,0.72733,0.72733,0.72733
2010-07-25T00:00:00.000000000+0000,0.72669,0.72744,0.72442,0.72675
2010-07-26T00:00:00.000000000+0000,0.72675,0.73535,0.72545,0.7326
2010-07-27T00:00:00.000000000+0000,0.7326,0.73955,0.731,0.73125
2010-07-28T00:00:00.000000000+0000,0.73125,0.73385,0.72005,0.723
2010-07-29T00:00:00.000000000+0000,0.72305,0.72855,0.72055,0.72306
2010-07-30T00:00:00.000000000+0000,0.7233,0.72675,0.7191,0.72557
2010-07-31T00:00:00.000000000+0000,0.72557,0.72557,0.72557,0.72557
2010-08-01T00:00:00.000000000+0000,0.7254,0.72815,0.7251,0.72795
2010-08-02T00:00:00.000000000+0000,0.72795,0.73405,0.72731,0.73305
2010-08-03T00:00:00.000000000+0000,0.73305,0.7355,0.7298,0.73415
2010-08-04T00:00:00.000000000+0000,0.73415,0.73555,0.7274,0.72875
2010-08-05T00:00:00.000000000+0000,0.72875,0.7317,0.72465,0.729
2010-08-06T00:00:00.000000000+0000,0.72895,0.73445,0.7271,0.73293
2010-08-07T00:00:00.000000000+0000,0.73293,0.73293,0.73293,0.73293
2010-08-08T00:00:00.000000000+0000,0.733,0.7339,0.73015,0.73065
2010-08-09T00:00:00.000000000+0000,0.73065,0.73305,0.72665,0.72825
2010-08-10T00:00:00.000000000+0000,0.72825,0.72845,0.71665,0.72175
2010-08-11T00:00:00.000000000+0000,0.72175,0.72255,0.7113,0.71265
2010-08-12T00:00:00.000000000+0000,0.71265,0.716,0.7065,0.71215
2010-08-13T00:00:00.000000000+0000,0.71215,0.7182,0.70451,0.70459
2010-08-14T00:00:00.000000000+0000,0.70459,0.70459,0.70459,0.70459
2010-08-15T00:00:00.000000000+0000,0.70527,0.70837,0.70505,0.70515
2010-08-16T00:00:00.000000000+0000,0.7053,0.7104,0.6997,0.7047
2010-08-17T00:00:00.000000000+0000,0.7047,0.71475,0.70445,0.71185
2010-08-18T00:00:00.000000000+0000,0.7118,0.7192,0.7102,0.7118
2010-08-19T00:00:00.000000000+0000,0.7118,0.71555,0.70455,0.7055
2010-08-20T00:00:00.000000000+0000,0.70555,0.7082,0.7002,0.70616
2010-08-21T00:00:00.000000000+0000,0.70616,0.70616,0.70616,0.70616
2010-08-22T00:00:00.000000000+0000,0.70542,0.70615,0.70385,0.7056
2010-08-23T00:00:00.000000000+0000,0.7056,0.7123,0.7041,0.70505
2010-08-24T00:00:00.000000000+0000,0.70505,0.70785,0.69925,0.7027
2010-08-25T00:00:00.000000000+0000,0.70265,0.70625,0.69485,0.7012
2010-08-26T00:00:00.000000000+0000,0.7012,0.70885,0.69825,0.70235
2010-08-27T00:00:00.000000000+0000,0.70235,0.714,0.70184,0.71042
2010-08-28T00:00:00.000000000+0000,0.71042,0.71042,0.71042,0.71042
2010-08-29T00:00:00.000000000+0000,0.71129,0.71386,0.71085,0.71175
2010-08-30T00:00:00.000000000+0000,0.71175,0.7135,0.7026,0.7027
2010-08-31T00:00:00.000000000+0000,0.70295,0.7051,0.6965,0.6991
2010-09-01T00:00:00.000000000+0000,0.69915,0.71305,0.69865,0.71005
2010-09-02T00:00:00.000000000+0000,0.71,0.71775,0.70964,0.7135
2010-09-03T00:00:00.000000000+0000,0.7135,0.72185,0.71325,0.71982
2010-09-04T00:00:00.000000000+0000,0.71982,0.71982,0.71982,0.71982
2010-09-05T00:00:00.000000000+0000,0.71895,0.7198,0.71808,0.7196
2010-09-06T00:00:00.000000000+0000,0.7196,0.7256,0.71916,0.72145
2010-09-07T00:00:00.000000000+0000,0.72145,0.7241,0.71725,0.71915
2010-09-08T00:00:00.000000000+0000,0.71915,0.724,0.71595,0.7211
2010-09-09T00:00:00.000000000+0000,0.7211,0.72865,0.72005,0.7244
2010-09-10T00:00:00.000000000+0000,0.7244,0.73,0.72256,0.72866
2010-09-11T00:00:00.000000000+0000,0.72866,0.72866,0.72866,0.72866
2010-09-12T00:00:00.000000000+0000,0.73118,0.7316,0.72852,0.73055
2010-09-13T00:00:00.000000000+0000,0.73055,0.7346,0.7284,0.73005
2010-09-14T00:00:00.000000000+0000,0.73005,0.73935,0.72685,0.73315
2010-09-15T00:00:00.000000000+0000,0.73315,0.7357,0.72545,0.72835
2010-09-16T00:00:00.000000000+0000,0.72835,0.72845,0.72145,0.72395
2010-09-17T00:00:00.000000000+0000,0.72395,0.7332,0.72388,0.72493
2010-09-18T00:00:00.000000000+0000,0.72493,0.72493,0.72493,0.72493
2010-09-19T00:00:00.000000000+0000,0.72562,0.72715,0.72495,0.72598
2010-09-20T00:00:00.000000000+0000,0.7262,0.732,0.7249,0.7289
2010-09-21T00:00:00.000000000+0000,0.7289,0.7357,0.72585,0.73545
2010-09-22T00:00:00.000000000+0000,0.73545,0.7416,0.7306,0.7323
2010-09-23T00:00:00.000000000+0000,0.73235,0.73355,0.7263,0.72765
2010-09-24T00:00:00.000000000+0000,0.7277,0.736,0.7272,0.73376
2010-09-25T00:00:00.000000000+0000,0.73376,0.73376,0.73376,0.73376
2010-09-26T00:00:00.000000000+0000,0.7353,0.7375,0.73465,0.73555
2010-09-27T00:00:00.000000000+0000,0.7356,0.7368,0.73255,0.73295
2010-09-28T00:00:00.000000000+0000,0.73295,0.7403,0.7304,0.7384
2010-09-29T00:00:00.000000000+0000,0.7384,0.7406,0.7345,0.73635
2010-09-30T00:00:00.000000000+0000,0.73635,0.74075,0.73045,0.73505
2010-10-01T00:00:00.000000000+0000,0.73505,0.7462,0.7345,0.74468
2010-10-02T00:00:00.000000000+0000,0.74468,0.74468,0.74468,0.74468
2010-10-03T00:00:00.000000000+0000,0.74429,0.74462,0.74284,0.7429
2010-10-04T00:00:00.000000000+0000,0.7429,0.74365,0.73797,0.7385
2010-10-05T00:00:00.000000000+0000,0.7385,0.7497,0.73565,0.748
2010-10-06T00:00:00.000000000+0000,0.7479,0.75485,0.74534,0.753
2010-10-07T00:00:00.000000000+0000,0.753,0.75915,0.74675,0.75055
2010-10-08T00:00:00.000000000+0000,0.75055,0.7561,0.7427,0.75495
2010-10-09T00:00:00.000000000+0000,0.75495,0.75495,0.75495,0.75495
2010-10-10T00:00:00.000000000+0000,0.7561,0.7573,0.75475,0.7564
2010-10-11T00:00:00.000000000+0000,0.7564,0.7571,0.7493,0.75015
2010-10-12T00:00:00.000000000+0000,0.75015,0.757,0.7479,0.7561
2010-10-13T00:00:00.000000000+0000,0.7561,0.76325,0.75525,0.759
2010-10-14T00:00:00.000000000+0000,0.75905,0.7643,0.7555,0.75565
2010-10-15T00:00:00.000000000+0000,0.75565,0.7618,0.7533,0.75579
2010-10-16T00:00:00.000000000+0000,0.75579,0.75579,0.75579,0.75579
2010-10-17T00:00:00.000000000+0000,0.7557,0.75635,0.75305,0.75335
2010-10-18T00:00:00.000000000+0000,0.75335,0.75965,0.75,0.75715
2010-10-19T00:00:00.000000000+0000,0.7572,0.75995,0.7426,0.7433
2010-10-20T00:00:00.000000000+0000,0.74315,0.7568,0.7429,0.7537
2010-10-21T00:00:00.000000000+0000,0.75375,0.75375,0.74345,0.74615
2010-10-22T00:00:00.000000000+0000,0.7462,0.75085,0.74375,0.74641
2010-10-23T00:00:00.000000000+0000,0.74641,0.74641,0.74641,0.74641
2010-10-24T00:00:00.000000000+0000,0.74902,0.74963,0.74654,0.74805
2010-10-25T00:00:00.000000000+0000,0.74805,0.75605,0.74778,0.75152
2010-10-26T00:00:00.000000000+0000,0.75152,0.75427,0.74704,0.74772
2010-10-27T00:00:00.000000000+0000,0.74755,0.75,0.74045,0.74782
2010-10-28T00:00:00.000000000+0000,0.74779,0.75553,0.74691,0.75439
2010-10-29T00:00:00.000000000+0000,0.75436,0.76684,0.75209,0.76589
2010-10-30T00:00:00.000000000+0000,0.76589,0.76589,0.76589,0.76589
2010-10-31T00:00:00.000000000+0000,0.76562,0.76701,0.76463,0.76589
2010-11-01T00:00:00.000000000+0000,0.76583,0.76918,0.76337,0.76677
2010-11-02T00:00:00.000000000+0000,0.76677,0.77414,0.76334,0.77093
2010-11-03T00:00:00.000000000+0000,0.77093,0.78845,0.77032,0.78626
2010-11-04T00:00:00.000000000+0000,0.78626,0.79755,0.78282,0.79444
2010-11-05T00:00:00.000000000+0000,0.79444,0.79732,0.78819,0.79498
2010-11-06T00:00:00.000000000+0000,0.79498,0.79498,0.79498,0.79498
2010-11-07T00:00:00.000000000+0000,0.79481,0.79481,0.78988,0.79232
2010-11-08T00:00:00.000000000+0000,0.79232,0.79303,0.78413,0.78594
2010-11-09T00:00:00.000000000+0000,0.78591,0.79124,0.77376,0.77622
2010-11-10T00:00:00.000000000+0000,0.77622,0.78495,0.77384,0.78141
2010-11-11T00:00:00.000000000+0000,0.78141,0.78728,0.77663,0.77749
2010-11-12T00:00:00.000000000+0000,0.77749,0.78097,0.76981,0.77323
2010-11-13T00:00:00.000000000+0000,0.77323,0.77323,0.77323,0.77323
2010-11-14T00:00:00.000000000+0000,0.77261,0.77782,0.77261,0.77502
2010-11-15T00:00:00.000000000+0000,0.77505,0.77762,0.76826,0.77216
2010-11-16T00:00:00.000000000+0000,0.77213,0.77552,0.76518,0.7683
2010-11-17T00:00:00.000000000+0000,0.76826,0.77252,0.7631,0.77125
2010-11-18T00:00:00.000000000+0000,0.77127,0.77942,0.77045,0.77941
2010-11-19T00:00:00.000000000+0000,0.77945,0.78001,0.77467,0.779
2010-11-20T00:00:00.000000000+0000,0.779,0.779,0.779,0.779
2010-11-21T00:00:00.000000000+0000,0.77826,0.78143,0.77824,0.7806
2010-11-22T00:00:00.000000000+0000,0.78055,0.78364,0.76938,0.77087
2010-11-23T00:00:00.000000000+0000,0.77087,0.77205,0.75769,0.76023
2010-11-24T00:00:00.000000000+0000,0.76027,0.76437,0.75812,0.76172
2010-11-25T00:00:00.000000000+0000,0.76171,0.76273,0.75588,0.76063
2010-11-26T00:00:00.000000000+0000,0.76062,0.76107,0.74793,0.74918
2010-11-27T00:00:00.000000000+0000,0.74918,0.74918,0.74918,0.74918
2010-11-28T00:00:00.000000000+0000,0.74972,0.75264,0.74967,0.75097
2010-11-29T00:00:00.000000000+0000,0.75094,0.75348,0.74283,0.74437
2010-11-30T00:00:00.000000000+0000,0.74437,0.74702,0.73969,0.74165
2010-12-01T00:00:00.000000000+0000,0.7417,0.75101,0.73988,0.74795
2010-12-02T00:00:00.000000000+0000,0.74795,0.75635,0.74543,0.75622
2010-12-03T00:00:00.000000000+0000,0.75622,0.7673,0.75436,0.76569
2010-12-04T00:00:00.000000000+0000,0.76569,0.76569,0.76569,0.76569
2010-12-05T00:00:00.000000000+0000,0.76566,0.76566,0.76254,0.76506
2010-12-06T00:00:00.000000000+0000,0.76505,0.7654,0.75857,0.76103
2010-12-07T00:00:00.000000000+0000,0.76103,0.76652,0.75605,0.75648
2010-12-08T00:00:00.000000000+0000,0.75648,0.75758,0.74347,0.74688
2010-12-09T00:00:00.000000000+0000,0.74688,0.75151,0.74506,0.74875
2010-12-10T00:00:00.000000000+0000,0.74877,0.75283,0.74631,0.74631
2010-12-11T00:00:00.000000000+0000,0.74631,0.74631,0.74631,0.74631
2010-12-12T00:00:00.000000000+0000,0.74744,0.74752,0.74578,0.74702
2010-12-13T00:00:00.000000000+0000,0.74702,0.75756,0.7468,0.75151
2010-12-14T00:00:00.000000000+0000,0.75151,0.75749,0.74899,0.75026
2010-12-15T00:00:00.000000000+0000,0.7502,0.7506,0.73726,0.74017
2010-12-16T00:00:00.000000000+0000,0.74013,0.74149,0.73426,0.74014
2010-12-17T00:00:00.000000000+0000,0.74014,0.7425,0.73498,0.73511
2010-12-18T00:00:00.000000000+0000,0.73511,0.73511,0.73511,0.73511
2010-12-19T00:00:00.000000000+0000,0.73595,0.73668,0.73439,0.73556
2010-12-20T00:00:00.000000000+0000,0.73556,0.74362,0.7346,0.74034
2010-12-21T00:00:00.000000000+0000,0.74034,0.74835,0.74021,0.74252
2010-12-22T00:00:00.000000000+0000,0.74251,0.74501,0.7386,0.74264
2010-12-23T00:00:00.000000000+0000,0.74264,0.75009,0.74234,0.74826
2010-12-24T00:00:00.000000000+0000,0.74826,0.74948,0.74656,0.7489
2010-12-25T00:00:00.000000000+0000,0.7489,0.7489,0.7489,0.7489
2010-12-26T00:00:00.000000000+0000,0.74803,0.74809,0.74546,0.74615
2010-12-27T00:00:00.000000000+0000,0.74616,0.75067,0.74542,0.75025
2010-12-28T00:00:00.000000000+0000,0.75024,0.7605,0.74949,0.75464
2010-12-29T00:00:00.000000000+0000,0.75463,0.7687,0.75463,0.76657
2010-12-30T00:00:00.000000000+0000,0.76655,0.7726,0.76632,0.77131
2010-12-31T00:00:00.000000000+0000,0.77127,0.78127,0.77052,0.77899
2011-01-01T00:00:00.000000000+0000,0.77804,0.77804,0.77804,0.77804
2011-01-02T00:00:00.000000000+0000,0.77909,0.77921,0.77482,0.77804
2011-01-03T00:00:00.000000000+0000,0.77804,0.77829,0.77246,0.77341
2011-01-04T00:00:00.000000000+0000,0.77345,0.77411,0.764,0.76759
2011-01-05T00:00:00.000000000+0000,0.76789,0.76803,0.75613,0.75816
2011-01-06T00:00:00.000000000+0000,0.75816,0.76038,0.75498,0.75557
2011-01-07T00:00:00.000000000+0000,0.75557,0.76366,0.75549,0.75961
2011-01-08T00:00:00.000000000+0000,0.75961,0.75961,0.75961,0.75961
2011-01-09T00:00:00.000000000+0000,0.75952,0.76076,0.75708,0.75905
2011-01-10T00:00:00.000000000+0000,0.75903,0.76451,0.75718,0.76308
2011-01-11T00:00:00.000000000+0000,0.76313,0.76323,0.75603,0.75896
2011-01-12T00:00:00.000000000+0000,0.75895,0.76419,0.75623,0.76213
2011-01-13T00:00:00.000000000+0000,0.76213,0.77261,0.76085,0.77163
2011-01-14T00:00:00.000000000+0000,0.77162,0.7719,0.76342,0.76573
2011-01-15T00:00:00.000000000+0000,0.76573,0.76573,0.76573,0.76573
2011-01-16T00:00:00.000000000+0000,0.76572,0.76922,0.76572,0.76857
2011-01-17T00:00:00.000000000+0000,0.76891,0.77474,0.76709,0.77199
2011-01-18T00:00:00.000000000+0000,0.77191,0.77408,0.76925,0.77136
2011-01-19T00:00:00.000000000+0000,0.77136,0.77863,0.76418,0.76471
2011-01-20T00:00:00.000000000+0000,0.76477,0.76588,0.75319,0.75491
2011-01-21T00:00:00.000000000+0000,0.75491,0.75926,0.75247,0.75829
2011-01-22T00:00:00.000000000+0000,0.75829,0.75829,0.75829,0.75829
2011-01-23T00:00:00.000000000+0000,0.75953,0.75953,0.75663,0.75855
2011-01-24T00:00:00.000000000+0000,0.75865,0.76564,0.75663,0.7642
2011-01-25T00:00:00.000000000+0000,0.7642,0.76911,0.76215,0.76724
2011-01-26T00:00:00.000000000+0000,0.76724,0.77343,0.76438,0.77319
2011-01-27T00:00:00.000000000+0000,0.77319,0.77463,0.76711,0.77189
2011-01-28T00:00:00.000000000+0000,0.7719,0.77927,0.77049,0.77349
2011-01-29T00:00:00.000000000+0000,0.77349,0.77349,0.77349,0.77349
2011-01-30T00:00:00.000000000+0000,0.77348,0.7735,0.76843,0.76912
2011-01-31T00:00:00.000000000+0000,0.76912,0.77427,0.76837,0.77263
2011-02-01T00:00:00.000000000+0000,0.77257,0.78237,0.77111,0.78206
2011-02-02T00:00:00.000000000+0000,0.78206,0.78239,0.77152,0.77382
2011-02-03T00:00:00.000000000+0000,0.77382,0.77445,0.76894,0.77259
2011-02-04T00:00:00.000000000+0000,0.7726,0.77464,0.76662,0.76959
2011-02-05T00:00:00.000000000+0000,0.76959,0.76959,0.76959,0.76959
2011-02-06T00:00:00.000000000+0000,0.76945,0.77047,0.76719,0.7698
2011-02-07T00:00:00.000000000+0000,0.7698,0.77306,0.76773,0.77232
2011-02-08T00:00:00.000000000+0000,0.77229,0.77863,0.76953,0.77534
2011-02-09T00:00:00.000000000+0000,0.77523,0.77545,0.77018,0.77119
2011-02-10T00:00:00.000000000+0000,0.77119,0.77214,0.7596,0.76159
2011-02-11T00:00:00.000000000+0000,0.7616,0.76266,0.75527,0.76017
2011-02-12T00:00:00.000000000+0000,0.76017,0.76017,0.76017,0.76017
2011-02-13T00:00:00.000000000+0000,0.75998,0.76024,0.75513,0.75727
2011-02-14T00:00:00.000000000+0000,0.7573,0.75932,0.75436,0.7553
2011-02-15T00:00:00.000000000+0000,0.7553,0.75864,0.75045,0.75191
2011-02-16T00:00:00.000000000+0000,0.7519,0.75648,0.75058,0.75524
2011-02-17T00:00:00.000000000+0000,0.75524,0.76052,0.75368,0.75866
2011-02-18T00:00:00.000000000+0000,0.75866,0.76548,0.75833,0.76152
2011-02-19T00:00:00.000000000+0000,0.76152,0.76152,0.76152,0.76152
2011-02-20T00:00:00.000000000+0000,0.761,0.76445,0.76089,0.76329
2011-02-21T00:00:00.000000000+0000,0.76329,0.7652,0.76064,0.76257
2011-02-22T00:00:00.000000000+0000,0.76257,0.76257,0.74321,0.74766
2011-02-23T00:00:00.000000000+0000,0.74763,0.75121,0.74272,0.74496
2011-02-24T00:00:00.000000000+0000,0.74497,0.75161,0.74293,0.75097
2011-02-25T00:00:00.000000000+0000,0.75093,0.75269,0.74758,0.75145
2011-02-26T00:00:00.000000000+0000,0.75145,0.75145,0.75145,0.75145
2011-02-27T00:00:00.000000000+0000,0.75066,0.75226,0.74827,0.75162
2011-02-28T00:00:00.000000000+0000,0.75162,0.75533,0.74945,0.75264
2011-03-01T00:00:00.000000000+0000,0.75267,0.75303,0.74594,0.74705
