timestamp,open,high,low,close
2000-01-01T00:00:00.000000000+0000,1.5661,1.5661,1.5661,1.5661
2000-01-02T00:00:00.000000000+0000,1.5661,1.5661,1.5661,1.5661
2000-01-03T00:00:00.000000000+0000,1.5903,1.5977,1.5617,1.5661
2000-01-04T00:00:00.000000000+0000,1.5667,1.5702,1.5507,1.5572
2000-01-05T00:00:00.000000000+0000,1.5573,1.5593,1.5427,1.5551
2000-01-06T00:00:00.000000000+0000,1.5526,1.5612,1.5433,1.5535
2000-01-07T00:00:00.000000000+0000,1.5528,1.5665,1.551,1.5625
2000-01-08T00:00:00.000000000+0000,1.5625,1.5625,1.5625,1.5625
2000-01-09T00:00:00.000000000+0000,1.5625,1.5625,1.5625,1.5625
2000-01-10T00:00:00.000000000+0000,1.5636,1.575,1.5622,1.5691
2000-01-11T00:00:00.000000000+0000,1.5691,1.5705,1.5581,1.5595
2000-01-12T00:00:00.000000000+0000,1.5577,1.5682,1.5527,1.5621
2000-01-13T00:00:00.000000000+0000,1.5623,1.5741,1.5623,1.571
2000-01-14T00:00:00.000000000+0000,1.5716,1.596,1.5699,1.594
2000-01-15T00:00:00.000000000+0000,1.594,1.594,1.594,1.594
2000-01-16T00:00:00.000000000+0000,1.594,1.594,1.594,1.594
2000-01-17T00:00:00.000000000+0000,1.594,1.594,1.594,1.594
2000-01-18T00:00:00.000000000+0000,1.5954,1.601,1.5911,1.5915
2000-01-19T00:00:00.000000000+0000,1.5908,1.5993,1.5876,1.5956
2000-01-20T00:00:00.000000000+0000,1.5927,1.6032,1.5826,1.5833
2000-01-21T00:00:00.000000000+0000,1.5838,1.6025,1.5807,1.5963
2000-01-22T00:00:00.000000000+0000,1.5963,1.5963,1.5963,1.5963
2000-01-23T00:00:00.000000000+0000,1.5963,1.5963,1.5963,1.5963
2000-01-24T00:00:00.000000000+0000,1.5985,1.6132,1.5985,1.5991
2000-01-25T00:00:00.000000000+0000,1.5993,1.6135,1.596,1.6106
2000-01-26T00:00:00.000000000+0000,1.6107,1.6132,1.6037,1.6084
2000-01-27T00:00:00.000000000+0000,1.6094,1.6341,1.6071,1.6319
2000-01-28T00:00:00.000000000+0000,1.6324,1.6547,1.6306,1.6504
2000-01-29T00:00:00.000000000+0000,1.6504,1.6504,1.6504,1.6504
2000-01-30T00:00:00.000000000+0000,1.6504,1.6504,1.6504,1.6504
2000-01-31T00:00:00.000000000+0000,1.6449,1.6623,1.638,1.6571
2000-02-01T00:00:00.000000000+0000,1.6557,1.6617,1.6455,1.6558
2000-02-02T00:00:00.000000000+0000,1.6566,1.6609,1.6445,1.6501
2000-02-03T00:00:00.000000000+0000,1.6491,1.6589,1.6172,1.6228
2000-02-04T00:00:00.000000000+0000,1.6228,1.6483,1.6173,1.6336
2000-02-05T00:00:00.000000000+0000,1.6336,1.6336,1.6336,1.6336
2000-02-06T00:00:00.000000000+0000,1.6336,1.6336,1.6336,1.6336
2000-02-07T00:00:00.000000000+0000,1.635,1.646,1.6329,1.6369
2000-02-08T00:00:00.000000000+0000,1.6373,1.6407,1.6215,1.6308
2000-02-09T00:00:00.000000000+0000,1.6313,1.6358,1.6148,1.6179
2000-02-10T00:00:00.000000000+0000,1.618,1.6321,1.616,1.6305
2000-02-11T00:00:00.000000000+0000,1.6293,1.6398,1.625,1.6251
2000-02-12T00:00:00.000000000+0000,1.6251,1.6251,1.6251,1.6251
2000-02-13T00:00:00.000000000+0000,1.6251,1.6251,1.6251,1.6251
2000-02-14T00:00:00.000000000+0000,1.6242,1.6443,1.6197,1.6439
2000-02-15T00:00:00.000000000+0000,1.6444,1.6447,1.628,1.6366
2000-02-16T00:00:00.000000000+0000,1.6365,1.6397,1.6248,1.6253
2000-02-17T00:00:00.000000000+0000,1.626,1.6303,1.6113,1.6238
2000-02-18T00:00:00.000000000+0000,1.6238,1.6347,1.6205,1.6283
2000-02-19T00:00:00.000000000+0000,1.6283,1.6283,1.6283,1.6283
2000-02-20T00:00:00.000000000+0000,1.6283,1.6283,1.6283,1.6283
2000-02-21T00:00:00.000000000+0000,1.6283,1.6283,1.6283,1.6283
2000-02-22T00:00:00.000000000+0000,1.6229,1.6247,1.5953,1.6015
2000-02-23T00:00:00.000000000+0000,1.6012,1.6095,1.5956,1.6054
2000-02-24T00:00:00.000000000+0000,1.6057,1.6279,1.603,1.6202
2000-02-25T00:00:00.000000000+0000,1.6207,1.6535,1.6207,1.6504
2000-02-26T00:00:00.000000000+0000,1.6504,1.6504,1.6504,1.6504
2000-02-27T00:00:00.000000000+0000,1.6504,1.6504,1.6504,1.6504
2000-02-28T00:00:00.000000000+0000,1.6748,1.676,1.651,1.6519
2000-02-29T00:00:00.000000000+0000,1.6541,1.6695,1.6337,1.6649
2000-03-01T00:00:00.000000000+0000,1.6646,1.6686,1.6463,1.6503
2000-03-02T00:00:00.000000000+0000,1.6513,1.6707,1.6427,1.6645
2000-03-03T00:00:00.000000000+0000,1.6631,1.675,1.66,1.672
2000-03-04T00:00:00.000000000+0000,1.672,1.672,1.672,1.672
2000-03-05T00:00:00.000000000+0000,1.672,1.672,1.672,1.672
2000-03-06T00:00:00.000000000+0000,1.6771,1.6796,1.6624,1.6761
2000-03-07T00:00:00.000000000+0000,1.6765,1.6866,1.671,1.675
2000-03-08T00:00:00.000000000+0000,1.6763,1.686,1.6685,1.6718
2000-03-09T00:00:00.000000000+0000,1.671,1.673,1.6573,1.6629
2000-03-10T00:00:00.000000000+0000,1.6617,1.6748,1.6595,1.6707
2000-03-11T00:00:00.000000000+0000,1.6707,1.6707,1.6707,1.6707
2000-03-12T00:00:00.000000000+0000,1.6707,1.6707,1.6707,1.6707
2000-03-13T00:00:00.000000000+0000,1.6719,1.6739,1.6558,1.6707
2000-03-14T00:00:00.000000000+0000,1.6717,1.6797,1.6636,1.6637
2000-03-15T00:00:00.000000000+0000,1.6637,1.6714,1.6599,1.6676
2000-03-16T00:00:00.000000000+0000,1.6678,1.6706,1.6542,1.6616
2000-03-17T00:00:00.000000000+0000,1.6612,1.6699,1.6569,1.6576
2000-03-18T00:00:00.000000000+0000,1.6576,1.6576,1.6576,1.6576
2000-03-19T00:00:00.000000000+0000,1.6576,1.6576,1.6576,1.6576
2000-03-20T00:00:00.000000000+0000,1.6566,1.6647,1.6543,1.6569
2000-03-21T00:00:00.000000000+0000,1.6562,1.6764,1.6554,1.6757
2000-03-22T00:00:00.000000000+0000,1.6766,1.6827,1.6715,1.6743
2000-03-23T00:00:00.000000000+0000,1.6746,1.6757,1.645,1.6457
2000-03-24T00:00:00.000000000+0000,1.6457,1.6497,1.6235,1.623
2000-03-25T00:00:00.000000000+0000,1.623,1.623,1.623,1.623
2000-03-26T00:00:00.000000000+0000,1.623,1.623,1.623,1.623
2000-03-27T00:00:00.000000000+0000,1.6232,1.649,1.6215,1.6429
2000-03-28T00:00:00.000000000+0000,1.642,1.657,1.639,1.6555
2000-03-29T00:00:00.000000000+0000,1.6551,1.6805,1.6551,1.6759
2000-03-30T00:00:00.000000000+0000,1.6745,1.6756,1.6561,1.657
2000-03-31T00:00:00.000000000+0000,1.6561,1.6699,1.6543,1.6646
2000-04-01T00:00:00.000000000+0000,1.6646,1.6646,1.6646,1.6646
2000-04-02T00:00:00.000000000+0000,1.6646,1.6646,1.6646,1.6646
2000-04-03T00:00:00.000000000+0000,1.6635,1.6724,1.6489,1.6562
2000-04-04T00:00:00.000000000+0000,1.6571,1.6623,1.6124,1.6387
2000-04-05T00:00:00.000000000+0000,1.6385,1.6435,1.6218,1.6392
2000-04-06T00:00:00.000000000+0000,1.6394,1.6417,1.632,1.6384
2000-04-07T00:00:00.000000000+0000,1.6389,1.6505,1.633,1.6431
2000-04-08T00:00:00.000000000+0000,1.6431,1.6431,1.6431,1.6431
2000-04-09T00:00:00.000000000+0000,1.6431,1.6431,1.6431,1.6431
2000-04-10T00:00:00.000000000+0000,1.6442,1.6479,1.6333,1.6336
2000-04-11T00:00:00.000000000+0000,1.6395,1.6448,1.6295,1.6416
2000-04-12T00:00:00.000000000+0000,1.6414,1.656,1.639,1.6417
2000-04-13T00:00:00.000000000+0000,1.6418,1.6536,1.6407,1.6502
2000-04-14T00:00:00.000000000+0000,1.6502,1.6535,1.6303,1.6309
2000-04-15T00:00:00.000000000+0000,1.6309,1.6309,1.6309,1.6309
2000-04-16T00:00:00.000000000+0000,1.6309,1.6309,1.6309,1.6309
2000-04-17T00:00:00.000000000+0000,1.6263,1.6497,1.6207,1.6476
2000-04-18T00:00:00.000000000+0000,1.6485,1.6691,1.6485,1.6663
2000-04-19T00:00:00.000000000+0000,1.6669,1.6771,1.6591,1.668
2000-04-20T00:00:00.000000000+0000,1.6691,1.6805,1.6667,1.675
2000-04-21T00:00:00.000000000+0000,1.675,1.675,1.675,1.675
2000-04-22T00:00:00.000000000+0000,1.675,1.675,1.675,1.675
2000-04-23T00:00:00.000000000+0000,1.675,1.675,1.675,1.675
2000-04-24T00:00:00.000000000+0000,1.6743,1.6775,1.6627,1.6746
2000-04-25T00:00:00.000000000+0000,1.6749,1.7134,1.6708,1.7063
2000-04-26T00:00:00.000000000+0000,1.7067,1.7144,1.7013,1.702
2000-04-27T00:00:00.000000000+0000,1.7023,1.7328,1.7005,1.7265
2000-04-28T00:00:00.000000000+0000,1.6389,1.7396,1.7162,1.7165
2000-04-29T00:00:00.000000000+0000,1.7165,1.7165,1.7165,1.7165
2000-04-30T00:00:00.000000000+0000,1.7165,1.7165,1.7165,1.7165
2000-05-01T00:00:00.000000000+0000,1.7164,1.7233,1.7053,1.708
2000-05-02T00:00:00.000000000+0000,1.7085,1.7246,1.706,1.712
2000-05-03T00:00:00.000000000+0000,1.7123,1.738,1.7118,1.7243
2000-05-04T00:00:00.000000000+0000,1.7232,1.7434,1.7232,1.7371
2000-05-05T00:00:00.000000000+0000,1.7377,1.7396,1.7154,1.7306
2000-05-06T00:00:00.000000000+0000,1.7306,1.7306,1.7306,1.7306
2000-05-07T00:00:00.000000000+0000,1.7306,1.7306,1.7306,1.7306
2000-05-08T00:00:00.000000000+0000,1.7315,1.7372,1.7173,1.7269
2000-05-09T00:00:00.000000000+0000,1.7272,1.7294,1.712,1.7126
2000-05-10T00:00:00.000000000+0000,1.7135,1.7248,1.7071,1.7236
2000-05-11T00:00:00.000000000+0000,1.7232,1.731,1.7087,1.7267
2000-05-12T00:00:00.000000000+0000,1.7262,1.7296,1.6861,1.6891
2000-05-13T00:00:00.000000000+0000,1.6891,1.6891,1.6891,1.6891
2000-05-14T00:00:00.000000000+0000,1.6891,1.6891,1.6891,1.6891
2000-05-15T00:00:00.000000000+0000,1.694,1.7087,1.6919,1.7081
2000-05-16T00:00:00.000000000+0000,1.7155,1.7243,1.7073,1.7211
2000-05-17T00:00:00.000000000+0000,1.7216,1.7424,1.7164,1.7346
2000-05-18T00:00:00.000000000+0000,1.7347,1.7428,1.732,1.7373
2000-05-19T00:00:00.000000000+0000,1.7377,1.7538,1.7257,1.7275
2000-05-20T00:00:00.000000000+0000,1.7275,1.7275,1.7275,1.7275
2000-05-21T00:00:00.000000000+0000,1.7275,1.7275,1.7275,1.7275
2000-05-22T00:00:00.000000000+0000,1.7286,1.7369,1.714,1.7221
2000-05-23T00:00:00.000000000+0000,1.7225,1.7321,1.7066,1.7209
2000-05-24T00:00:00.000000000+0000,1.721,1.728,1.7116,1.7261
2000-05-25T00:00:00.000000000+0000,1.7263,1.7343,1.7119,1.712
2000-05-26T00:00:00.000000000+0000,1.7124,1.7145,1.677,1.6765
2000-05-27T00:00:00.000000000+0000,1.6765,1.6765,1.6765,1.6765
2000-05-28T00:00:00.000000000+0000,1.6765,1.6765,1.6765,1.6765
2000-05-29T00:00:00.000000000+0000,1.6765,1.6765,1.6765,1.6765
2000-05-30T00:00:00.000000000+0000,1.6913,1.6953,1.6715,1.6915
2000-05-31T00:00:00.000000000+0000,1.6892,1.6962,1.6799,1.6812
2000-06-01T00:00:00.000000000+0000,1.6809,1.6927,1.679,1.6855
2000-06-02T00:00:00.000000000+0000,1.6854,1.6894,1.6589,1.6613
2000-06-03T00:00:00.000000000+0000,1.6613,1.6613,1.6613,1.6613
2000-06-04T00:00:00.000000000+0000,1.6613,1.6613,1.6613,1.6613
2000-06-05T00:00:00.000000000+0000,1.6643,1.6713,1.6591,1.6625
2000-06-06T00:00:00.000000000+0000,1.661,1.6677,1.6384,1.6464
2000-06-07T00:00:00.000000000+0000,1.6461,1.6474,1.6295,1.6307
2000-06-08T00:00:00.000000000+0000,1.6311,1.6476,1.618,1.6418
2000-06-09T00:00:00.000000000+0000,1.641,1.6539,1.6367,1.6435
2000-06-10T00:00:00.000000000+0000,1.6435,1.6435,1.6435,1.6435
2000-06-11T00:00:00.000000000+0000,1.6435,1.6435,1.6435,1.6435
2000-06-12T00:00:00.000000000+0000,1.641,1.6496,1.6325,1.6371
2000-06-13T00:00:00.000000000+0000,1.6372,1.64,1.6243,1.6304
2000-06-14T00:00:00.000000000+0000,1.6307,1.6348,1.6193,1.6339
2000-06-15T00:00:00.000000000+0000,1.6334,1.6455,1.6259,1.6354
2000-06-16T00:00:00.000000000+0000,1.6356,1.6438,1.6155,1.616
2000-06-17T00:00:00.000000000+0000,1.616,1.616,1.616,1.616
2000-06-18T00:00:00.000000000+0000,1.616,1.616,1.616,1.616
2000-06-19T00:00:00.000000000+0000,1.618,1.6318,1.6107,1.6305
2000-06-20T00:00:00.000000000+0000,1.6303,1.6346,1.6204,1.6319
2000-06-21T00:00:00.000000000+0000,1.6289,1.6426,1.6289,1.6397
2000-06-22T00:00:00.000000000+0000,1.6403,1.6562,1.6358,1.654
2000-06-23T00:00:00.000000000+0000,1.6542,1.6604,1.6454,1.6575
2000-06-24T00:00:00.000000000+0000,1.6575,1.6575,1.6575,1.6575
2000-06-25T00:00:00.000000000+0000,1.6575,1.6575,1.6575,1.6575
2000-06-26T00:00:00.000000000+0000,1.6565,1.6656,1.648,1.6515
2000-06-27T00:00:00.000000000+0000,1.6505,1.6536,1.6334,1.6346
2000-06-28T00:00:00.000000000+0000,1.635,1.6497,1.6335,1.647
2000-06-29T00:00:00.000000000+0000,1.6421,1.6518,1.6313,1.6373
2000-06-30T00:00:00.000000000+0000,1.637,1.638,1.6233,1.6366
2000-07-01T00:00:00.000000000+0000,1.6366,1.6366,1.6366,1.6366
2000-07-02T00:00:00.000000000+0000,1.6366,1.6366,1.6366,1.6366
2000-07-03T00:00:00.000000000+0000,1.6355,1.6403,1.6319,1.6359
2000-07-04T00:00:00.000000000+0000,1.6359,1.6359,1.6359,1.6359
2000-07-05T00:00:00.000000000+0000,1.6334,1.634,1.6198,1.6229
2000-07-06T00:00:00.000000000+0000,1.6235,1.6286,1.6149,1.6263
2000-07-07T00:00:00.000000000+0000,1.6259,1.6326,1.6224,1.6267
2000-07-08T00:00:00.000000000+0000,1.6267,1.6267,1.6267,1.6267
2000-07-09T00:00:00.000000000+0000,1.6267,1.6267,1.6267,1.6267
2000-07-10T00:00:00.000000000+0000,1.6267,1.6295,1.6194,1.6231
2000-07-11T00:00:00.000000000+0000,1.6229,1.6341,1.6201,1.6279
2000-07-12T00:00:00.000000000+0000,1.6278,1.655,1.6275,1.653
2000-07-13T00:00:00.000000000+0000,1.6526,1.6637,1.6485,1.6541
2000-07-14T00:00:00.000000000+0000,1.6539,1.6615,1.6506,1.6496
2000-07-15T00:00:00.000000000+0000,1.6496,1.6496,1.6496,1.6496
2000-07-16T00:00:00.000000000+0000,1.6496,1.6496,1.6496,1.6496
2000-07-17T00:00:00.000000000+0000,1.6503,1.6592,1.6469,1.6532
2000-07-18T00:00:00.000000000+0000,1.6531,1.6785,1.6531,1.6758
2000-07-19T00:00:00.000000000+0000,1.6755,1.6865,1.6726,1.6739
2000-07-20T00:00:00.000000000+0000,1.6749,1.6839,1.6609,1.6615
2000-07-21T00:00:00.000000000+0000,1.6616,1.6674,1.6553,1.6606
2000-07-22T00:00:00.000000000+0000,1.6606,1.6606,1.6606,1.6606
2000-07-23T00:00:00.000000000+0000,1.6606,1.6606,1.6606,1.6606
2000-07-24T00:00:00.000000000+0000,1.6601,1.6701,1.6574,1.664
2000-07-25T00:00:00.000000000+0000,1.6642,1.6674,1.6479,1.6535
2000-07-26T00:00:00.000000000+0000,1.6533,1.6541,1.643,1.6468
2000-07-27T00:00:00.000000000+0000,1.6465,1.6644,1.6457,1.6633
2000-07-28T00:00:00.000000000+0000,1.6634,1.6781,1.6606,1.6756
2000-07-29T00:00:00.000000000+0000,1.6756,1.6756,1.6756,1.6756
2000-07-30T00:00:00.000000000+0000,1.6756,1.6756,1.6756,1.6756
2000-07-31T00:00:00.000000000+0000,1.6752,1.6792,1.6651,1.6692
2000-08-01T00:00:00.000000000+0000,1.6692,1.6906,1.6635,1.6883
2000-08-02T00:00:00.000000000+0000,1.6879,1.6946,1.6711,1.6875
2000-08-03T00:00:00.000000000+0000,1.687,1.7142,1.6825,1.7037
2000-08-04T00:00:00.000000000+0000,1.7035,1.7163,1.7023,1.7046
2000-08-05T00:00:00.000000000+0000,1.7046,1.7046,1.7046,1.7046
2000-08-06T00:00:00.000000000+0000,1.7046,1.7046,1.7046,1.7046
2000-08-07T00:00:00.000000000+0000,1.7062,1.7094,1.6994,1.705
2000-08-08T00:00:00.000000000+0000,1.705,1.7192,1.703,1.7093
2000-08-09T00:00:00.000000000+0000,1.7096,1.7243,1.7096,1.7129
2000-08-10T00:00:00.000000000+0000,1.7134,1.7158,1.7012,1.705
2000-08-11T00:00:00.000000000+0000,1.7051,1.7224,1.6987,1.7213
2000-08-12T00:00:00.000000000+0000,1.7213,1.7213,1.7213,1.7213
2000-08-13T00:00:00.000000000+0000,1.7213,1.7213,1.7213,1.7213
2000-08-14T00:00:00.000000000+0000,1.721,1.7265,1.7164,1.7184
2000-08-15T00:00:00.000000000+0000,1.7188,1.7193,1.7075,1.7102
2000-08-16T00:00:00.000000000+0000,1.7098,1.7204,1.7035,1.7056
2000-08-17T00:00:00.000000000+0000,1.7052,1.7147,1.7051,1.7066
2000-08-18T00:00:00.000000000+0000,1.7065,1.724,1.7029,1.7209
2000-08-19T00:00:00.000000000+0000,1.7209,1.7209,1.7209,1.7209
2000-08-20T00:00:00.000000000+0000,1.7209,1.7209,1.7209,1.7209
2000-08-21T00:00:00.000000000+0000,1.7199,1.7322,1.719,1.7304
2000-08-22T00:00:00.000000000+0000,1.73,1.744,1.7276,1.7381
2000-08-23T00:00:00.000000000+0000,1.7381,1.7498,1.7175,1.7178
2000-08-24T00:00:00.000000000+0000,1.7172,1.7242,1.7093,1.7136
2000-08-25T00:00:00.000000000+0000,1.7126,1.7252,1.7046,1.7088
2000-08-26T00:00:00.000000000+0000,1.7088,1.7088,1.7088,1.7088
2000-08-27T00:00:00.000000000+0000,1.7088,1.7088,1.7088,1.7088
2000-08-28T00:00:00.000000000+0000,1.7094,1.7161,1.7067,1.7145
2000-08-29T00:00:00.000000000+0000,1.7315,1.7355,1.7123,1.7322
2000-08-30T00:00:00.000000000+0000,1.7318,1.7463,1.7264,1.7272
2000-08-31T00:00:00.000000000+0000,1.7269,1.7486,1.7267,1.74
2000-09-01T00:00:00.000000000+0000,1.7399,1.7462,1.718,1.7234
2000-09-02T00:00:00.000000000+0000,1.7234,1.7234,1.7234,1.7234
2000-09-03T00:00:00.000000000+0000,1.7234,1.7234,1.7234,1.7234
2000-09-04T00:00:00.000000000+0000,1.7234,1.7234,1.7234,1.7234
2000-09-05T00:00:00.000000000+0000,1.7292,1.7521,1.7269,1.7437
2000-09-06T00:00:00.000000000+0000,1.7445,1.7804,1.7434,1.7751
2000-09-07T00:00:00.000000000+0000,1.7776,1.7916,1.7674,1.7753
2000-09-08T00:00:00.000000000+0000,1.7755,1.7911,1.7708,1.7858
2000-09-09T00:00:00.000000000+0000,1.7858,1.7858,1.7858,1.7858
2000-09-10T00:00:00.000000000+0000,1.7858,1.7858,1.7858,1.7858
2000-09-11T00:00:00.000000000+0000,1.7725,1.792,1.7689,1.773
2000-09-12T00:00:00.000000000+0000,1.7722,1.775,1.7564,1.7666
2000-09-13T00:00:00.000000000+0000,1.7661,1.7737,1.7548,1.7686
2000-09-14T00:00:00.000000000+0000,1.7697,1.7758,1.7487,1.7723
2000-09-15T00:00:00.000000000+0000,1.7715,1.7876,1.7629,1.786
2000-09-16T00:00:00.000000000+0000,1.786,1.786,1.786,1.786
2000-09-17T00:00:00.000000000+0000,1.786,1.786,1.786,1.786
2000-09-18T00:00:00.000000000+0000,1.7875,1.7902,1.7764,1.7818
2000-09-19T00:00:00.000000000+0000,1.7821,1.7931,1.7727,1.7755
2000-09-20T00:00:00.000000000+0000,1.775,1.7888,1.7746,1.7762
2000-09-21T00:00:00.000000000+0000,1.7771,1.7827,1.7605,1.7619
2000-09-22T00:00:00.000000000+0000,1.762,1.7692,1.711,1.7328
2000-09-23T00:00:00.000000000+0000,1.7328,1.7328,1.7328,1.7328
2000-09-24T00:00:00.000000000+0000,1.7328,1.7328,1.7328,1.7328
2000-09-25T00:00:00.000000000+0000,1.7305,1.7432,1.7238,1.7338
2000-09-26T00:00:00.000000000+0000,1.7341,1.7389,1.7234,1.7246
2000-09-27T00:00:00.000000000+0000,1.7256,1.7339,1.7181,1.7245
2000-09-28T00:00:00.000000000+0000,1.724,1.7365,1.7214,1.7331
2000-09-29T00:00:00.000000000+0000,1.7231,1.7428,1.7229,1.7237
2000-09-30T00:00:00.000000000+0000,1.7237,1.7237,1.7237,1.7237
2000-10-01T00:00:00.000000000+0000,1.7237,1.7237,1.7237,1.7237
2000-10-02T00:00:00.000000000+0000,1.7238,1.7375,1.7212,1.7364
2000-10-03T00:00:00.000000000+0000,1.7366,1.7385,1.7305,1.731
2000-10-04T00:00:00.000000000+0000,1.7327,1.7421,1.7257,1.7344
2000-10-05T00:00:00.000000000+0000,1.7349,1.7528,1.7324,1.7513
2000-10-06T00:00:00.000000000+0000,1.7503,1.757,1.7443,1.7503
2000-10-07T00:00:00.000000000+0000,1.7503,1.7503,1.7503,1.7503
2000-10-08T00:00:00.000000000+0000,1.7503,1.7503,1.7503,1.7503
2000-10-09T00:00:00.000000000+0000,1.7497,1.7548,1.7442,1.7508
2000-10-10T00:00:00.000000000+0000,1.7509,1.7557,1.7397,1.7435
2000-10-11T00:00:00.000000000+0000,1.7434,1.75,1.7283,1.7473
2000-10-12T00:00:00.000000000+0000,1.749,1.7547,1.7369,1.7433
2000-10-13T00:00:00.000000000+0000,1.7432,1.7716,1.7393,1.766
2000-10-14T00:00:00.000000000+0000,1.766,1.766,1.766,1.766
2000-10-15T00:00:00.000000000+0000,1.766,1.766,1.766,1.766
2000-10-16T00:00:00.000000000+0000,1.7661,1.7842,1.7644,1.7746
2000-10-17T00:00:00.000000000+0000,1.7745,1.7841,1.7641,1.7677
2000-10-18T00:00:00.000000000+0000,1.7683,1.7986,1.7513,1.7868
2000-10-19T00:00:00.000000000+0000,1.7868,1.791,1.7819,1.7842
2000-10-20T00:00:00.000000000+0000,1.7842,1.7978,1.7766,1.7824
2000-10-21T00:00:00.000000000+0000,1.7824,1.7824,1.7824,1.7824
2000-10-22T00:00:00.000000000+0000,1.7824,1.7824,1.7824,1.7824
2000-10-23T00:00:00.000000000+0000,1.7842,1.8,1.7826,1.7976
2000-10-24T00:00:00.000000000+0000,1.798,1.8002,1.789,1.7972
2000-10-25T00:00:00.000000000+0000,1.7509,1.8225,1.7958,1.8222
2000-10-26T00:00:00.000000000+0000,1.8217,1.8309,1.8119,1.817
2000-10-27T00:00:00.000000000+0000,1.8172,1.8219,1.8019,1.8083
2000-10-28T00:00:00.000000000+0000,1.8083,1.8083,1.8083,1.8083
2000-10-29T00:00:00.000000000+0000,1.8083,1.8083,1.8083,1.8083
2000-10-30T00:00:00.000000000+0000,1.8047,1.8107,1.791,1.8082
2000-10-31T00:00:00.000000000+0000,1.8105,1.812,1.7939,1.7972
2000-11-01T00:00:00.000000000+0000,1.7954,1.8016,1.7715,1.7726
2000-11-02T00:00:00.000000000+0000,1.7744,1.7806,1.7661,1.7774
2000-11-03T00:00:00.000000000+0000,1.7784,1.7801,1.7446,1.756
2000-11-04T00:00:00.000000000+0000,1.756,1.756,1.756,1.756
2000-11-05T00:00:00.000000000+0000,1.756,1.756,1.756,1.756
2000-11-06T00:00:00.000000000+0000,1.7553,1.778,1.7481,1.7658
2000-11-07T00:00:00.000000000+0000,1.7644,1.7736,1.7593,1.7671
2000-11-08T00:00:00.000000000+0000,1.767,1.7852,1.7529,1.7744
2000-11-09T00:00:00.000000000+0000,1.7756,1.7846,1.7535,1.7542
2000-11-10T00:00:00.000000000+0000,1.7527,1.7741,1.7495,1.7712
2000-11-11T00:00:00.000000000+0000,1.7712,1.7712,1.7712,1.7712
2000-11-12T00:00:00.000000000+0000,1.7712,1.7712,1.7712,1.7712
2000-11-13T00:00:00.000000000+0000,1.7689,1.7761,1.7575,1.7738
2000-11-14T00:00:00.000000000+0000,1.773,1.7791,1.7638,1.7741
2000-11-15T00:00:00.000000000+0000,1.7726,1.7826,1.7649,1.779
2000-11-16T00:00:00.000000000+0000,1.7774,1.7913,1.7744,1.785
2000-11-17T00:00:00.000000000+0000,1.7849,1.8012,1.7781,1.7975
2000-11-18T00:00:00.000000000+0000,1.7975,1.7975,1.7975,1.7975
2000-11-19T00:00:00.000000000+0000,1.7975,1.7975,1.7975,1.7975
2000-11-20T00:00:00.000000000+0000,1.7982,1.8052,1.7903,1.794
2000-11-21T00:00:00.000000000+0000,1.7934,1.807,1.7871,1.8038
2000-11-22T00:00:00.000000000+0000,1.8022,1.8072,1.7933,1.7992
2000-11-23T00:00:00.000000000+0000,1.7992,1.7992,1.7992,1.7992
2000-11-24T00:00:00.000000000+0000,1.812,1.8175,1.7997,1.8061
2000-11-25T00:00:00.000000000+0000,1.8061,1.8061,1.8061,1.8061
2000-11-26T00:00:00.000000000+0000,1.8061,1.8061,1.8061,1.8061
2000-11-27T00:00:00.000000000+0000,1.8031,1.8073,1.775,1.7746
2000-11-28T00:00:00.000000000+0000,1.7736,1.7811,1.7595,1.7628
2000-11-29T00:00:00.000000000+0000,1.764,1.7645,1.7465,1.7613
2000-11-30T00:00:00.000000000+0000,1.7596,1.7624,1.7265,1.7293
2000-12-01T00:00:00.000000000+0000,1.7296,1.7374,1.7217,1.7224
2000-12-02T00:00:00.000000000+0000,1.7224,1.7224,1.7224,1.7224
2000-12-03T00:00:00.000000000+0000,1.7224,1.7224,1.7224,1.7224
2000-12-04T00:00:00.000000000+0000,1.7234,1.7297,1.6967,1.6982
2000-12-05T00:00:00.000000000+0000,1.7065,1.7182,1.6958,1.7142
2000-12-06T00:00:00.000000000+0000,1.7139,1.7187,1.6978,1.6984
2000-12-07T00:00:00.000000000+0000,1.6998,1.7058,1.69,1.6979
2000-12-08T00:00:00.000000000+0000,1.6996,1.7149,1.6968,1.7022
2000-12-09T00:00:00.000000000+0000,1.7022,1.7022,1.7022,1.7022
2000-12-10T00:00:00.000000000+0000,1.7022,1.7022,1.7022,1.7022
2000-12-11T00:00:00.000000000+0000,1.7033,1.7182,1.7033,1.7109
2000-12-12T00:00:00.000000000+0000,1.7102,1.7171,1.701,1.7122
2000-12-13T00:00:00.000000000+0000,1.7123,1.7259,1.7078,1.7146
2000-12-14T00:00:00.000000000+0000,1.7123,1.7171,1.6867,1.6873
2000-12-15T00:00:00.000000000+0000,1.6869,1.6905,1.6745,1.6804
2000-12-16T00:00:00.000000000+0000,1.6804,1.6804,1.6804,1.6804
2000-12-17T00:00:00.000000000+0000,1.6804,1.6804,1.6804,1.6804
2000-12-18T00:00:00.000000000+0000,1.6819,1.6862,1.6689,1.6798
2000-12-19T00:00:00.000000000+0000,1.6781,1.6981,1.6773,1.6828
2000-12-20T00:00:00.000000000+0000,1.6814,1.689,1.6686,1.6706
2000-12-21T00:00:00.000000000+0000,1.6698,1.6777,1.6592,1.6602
2000-12-22T00:00:00.000000000+0000,1.6611,1.6648,1.6433,1.6467
2000-12-23T00:00:00.000000000+0000,1.6467,1.6467,1.6467,1.6467
2000-12-24T00:00:00.000000000+0000,1.6467,1.6467,1.6467,1.6467
2000-12-25T00:00:00.000000000+0000,1.6467,1.6467,1.6467,1.6467
2000-12-26T00:00:00.000000000+0000,1.6416,1.6464,1.6256,1.6294
2000-12-27T00:00:00.000000000+0000,1.6292,1.645,1.6267,1.6355
2000-12-28T00:00:00.000000000+0000,1.6344,1.6487,1.6334,1.6341
2000-12-29T00:00:00.000000000+0000,1.6334,1.6402,1.6099,1.6106
2001-01-01T00:00:00.000000000+0000,1.5987,1.5987,1.5987,1.5987
2001-01-02T00:00:00.000000000+0000,1.6105,1.6226,1.5978,1.5987
2001-01-03T00:00:00.000000000+0000,1.5989,1.632,1.59,1.6313
2001-01-04T00:00:00.000000000+0000,1.6311,1.6335,1.5981,1.6045
2001-01-05T00:00:00.000000000+0000,1.5998,1.6115,1.5934,1.5988
2001-01-06T00:00:00.000000000+0000,1.5988,1.5988,1.5988,1.5988
2001-01-07T00:00:00.000000000+0000,1.5988,1.5988,1.5988,1.5988
2001-01-08T00:00:00.000000000+0000,1.5975,1.6124,1.5964,1.6086
2001-01-09T00:00:00.000000000+0000,1.608,1.6223,1.6075,1.6142
2001-01-10T00:00:00.000000000+0000,1.6134,1.6298,1.6107,1.6287
2001-01-11T00:00:00.000000000+0000,1.6273,1.6288,1.6056,1.6124
2001-01-12T00:00:00.000000000+0000,1.6117,1.6246,1.6065,1.6176
2001-01-13T00:00:00.000000000+0000,1.6176,1.6176,1.6176,1.6176
2001-01-14T00:00:00.000000000+0000,1.6176,1.6176,1.6176,1.6176
2001-01-15T00:00:00.000000000+0000,1.6176,1.6176,1.6176,1.6176
2001-01-16T00:00:00.000000000+0000,1.6337,1.6432,1.6312,1.6333
2001-01-17T00:00:00.000000000+0000,1.6314,1.6535,1.63,1.6423
2001-01-18T00:00:00.000000000+0000,1.6425,1.6445,1.6138,1.62
2001-01-19T00:00:00.000000000+0000,1.6202,1.639,1.6089,1.6379
2001-01-20T00:00:00.000000000+0000,1.6379,1.6379,1.6379,1.6379
2001-01-21T00:00:00.000000000+0000,1.6379,1.6379,1.6379,1.6379
2001-01-22T00:00:00.000000000+0000,1.637,1.6538,1.6278,1.631
2001-01-23T00:00:00.000000000+0000,1.64,1.64,1.6233,1.6338
2001-01-24T00:00:00.000000000+0000,1.6388,1.6603,1.6355,1.6588
2001-01-25T00:00:00.000000000+0000,1.6554,1.6717,1.6497,1.6507
2001-01-26T00:00:00.000000000+0000,1.649,1.6603,1.6399,1.6518
2001-01-27T00:00:00.000000000+0000,1.6518,1.6518,1.6518,1.6518
2001-01-28T00:00:00.000000000+0000,1.6518,1.6518,1.6518,1.6518
2001-01-29T00:00:00.000000000+0000,1.6512,1.6595,1.6477,1.6566
2001-01-30T00:00:00.000000000+0000,1.6569,1.6616,1.6437,1.646
2001-01-31T00:00:00.000000000+0000,1.6456,1.6502,1.6345,1.6342
2001-02-01T00:00:00.000000000+0000,1.6344,1.6355,1.6244,1.6324
2001-02-02T00:00:00.000000000+0000,1.6326,1.6497,1.6283,1.6448
2001-02-03T00:00:00.000000000+0000,1.6448,1.6448,1.6448,1.6448
2001-02-04T00:00:00.000000000+0000,1.6448,1.6448,1.6448,1.6448
2001-02-05T00:00:00.000000000+0000,1.6459,1.6468,1.6299,1.6392
2001-02-06T00:00:00.000000000+0000,1.639,1.6581,1.6378,1.6538
2001-02-07T00:00:00.000000000+0000,1.6537,1.6608,1.6436,1.654
2001-02-08T00:00:00.000000000+0000,1.6545,1.6742,1.6522,1.6706
2001-02-09T00:00:00.000000000+0000,1.6699,1.6778,1.6551,1.6596
2001-02-10T00:00:00.000000000+0000,1.6596,1.6596,1.6596,1.6596
2001-02-11T00:00:00.000000000+0000,1.6596,1.6596,1.6596,1.6596
2001-02-12T00:00:00.000000000+0000,1.66,1.6613,1.6489,1.6528
2001-02-13T00:00:00.000000000+0000,1.6533,1.6736,1.6511,1.6694
2001-02-14T00:00:00.000000000+0000,1.6688,1.6744,1.6655,1.6696
2001-02-15T00:00:00.000000000+0000,1.6704,1.6976,1.6678,1.6914
2001-02-16T00:00:00.000000000+0000,1.691,1.6938,1.6723,1.6786
2001-02-17T00:00:00.000000000+0000,1.6786,1.6786,1.6786,1.6786
2001-02-18T00:00:00.000000000+0000,1.6786,1.6786,1.6786,1.6786
2001-02-19T00:00:00.000000000+0000,1.6804,1.682,1.6632,1.6682
2001-02-20T00:00:00.000000000+0000,1.6689,1.6949,1.6642,1.6829
2001-02-21T00:00:00.000000000+0000,1.6689,1.6933,1.6711,1.6868
2001-02-22T00:00:00.000000000+0000,1.6689,1.6985,1.6789,1.6934
2001-02-23T00:00:00.000000000+0000,1.6931,1.6973,1.6678,1.6736
2001-02-24T00:00:00.000000000+0000,1.6736,1.6736,1.6736,1.6736
2001-02-25T00:00:00.000000000+0000,1.6736,1.6736,1.6736,1.6736
2001-02-26T00:00:00.000000000+0000,1.6738,1.69,1.6711,1.6869
2001-02-27T00:00:00.000000000+0000,1.688,1.6906,1.6711,1.6737
2001-02-28T00:00:00.000000000+0000,1.688,1.6796,1.6656,1.6686
2001-03-01T00:00:00.000000000+0000,1.6689,1.6716,1.6487,1.6512
2001-03-02T00:00:00.000000000+0000,1.651,1.6555,1.6399,1.6445
2001-03-03T00:00:00.000000000+0000,1.6445,1.6445,1.6445,1.6445
2001-03-04T00:00:00.000000000+0000,1.6445,1.6445,1.6445,1.6445
2001-03-05T00:00:00.000000000+0000,1.6425,1.6553,1.6411,1.6519
2001-03-06T00:00:00.000000000+0000,1.6522,1.6597,1.6478,1.648
2001-03-07T00:00:00.000000000+0000,1.6482,1.6605,1.6443,1.6558
2001-03-08T00:00:00.000000000+0000,1.6564,1.6598,1.65,1.6505
2001-03-09T00:00:00.000000000+0000,1.651,1.6585,1.6467,1.651
2001-03-10T00:00:00.000000000+0000,1.651,1.651,1.651,1.651
2001-03-11T00:00:00.000000000+0000,1.651,1.651,1.651,1.651
2001-03-12T00:00:00.000000000+0000,1.6538,1.6644,1.65,1.6572
2001-03-13T00:00:00.000000000+0000,1.6568,1.6868,1.6551,1.6832
2001-03-14T00:00:00.000000000+0000,1.6822,1.6951,1.6694,1.6876
2001-03-15T00:00:00.000000000+0000,1.6878,1.7167,1.6856,1.7138
2001-03-16T00:00:00.000000000+0000,1.7144,1.7214,1.7077,1.7082
2001-03-17T00:00:00.000000000+0000,1.7082,1.7082,1.7082,1.7082
2001-03-18T00:00:00.000000000+0000,1.7082,1.7082,1.7082,1.7082
2001-03-19T00:00:00.000000000+0000,1.7089,1.7146,1.7023,1.7052
2001-03-20T00:00:00.000000000+0000,1.7052,1.7067,1.6876,1.6888
2001-03-21T00:00:00.000000000+0000,1.6879,1.7154,1.6843,1.7102
2001-03-22T00:00:00.000000000+0000,1.7106,1.731,1.7089,1.7226
2001-03-23T00:00:00.000000000+0000,1.7235,1.7302,1.7089,1.721
2001-03-24T00:00:00.000000000+0000,1.721,1.721,1.721,1.721
2001-03-25T00:00:00.000000000+0000,1.721,1.721,1.721,1.721
2001-03-26T00:00:00.000000000+0000,1.7193,1.7226,1.7112,1.7142
2001-03-27T00:00:00.000000000+0000,1.7132,1.722,1.7071,1.7172
2001-03-28T00:00:00.000000000+0000,1.7172,1.729,1.7144,1.726
2001-03-29T00:00:00.000000000+0000,1.7262,1.7332,1.7211,1.7266
2001-03-30T00:00:00.000000000+0000,1.7262,1.7441,1.7211,1.7412
2001-03-31T00:00:00.000000000+0000,1.7412,1.7412,1.7412,1.7412
2001-04-01T00:00:00.000000000+0000,1.7412,1.7412,1.7412,1.7412
2001-04-02T00:00:00.000000000+0000,1.7455,1.7472,1.7275,1.7354
2001-04-03T00:00:00.000000000+0000,1.7348,1.735,1.701,1.7013
2001-04-04T00:00:00.000000000+0000,1.7348,1.7087,1.6888,1.6956
2001-04-05T00:00:00.000000000+0000,1.6946,1.7065,1.6834,1.7028
2001-04-06T00:00:00.000000000+0000,1.6946,1.7116,1.6899,1.6908
2001-04-07T00:00:00.000000000+0000,1.6908,1.6908,1.6908,1.6908
2001-04-08T00:00:00.000000000+0000,1.6908,1.6908,1.6908,1.6908
2001-04-09T00:00:00.000000000+0000,1.6917,1.706,1.6907,1.7038
2001-04-10T00:00:00.000000000+0000,1.7036,1.7202,1.6989,1.7166
2001-04-11T00:00:00.000000000+0000,1.7166,1.726,1.7078,1.7104
2001-04-12T00:00:00.000000000+0000,1.7102,1.7182,1.7011,1.7056
2001-04-13T00:00:00.000000000+0000,1.7056,1.7056,1.7056,1.7056
2001-04-14T00:00:00.000000000+0000,1.7056,1.7056,1.7056,1.7056
2001-04-15T00:00:00.000000000+0000,1.7056,1.7056,1.7056,1.7056
2001-04-16T00:00:00.000000000+0000,1.7128,1.7225,1.71,1.7136
2001-04-17T00:00:00.000000000+0000,1.7132,1.7366,1.7086,1.7278
2001-04-18T00:00:00.000000000+0000,1.7275,1.759,1.7246,1.7296
2001-04-19T00:00:00.000000000+0000,1.7299,1.7376,1.7012,1.7041
2001-04-20T00:00:00.000000000+0000,1.7046,1.709,1.69,1.6946
2001-04-21T00:00:00.000000000+0000,1.6946,1.6946,1.6946,1.6946
2001-04-22T00:00:00.000000000+0000,1.6946,1.6946,1.6946,1.6946
2001-04-23T00:00:00.000000000+0000,1.6961,1.71,1.6845,1.706
2001-04-24T00:00:00.000000000+0000,1.7044,1.7149,1.6952,1.7122
2001-04-25T00:00:00.000000000+0000,1.713,1.7188,1.7023,1.706
2001-04-26T00:00:00.000000000+0000,1.7052,1.7136,1.6999,1.702
2001-04-27T00:00:00.000000000+0000,1.7024,1.7307,1.6991,1.7253
2001-04-28T00:00:00.000000000+0000,1.7253,1.7253,1.7253,1.7253
2001-04-29T00:00:00.000000000+0000,1.7253,1.7253,1.7253,1.7253
2001-04-30T00:00:00.000000000+0000,1.724,1.738,1.723,1.7312
2001-05-01T00:00:00.000000000+0000,1.7309,1.7376,1.7244,1.7243
2001-05-02T00:00:00.000000000+0000,1.7249,1.7357,1.7238,1.7262
2001-05-03T00:00:00.000000000+0000,1.7262,1.7366,1.7199,1.7324
2001-05-04T00:00:00.000000000+0000,1.7334,1.7338,1.7155,1.7285
2001-05-05T00:00:00.000000000+0000,1.7285,1.7285,1.7285,1.7285
2001-05-06T00:00:00.000000000+0000,1.7285,1.7285,1.7285,1.7285
2001-05-07T00:00:00.000000000+0000,1.7295,1.7345,1.7278,1.7312
2001-05-08T00:00:00.000000000+0000,1.731,1.7462,1.73,1.7414
2001-05-09T00:00:00.000000000+0000,1.741,1.746,1.7378,1.7377
2001-05-10T00:00:00.000000000+0000,1.7386,1.7488,1.7285,1.7425
2001-05-11T00:00:00.000000000+0000,1.742,1.7548,1.742,1.7508
2001-05-12T00:00:00.000000000+0000,1.7508,1.7508,1.7508,1.7508
2001-05-13T00:00:00.000000000+0000,1.7508,1.7508,1.7508,1.7508
2001-05-14T00:00:00.000000000+0000,1.7503,1.7551,1.75,1.7518
2001-05-15T00:00:00.000000000+0000,1.7514,1.753,1.7412,1.7438
2001-05-16T00:00:00.000000000+0000,1.743,1.751,1.7278,1.7348
2001-05-17T00:00:00.000000000+0000,1.7339,1.7432,1.7255,1.738
2001-05-18T00:00:00.000000000+0000,1.7386,1.752,1.7365,1.7432
2001-05-19T00:00:00.000000000+0000,1.7432,1.7432,1.7432,1.7432
2001-05-20T00:00:00.000000000+0000,1.7432,1.7432,1.7432,1.7432
2001-05-21T00:00:00.000000000+0000,1.7437,1.7529,1.7398,1.748
2001-05-22T00:00:00.000000000+0000,1.7486,1.771,1.7467,1.7662
2001-05-23T00:00:00.000000000+0000,1.7666,1.7833,1.7646,1.7816
2001-05-24T00:00:00.000000000+0000,1.781,1.7914,1.7718,1.777
2001-05-25T00:00:00.000000000+0000,1.777,1.7865,1.7708,1.7736
2001-05-26T00:00:00.000000000+0000,1.7736,1.7736,1.7736,1.7736
2001-05-27T00:00:00.000000000+0000,1.7736,1.7736,1.7736,1.7736
2001-05-28T00:00:00.000000000+0000,1.7736,1.7736,1.7736,1.7736
2001-05-29T00:00:00.000000000+0000,1.7768,1.7878,1.7734,1.7796
2001-05-30T00:00:00.000000000+0000,1.7792,1.7857,1.7753,1.78
2001-05-31T00:00:00.000000000+0000,1.7812,1.8002,1.7788,1.7972
2001-06-01T00:00:00.000000000+0000,1.7979,1.8022,1.79,1.7947
2001-06-02T00:00:00.000000000+0000,1.7947,1.7947,1.7947,1.7947
2001-06-03T00:00:00.000000000+0000,1.7947,1.7947,1.7947,1.7947
2001-06-04T00:00:00.000000000+0000,1.7957,1.7984,1.7828,1.7936
2001-06-05T00:00:00.000000000+0000,1.7924,1.7973,1.7738,1.7758
2001-06-06T00:00:00.000000000+0000,1.7754,1.7995,1.7716,1.7944
2001-06-07T00:00:00.000000000+0000,1.7948,1.8032,1.7888,1.789
2001-06-08T00:00:00.000000000+0000,1.79,1.7997,1.7885,1.7925
2001-06-09T00:00:00.000000000+0000,1.7925,1.7925,1.7925,1.7925
2001-06-10T00:00:00.000000000+0000,1.7925,1.7925,1.7925,1.7925
2001-06-11T00:00:00.000000000+0000,1.7924,1.8075,1.7856,1.804
2001-06-12T00:00:00.000000000+0000,1.802,1.8065,1.7867,1.7883
2001-06-13T00:00:00.000000000+0000,1.788,1.7942,1.7817,1.7881
2001-06-14T00:00:00.000000000+0000,1.7862,1.7972,1.7677,1.7685
2001-06-15T00:00:00.000000000+0000,1.7679,1.779,1.7588,1.7746
2001-06-16T00:00:00.000000000+0000,1.7746,1.7746,1.7746,1.7746
2001-06-17T00:00:00.000000000+0000,1.7746,1.7746,1.7746,1.7746
2001-06-18T00:00:00.000000000+0000,1.7745,1.7842,1.7716,1.7777
2001-06-19T00:00:00.000000000+0000,1.778,1.7918,1.778,1.7896
2001-06-20T00:00:00.000000000+0000,1.7896,1.7939,1.7822,1.7836
2001-06-21T00:00:00.000000000+0000,1.7836,1.7869,1.7745,1.7777
2001-06-22T00:00:00.000000000+0000,1.7776,1.7844,1.7718,1.7723
2001-06-23T00:00:00.000000000+0000,1.7723,1.7723,1.7723,1.7723
2001-06-24T00:00:00.000000000+0000,1.7723,1.7723,1.7723,1.7723
2001-06-25T00:00:00.000000000+0000,1.7721,1.7744,1.762,1.7685
2001-06-26T00:00:00.000000000+0000,1.7688,1.7717,1.7585,1.7632
2001-06-27T00:00:00.000000000+0000,1.7638,1.7702,1.76,1.7677
2001-06-28T00:00:00.000000000+0000,1.7676,1.8027,1.7643,1.8001
2001-06-29T00:00:00.000000000+0000,1.7998,1.803,1.7911,1.7928
2001-06-30T00:00:00.000000000+0000,1.7928,1.7928,1.7928,1.7928
2001-07-01T00:00:00.000000000+0000,1.7928,1.7928,1.7928,1.7928
2001-07-02T00:00:00.000000000+0000,1.7906,1.8025,1.7906,1.7948
2001-07-03T00:00:00.000000000+0000,1.7937,1.7995,1.7909,1.7939
2001-07-04T00:00:00.000000000+0000,1.7939,1.7939,1.7939,1.7939
2001-07-05T00:00:00.000000000+0000,1.797,1.8203,1.7951,1.8175
2001-07-06T00:00:00.000000000+0000,1.8188,1.8226,1.7917,1.792
2001-07-07T00:00:00.000000000+0000,1.792,1.792,1.792,1.792
2001-07-08T00:00:00.000000000+0000,1.792,1.792,1.792,1.792
2001-07-09T00:00:00.000000000+0000,1.796,1.8004,1.7887,1.793
2001-07-10T00:00:00.000000000+0000,1.7931,1.7953,1.777,1.7783
2001-07-11T00:00:00.000000000+0000,1.7772,1.7819,1.7557,1.767
2001-07-12T00:00:00.000000000+0000,1.7678,1.7794,1.767,1.7701
2001-07-13T00:00:00.000000000+0000,1.77,1.7778,1.7649,1.7708
2001-07-14T00:00:00.000000000+0000,1.7708,1.7708,1.7708,1.7708
2001-07-15T00:00:00.000000000+0000,1.7708,1.7708,1.7708,1.7708
2001-07-16T00:00:00.000000000+0000,1.77,1.7734,1.7609,1.772
2001-07-17T00:00:00.000000000+0000,1.7722,1.7806,1.7511,1.7538
2001-07-18T00:00:00.000000000+0000,1.7534,1.7575,1.72,1.7206
2001-07-19T00:00:00.000000000+0000,1.7216,1.7333,1.7153,1.7259
2001-07-20T00:00:00.000000000+0000,1.7256,1.7297,1.7164,1.7261
2001-07-21T00:00:00.000000000+0000,1.7261,1.7261,1.7261,1.7261
2001-07-22T00:00:00.000000000+0000,1.7261,1.7261,1.7261,1.7261
2001-07-23T00:00:00.000000000+0000,1.728,1.7395,1.726,1.7325
2001-07-24T00:00:00.000000000+0000,1.7331,1.734,1.7178,1.7246
2001-07-25T00:00:00.000000000+0000,1.7243,1.7281,1.7101,1.7146
2001-07-26T00:00:00.000000000+0000,1.7148,1.7265,1.7107,1.7197
2001-07-27T00:00:00.000000000+0000,1.7192,1.7309,1.7122,1.7198
2001-07-28T00:00:00.000000000+0000,1.7198,1.7198,1.7198,1.7198
2001-07-29T00:00:00.000000000+0000,1.7198,1.7198,1.7198,1.7198
2001-07-30T00:00:00.000000000+0000,1.7192,1.7317,1.7183,1.7268
2001-07-31T00:00:00.000000000+0000,1.7267,1.7325,1.7208,1.7256
2001-08-01T00:00:00.000000000+0000,1.7258,1.7266,1.71,1.7132
2001-08-02T00:00:00.000000000+0000,1.7134,1.718,1.7056,1.7089
2001-08-03T00:00:00.000000000+0000,1.7087,1.7169,1.6998,1.7062
2001-08-04T00:00:00.000000000+0000,1.7062,1.7062,1.7062,1.7062
2001-08-05T00:00:00.000000000+0000,1.7062,1.7062,1.7062,1.7062
2001-08-06T00:00:00.000000000+0000,1.7068,1.7157,1.7065,1.7104
2001-08-07T00:00:00.000000000+0000,1.7098,1.7219,1.7098,1.7166
2001-08-08T00:00:00.000000000+0000,1.7162,1.7225,1.7086,1.7083
2001-08-09T00:00:00.000000000+0000,1.709,1.7092,1.6839,1.6888
2001-08-10T00:00:00.000000000+0000,1.6894,1.6945,1.6852,1.6925
2001-08-11T00:00:00.000000000+0000,1.6925,1.6925,1.6925,1.6925
2001-08-12T00:00:00.000000000+0000,1.6925,1.6925,1.6925,1.6925
2001-08-13T00:00:00.000000000+0000,1.692,1.6955,1.682,1.6917
2001-08-14T00:00:00.000000000+0000,1.6913,1.6953,1.6778,1.6789
2001-08-15T00:00:00.000000000+0000,1.6784,1.6806,1.66,1.6622
2001-08-16T00:00:00.000000000+0000,1.6621,1.6697,1.6527,1.6662
2001-08-17T00:00:00.000000000+0000,1.6663,1.6685,1.655,1.6558
2001-08-18T00:00:00.000000000+0000,1.6558,1.6558,1.6558,1.6558
2001-08-19T00:00:00.000000000+0000,1.6558,1.6558,1.6558,1.6558
2001-08-20T00:00:00.000000000+0000,1.6565,1.6649,1.6504,1.6604
2001-08-21T00:00:00.000000000+0000,1.6613,1.6697,1.6533,1.6536
2001-08-22T00:00:00.000000000+0000,1.6541,1.6668,1.6452,1.666
2001-08-23T00:00:00.000000000+0000,1.6649,1.6707,1.657,1.6607
2001-08-24T00:00:00.000000000+0000,1.6609,1.6748,1.6567,1.6657
2001-08-25T00:00:00.000000000+0000,1.6657,1.6657,1.6657,1.6657
2001-08-26T00:00:00.000000000+0000,1.6657,1.6657,1.6657,1.6657
2001-08-27T00:00:00.000000000+0000,1.6645,1.6725,1.6645,1.666
2001-08-28T00:00:00.000000000+0000,1.6661,1.6799,1.6611,1.6623
2001-08-29T00:00:00.000000000+0000,1.6626,1.671,1.6587,1.669
2001-08-30T00:00:00.000000000+0000,1.6702,1.6758,1.6489,1.6534
2001-08-31T00:00:00.000000000+0000,1.6537,1.6722,1.6474,1.6625
2001-09-01T00:00:00.000000000+0000,1.6625,1.6625,1.6625,1.6625
2001-09-02T00:00:00.000000000+0000,1.6625,1.6625,1.6625,1.6625
2001-09-03T00:00:00.000000000+0000,1.6625,1.6625,1.6625,1.6625
2001-09-04T00:00:00.000000000+0000,1.67,1.7105,1.67,1.7038
2001-09-05T00:00:00.000000000+0000,1.7022,1.7078,1.6945,1.7047
2001-09-06T00:00:00.000000000+0000,1.7054,1.7126,1.685,1.6875
2001-09-07T00:00:00.000000000+0000,1.6882,1.693,1.6712,1.6726
2001-09-08T00:00:00.000000000+0000,1.6726,1.6726,1.6726,1.6726
2001-09-09T00:00:00.000000000+0000,1.6726,1.6726,1.6726,1.6726
2001-09-10T00:00:00.000000000+0000,1.6732,1.6901,1.6679,1.6881
2001-09-11T00:00:00.000000000+0000,1.6882,1.6919,1.6367,1.644
2001-09-12T00:00:00.000000000+0000,1.6454,1.6701,1.6389,1.6584
2001-09-13T00:00:00.000000000+0000,1.6589,1.6635,1.6462,1.6486
2001-09-14T00:00:00.000000000+0000,1.6484,1.6528,1.62,1.6215
2001-09-15T00:00:00.000000000+0000,1.6215,1.6215,1.6215,1.6215
2001-09-16T00:00:00.000000000+0000,1.6215,1.6215,1.6215,1.6215
2001-09-17T00:00:00.000000000+0000,1.6211,1.6226,1.5956,1.6043
2001-09-18T00:00:00.000000000+0000,1.604,1.6177,1.5949,1.5981
2001-09-19T00:00:00.000000000+0000,1.5986,1.5986,1.5844,1.5963
2001-09-20T00:00:00.000000000+0000,1.5963,1.5975,1.5845,1.585
2001-09-21T00:00:00.000000000+0000,1.5854,1.5953,1.5675,1.5794
2001-09-22T00:00:00.000000000+0000,1.5794,1.5794,1.5794,1.5794
2001-09-23T00:00:00.000000000+0000,1.5794,1.5794,1.5794,1.5794
2001-09-24T00:00:00.000000000+0000,1.5817,1.6036,1.5778,1.5979
2001-09-25T00:00:00.000000000+0000,1.5977,1.6005,1.5834,1.5877
2001-09-26T00:00:00.000000000+0000,1.5877,1.609,1.5836,1.6001
2001-09-27T00:00:00.000000000+0000,1.5995,1.6183,1.5985,1.6126
2001-09-28T00:00:00.000000000+0000,1.6128,1.6241,1.6109,1.6206
2001-09-29T00:00:00.000000000+0000,1.6206,1.6206,1.6206,1.6206
2001-09-30T00:00:00.000000000+0000,1.6206,1.6206,1.6206,1.6206
2001-10-01T00:00:00.000000000+0000,1.6241,1.6348,1.6155,1.6164
2001-10-02T00:00:00.000000000+0000,1.6167,1.6227,1.6089,1.6196
2001-10-03T00:00:00.000000000+0000,1.6197,1.6255,1.6062,1.6228
2001-10-04T00:00:00.000000000+0000,1.623,1.6304,1.6156,1.6195
2001-10-05T00:00:00.000000000+0000,1.6201,1.625,1.6123,1.6158
2001-10-06T00:00:00.000000000+0000,1.6158,1.6158,1.6158,1.6158
2001-10-07T00:00:00.000000000+0000,1.6158,1.6158,1.6158,1.6158
2001-10-08T00:00:00.000000000+0000,1.6111,1.6135,1.5996,1.6081
2001-10-09T00:00:00.000000000+0000,1.6086,1.6274,1.6025,1.6249
2001-10-10T00:00:00.000000000+0000,1.6242,1.6303,1.6178,1.6274
2001-10-11T00:00:00.000000000+0000,1.6285,1.6526,1.6252,1.644
2001-10-12T00:00:00.000000000+0000,1.644,1.6471,1.6245,1.625
2001-10-13T00:00:00.000000000+0000,1.625,1.625,1.625,1.625
2001-10-14T00:00:00.000000000+0000,1.625,1.625,1.625,1.625
2001-10-15T00:00:00.000000000+0000,1.6243,1.6307,1.6201,1.6266
2001-10-16T00:00:00.000000000+0000,1.628,1.6388,1.6249,1.6344
2001-10-17T00:00:00.000000000+0000,1.6348,1.6464,1.63,1.6385
2001-10-18T00:00:00.000000000+0000,1.6394,1.6451,1.6322,1.6367
2001-10-19T00:00:00.000000000+0000,1.6364,1.645,1.6363,1.642
2001-10-20T00:00:00.000000000+0000,1.642,1.642,1.642,1.642
2001-10-21T00:00:00.000000000+0000,1.642,1.642,1.642,1.642
2001-10-22T00:00:00.000000000+0000,1.643,1.664,1.6411,1.6592
2001-10-23T00:00:00.000000000+0000,1.6589,1.6684,1.6574,1.6599
2001-10-24T00:00:00.000000000+0000,1.6599,1.663,1.6545,1.6556
2001-10-25T00:00:00.000000000+0000,1.6554,1.666,1.6452,1.6527
2001-10-26T00:00:00.000000000+0000,1.6529,1.6571,1.6485,1.6505
2001-10-27T00:00:00.000000000+0000,1.6505,1.6505,1.6505,1.6505
2001-10-28T00:00:00.000000000+0000,1.6505,1.6505,1.6505,1.6505
2001-10-29T00:00:00.000000000+0000,1.6527,1.6307,1.6277,1.6274
2001-10-30T00:00:00.000000000+0000,1.6275,1.63,1.6155,1.6239
2001-10-31T00:00:00.000000000+0000,1.6245,1.6364,1.621,1.6333
2001-11-01T00:00:00.000000000+0000,1.6336,1.6355,1.6132,1.6311
2001-11-02T00:00:00.000000000+0000,1.6308,1.6355,1.6245,1.6302
2001-11-03T00:00:00.000000000+0000,1.6302,1.6302,1.6302,1.6302
2001-11-04T00:00:00.000000000+0000,1.6302,1.6302,1.6302,1.6302
2001-11-05T00:00:00.000000000+0000,1.6322,1.6444,1.6316,1.6394
2001-11-06T00:00:00.000000000+0000,1.6408,1.6465,1.6373,1.6459
2001-11-07T00:00:00.000000000+0000,1.6462,1.6472,1.6258,1.6349
2001-11-08T00:00:00.000000000+0000,1.6355,1.6458,1.6307,1.6397
2001-11-09T00:00:00.000000000+0000,1.6417,1.6506,1.6367,1.6386
2001-11-10T00:00:00.000000000+0000,1.6386,1.6386,1.6386,1.6386
2001-11-11T00:00:00.000000000+0000,1.6386,1.6386,1.6386,1.6386
2001-11-12T00:00:00.000000000+0000,1.6389,1.6417,1.6211,1.6362
2001-11-13T00:00:00.000000000+0000,1.6379,1.6726,1.6348,1.6714
2001-11-14T00:00:00.000000000+0000,1.6691,1.6768,1.6597,1.6637
2001-11-15T00:00:00.000000000+0000,1.6642,1.6703,1.6594,1.6619
2001-11-16T00:00:00.000000000+0000,1.6607,1.6632,1.6536,1.6567
2001-11-17T00:00:00.000000000+0000,1.6567,1.6567,1.6567,1.6567
2001-11-18T00:00:00.000000000+0000,1.6567,1.6567,1.6567,1.6567
2001-11-19T00:00:00.000000000+0000,1.6567,1.6681,1.6565,1.6591
2001-11-20T00:00:00.000000000+0000,1.6601,1.6607,1.6467,1.6479
2001-11-21T00:00:00.000000000+0000,1.6486,1.6622,1.6475,1.6541
2001-11-22T00:00:00.000000000+0000,1.6541,1.6541,1.6541,1.6541
2001-11-23T00:00:00.000000000+0000,1.6618,1.6735,1.6576,1.6661
2001-11-24T00:00:00.000000000+0000,1.6661,1.6661,1.6661,1.6661
2001-11-25T00:00:00.000000000+0000,1.6661,1.6661,1.6661,1.6661
2001-11-26T00:00:00.000000000+0000,1.666,1.6666,1.6584,1.6632
2001-11-27T00:00:00.000000000+0000,1.6635,1.6699,1.6556,1.6562
2001-11-28T00:00:00.000000000+0000,1.6572,1.6597,1.6389,1.646
2001-11-29T00:00:00.000000000+0000,1.6461,1.6576,1.6433,1.6559
2001-11-30T00:00:00.000000000+0000,1.6553,1.6642,1.6365,1.6414
2001-12-01T00:00:00.000000000+0000,1.6414,1.6414,1.6414,1.6414
2001-12-02T00:00:00.000000000+0000,1.6414,1.6414,1.6414,1.6414
2001-12-03T00:00:00.000000000+0000,1.6417,1.657,1.6407,1.6544
2001-12-04T00:00:00.000000000+0000,1.6543,1.6588,1.65,1.6527
2001-12-05T00:00:00.000000000+0000,1.6526,1.6678,1.6478,1.6581
2001-12-06T00:00:00.000000000+0000,1.6581,1.6627,1.6462,1.6466
2001-12-07T00:00:00.000000000+0000,1.6471,1.6638,1.6467,1.6579
2001-12-08T00:00:00.000000000+0000,1.6579,1.6579,1.6579,1.6579
2001-12-09T00:00:00.000000000+0000,1.6579,1.6579,1.6579,1.6579
2001-12-10T00:00:00.000000000+0000,1.6577,1.674,1.6577,1.6622
2001-12-11T00:00:00.000000000+0000,1.6629,1.6645,1.6523,1.6525
2001-12-12T00:00:00.000000000+0000,1.6532,1.6545,1.64,1.6419
2001-12-13T00:00:00.000000000+0000,1.6412,1.6536,1.6377,1.6511
2001-12-14T00:00:00.000000000+0000,1.6523,1.6534,1.6267,1.6309
2001-12-15T00:00:00.000000000+0000,1.6309,1.6309,1.6309,1.6309
2001-12-16T00:00:00.000000000+0000,1.6309,1.6309,1.6309,1.6309
2001-12-17T00:00:00.000000000+0000,1.63,1.6353,1.6253,1.6335
2001-12-18T00:00:00.000000000+0000,1.6339,1.6392,1.6299,1.6324
2001-12-19T00:00:00.000000000+0000,1.6327,1.6458,1.6327,1.6373
2001-12-20T00:00:00.000000000+0000,1.6382,1.6434,1.6288,1.6304
2001-12-21T00:00:00.000000000+0000,1.6321,1.6552,1.6278,1.6536
2001-12-22T00:00:00.000000000+0000,1.6536,1.6536,1.6536,1.6536
2001-12-23T00:00:00.000000000+0000,1.6536,1.6536,1.6536,1.6536
2001-12-24T00:00:00.000000000+0000,1.6515,1.6956,1.648,1.6926
2001-12-25T00:00:00.000000000+0000,1.6926,1.6926,1.6926,1.6926
2001-12-26T00:00:00.000000000+0000,1.6888,1.6934,1.6806,1.6885
2001-12-27T00:00:00.000000000+0000,1.6881,1.6942,1.6733,1.677
2001-12-28T00:00:00.000000000+0000,1.6767,1.6846,1.6716,1.674
2001-12-29T00:00:00.000000000+0000,1.674,1.674,1.674,1.674
2001-12-30T00:00:00.000000000+0000,1.674,1.674,1.674,1.674
2001-12-31T00:00:00.000000000+0000,1.6742,1.6776,1.6556,1.662
2002-01-01T00:00:00.000000000+0000,1.6441,1.6441,1.6441,1.6441
2002-01-02T00:00:00.000000000+0000,1.6622,1.6665,1.6356,1.6441
2002-01-03T00:00:00.000000000+0000,1.6441,1.6523,1.64,1.6507
2002-01-04T00:00:00.000000000+0000,1.6505,1.6537,1.6428,1.652
2002-01-05T00:00:00.000000000+0000,1.652,1.652,1.652,1.652
2002-01-06T00:00:00.000000000+0000,1.652,1.652,1.652,1.652
2002-01-07T00:00:00.000000000+0000,1.6522,1.6582,1.6423,1.648
2002-01-08T00:00:00.000000000+0000,1.6495,1.658,1.6476,1.6547
2002-01-09T00:00:00.000000000+0000,1.6544,1.6641,1.651,1.6595
2002-01-10T00:00:00.000000000+0000,1.6594,1.6661,1.6523,1.6611
2002-01-11T00:00:00.000000000+0000,1.6609,1.6638,1.6527,1.655
2002-01-12T00:00:00.000000000+0000,1.655,1.655,1.655,1.655
2002-01-13T00:00:00.000000000+0000,1.655,1.655,1.655,1.655
2002-01-14T00:00:00.000000000+0000,1.6524,1.6593,1.6518,1.6551
2002-01-15T00:00:00.000000000+0000,1.6555,1.6731,1.6545,1.6712
2002-01-16T00:00:00.000000000+0000,1.6667,1.6707,1.6545,1.6593
2002-01-17T00:00:00.000000000+0000,1.6582,1.6694,1.6566,1.6648
2002-01-18T00:00:00.000000000+0000,1.6582,1.6721,1.6589,1.6618
2002-01-19T00:00:00.000000000+0000,1.6618,1.6618,1.6618,1.6618
2002-01-20T00:00:00.000000000+0000,1.6618,1.6618,1.6618,1.6618
2002-01-21T00:00:00.000000000+0000,1.6616,1.6632,1.6574,1.6621
2002-01-22T00:00:00.000000000+0000,1.6614,1.6664,1.66,1.6608
2002-01-23T00:00:00.000000000+0000,1.6607,1.6745,1.6566,1.6704
2002-01-24T00:00:00.000000000+0000,1.6732,1.6779,1.6686,1.6737
2002-01-25T00:00:00.000000000+0000,1.6737,1.708,1.6728,1.7045
2002-01-26T00:00:00.000000000+0000,1.7045,1.7045,1.7045,1.7045
2002-01-27T00:00:00.000000000+0000,1.7045,1.7045,1.7045,1.7045
2002-01-28T00:00:00.000000000+0000,1.7037,1.7184,1.7012,1.7058
2002-01-29T00:00:00.000000000+0000,1.7076,1.7129,1.6984,1.6985
2002-01-30T00:00:00.000000000+0000,1.6999,1.7108,1.6956,1.7097
2002-01-31T00:00:00.000000000+0000,1.7078,1.7222,1.7056,1.7189
2002-02-01T00:00:00.000000000+0000,1.7189,1.7229,1.7089,1.7138
2002-02-02T00:00:00.000000000+0000,1.7138,1.7138,1.7138,1.7138
2002-02-03T00:00:00.000000000+0000,1.7138,1.7138,1.7138,1.7138
2002-02-04T00:00:00.000000000+0000,1.7148,1.7175,1.6953,1.697
2002-02-05T00:00:00.000000000+0000,1.6984,1.7032,1.6885,1.6987
2002-02-06T00:00:00.000000000+0000,1.698,1.7038,1.6878,1.6953
2002-02-07T00:00:00.000000000+0000,1.6972,1.7024,1.6878,1.6913
2002-02-08T00:00:00.000000000+0000,1.6911,1.6936,1.6811,1.6909
2002-02-09T00:00:00.000000000+0000,1.6909,1.6909,1.6909,1.6909
2002-02-10T00:00:00.000000000+0000,1.6909,1.6909,1.6909,1.6909
2002-02-11T00:00:00.000000000+0000,1.6927,1.6967,1.6786,1.6835
2002-02-12T00:00:00.000000000+0000,1.6841,1.6889,1.6778,1.6843
2002-02-13T00:00:00.000000000+0000,1.6854,1.7013,1.6845,1.6999
2002-02-14T00:00:00.000000000+0000,1.6995,1.7088,1.6944,1.6968
2002-02-15T00:00:00.000000000+0000,1.6964,1.7038,1.6945,1.6963
2002-02-16T00:00:00.000000000+0000,1.6963,1.6963,1.6963,1.6963
2002-02-17T00:00:00.000000000+0000,1.6963,1.6963,1.6963,1.6963
2002-02-18T00:00:00.000000000+0000,1.6971,1.7017,1.6944,1.6991
2002-02-19T00:00:00.000000000+0000,1.6989,1.7082,1.6843,1.6868
2002-02-20T00:00:00.000000000+0000,1.6876,1.7021,1.6843,1.701
2002-02-21T00:00:00.000000000+0000,1.7012,1.7049,1.6963,1.6998
2002-02-22T00:00:00.000000000+0000,1.6989,1.7034,1.6853,1.6888
2002-02-23T00:00:00.000000000+0000,1.6888,1.6888,1.6888,1.6888
2002-02-24T00:00:00.000000000+0000,1.6888,1.6888,1.6888,1.6888
2002-02-25T00:00:00.000000000+0000,1.6897,1.6994,1.6878,1.6972
2002-02-26T00:00:00.000000000+0000,1.6974,1.7129,1.6922,1.7085
2002-02-27T00:00:00.000000000+0000,1.7085,1.7111,1.7034,1.7047
2002-02-28T00:00:00.000000000+0000,1.705,1.71,1.6955,1.6964
2002-03-01T00:00:00.000000000+0000,1.6964,1.7093,1.6964,1.7062
2002-03-02T00:00:00.000000000+0000,1.7062,1.7062,1.7062,1.7062
2002-03-03T00:00:00.000000000+0000,1.7062,1.7062,1.7062,1.7062
2002-03-04T00:00:00.000000000+0000,1.7074,1.7138,1.6956,1.699
2002-03-05T00:00:00.000000000+0000,1.6992,1.7056,1.692,1.6939
2002-03-06T00:00:00.000000000+0000,1.6938,1.6982,1.68,1.6813
2002-03-07T00:00:00.000000000+0000,1.6817,1.684,1.6655,1.6687
2002-03-08T00:00:00.000000000+0000,1.6695,1.6907,1.6689,1.6862
2002-03-09T00:00:00.000000000+0000,1.6862,1.6862,1.6862,1.6862
2002-03-10T00:00:00.000000000+0000,1.6862,1.6862,1.6862,1.6862
2002-03-11T00:00:00.000000000+0000,1.6866,1.6877,1.6765,1.6794
2002-03-12T00:00:00.000000000+0000,1.6797,1.6852,1.6765,1.6765
2002-03-13T00:00:00.000000000+0000,1.6778,1.6831,1.6711,1.6752
2002-03-14T00:00:00.000000000+0000,1.6758,1.6763,1.6522,1.6552
2002-03-15T00:00:00.000000000+0000,1.655,1.6594,1.6489,1.6569
2002-03-16T00:00:00.000000000+0000,1.6569,1.6569,1.6569,1.6569
2002-03-17T00:00:00.000000000+0000,1.6569,1.6569,1.6569,1.6569
2002-03-18T00:00:00.000000000+0000,1.6588,1.6661,1.6578,1.658
2002-03-19T00:00:00.000000000+0000,1.6583,1.6653,1.6574,1.659
2002-03-20T00:00:00.000000000+0000,1.66,1.6674,1.6533,1.6536
2002-03-21T00:00:00.000000000+0000,1.6528,1.6622,1.6522,1.6565
2002-03-22T00:00:00.000000000+0000,1.656,1.6704,1.6555,1.6654
2002-03-23T00:00:00.000000000+0000,1.6654,1.6654,1.6654,1.6654
2002-03-24T00:00:00.000000000+0000,1.6654,1.6654,1.6654,1.6654
2002-03-25T00:00:00.000000000+0000,1.6662,1.6692,1.6634,1.6647
2002-03-26T00:00:00.000000000+0000,1.6649,1.6748,1.6611,1.6676
2002-03-27T00:00:00.000000000+0000,1.6678,1.6798,1.6668,1.6779
2002-03-28T00:00:00.000000000+0000,1.6792,1.686,1.6761,1.6844
2002-03-29T00:00:00.000000000+0000,1.6833,1.6849,1.6783,1.6829
2002-03-30T00:00:00.000000000+0000,1.6829,1.6829,1.6829,1.6829
2002-03-31T00:00:00.000000000+0000,1.6829,1.6829,1.6829,1.6829
2002-04-01T00:00:00.000000000+0000,1.6811,1.6818,1.6578,1.6612
2002-04-02T00:00:00.000000000+0000,1.6612,1.6677,1.6603,1.6633
2002-04-03T00:00:00.000000000+0000,1.6625,1.6655,1.6572,1.6593
2002-04-04T00:00:00.000000000+0000,1.6596,1.6675,1.6512,1.6648
2002-04-05T00:00:00.000000000+0000,1.6655,1.6706,1.661,1.6673
2002-04-06T00:00:00.000000000+0000,1.6673,1.6673,1.6673,1.6673
2002-04-07T00:00:00.000000000+0000,1.6673,1.6673,1.6673,1.6673
2002-04-08T00:00:00.000000000+0000,1.6651,1.6778,1.6644,1.6756
2002-04-09T00:00:00.000000000+0000,1.6756,1.6792,1.6645,1.6648
2002-04-10T00:00:00.000000000+0000,1.6649,1.6713,1.6623,1.668
2002-04-11T00:00:00.000000000+0000,1.6679,1.6702,1.6564,1.6612
2002-04-12T00:00:00.000000000+0000,1.6608,1.6711,1.6601,1.6657
2002-04-13T00:00:00.000000000+0000,1.6657,1.6657,1.6657,1.6657
2002-04-14T00:00:00.000000000+0000,1.6657,1.6657,1.6657,1.6657
2002-04-15T00:00:00.000000000+0000,1.666,1.6697,1.6622,1.6686
2002-04-16T00:00:00.000000000+0000,1.6686,1.6718,1.6623,1.6639
2002-04-17T00:00:00.000000000+0000,1.664,1.6651,1.65,1.6507
2002-04-18T00:00:00.000000000+0000,1.65,1.6539,1.6456,1.6466
2002-04-19T00:00:00.000000000+0000,1.6474,1.6528,1.6433,1.6444
2002-04-20T00:00:00.000000000+0000,1.6444,1.6444,1.6444,1.6444
2002-04-21T00:00:00.000000000+0000,1.6444,1.6444,1.6444,1.6444
2002-04-22T00:00:00.000000000+0000,1.6482,1.6553,1.646,1.6509
2002-04-23T00:00:00.000000000+0000,1.651,1.6573,1.6478,1.6506
2002-04-24T00:00:00.000000000+0000,1.6503,1.6525,1.6411,1.6425
2002-04-25T00:00:00.000000000+0000,1.6419,1.6443,1.6278,1.6295
2002-04-26T00:00:00.000000000+0000,1.629,1.6364,1.622,1.6235
2002-04-27T00:00:00.000000000+0000,1.6235,1.6235,1.6235,1.6235
2002-04-28T00:00:00.000000000+0000,1.6235,1.6235,1.6235,1.6235
2002-04-29T00:00:00.000000000+0000,1.6236,1.6293,1.6175,1.6202
2002-04-30T00:00:00.000000000+0000,1.6197,1.6249,1.6144,1.6162
2002-05-01T00:00:00.000000000+0000,1.6167,1.6199,1.5956,1.6021
2002-05-02T00:00:00.000000000+0000,1.602,1.6143,1.5996,1.6085
2002-05-03T00:00:00.000000000+0000,1.6088,1.6124,1.5848,1.5858
2002-05-04T00:00:00.000000000+0000,1.5858,1.5858,1.5858,1.5858
2002-05-05T00:00:00.000000000+0000,1.5858,1.5858,1.5858,1.5858
2002-05-06T00:00:00.000000000+0000,1.5881,1.5944,1.5833,1.5841
2002-05-07T00:00:00.000000000+0000,1.5846,1.6003,1.582,1.5905
2002-05-08T00:00:00.000000000+0000,1.5903,1.6106,1.5889,1.6082
2002-05-09T00:00:00.000000000+0000,1.6078,1.6101,1.5945,1.5969
2002-05-10T00:00:00.000000000+0000,1.5969,1.6001,1.5897,1.5899
2002-05-11T00:00:00.000000000+0000,1.5899,1.5899,1.5899,1.5899
2002-05-12T00:00:00.000000000+0000,1.5899,1.5899,1.5899,1.5899
2002-05-13T00:00:00.000000000+0000,1.592,1.5989,1.5867,1.5947
2002-05-14T00:00:00.000000000+0000,1.5954,1.6167,1.5954,1.6132
2002-05-15T00:00:00.000000000+0000,1.6136,1.6196,1.5944,1.5951
2002-05-16T00:00:00.000000000+0000,1.5951,1.6022,1.5933,1.5965
2002-05-17T00:00:00.000000000+0000,1.5961,1.5983,1.5775,1.58
2002-05-18T00:00:00.000000000+0000,1.58,1.58,1.58,1.58
2002-05-19T00:00:00.000000000+0000,1.58,1.58,1.58,1.58
2002-05-20T00:00:00.000000000+0000,1.5799,1.5839,1.5741,1.5775
2002-05-21T00:00:00.000000000+0000,1.5774,1.5861,1.5745,1.578
2002-05-22T00:00:00.000000000+0000,1.5781,1.5799,1.5658,1.5688
2002-05-23T00:00:00.000000000+0000,1.5781,1.5842,1.5678,1.5784
2002-05-24T00:00:00.000000000+0000,1.578,1.5901,1.5778,1.5834
2002-05-25T00:00:00.000000000+0000,1.5834,1.5834,1.5834,1.5834
2002-05-26T00:00:00.000000000+0000,1.5834,1.5834,1.5834,1.5834
2002-05-27T00:00:00.000000000+0000,1.5826,1.5885,1.5799,1.5819
2002-05-28T00:00:00.000000000+0000,1.5819,1.5855,1.5703,1.5743
2002-05-29T00:00:00.000000000+0000,1.5741,1.5777,1.5656,1.5693
2002-05-30T00:00:00.000000000+0000,1.5684,1.5695,1.5552,1.5629
2002-05-31T00:00:00.000000000+0000,1.5633,1.5777,1.5564,1.5721
2002-06-01T00:00:00.000000000+0000,1.5721,1.5721,1.5721,1.5721
2002-06-02T00:00:00.000000000+0000,1.5721,1.5721,1.5721,1.5721
2002-06-03T00:00:00.000000000+0000,1.5693,1.5773,1.5585,1.5603
2002-06-04T00:00:00.000000000+0000,1.5606,1.5662,1.5533,1.5647
2002-06-05T00:00:00.000000000+0000,1.565,1.5738,1.5609,1.5648
2002-06-06T00:00:00.000000000+0000,1.5649,1.5736,1.5553,1.5561
2002-06-07T00:00:00.000000000+0000,1.5565,1.56,1.5495,1.5586
2002-06-08T00:00:00.000000000+0000,1.5586,1.5586,1.5586,1.5586
2002-06-09T00:00:00.000000000+0000,1.5586,1.5586,1.5586,1.5586
2002-06-10T00:00:00.000000000+0000,1.558,1.5654,1.5523,1.5585
2002-06-11T00:00:00.000000000+0000,1.5592,1.5696,1.5534,1.5545
2002-06-12T00:00:00.000000000+0000,1.5553,1.5667,1.5532,1.5657
2002-06-13T00:00:00.000000000+0000,1.5656,1.5715,1.5578,1.5627
2002-06-14T00:00:00.000000000+0000,1.5629,1.5668,1.5505,1.5605
2002-06-15T00:00:00.000000000+0000,1.5605,1.5605,1.5605,1.5605
2002-06-16T00:00:00.000000000+0000,1.5605,1.5605,1.5605,1.5605
2002-06-17T00:00:00.000000000+0000,1.5601,1.5682,1.5594,1.5622
2002-06-18T00:00:00.000000000+0000,1.5616,1.5642,1.5488,1.5488
2002-06-19T00:00:00.000000000+0000,1.5491,1.5505,1.5355,1.5353
2002-06-20T00:00:00.000000000+0000,1.5351,1.5393,1.521,1.5247
2002-06-21T00:00:00.000000000+0000,1.5247,1.5264,1.5086,1.5102
2002-06-22T00:00:00.000000000+0000,1.5102,1.5102,1.5102,1.5102
2002-06-23T00:00:00.000000000+0000,1.5102,1.5102,1.5102,1.5102
2002-06-24T00:00:00.000000000+0000,1.5116,1.5157,1.4978,1.5102
2002-06-25T00:00:00.000000000+0000,1.5116,1.5187,1.4974,1.4975
2002-06-26T00:00:00.000000000+0000,1.4977,1.4989,1.4764,1.4943
2002-06-27T00:00:00.000000000+0000,1.4943,1.5002,1.4856,1.4883
2002-06-28T00:00:00.000000000+0000,1.4882,1.494,1.4734,1.4805
2002-06-29T00:00:00.000000000+0000,1.4805,1.4805,1.4805,1.4805
2002-06-30T00:00:00.000000000+0000,1.4805,1.4805,1.4805,1.4805
2002-07-01T00:00:00.000000000+0000,1.4809,1.4904,1.4752,1.4829
2002-07-02T00:00:00.000000000+0000,1.4828,1.4976,1.4811,1.486
2002-07-03T00:00:00.000000000+0000,1.4862,1.4974,1.4862,1.4932
2002-07-04T00:00:00.000000000+0000,1.4936,1.5023,1.49,1.4955
2002-07-05T00:00:00.000000000+0000,1.4959,1.5088,1.4956,1.5055
2002-07-06T00:00:00.000000000+0000,1.5055,1.5055,1.5055,1.5055
2002-07-07T00:00:00.000000000+0000,1.5055,1.5055,1.5055,1.5055
2002-07-08T00:00:00.000000000+0000,1.5053,1.5062,1.483,1.4834
2002-07-09T00:00:00.000000000+0000,1.4835,1.4891,1.4789,1.4828
2002-07-10T00:00:00.000000000+0000,1.4825,1.493,1.4788,1.4854
2002-07-11T00:00:00.000000000+0000,1.4855,1.4918,1.4767,1.4842
2002-07-12T00:00:00.000000000+0000,1.4841,1.4885,1.4797,1.4828
2002-07-13T00:00:00.000000000+0000,1.4828,1.4828,1.4828,1.4828
2002-07-14T00:00:00.000000000+0000,1.4828,1.4828,1.4828,1.4828
2002-07-15T00:00:00.000000000+0000,1.4819,1.483,1.454,1.4617
2002-07-16T00:00:00.000000000+0000,1.4618,1.4623,1.4453,1.4486
2002-07-17T00:00:00.000000000+0000,1.4486,1.4596,1.4445,1.4547
2002-07-18T00:00:00.000000000+0000,1.455,1.4577,1.4474,1.4475
2002-07-19T00:00:00.000000000+0000,1.4472,1.4493,1.4352,1.4423
2002-07-20T00:00:00.000000000+0000,1.4423,1.4423,1.4423,1.4423
2002-07-21T00:00:00.000000000+0000,1.4423,1.4423,1.4423,1.4423
2002-07-22T00:00:00.000000000+0000,1.442,1.4495,1.436,1.4424
2002-07-23T00:00:00.000000000+0000,1.4437,1.4781,1.4415,1.4685
2002-07-24T00:00:00.000000000+0000,1.4685,1.472,1.4489,1.4581
2002-07-25T00:00:00.000000000+0000,1.458,1.4597,1.4378,1.4405
2002-07-26T00:00:00.000000000+0000,1.4414,1.4708,1.4367,1.4655
2002-07-27T00:00:00.000000000+0000,1.4655,1.4655,1.4655,1.4655
2002-07-28T00:00:00.000000000+0000,1.4655,1.4655,1.4655,1.4655
2002-07-29T00:00:00.000000000+0000,1.466,1.4905,1.4649,1.4852
2002-07-30T00:00:00.000000000+0000,1.4852,1.4908,1.4728,1.4818
2002-07-31T00:00:00.000000000+0000,1.4821,1.4906,1.4778,1.4859
2002-08-01T00:00:00.000000000+0000,1.4852,1.4921,1.4683,1.4715
2002-08-02T00:00:00.000000000+0000,1.4722,1.4757,1.4623,1.4691
2002-08-03T00:00:00.000000000+0000,1.4691,1.4691,1.4691,1.4691
2002-08-04T00:00:00.000000000+0000,1.4691,1.4691,1.4691,1.4691
2002-08-05T00:00:00.000000000+0000,1.4683,1.4835,1.4679,1.481
2002-08-06T00:00:00.000000000+0000,1.4822,1.5144,1.4822,1.5092
2002-08-07T00:00:00.000000000+0000,1.5084,1.5117,1.4933,1.4965
2002-08-08T00:00:00.000000000+0000,1.4952,1.5162,1.4921,1.5125
2002-08-09T00:00:00.000000000+0000,1.5124,1.5152,1.4985,1.5015
2002-08-10T00:00:00.000000000+0000,1.5015,1.5015,1.5015,1.5015
2002-08-11T00:00:00.000000000+0000,1.5015,1.5015,1.5015,1.5015
2002-08-12T00:00:00.000000000+0000,1.5029,1.5047,1.4918,1.4933
2002-08-13T00:00:00.000000000+0000,1.4933,1.5003,1.4851,1.4852
2002-08-14T00:00:00.000000000+0000,1.4851,1.4977,1.4753,1.4969
2002-08-15T00:00:00.000000000+0000,1.4961,1.501,1.4851,1.4897
2002-08-16T00:00:00.000000000+0000,1.4889,1.495,1.485,1.4883
2002-08-17T00:00:00.000000000+0000,1.4883,1.4883,1.4883,1.4883
2002-08-18T00:00:00.000000000+0000,1.4883,1.4883,1.4883,1.4883
2002-08-19T00:00:00.000000000+0000,1.4884,1.5048,1.4856,1.5022
2002-08-20T00:00:00.000000000+0000,1.5015,1.509,1.4956,1.5011
2002-08-21T00:00:00.000000000+0000,1.501,1.5062,1.4911,1.4973
2002-08-22T00:00:00.000000000+0000,1.4972,1.5217,1.4967,1.518
2002-08-23T00:00:00.000000000+0000,1.5186,1.5238,1.5119,1.5127
2002-08-24T00:00:00.000000000+0000,1.5127,1.5127,1.5127,1.5127
2002-08-25T00:00:00.000000000+0000,1.5127,1.5127,1.5127,1.5127
2002-08-26T00:00:00.000000000+0000,1.5127,1.5199,1.5111,1.5143
2002-08-27T00:00:00.000000000+0000,1.5139,1.5161,1.49,1.493
2002-08-28T00:00:00.000000000+0000,1.4924,1.5028,1.4911,1.5021
2002-08-29T00:00:00.000000000+0000,1.5014,1.5038,1.4866,1.4954
2002-08-30T00:00:00.000000000+0000,1.4957,1.5021,1.4895,1.4979
2002-08-31T00:00:00.000000000+0000,1.4979,1.4979,1.4979,1.4979
2002-09-01T00:00:00.000000000+0000,1.4979,1.4979,1.4979,1.4979
2002-09-02T00:00:00.000000000+0000,1.494,1.5025,1.4924,1.4942
2002-09-03T00:00:00.000000000+0000,1.4946,1.4967,1.47,1.4704
2002-09-04T00:00:00.000000000+0000,1.4707,1.4782,1.4666,1.4752
2002-09-05T00:00:00.000000000+0000,1.4748,1.477,1.461,1.4714
2002-09-06T00:00:00.000000000+0000,1.4727,1.4871,1.4656,1.4835
2002-09-07T00:00:00.000000000+0000,1.4835,1.4835,1.4835,1.4835
2002-09-08T00:00:00.000000000+0000,1.4835,1.4835,1.4835,1.4835
2002-09-09T00:00:00.000000000+0000,1.4844,1.4922,1.4823,1.4889
2002-09-10T00:00:00.000000000+0000,1.4889,1.5025,1.4822,1.4967
2002-09-11T00:00:00.000000000+0000,1.4971,1.5095,1.4952,1.5007
2002-09-12T00:00:00.000000000+0000,1.5009,1.505,1.4955,1.4963
2002-09-13T00:00:00.000000000+0000,1.496,1.5121,1.4889,1.5095
2002-09-14T00:00:00.000000000+0000,1.5095,1.5095,1.5095,1.5095
2002-09-15T00:00:00.000000000+0000,1.5095,1.5095,1.5095,1.5095
2002-09-16T00:00:00.000000000+0000,1.5112,1.5182,1.5089,1.5148
2002-09-17T00:00:00.000000000+0000,1.5152,1.5307,1.5067,1.5092
2002-09-18T00:00:00.000000000+0000,1.5092,1.5164,1.4972,1.5013
2002-09-19T00:00:00.000000000+0000,1.5027,1.5035,1.4811,1.4817
2002-09-20T00:00:00.000000000+0000,1.4813,1.498,1.4811,1.4923
2002-09-21T00:00:00.000000000+0000,1.4923,1.4923,1.4923,1.4923
2002-09-22T00:00:00.000000000+0000,1.4923,1.4923,1.4923,1.4923
2002-09-23T00:00:00.000000000+0000,1.4934,1.5018,1.4845,1.4969
2002-09-24T00:00:00.000000000+0000,1.4972,1.5012,1.487,1.4884
2002-09-25T00:00:00.000000000+0000,1.4879,1.502,1.4856,1.4988
2002-09-26T00:00:00.000000000+0000,1.4987,1.5074,1.4919,1.5012
2002-09-27T00:00:00.000000000+0000,1.5009,1.5044,1.4933,1.4947
2002-09-28T00:00:00.000000000+0000,1.4947,1.4947,1.4947,1.4947
2002-09-29T00:00:00.000000000+0000,1.4947,1.4947,1.4947,1.4947
2002-09-30T00:00:00.000000000+0000,1.4939,1.4939,1.471,1.475
2002-10-01T00:00:00.000000000+0000,1.4756,1.4896,1.4729,1.4876
2002-10-02T00:00:00.000000000+0000,1.489,1.4913,1.4777,1.4783
2002-10-03T00:00:00.000000000+0000,1.4784,1.4817,1.4728,1.4776
2002-10-04T00:00:00.000000000+0000,1.4777,1.4952,1.4765,1.4909
2002-10-05T00:00:00.000000000+0000,1.4909,1.4909,1.4909,1.4909
2002-10-06T00:00:00.000000000+0000,1.4909,1.4909,1.4909,1.4909
2002-10-07T00:00:00.000000000+0000,1.4917,1.4945,1.4867,1.4885
2002-10-08T00:00:00.000000000+0000,1.4887,1.5021,1.4856,1.4971
2002-10-09T00:00:00.000000000+0000,1.4971,1.5007,1.4777,1.4785
2002-10-10T00:00:00.000000000+0000,1.4784,1.4863,1.4744,1.4837
2002-10-11T00:00:00.000000000+0000,1.4838,1.4884,1.4812,1.4818
2002-10-12T00:00:00.000000000+0000,1.4818,1.4818,1.4818,1.4818
2002-10-13T00:00:00.000000000+0000,1.4818,1.4818,1.4818,1.4818
2002-10-14T00:00:00.000000000+0000,1.4803,1.4836,1.4778,1.4809
2002-10-15T00:00:00.000000000+0000,1.4809,1.4997,1.4791,1.4936
2002-10-16T00:00:00.000000000+0000,1.4935,1.5003,1.4909,1.4947
2002-10-17T00:00:00.000000000+0000,1.4953,1.5151,1.4935,1.5102
2002-10-18T00:00:00.000000000+0000,1.5115,1.5153,1.5069,1.512
2002-10-19T00:00:00.000000000+0000,1.512,1.512,1.512,1.512
2002-10-20T00:00:00.000000000+0000,1.512,1.512,1.512,1.512
2002-10-21T00:00:00.000000000+0000,1.5117,1.518,1.5052,1.5101
2002-10-22T00:00:00.000000000+0000,1.5108,1.5139,1.4969,1.5021
2002-10-23T00:00:00.000000000+0000,1.502,1.5068,1.497,1.505
2002-10-24T00:00:00.000000000+0000,1.5053,1.5105,1.4994,1.5008
2002-10-25T00:00:00.000000000+0000,1.5009,1.5044,1.4958,1.5022
2002-10-26T00:00:00.000000000+0000,1.5022,1.5022,1.5022,1.5022
2002-10-27T00:00:00.000000000+0000,1.5022,1.5022,1.5022,1.5022
2002-10-28T00:00:00.000000000+0000,1.5033,1.5095,1.4867,1.4876
2002-10-29T00:00:00.000000000+0000,1.4886,1.4955,1.4835,1.4905
2002-10-30T00:00:00.000000000+0000,1.4913,1.493,1.4857,1.4883
2002-10-31T00:00:00.000000000+0000,1.4885,1.49,1.4749,1.4762
2002-11-01T00:00:00.000000000+0000,1.4753,1.4796,1.4616,1.4671
2002-11-02T00:00:00.000000000+0000,1.4671,1.4671,1.4671,1.4671
2002-11-03T00:00:00.000000000+0000,1.4671,1.4671,1.4671,1.4671
2002-11-04T00:00:00.000000000+0000,1.4678,1.4753,1.4646,1.4651
2002-11-05T00:00:00.000000000+0000,1.4666,1.4686,1.4533,1.4626
2002-11-06T00:00:00.000000000+0000,1.4642,1.473,1.4546,1.4569
2002-11-07T00:00:00.000000000+0000,1.4549,1.466,1.4483,1.4492
2002-11-08T00:00:00.000000000+0000,1.4509,1.4545,1.4406,1.4423
2002-11-09T00:00:00.000000000+0000,1.4423,1.4423,1.4423,1.4423
2002-11-10T00:00:00.000000000+0000,1.4423,1.4423,1.4423,1.4423
2002-11-11T00:00:00.000000000+0000,1.4425,1.4504,1.4376,1.4473
2002-11-12T00:00:00.000000000+0000,1.4484,1.4538,1.4419,1.4435
2002-11-13T00:00:00.000000000+0000,1.4444,1.4598,1.4441,1.4546
2002-11-14T00:00:00.000000000+0000,1.454,1.4628,1.4499,1.4594
2002-11-15T00:00:00.000000000+0000,1.4606,1.4656,1.4506,1.4514
2002-11-16T00:00:00.000000000+0000,1.4514,1.4514,1.4514,1.4514
2002-11-17T00:00:00.000000000+0000,1.4514,1.4514,1.4514,1.4514
2002-11-18T00:00:00.000000000+0000,1.4515,1.4597,1.448,1.4541
2002-11-19T00:00:00.000000000+0000,1.453,1.468,1.4464,1.4621
2002-11-20T00:00:00.000000000+0000,1.4631,1.4697,1.4607,1.4658
2002-11-21T00:00:00.000000000+0000,1.4657,1.4726,1.4621,1.4667
2002-11-22T00:00:00.000000000+0000,1.4669,1.4792,1.4635,1.4771
2002-11-23T00:00:00.000000000+0000,1.4771,1.4771,1.4771,1.4771
2002-11-24T00:00:00.000000000+0000,1.4771,1.4771,1.4771,1.4771
2002-11-25T00:00:00.000000000+0000,1.4773,1.4923,1.4752,1.4851
2002-11-26T00:00:00.000000000+0000,1.4847,1.4905,1.4815,1.4827
2002-11-27T00:00:00.000000000+0000,1.483,1.4937,1.4807,1.4888
2002-11-28T00:00:00.000000000+0000,1.4891,1.4907,1.4809,1.4845
2002-11-29T00:00:00.000000000+0000,1.4839,1.4884,1.4816,1.482
2002-11-30T00:00:00.000000000+0000,1.482,1.482,1.482,1.482
2002-12-01T00:00:00.000000000+0000,1.482,1.482,1.482,1.482
2002-12-02T00:00:00.000000000+0000,1.4823,1.4987,1.4725,1.4753
2002-12-03T00:00:00.000000000+0000,1.4755,1.4806,1.4716,1.476
2002-12-04T00:00:00.000000000+0000,1.4759,1.48,1.4661,1.4715
2002-12-05T00:00:00.000000000+0000,1.4719,1.4761,1.4689,1.4699
2002-12-06T00:00:00.000000000+0000,1.4696,1.4724,1.4518,1.4573
2002-12-07T00:00:00.000000000+0000,1.4573,1.4573,1.4573,1.4573
2002-12-08T00:00:00.000000000+0000,1.4573,1.4573,1.4573,1.4573
2002-12-09T00:00:00.000000000+0000,1.457,1.4641,1.453,1.4571
2002-12-10T00:00:00.000000000+0000,1.4576,1.4637,1.4528,1.4616
2002-12-11T00:00:00.000000000+0000,1.4617,1.4657,1.4588,1.461
2002-12-12T00:00:00.000000000+0000,1.4612,1.4641,1.4472,1.4503
2002-12-13T00:00:00.000000000+0000,1.45,1.4531,1.4387,1.4424
2002-12-14T00:00:00.000000000+0000,1.4424,1.4424,1.4424,1.4424
2002-12-15T00:00:00.000000000+0000,1.4424,1.4424,1.4424,1.4424
2002-12-16T00:00:00.000000000+0000,1.4425,1.4487,1.44,1.4421
2002-12-17T00:00:00.000000000+0000,1.4415,1.4453,1.4242,1.4264
2002-12-18T00:00:00.000000000+0000,1.4265,1.4336,1.4233,1.4244
2002-12-19T00:00:00.000000000+0000,1.4245,1.4335,1.421,1.4229
2002-12-20T00:00:00.000000000+0000,1.4225,1.429,1.4196,1.4245
2002-12-21T00:00:00.000000000+0000,1.4245,1.4245,1.4245,1.4245
2002-12-22T00:00:00.000000000+0000,1.4245,1.4245,1.4245,1.4245
2002-12-23T00:00:00.000000000+0000,1.4237,1.4261,1.4129,1.4183
2002-12-24T00:00:00.000000000+0000,1.418,1.421,1.4049,1.4091
2002-12-25T00:00:00.000000000+0000,1.4091,1.4098,1.4049,1.4059
2002-12-26T00:00:00.000000000+0000,1.4066,1.4081,1.4002,1.4019
2002-12-27T00:00:00.000000000+0000,1.4016,1.405,1.3891,1.3906
2002-12-28T00:00:00.000000000+0000,1.3906,1.3906,1.3906,1.3906
2002-12-29T00:00:00.000000000+0000,1.3906,1.3906,1.3906,1.3906
2002-12-30T00:00:00.000000000+0000,1.3895,1.3978,1.3854,1.3859
2002-12-31T00:00:00.000000000+0000,1.3852,1.3936,1.3805,1.3821
2003-01-01T00:00:00.000000000+0000,1.3831,1.3845,1.3812,1.3834
2003-01-02T00:00:00.000000000+0000,1.3832,1.4057,1.3816,1.4023
2003-01-03T00:00:00.000000000+0000,1.4027,1.4074,1.3938,1.3972
2003-01-04T00:00:00.000000000+0000,1.3972,1.3972,1.3972,1.3972
2003-01-05T00:00:00.000000000+0000,1.3972,1.3972,1.3972,1.3972
2003-01-06T00:00:00.000000000+0000,1.3975,1.3992,1.387,1.3924
2003-01-07T00:00:00.000000000+0000,1.3924,1.4035,1.3914,1.4004
2003-01-08T00:00:00.000000000+0000,1.4001,1.41,1.3817,1.3876
2003-01-09T00:00:00.000000000+0000,1.3871,1.3961,1.3827,1.3916
2003-01-10T00:00:00.000000000+0000,1.3912,1.3955,1.378,1.3797
2003-01-11T00:00:00.000000000+0000,1.3797,1.3797,1.3797,1.3797
2003-01-12T00:00:00.000000000+0000,1.3797,1.3797,1.3797,1.3797
2003-01-13T00:00:00.000000000+0000,1.3793,1.3889,1.3783,1.3863
2003-01-14T00:00:00.000000000+0000,1.3861,1.3878,1.3787,1.3861
2003-01-15T00:00:00.000000000+0000,1.3859,1.3943,1.3802,1.3835
2003-01-16T00:00:00.000000000+0000,1.3828,1.3872,1.372,1.3747
2003-01-17T00:00:00.000000000+0000,1.3742,1.377,1.3658,1.3686
2003-01-18T00:00:00.000000000+0000,1.3686,1.3686,1.3686,1.3686
2003-01-19T00:00:00.000000000+0000,1.3686,1.3686,1.3686,1.3686
2003-01-20T00:00:00.000000000+0000,1.3685,1.3746,1.3666,1.3681
2003-01-21T00:00:00.000000000+0000,1.3679,1.3754,1.3604,1.3622
2003-01-22T00:00:00.000000000+0000,1.3622,1.3697,1.3607,1.3627
2003-01-23T00:00:00.000000000+0000,1.363,1.3678,1.3569,1.3621
2003-01-24T00:00:00.000000000+0000,1.3624,1.3642,1.3491,1.3531
2003-01-25T00:00:00.000000000+0000,1.3531,1.3531,1.3531,1.3531
2003-01-26T00:00:00.000000000+0000,1.3531,1.3531,1.3531,1.3531
2003-01-27T00:00:00.000000000+0000,1.3526,1.3616,1.3455,1.3524
2003-01-28T00:00:00.000000000+0000,1.353,1.3634,1.3521,1.356
2003-01-29T00:00:00.000000000+0000,1.3564,1.3597,1.347,1.355
2003-01-30T00:00:00.000000000+0000,1.3543,1.3711,1.3537,1.3563
2003-01-31T00:00:00.000000000+0000,1.3564,1.3705,1.3537,1.3633
2003-02-01T00:00:00.000000000+0000,1.3633,1.3633,1.3633,1.3633
2003-02-02T00:00:00.000000000+0000,1.3633,1.3633,1.3633,1.3633
2003-02-03T00:00:00.000000000+0000,1.3635,1.3745,1.3579,1.3594
2003-02-04T00:00:00.000000000+0000,1.3598,1.3629,1.3431,1.3458
2003-02-05T00:00:00.000000000+0000,1.3453,1.3678,1.34,1.3604
2003-02-06T00:00:00.000000000+0000,1.3603,1.3614,1.3487,1.3537
2003-02-07T00:00:00.000000000+0000,1.3543,1.3668,1.3533,1.3545
2003-02-08T00:00:00.000000000+0000,1.3545,1.3545,1.3545,1.3545
2003-02-09T00:00:00.000000000+0000,1.3545,1.3545,1.3545,1.3545
2003-02-10T00:00:00.000000000+0000,1.3552,1.3666,1.3544,1.3661
2003-02-11T00:00:00.000000000+0000,1.3669,1.3752,1.363,1.3669
2003-02-12T00:00:00.000000000+0000,1.3666,1.3727,1.3622,1.3714
2003-02-13T00:00:00.000000000+0000,1.3713,1.3721,1.3522,1.3554
2003-02-14T00:00:00.000000000+0000,1.3552,1.3661,1.3526,1.3618
2003-02-15T00:00:00.000000000+0000,1.3618,1.3618,1.3618,1.3618
2003-02-16T00:00:00.000000000+0000,1.3618,1.3618,1.3618,1.3618
2003-02-17T00:00:00.000000000+0000,1.3618,1.3795,1.3618,1.3716
2003-02-18T00:00:00.000000000+0000,1.3729,1.3775,1.3656,1.3767
2003-02-19T00:00:00.000000000+0000,1.376,1.3784,1.3658,1.3676
2003-02-20T00:00:00.000000000+0000,1.3674,1.3688,1.355,1.3568
2003-02-21T00:00:00.000000000+0000,1.3558,1.367,1.3522,1.3643
2003-02-22T00:00:00.000000000+0000,1.3643,1.3643,1.3643,1.3643
2003-02-23T00:00:00.000000000+0000,1.3643,1.3643,1.3643,1.3643
2003-02-24T00:00:00.000000000+0000,1.3642,1.3732,1.3544,1.3558
2003-02-25T00:00:00.000000000+0000,1.3555,1.3614,1.3492,1.3578
2003-02-26T00:00:00.000000000+0000,1.357,1.362,1.3528,1.3552
2003-02-27T00:00:00.000000000+0000,1.3556,1.3643,1.35,1.3609
2003-02-28T00:00:00.000000000+0000,1.3613,1.3627,1.3511,1.3522
2003-03-01T00:00:00.000000000+0000,1.3522,1.3522,1.3522,1.3522
2003-03-02T00:00:00.000000000+0000,1.3522,1.3522,1.3522,1.3522
2003-03-03T00:00:00.000000000+0000,1.3515,1.358,1.336,1.3374
2003-03-04T00:00:00.000000000+0000,1.3375,1.342,1.3341,1.3389
2003-03-05T00:00:00.000000000+0000,1.3392,1.3396,1.3262,1.3308
2003-03-06T00:00:00.000000000+0000,1.3306,1.3371,1.3288,1.3344
2003-03-07T00:00:00.000000000+0000,1.3347,1.3395,1.3242,1.3347
2003-03-08T00:00:00.000000000+0000,1.3347,1.3347,1.3347,1.3347
2003-03-09T00:00:00.000000000+0000,1.3347,1.3347,1.3347,1.3347
2003-03-10T00:00:00.000000000+0000,1.336,1.3363,1.324,1.3248
2003-03-11T00:00:00.000000000+0000,1.3241,1.3325,1.3232,1.3283
2003-03-12T00:00:00.000000000+0000,1.3284,1.3364,1.3263,1.3356
2003-03-13T00:00:00.000000000+0000,1.3354,1.3617,1.3354,1.3614
2003-03-14T00:00:00.000000000+0000,1.3623,1.3734,1.3565,1.3663
2003-03-15T00:00:00.000000000+0000,1.3663,1.3663,1.3663,1.3663
2003-03-16T00:00:00.000000000+0000,1.3663,1.3663,1.3663,1.3663
2003-03-17T00:00:00.000000000+0000,1.366,1.387,1.3528,1.3821
2003-03-18T00:00:00.000000000+0000,1.3818,1.3938,1.3778,1.3826
2003-03-19T00:00:00.000000000+0000,1.3822,1.394,1.3775,1.3812
2003-03-20T00:00:00.000000000+0000,1.3811,1.395,1.3801,1.3906
2003-03-21T00:00:00.000000000+0000,1.3906,1.3963,1.378,1.389
2003-03-22T00:00:00.000000000+0000,1.389,1.389,1.389,1.389
2003-03-23T00:00:00.000000000+0000,1.389,1.389,1.389,1.389
2003-03-24T00:00:00.000000000+0000,1.4009,1.4014,1.389,1.3907
2003-03-25T00:00:00.000000000+0000,1.3909,1.3951,1.38,1.3838
2003-03-26T00:00:00.000000000+0000,1.384,1.385,1.3728,1.3814
2003-03-27T00:00:00.000000000+0000,1.3814,1.3883,1.3762,1.3808
2003-03-28T00:00:00.000000000+0000,1.3806,1.3858,1.3765,1.3813
2003-03-29T00:00:00.000000000+0000,1.3813,1.3813,1.3813,1.3813
2003-03-30T00:00:00.000000000+0000,1.3813,1.3813,1.3813,1.3813
2003-03-31T00:00:00.000000000+0000,1.3692,1.3692,1.3662,1.3671
2003-04-01T00:00:00.000000000+0000,1.3674,1.3684,1.3489,1.3506
2003-04-02T00:00:00.000000000+0000,1.3506,1.3588,1.3485,1.3514
2003-04-03T00:00:00.000000000+0000,1.351,1.3832,1.35,1.3787
2003-04-04T00:00:00.000000000+0000,1.3787,1.3902,1.3748,1.3773
2003-04-05T00:00:00.000000000+0000,1.3773,1.3773,1.3773,1.3773
2003-04-06T00:00:00.000000000+0000,1.3773,1.3773,1.3773,1.3773
2003-04-07T00:00:00.000000000+0000,1.3854,1.3947,1.3853,1.3942
2003-04-08T00:00:00.000000000+0000,1.3942,1.4081,1.3865,1.3904
2003-04-09T00:00:00.000000000+0000,1.3905,1.3964,1.3844,1.3857
2003-04-10T00:00:00.000000000+0000,1.3857,1.3929,1.378,1.38
2003-04-11T00:00:00.000000000+0000,1.3804,1.3887,1.376,1.3873
2003-04-12T00:00:00.000000000+0000,1.3873,1.3873,1.3873,1.3873
2003-04-13T00:00:00.000000000+0000,1.3873,1.3873,1.3873,1.3873
2003-04-14T00:00:00.000000000+0000,1.3927,1.3971,1.3923,1.3958
2003-04-15T00:00:00.000000000+0000,1.3958,1.397,1.3834,1.3887
2003-04-16T00:00:00.000000000+0000,1.389,1.3965,1.3869,1.3926
2003-04-17T00:00:00.000000000+0000,1.3926,1.3941,1.369,1.372
2003-04-18T00:00:00.000000000+0000,1.3719,1.382,1.363,1.3806
2003-04-19T00:00:00.000000000+0000,1.3806,1.3806,1.3806,1.3806
2003-04-20T00:00:00.000000000+0000,1.3806,1.3806,1.3806,1.3806
2003-04-21T00:00:00.000000000+0000,1.3813,1.3813,1.3768,1.3779
2003-04-22T00:00:00.000000000+0000,1.3781,1.3935,1.3773,1.388
2003-04-23T00:00:00.000000000+0000,1.3886,1.3905,1.3676,1.3717
2003-04-24T00:00:00.000000000+0000,1.3716,1.3796,1.37,1.3753
2003-04-25T00:00:00.000000000+0000,1.3753,1.3763,1.3571,1.3607
2003-04-26T00:00:00.000000000+0000,1.3607,1.3607,1.3607,1.3607
2003-04-27T00:00:00.000000000+0000,1.3607,1.3607,1.3607,1.3607
2003-04-28T00:00:00.000000000+0000,1.3615,1.3615,1.3597,1.3605
2003-04-29T00:00:00.000000000+0000,1.3606,1.3726,1.3563,1.3722
2003-04-30T00:00:00.000000000+0000,1.3721,1.3781,1.3556,1.3582
2003-05-01T00:00:00.000000000+0000,1.3583,1.362,1.3525,1.3548
2003-05-02T00:00:00.000000000+0000,1.3549,1.3591,1.3376,1.3446
2003-05-03T00:00:00.000000000+0000,1.3446,1.3446,1.3446,1.3446
2003-05-04T00:00:00.000000000+0000,1.34324,1.34494,1.34323,1.34468
2003-05-05T00:00:00.000000000+0000,1.34458,1.34956,1.34102,1.34162
2003-05-06T00:00:00.000000000+0000,1.34155,1.34411,1.32169,1.32443
2003-05-07T00:00:00.000000000+0000,1.32463,1.33133,1.32052,1.32447
2003-05-08T00:00:00.000000000+0000,1.32393,1.32983,1.30851,1.31405
2003-05-09T00:00:00.000000000+0000,1.31384,1.31786,1.30756,1.3136
2003-05-10T00:00:00.000000000+0000,1.3136,1.3136,1.3136,1.3136
2003-05-11T00:00:00.000000000+0000,1.31302,1.31307,1.30544,1.30583
2003-05-12T00:00:00.000000000+0000,1.30555,1.31299,1.3005,1.31034
2003-05-13T00:00:00.000000000+0000,1.31111,1.32011,1.30973,1.31391
2003-05-14T00:00:00.000000000+0000,1.31348,1.32148,1.31132,1.31805
2003-05-15T00:00:00.000000000+0000,1.31789,1.32621,1.31062,1.3232
2003-05-16T00:00:00.000000000+0000,1.32353,1.32452,1.30462,1.30698
2003-05-17T00:00:00.000000000+0000,1.30698,1.30698,1.30698,1.30698
2003-05-18T00:00:00.000000000+0000,1.30645,1.30645,1.29522,1.29803
2003-05-19T00:00:00.000000000+0000,1.298,1.3013,1.28926,1.29741
2003-05-20T00:00:00.000000000+0000,1.29744,1.30341,1.28714,1.28726
2003-05-21T00:00:00.000000000+0000,1.28747,1.30067,1.28422,1.29797
2003-05-22T00:00:00.000000000+0000,1.29779,1.30185,1.28863,1.29553
2003-05-23T00:00:00.000000000+0000,1.29552,1.30266,1.28656,1.28844
2003-05-24T00:00:00.000000000+0000,1.28844,1.28844,1.28844,1.28844
2003-05-25T00:00:00.000000000+0000,1.28833,1.29091,1.28833,1.29034
2003-05-26T00:00:00.000000000+0000,1.29061,1.29263,1.28556,1.28753
2003-05-27T00:00:00.000000000+0000,1.2877,1.2917,1.2776,1.2881
2003-05-28T00:00:00.000000000+0000,1.28795,1.30122,1.28454,1.29675
2003-05-29T00:00:00.000000000+0000,1.29677,1.30648,1.28244,1.28487
2003-05-30T00:00:00.000000000+0000,1.2848,1.303,1.28382,1.29752
2003-05-31T00:00:00.000000000+0000,1.29752,1.29752,1.29752,1.29752
2003-06-01T00:00:00.000000000+0000,1.29744,1.3058,1.29688,1.3045
2003-06-02T00:00:00.000000000+0000,1.30434,1.31001,1.29411,1.30112
2003-06-03T00:00:00.000000000+0000,1.30099,1.31397,1.29854,1.30997
2003-06-04T00:00:00.000000000+0000,1.31011,1.31944,1.30763,1.31773
2003-06-05T00:00:00.000000000+0000,1.31807,1.32158,1.29488,1.30041
2003-06-06T00:00:00.000000000+0000,1.30074,1.32477,1.29897,1.3199
2003-06-07T00:00:00.000000000+0000,1.3199,1.3199,1.3199,1.3199
2003-06-08T00:00:00.000000000+0000,1.31986,1.32046,1.31813,1.31928
2003-06-09T00:00:00.000000000+0000,1.31918,1.32564,1.30536,1.31534
2003-06-10T00:00:00.000000000+0000,1.31567,1.32019,1.3112,1.3158
2003-06-11T00:00:00.000000000+0000,1.3161,1.31717,1.30396,1.3076
2003-06-12T00:00:00.000000000+0000,1.30769,1.31566,1.30082,1.30963
2003-06-13T00:00:00.000000000+0000,1.30956,1.31888,1.29531,1.2977
2003-06-14T00:00:00.000000000+0000,1.2977,1.2977,1.2977,1.2977
2003-06-15T00:00:00.000000000+0000,1.29754,1.29781,1.29526,1.29749
2003-06-16T00:00:00.000000000+0000,1.29745,1.30645,1.29377,1.30546
2003-06-17T00:00:00.000000000+0000,1.30533,1.30942,1.29946,1.3084
2003-06-18T00:00:00.000000000+0000,1.30816,1.32589,1.30613,1.32224
2003-06-19T00:00:00.000000000+0000,1.32217,1.33685,1.31109,1.31721
2003-06-20T00:00:00.000000000+0000,1.31685,1.33699,1.31428,1.32804
2003-06-21T00:00:00.000000000+0000,1.32804,1.32804,1.32804,1.32804
2003-06-22T00:00:00.000000000+0000,1.32804,1.33187,1.32804,1.3298
2003-06-23T00:00:00.000000000+0000,1.32963,1.33474,1.32087,1.32327
2003-06-24T00:00:00.000000000+0000,1.32326,1.33287,1.32017,1.33021
2003-06-25T00:00:00.000000000+0000,1.33014,1.33155,1.32112,1.32846
2003-06-26T00:00:00.000000000+0000,1.32873,1.35219,1.32804,1.34996
2003-06-27T00:00:00.000000000+0000,1.34998,1.35638,1.3464,1.34965
2003-06-28T00:00:00.000000000+0000,1.34965,1.34965,1.34965,1.34965
2003-06-29T00:00:00.000000000+0000,1.34948,1.35042,1.34848,1.34954
2003-06-30T00:00:00.000000000+0000,1.34962,1.36089,1.34848,1.34954
2003-07-01T00:00:00.000000000+0000,1.34947,1.35379,1.33677,1.34255
2003-07-02T00:00:00.000000000+0000,1.34251,1.34897,1.34155,1.34533
2003-07-03T00:00:00.000000000+0000,1.34532,1.35532,1.34068,1.34914
2003-07-04T00:00:00.000000000+0000,1.34913,1.35295,1.34579,1.34918
2003-07-05T00:00:00.000000000+0000,1.34918,1.34918,1.34918,1.34918
2003-07-06T00:00:00.000000000+0000,1.349,1.35031,1.34709,1.34973
2003-07-07T00:00:00.000000000+0000,1.3507,1.37375,1.34869,1.37297
2003-07-08T00:00:00.000000000+0000,1.37295,1.37877,1.36657,1.36892
2003-07-09T00:00:00.000000000+0000,1.36889,1.37022,1.35777,1.36161
2003-07-10T00:00:00.000000000+0000,1.3616,1.3688,1.35401,1.36258
2003-07-11T00:00:00.000000000+0000,1.36278,1.37774,1.36225,1.37542
2003-07-12T00:00:00.000000000+0000,1.37542,1.37542,1.37542,1.37542
2003-07-13T00:00:00.000000000+0000,1.3751,1.37726,1.37425,1.37677
2003-07-14T00:00:00.000000000+0000,1.37685,1.38134,1.37106,1.37456
2003-07-15T00:00:00.000000000+0000,1.37454,1.38755,1.3679,1.38372
2003-07-16T00:00:00.000000000+0000,1.38401,1.39452,1.37304,1.37589
2003-07-17T00:00:00.000000000+0000,1.37547,1.37873,1.36111,1.36261
2003-07-18T00:00:00.000000000+0000,1.36258,1.3761,1.35713,1.3623
2003-07-19T00:00:00.000000000+0000,1.3623,1.3623,1.3623,1.3623
2003-07-20T00:00:00.000000000+0000,1.3623,1.36352,1.3608,1.36352
2003-07-21T00:00:00.000000000+0000,1.36346,1.36543,1.3521,1.35535
2003-07-22T00:00:00.000000000+0000,1.35538,1.36389,1.35409,1.36127
2003-07-23T00:00:00.000000000+0000,1.36142,1.36351,1.34391,1.34603
2003-07-24T00:00:00.000000000+0000,1.34596,1.35485,1.34402,1.34703
2003-07-25T00:00:00.000000000+0000,1.34704,1.35201,1.33718,1.34363
2003-07-26T00:00:00.000000000+0000,1.34363,1.34363,1.34363,1.34363
2003-07-27T00:00:00.000000000+0000,1.34842,1.34842,1.34342,1.34529
2003-07-28T00:00:00.000000000+0000,1.34629,1.35262,1.34258,1.34655
2003-07-29T00:00:00.000000000+0000,1.3465,1.35354,1.34005,1.35124
2003-07-30T00:00:00.000000000+0000,1.35108,1.3667,1.35027,1.3636
2003-07-31T00:00:00.000000000+0000,1.36357,1.37322,1.36165,1.37081
2003-08-01T00:00:00.000000000+0000,1.37068,1.38034,1.36113,1.3642
2003-08-02T00:00:00.000000000+0000,1.3642,1.3642,1.3642,1.3642
2003-08-03T00:00:00.000000000+0000,1.36488,1.36572,1.36247,1.3652
2003-08-04T00:00:00.000000000+0000,1.36532,1.36553,1.34419,1.34766
2003-08-05T00:00:00.000000000+0000,1.34754,1.35751,1.34496,1.34652
2003-08-06T00:00:00.000000000+0000,1.34638,1.35452,1.34058,1.35265
2003-08-07T00:00:00.000000000+0000,1.35245,1.35569,1.34597,1.35209
2003-08-08T00:00:00.000000000+0000,1.3518,1.36254,1.34888,1.35912
2003-08-09T00:00:00.000000000+0000,1.35912,1.35912,1.35912,1.35912
2003-08-10T00:00:00.000000000+0000,1.35922,1.36175,1.35892,1.36158
2003-08-11T00:00:00.000000000+0000,1.36148,1.36546,1.35439,1.35723
2003-08-12T00:00:00.000000000+0000,1.35722,1.36967,1.35447,1.36842
2003-08-13T00:00:00.000000000+0000,1.36817,1.37562,1.36308,1.36667
2003-08-14T00:00:00.000000000+0000,1.36651,1.37501,1.36343,1.37039
2003-08-15T00:00:00.000000000+0000,1.37025,1.37777,1.3669,1.37098
2003-08-16T00:00:00.000000000+0000,1.37098,1.37098,1.37098,1.37098
2003-08-17T00:00:00.000000000+0000,1.37086,1.37172,1.36957,1.37073
2003-08-18T00:00:00.000000000+0000,1.37043,1.3937,1.37019,1.38922
2003-08-19T00:00:00.000000000+0000,1.38925,1.40107,1.38582,1.38907
2003-08-20T00:00:00.000000000+0000,1.38922,1.39347,1.38465,1.38733
2003-08-21T00:00:00.000000000+0000,1.38713,1.41611,1.38704,1.41156
2003-08-22T00:00:00.000000000+0000,1.41161,1.42326,1.40887,1.41653
2003-08-23T00:00:00.000000000+0000,1.41653,1.41653,1.41653,1.41653
2003-08-24T00:00:00.000000000+0000,1.4197,1.42057,1.41772,1.419
2003-08-25T00:00:00.000000000+0000,1.41897,1.42718,1.41088,1.42195
2003-08-26T00:00:00.000000000+0000,1.4219,1.42476,1.40603,1.40975
2003-08-27T00:00:00.000000000+0000,1.40975,1.41887,1.40554,1.41782
2003-08-28T00:00:00.000000000+0000,1.41843,1.42444,1.41039,1.41408
2003-08-29T00:00:00.000000000+0000,1.41415,1.41417,1.39829,1.3998
2003-08-30T00:00:00.000000000+0000,1.3998,1.3998,1.3998,1.3998
2003-08-31T00:00:00.000000000+0000,1.39903,1.40027,1.39797,1.39817
2003-09-01T00:00:00.000000000+0000,1.3981,1.40296,1.39694,1.40235
2003-09-02T00:00:00.000000000+0000,1.40252,1.41944,1.40221,1.4185
2003-09-03T00:00:00.000000000+0000,1.41835,1.42369,1.4095,1.41939
2003-09-04T00:00:00.000000000+0000,1.41922,1.42286,1.40319,1.40608
2003-09-05T00:00:00.000000000+0000,1.4059,1.411,1.38115,1.38172
2003-09-06T00:00:00.000000000+0000,1.38172,1.38172,1.38172,1.38172
2003-09-07T00:00:00.000000000+0000,1.38334,1.38675,1.38227,1.38594
2003-09-08T00:00:00.000000000+0000,1.38598,1.39309,1.38281,1.39263
2003-09-09T00:00:00.000000000+0000,1.39209,1.39427,1.37476,1.37898
2003-09-10T00:00:00.000000000+0000,1.37883,1.38839,1.37708,1.38643
2003-09-11T00:00:00.000000000+0000,1.38625,1.39005,1.37735,1.38647
2003-09-12T00:00:00.000000000+0000,1.38603,1.3959,1.37344,1.37865
2003-09-13T00:00:00.000000000+0000,1.37865,1.37865,1.37865,1.37865
2003-09-14T00:00:00.000000000+0000,1.37995,1.38104,1.37859,1.37868
2003-09-15T00:00:00.000000000+0000,1.37862,1.38476,1.37569,1.38061
2003-09-16T00:00:00.000000000+0000,1.38058,1.39353,1.37642,1.39032
2003-09-17T00:00:00.000000000+0000,1.39029,1.3941,1.37409,1.37981
2003-09-18T00:00:00.000000000+0000,1.3797,1.38683,1.37445,1.38523
2003-09-19T00:00:00.000000000+0000,1.38521,1.38646,1.36498,1.36845
2003-09-20T00:00:00.000000000+0000,1.36845,1.36845,1.36845,1.36845
2003-09-21T00:00:00.000000000+0000,1.35965,1.36294,1.35465,1.35766
2003-09-22T00:00:00.000000000+0000,1.35808,1.36317,1.3496,1.35279
2003-09-23T00:00:00.000000000+0000,1.35325,1.35983,1.34607,1.35838
2003-09-24T00:00:00.000000000+0000,1.35837,1.35942,1.34844,1.351
2003-09-25T00:00:00.000000000+0000,1.35102,1.35376,1.34113,1.34538
2003-09-26T00:00:00.000000000+0000,1.34512,1.34868,1.34079,1.3444
2003-09-27T00:00:00.000000000+0000,1.3444,1.3444,1.3444,1.3444
2003-09-28T00:00:00.000000000+0000,1.34381,1.3459,1.34286,1.34483
2003-09-29T00:00:00.000000000+0000,1.34472,1.35216,1.31997,1.32752
2003-09-30T00:00:00.000000000+0000,1.32737,1.32796,1.30956,1.31729
2003-10-01T00:00:00.000000000+0000,1.3174,1.32246,1.31174,1.31477
2003-10-02T00:00:00.000000000+0000,1.31493,1.32117,1.31019,1.3186
2003-10-03T00:00:00.000000000+0000,1.31851,1.33867,1.31525,1.33613
2003-10-04T00:00:00.000000000+0000,1.33613,1.33613,1.33613,1.33613
2003-10-05T00:00:00.000000000+0000,1.33614,1.33713,1.33249,1.33309
2003-10-06T00:00:00.000000000+0000,1.33318,1.33878,1.31734,1.31988
2003-10-07T00:00:00.000000000+0000,1.31973,1.32303,1.3108,1.31384
2003-10-08T00:00:00.000000000+0000,1.3138,1.31609,1.30582,1.30979
2003-10-09T00:00:00.000000000+0000,1.30992,1.32432,1.30487,1.31752
2003-10-10T00:00:00.000000000+0000,1.31752,1.32255,1.30628,1.31295
2003-10-11T00:00:00.000000000+0000,1.31295,1.31295,1.31295,1.31295
2003-10-12T00:00:00.000000000+0000,1.31145,1.31185,1.31012,1.31053
2003-10-13T00:00:00.000000000+0000,1.31042,1.32728,1.31029,1.32391
2003-10-14T00:00:00.000000000+0000,1.32408,1.33537,1.31316,1.31737
2003-10-15T00:00:00.000000000+0000,1.31767,1.33407,1.31515,1.33203
2003-10-16T00:00:00.000000000+0000,1.33197,1.3375,1.32212,1.33605
2003-10-17T00:00:00.000000000+0000,1.3361,1.34426,1.32642,1.32725
2003-10-18T00:00:00.000000000+0000,1.32725,1.32725,1.32725,1.32725
2003-10-19T00:00:00.000000000+0000,1.3252,1.32734,1.32258,1.32628
2003-10-20T00:00:00.000000000+0000,1.3263,1.33741,1.32556,1.33366
2003-10-21T00:00:00.000000000+0000,1.33407,1.33677,1.32642,1.33173
2003-10-22T00:00:00.000000000+0000,1.33165,1.33221,1.31106,1.31204
2003-10-23T00:00:00.000000000+0000,1.31212,1.31684,1.30475,1.30854
2003-10-24T00:00:00.000000000+0000,1.30849,1.31533,1.30255,1.31285
2003-10-25T00:00:00.000000000+0000,1.31285,1.31285,1.31285,1.31285
2003-10-26T00:00:00.000000000+0000,1.31291,1.31462,1.31119,1.31307
2003-10-27T00:00:00.000000000+0000,1.31342,1.31898,1.31256,1.31813
2003-10-28T00:00:00.000000000+0000,1.31814,1.33199,1.31758,1.3314
2003-10-29T00:00:00.000000000+0000,1.33148,1.3321,1.32173,1.32974
2003-10-30T00:00:00.000000000+0000,1.32973,1.33479,1.31727,1.33246
2003-10-31T00:00:00.000000000+0000,1.33265,1.34228,1.33016,1.33943
2003-11-01T00:00:00.000000000+0000,1.33943,1.33943,1.33943,1.33943
2003-11-02T00:00:00.000000000+0000,1.3392,1.3407,1.33795,1.33929
2003-11-03T00:00:00.000000000+0000,1.33987,1.36396,1.33636,1.36009
2003-11-04T00:00:00.000000000+0000,1.35991,1.36539,1.35717,1.36431
2003-11-05T00:00:00.000000000+0000,1.36415,1.37238,1.36068,1.37062
2003-11-06T00:00:00.000000000+0000,1.37064,1.37839,1.36566,1.3778
2003-11-07T00:00:00.000000000+0000,1.37729,1.37972,1.36027,1.36222
2003-11-08T00:00:00.000000000+0000,1.36222,1.36222,1.36222,1.36222
2003-11-09T00:00:00.000000000+0000,1.36219,1.36745,1.36219,1.36722
2003-11-10T00:00:00.000000000+0000,1.36728,1.3747,1.36205,1.37419
2003-11-11T00:00:00.000000000+0000,1.3741,1.37496,1.35875,1.36266
2003-11-12T00:00:00.000000000+0000,1.36247,1.36264,1.34478,1.3494
2003-11-13T00:00:00.000000000+0000,1.34932,1.35105,1.33395,1.33527
2003-11-14T00:00:00.000000000+0000,1.33565,1.33638,1.32581,1.32735
2003-11-15T00:00:00.000000000+0000,1.32735,1.32735,1.32735,1.32735
2003-11-16T00:00:00.000000000+0000,1.3268,1.32685,1.31885,1.32008
2003-11-17T00:00:00.000000000+0000,1.32022,1.32738,1.31693,1.32487
2003-11-18T00:00:00.000000000+0000,1.32498,1.32608,1.29101,1.29331
2003-11-19T00:00:00.000000000+0000,1.29355,1.30915,1.29149,1.30573
2003-11-20T00:00:00.000000000+0000,1.30575,1.30611,1.29395,1.30045
2003-11-21T00:00:00.000000000+0000,1.30059,1.30439,1.2944,1.29785
2003-11-22T00:00:00.000000000+0000,1.29785,1.29785,1.29785,1.29785
2003-11-23T00:00:00.000000000+0000,1.29785,1.29961,1.29745,1.2988
2003-11-24T00:00:00.000000000+0000,1.29901,1.32115,1.29702,1.31858
2003-11-25T00:00:00.000000000+0000,1.31837,1.32144,1.31439,1.31906
2003-11-26T00:00:00.000000000+0000,1.31907,1.31919,1.29145,1.2939
2003-11-27T00:00:00.000000000+0000,1.29465,1.30256,1.29351,1.29884
2003-11-28T00:00:00.000000000+0000,1.2988,1.30051,1.28771,1.29022
2003-11-29T00:00:00.000000000+0000,1.29022,1.29022,1.29022,1.29022
2003-11-30T00:00:00.000000000+0000,1.29195,1.2944,1.28751,1.28771
2003-12-01T00:00:00.000000000+0000,1.2874,1.30121,1.28595,1.29776
2003-12-02T00:00:00.000000000+0000,1.29786,1.30351,1.28445,1.28742
2003-12-03T00:00:00.000000000+0000,1.28707,1.29099,1.28205,1.28571
2003-12-04T00:00:00.000000000+0000,1.28582,1.29558,1.28019,1.28826
2003-12-05T00:00:00.000000000+0000,1.28832,1.29138,1.27282,1.27438
2003-12-06T00:00:00.000000000+0000,1.27438,1.27438,1.27438,1.27438
2003-12-07T00:00:00.000000000+0000,1.27475,1.27505,1.27229,1.27489
2003-12-08T00:00:00.000000000+0000,1.27498,1.27811,1.26287,1.26738
2003-12-09T00:00:00.000000000+0000,1.26727,1.26993,1.25917,1.26319
2003-12-10T00:00:00.000000000+0000,1.26316,1.27387,1.2599,1.26892
2003-12-11T00:00:00.000000000+0000,1.26908,1.28148,1.26604,1.26892
2003-12-12T00:00:00.000000000+0000,1.26888,1.27115,1.25909,1.26305
2003-12-13T00:00:00.000000000+0000,1.26305,1.26305,1.26305,1.26305
2003-12-14T00:00:00.000000000+0000,1.27795,1.28093,1.27447,1.27447
2003-12-15T00:00:00.000000000+0000,1.27432,1.2755,1.25911,1.26066
2003-12-16T00:00:00.000000000+0000,1.26085,1.26334,1.25578,1.25971
2003-12-17T00:00:00.000000000+0000,1.25992,1.26339,1.25101,1.25368
2003-12-18T00:00:00.000000000+0000,1.25367,1.25867,1.24764,1.25029
2003-12-19T00:00:00.000000000+0000,1.25003,1.26006,1.24919,1.25518
2003-12-20T00:00:00.000000000+0000,1.25518,1.25518,1.25518,1.25518
2003-12-21T00:00:00.000000000+0000,1.25485,1.25755,1.25183,1.2572
2003-12-22T00:00:00.000000000+0000,1.2571,1.25855,1.24926,1.25785
2003-12-23T00:00:00.000000000+0000,1.25778,1.25991,1.25411,1.25732
2003-12-24T00:00:00.000000000+0000,1.25725,1.25807,1.24486,1.24734
2003-12-25T00:00:00.000000000+0000,1.24735,1.24882,1.24487,1.24761
2003-12-26T00:00:00.000000000+0000,1.24758,1.25486,1.24519,1.2534
2003-12-27T00:00:00.000000000+0000,1.2534,1.2534,1.2534,1.2534
2003-12-28T00:00:00.000000000+0000,1.25207,1.25376,1.25156,1.25344
2003-12-29T00:00:00.000000000+0000,1.25338,1.25467,1.24579,1.24928
2003-12-30T00:00:00.000000000+0000,1.24855,1.25048,1.24043,1.24261
2003-12-31T00:00:00.000000000+0000,1.2422,1.24677,1.23073,1.2385
2004-01-01T00:00:00.000000000+0000,1.23855,1.24497,1.23597,1.24013
2004-01-02T00:00:00.000000000+0000,1.24018,1.24538,1.23408,1.23874
2004-01-03T00:00:00.000000000+0000,1.23874,1.23874,1.23874,1.23874
2004-01-04T00:00:00.000000000+0000,1.23705,1.23935,1.233,1.23496
2004-01-05T00:00:00.000000000+0000,1.235,1.23501,1.2282,1.23182
2004-01-06T00:00:00.000000000+0000,1.23193,1.23348,1.22403,1.23197
2004-01-07T00:00:00.000000000+0000,1.23183,1.24107,1.2303,1.23943
2004-01-08T00:00:00.000000000+0000,1.23959,1.24844,1.2227,1.22669
2004-01-09T00:00:00.000000000+0000,1.22658,1.23318,1.21623,1.22212
2004-01-10T00:00:00.000000000+0000,1.22212,1.22212,1.22212,1.22212
2004-01-11T00:00:00.000000000+0000,1.21935,1.22045,1.21746,1.21898
2004-01-12T00:00:00.000000000+0000,1.219,1.22956,1.21367,1.22766
2004-01-13T00:00:00.000000000+0000,1.22758,1.23024,1.21852,1.21941
2004-01-14T00:00:00.000000000+0000,1.21944,1.23535,1.21927,1.23189
2004-01-15T00:00:00.000000000+0000,1.23175,1.2472,1.23042,1.24308
2004-01-16T00:00:00.000000000+0000,1.243,1.26952,1.24211,1.26437
2004-01-17T00:00:00.000000000+0000,1.26437,1.26437,1.26437,1.26437
2004-01-18T00:00:00.000000000+0000,1.26558,1.26851,1.26398,1.2662
2004-01-19T00:00:00.000000000+0000,1.2658,1.2722,1.26282,1.27056
2004-01-20T00:00:00.000000000+0000,1.27063,1.27127,1.24487,1.24561
2004-01-21T00:00:00.000000000+0000,1.24582,1.25036,1.23636,1.23747
2004-01-22T00:00:00.000000000+0000,1.2375,1.24094,1.22953,1.23213
2004-01-23T00:00:00.000000000+0000,1.2321,1.24668,1.22689,1.2426
2004-01-24T00:00:00.000000000+0000,1.2426,1.2426,1.2426,1.2426
2004-01-25T00:00:00.000000000+0000,1.24215,1.24363,1.24166,1.24348
2004-01-26T00:00:00.000000000+0000,1.2434,1.25795,1.24012,1.25492
2004-01-27T00:00:00.000000000+0000,1.255,1.25875,1.23726,1.23985
2004-01-28T00:00:00.000000000+0000,1.2398,1.26014,1.23915,1.25798
2004-01-29T00:00:00.000000000+0000,1.25808,1.26345,1.2479,1.25913
2004-01-30T00:00:00.000000000+0000,1.25893,1.26592,1.25161,1.2561
2004-01-31T00:00:00.000000000+0000,1.2561,1.2561,1.2561,1.2561
2004-02-01T00:00:00.000000000+0000,1.2565,1.25743,1.25508,1.25668
2004-02-02T00:00:00.000000000+0000,1.25673,1.2658,1.25537,1.2608
2004-02-03T00:00:00.000000000+0000,1.26093,1.26274,1.24263,1.24879
2004-02-04T00:00:00.000000000+0000,1.2483,1.25486,1.24752,1.25049
2004-02-05T00:00:00.000000000+0000,1.25047,1.25186,1.2399,1.24796
2004-02-06T00:00:00.000000000+0000,1.24795,1.25469,1.23031,1.23369
2004-02-07T00:00:00.000000000+0000,1.23369,1.23369,1.23369,1.23369
2004-02-08T00:00:00.000000000+0000,1.24117,1.24499,1.23888,1.23938
2004-02-09T00:00:00.000000000+0000,1.23909,1.23926,1.22906,1.23535
2004-02-10T00:00:00.000000000+0000,1.23528,1.2386,1.22578,1.2374
2004-02-11T00:00:00.000000000+0000,1.23725,1.24292,1.22665,1.22905
2004-02-12T00:00:00.000000000+0000,1.22906,1.23271,1.22658,1.22985
2004-02-13T00:00:00.000000000+0000,1.22969,1.24053,1.22347,1.23805
2004-02-14T00:00:00.000000000+0000,1.23805,1.23805,1.23805,1.23805
2004-02-15T00:00:00.000000000+0000,1.23615,1.23878,1.23566,1.23816
2004-02-16T00:00:00.000000000+0000,1.23818,1.23954,1.23104,1.23379
2004-02-17T00:00:00.000000000+0000,1.23435,1.23471,1.22215,1.22553
2004-02-18T00:00:00.000000000+0000,1.22562,1.24386,1.21816,1.23789
2004-02-19T00:00:00.000000000+0000,1.23788,1.24615,1.23345,1.23488
2004-02-20T00:00:00.000000000+0000,1.23497,1.26434,1.2342,1.25881
2004-02-21T00:00:00.000000000+0000,1.25881,1.25881,1.25881,1.25881
2004-02-22T00:00:00.000000000+0000,1.26148,1.26242,1.25842,1.26207
2004-02-23T00:00:00.000000000+0000,1.26191,1.26648,1.25315,1.25488
2004-02-24T00:00:00.000000000+0000,1.25484,1.25969,1.23682,1.24224
2004-02-25T00:00:00.000000000+0000,1.242,1.26201,1.23884,1.25888
2004-02-26T00:00:00.000000000+0000,1.25902,1.27102,1.25666,1.26603
2004-02-27T00:00:00.000000000+0000,1.26608,1.27549,1.25959,1.26188
2004-02-28T00:00:00.000000000+0000,1.26188,1.26188,1.26188,1.26188
2004-02-29T00:00:00.000000000+0000,1.26154,1.26268,1.25745,1.25765
2004-03-01T00:00:00.000000000+0000,1.2572,1.27047,1.25619,1.2684
2004-03-02T00:00:00.000000000+0000,1.26801,1.29855,1.26711,1.2974
2004-03-03T00:00:00.000000000+0000,1.29737,1.30736,1.29069,1.29367
2004-03-04T00:00:00.000000000+0000,1.29366,1.30094,1.28901,1.29196
2004-03-05T00:00:00.000000000+0000,1.29197,1.29608,1.26766,1.27685
2004-03-06T00:00:00.000000000+0000,1.27685,1.27685,1.27685,1.27685
2004-03-07T00:00:00.000000000+0000,1.27402,1.27712,1.27321,1.27654
2004-03-08T00:00:00.000000000+0000,1.27615,1.28086,1.27161,1.27212
2004-03-09T00:00:00.000000000+0000,1.27198,1.28566,1.26574,1.28111
2004-03-10T00:00:00.000000000+0000,1.2814,1.29212,1.27758,1.28711
2004-03-11T00:00:00.000000000+0000,1.28748,1.2922,1.26218,1.2667
2004-03-12T00:00:00.000000000+0000,1.26665,1.28749,1.26522,1.2833
2004-03-13T00:00:00.000000000+0000,1.2833,1.2833,1.2833,1.2833
2004-03-14T00:00:00.000000000+0000,1.27871,1.28307,1.27871,1.27969
2004-03-15T00:00:00.000000000+0000,1.28038,1.2826,1.27018,1.27449
2004-03-16T00:00:00.000000000+0000,1.27461,1.28185,1.26582,1.27884
2004-03-17T00:00:00.000000000+0000,1.27896,1.28574,1.27304,1.2781
2004-03-18T00:00:00.000000000+0000,1.27818,1.27852,1.25197,1.25688
2004-03-19T00:00:00.000000000+0000,1.25685,1.27394,1.2556,1.26924
2004-03-20T00:00:00.000000000+0000,1.26924,1.26924,1.26924,1.26924
2004-03-21T00:00:00.000000000+0000,1.26884,1.27134,1.26793,1.27061
2004-03-22T00:00:00.000000000+0000,1.27038,1.27574,1.25349,1.25659
2004-03-23T00:00:00.000000000+0000,1.25647,1.26533,1.25151,1.25646
2004-03-24T00:00:00.000000000+0000,1.25625,1.27911,1.25382,1.27653
2004-03-25T00:00:00.000000000+0000,1.27655,1.28266,1.27224,1.27968
2004-03-26T00:00:00.000000000+0000,1.2796,1.28883,1.27395,1.28396
2004-03-27T00:00:00.000000000+0000,1.28396,1.28396,1.28396,1.28396
2004-03-28T00:00:00.000000000+0000,1.28395,1.28553,1.28183,1.2847
2004-03-29T00:00:00.000000000+0000,1.2846,1.29076,1.28151,1.28401
2004-03-30T00:00:00.000000000+0000,1.28393,1.28438,1.27523,1.28062
2004-03-31T00:00:00.000000000+0000,1.2803,1.28183,1.26237,1.26611
2004-04-01T00:00:00.000000000+0000,1.26602,1.27105,1.25942,1.26365
2004-04-02T00:00:00.000000000+0000,1.26377,1.29335,1.26201,1.28987
2004-04-03T00:00:00.000000000+0000,1.28987,1.28987,1.28987,1.28987
2004-04-04T00:00:00.000000000+0000,1.29091,1.29283,1.29052,1.29229
2004-04-05T00:00:00.000000000+0000,1.29241,1.30776,1.29038,1.30431
2004-04-06T00:00:00.000000000+0000,1.30423,1.30735,1.28445,1.28718
2004-04-07T00:00:00.000000000+0000,1.28701,1.29607,1.27271,1.27761
2004-04-08T00:00:00.000000000+0000,1.2775,1.28585,1.27088,1.28311
2004-04-09T00:00:00.000000000+0000,1.28322,1.28405,1.27889,1.28125
2004-04-10T00:00:00.000000000+0000,1.28125,1.28125,1.28125,1.28125
2004-04-11T00:00:00.000000000+0000,1.28151,1.28416,1.28015,1.28381
2004-04-12T00:00:00.000000000+0000,1.28358,1.2869,1.28042,1.28269
2004-04-13T00:00:00.000000000+0000,1.28328,1.30485,1.28181,1.30141
2004-04-14T00:00:00.000000000+0000,1.30083,1.30497,1.29625,1.29936
2004-04-15T00:00:00.000000000+0000,1.29923,1.30523,1.28847,1.29598
2004-04-16T00:00:00.000000000+0000,1.29578,1.30276,1.28775,1.29488
2004-04-17T00:00:00.000000000+0000,1.29488,1.29488,1.29488,1.29488
2004-04-18T00:00:00.000000000+0000,1.29034,1.29147,1.2891,1.29048
2004-04-19T00:00:00.000000000+0000,1.2904,1.29313,1.28246,1.29137
2004-04-20T00:00:00.000000000+0000,1.29134,1.31579,1.29003,1.31515
2004-04-21T00:00:00.000000000+0000,1.31512,1.31901,1.30391,1.31758
2004-04-22T00:00:00.000000000+0000,1.31767,1.31778,1.30521,1.30697
2004-04-23T00:00:00.000000000+0000,1.3068,1.32041,1.30643,1.31527
2004-04-24T00:00:00.000000000+0000,1.31527,1.31527,1.31527,1.31527
2004-04-25T00:00:00.000000000+0000,1.31734,1.31979,1.31674,1.31928
2004-04-26T00:00:00.000000000+0000,1.31908,1.32235,1.30394,1.30663
2004-04-27T00:00:00.000000000+0000,1.30667,1.31061,1.29529,1.29791
2004-04-28T00:00:00.000000000+0000,1.29787,1.31003,1.29528,1.30782
2004-04-29T00:00:00.000000000+0000,1.30772,1.30979,1.28854,1.29209
2004-04-30T00:00:00.000000000+0000,1.29195,1.30095,1.28825,1.29575
2004-05-01T00:00:00.000000000+0000,1.29575,1.29575,1.29575,1.29575
2004-05-02T00:00:00.000000000+0000,1.29457,1.29513,1.29284,1.29439
2004-05-03T00:00:00.000000000+0000,1.29465,1.30302,1.29403,1.30148
2004-05-04T00:00:00.000000000+0000,1.30137,1.30147,1.27924,1.28114
2004-05-05T00:00:00.000000000+0000,1.2811,1.28143,1.26972,1.27515
2004-05-06T00:00:00.000000000+0000,1.27527,1.28634,1.27348,1.28613
2004-05-07T00:00:00.000000000+0000,1.28587,1.30301,1.27623,1.30147
2004-05-08T00:00:00.000000000+0000,1.30147,1.30147,1.30147,1.30147
2004-05-09T00:00:00.000000000+0000,1.30225,1.30432,1.3001,1.30411
2004-05-10T00:00:00.000000000+0000,1.304,1.30722,1.29648,1.29696
2004-05-11T00:00:00.000000000+0000,1.29708,1.30816,1.29443,1.2951
2004-05-12T00:00:00.000000000+0000,1.29482,1.30084,1.28738,1.2927
2004-05-13T00:00:00.000000000+0000,1.29262,1.30878,1.2895,1.3037
2004-05-14T00:00:00.000000000+0000,1.30412,1.30618,1.29335,1.29577
2004-05-15T00:00:00.000000000+0000,1.29577,1.29577,1.29577,1.29577
2004-05-16T00:00:00.000000000+0000,1.2955,1.29706,1.29514,1.29619
2004-05-17T00:00:00.000000000+0000,1.29665,1.29665,1.26934,1.2746
2004-05-18T00:00:00.000000000+0000,1.27423,1.28496,1.27412,1.28391
2004-05-19T00:00:00.000000000+0000,1.2839,1.28501,1.2749,1.27977
2004-05-20T00:00:00.000000000+0000,1.27967,1.2918,1.27755,1.28621
2004-05-21T00:00:00.000000000+0000,1.28637,1.2864,1.27193,1.28284
2004-05-22T00:00:00.000000000+0000,1.28284,1.28284,1.28284,1.28284
2004-05-23T00:00:00.000000000+0000,1.28182,1.28266,1.2799,1.28141
2004-05-24T00:00:00.000000000+0000,1.28135,1.28688,1.27582,1.27974
2004-05-25T00:00:00.000000000+0000,1.27973,1.27992,1.2662,1.27166
2004-05-26T00:00:00.000000000+0000,1.27234,1.27388,1.26537,1.27207
2004-05-27T00:00:00.000000000+0000,1.27227,1.2736,1.24317,1.24383
2004-05-28T00:00:00.000000000+0000,1.2439,1.25491,1.24273,1.25223
2004-05-29T00:00:00.000000000+0000,1.25223,1.25223,1.25223,1.25223
2004-05-30T00:00:00.000000000+0000,1.25035,1.2506,1.24763,1.2504
2004-05-31T00:00:00.000000000+0000,1.25011,1.25517,1.24872,1.25445
2004-06-01T00:00:00.000000000+0000,1.2546,1.25697,1.24506,1.24666
2004-06-02T00:00:00.000000000+0000,1.24668,1.25143,1.24085,1.24975
2004-06-03T00:00:00.000000000+0000,1.2499,1.25353,1.24547,1.25094
2004-06-04T00:00:00.000000000+0000,1.25092,1.2571,1.23722,1.23977
2004-06-05T00:00:00.000000000+0000,1.23977,1.23977,1.23977,1.23977
2004-06-06T00:00:00.000000000+0000,1.23992,1.24086,1.23383,1.23549
2004-06-07T00:00:00.000000000+0000,1.23567,1.24014,1.23447,1.23713
2004-06-08T00:00:00.000000000+0000,1.2373,1.24257,1.23199,1.23738
2004-06-09T00:00:00.000000000+0000,1.2372,1.25719,1.23709,1.25664
2004-06-10T00:00:00.000000000+0000,1.25645,1.25739,1.24275,1.24653
2004-06-11T00:00:00.000000000+0000,1.24635,1.26125,1.24612,1.26012
2004-06-12T00:00:00.000000000+0000,1.26012,1.26012,1.26012,1.26012
2004-06-13T00:00:00.000000000+0000,1.25977,1.26422,1.25977,1.26104
2004-06-14T00:00:00.000000000+0000,1.26133,1.2663,1.25381,1.25427
2004-06-15T00:00:00.000000000+0000,1.2546,1.26246,1.2471,1.25028
2004-06-16T00:00:00.000000000+0000,1.25013,1.27029,1.24749,1.26716
2004-06-17T00:00:00.000000000+0000,1.26708,1.26845,1.24969,1.2545
2004-06-18T00:00:00.000000000+0000,1.25455,1.26276,1.2419,1.24487
2004-06-19T00:00:00.000000000+0000,1.24487,1.24487,1.24487,1.24487
2004-06-20T00:00:00.000000000+0000,1.2437,1.24536,1.24182,1.24471
2004-06-21T00:00:00.000000000+0000,1.24452,1.24969,1.24224,1.24578
2004-06-22T00:00:00.000000000+0000,1.24569,1.25395,1.24497,1.24853
2004-06-23T00:00:00.000000000+0000,1.24842,1.25715,1.24296,1.25397
2004-06-24T00:00:00.000000000+0000,1.25392,1.25711,1.23868,1.24407
2004-06-25T00:00:00.000000000+0000,1.24419,1.25288,1.24364,1.24686
2004-06-26T00:00:00.000000000+0000,1.24686,1.24686,1.24686,1.24686
2004-06-27T00:00:00.000000000+0000,1.24715,1.24907,1.24612,1.24783
2004-06-28T00:00:00.000000000+0000,1.24805,1.25522,1.24343,1.24883
2004-06-29T00:00:00.000000000+0000,1.24885,1.26752,1.2485,1.26427
2004-06-30T00:00:00.000000000+0000,1.2637,1.26646,1.24779,1.24891
2004-07-01T00:00:00.000000000+0000,1.24892,1.25641,1.24704,1.24867
2004-07-02T00:00:00.000000000+0000,1.24861,1.25191,1.22965,1.23361
2004-07-03T00:00:00.000000000+0000,1.23361,1.23361,1.23361,1.23361
2004-07-04T00:00:00.000000000+0000,1.2317,1.23187,1.2266,1.22975
2004-07-05T00:00:00.000000000+0000,1.22985,1.23764,1.22967,1.23372
2004-07-06T00:00:00.000000000+0000,1.23381,1.23864,1.23063,1.2358
2004-07-07T00:00:00.000000000+0000,1.23565,1.23726,1.22539,1.22584
2004-07-08T00:00:00.000000000+0000,1.22622,1.23071,1.22306,1.2248
2004-07-09T00:00:00.000000000+0000,1.2245,1.22918,1.22129,1.22371
2004-07-10T00:00:00.000000000+0000,1.22371,1.22371,1.22371,1.22371
2004-07-11T00:00:00.000000000+0000,1.22297,1.22398,1.22189,1.22268
2004-07-12T00:00:00.000000000+0000,1.22203,1.2273,1.22038,1.22729
2004-07-13T00:00:00.000000000+0000,1.22717,1.23901,1.22684,1.23664
2004-07-14T00:00:00.000000000+0000,1.2362,1.23714,1.22519,1.22921
2004-07-15T00:00:00.000000000+0000,1.22927,1.24068,1.22872,1.23682
2004-07-16T00:00:00.000000000+0000,1.23685,1.23923,1.223,1.22535
2004-07-17T00:00:00.000000000+0000,1.22535,1.22535,1.22535,1.22535
2004-07-18T00:00:00.000000000+0000,1.22551,1.22628,1.22387,1.22473
2004-07-19T00:00:00.000000000+0000,1.22495,1.2312,1.22373,1.23014
2004-07-20T00:00:00.000000000+0000,1.23002,1.24694,1.22667,1.24441
2004-07-21T00:00:00.000000000+0000,1.2448,1.258,1.24083,1.24998
2004-07-22T00:00:00.000000000+0000,1.24943,1.25325,1.24351,1.24848
2004-07-23T00:00:00.000000000+0000,1.24845,1.26822,1.24734,1.26793
2004-07-24T00:00:00.000000000+0000,1.26793,1.26793,1.26793,1.26793
2004-07-25T00:00:00.000000000+0000,1.2668,1.26727,1.26453,1.26614
2004-07-26T00:00:00.000000000+0000,1.2662,1.26825,1.25871,1.26546
2004-07-27T00:00:00.000000000+0000,1.26547,1.27762,1.25975,1.27519
2004-07-28T00:00:00.000000000+0000,1.27493,1.2797,1.2716,1.27576
2004-07-29T00:00:00.000000000+0000,1.27588,1.28415,1.27127,1.28091
2004-07-30T00:00:00.000000000+0000,1.28135,1.28305,1.26932,1.28207
2004-07-31T00:00:00.000000000+0000,1.28207,1.28207,1.28207,1.28207
2004-08-01T00:00:00.000000000+0000,1.2822,1.28225,1.27306,1.27508
2004-08-02T00:00:00.000000000+0000,1.27495,1.28074,1.26871,1.28019
2004-08-03T00:00:00.000000000+0000,1.27993,1.28296,1.27542,1.2788
2004-08-04T00:00:00.000000000+0000,1.27872,1.28572,1.27296,1.27522
2004-08-05T00:00:00.000000000+0000,1.27507,1.29685,1.27297,1.27521
2004-08-06T00:00:00.000000000+0000,1.27518,1.27741,1.24917,1.25094
2004-08-07T00:00:00.000000000+0000,1.25094,1.25094,1.25094,1.25094
2004-08-08T00:00:00.000000000+0000,1.2501,1.25309,1.24937,1.25185
2004-08-09T00:00:00.000000000+0000,1.25183,1.2571,1.25091,1.25425
2004-08-10T00:00:00.000000000+0000,1.25448,1.26327,1.24904,1.26179
2004-08-11T00:00:00.000000000+0000,1.2616,1.26462,1.25876,1.26045
2004-08-12T00:00:00.000000000+0000,1.26044,1.26082,1.25127,1.25762
2004-08-13T00:00:00.000000000+0000,1.25765,1.26267,1.23719,1.23856
2004-08-14T00:00:00.000000000+0000,1.23856,1.23856,1.23856,1.23856
2004-08-15T00:00:00.000000000+0000,1.23808,1.23896,1.2375,1.23896
2004-08-16T00:00:00.000000000+0000,1.23855,1.24528,1.23802,1.24093
2004-08-17T00:00:00.000000000+0000,1.24098,1.24758,1.23772,1.24385
2004-08-18T00:00:00.000000000+0000,1.24365,1.25079,1.24197,1.24462
2004-08-19T00:00:00.000000000+0000,1.24448,1.24577,1.23983,1.24298
2004-08-20T00:00:00.000000000+0000,1.24311,1.25333,1.24034,1.25054
2004-08-21T00:00:00.000000000+0000,1.25054,1.25054,1.25054,1.25054
2004-08-22T00:00:00.000000000+0000,1.25047,1.25238,1.2496,1.25118
2004-08-23T00:00:00.000000000+0000,1.25152,1.27106,1.2509,1.26815
2004-08-24T00:00:00.000000000+0000,1.26805,1.27512,1.26622,1.27317
2004-08-25T00:00:00.000000000+0000,1.27325,1.27624,1.26966,1.27377
2004-08-26T00:00:00.000000000+0000,1.27359,1.27785,1.27057,1.27156
2004-08-27T00:00:00.000000000+0000,1.27163,1.28478,1.26925,1.28385
2004-08-28T00:00:00.000000000+0000,1.28385,1.28385,1.28385,1.28385
2004-08-29T00:00:00.000000000+0000,1.2817,1.28279,1.2812,1.28164
2004-08-30T00:00:00.000000000+0000,1.28201,1.28471,1.2755,1.2795
2004-08-31T00:00:00.000000000+0000,1.27943,1.27971,1.26291,1.26643
2004-09-01T00:00:00.000000000+0000,1.26637,1.2672,1.2556,1.25983
2004-09-02T00:00:00.000000000+0000,1.25968,1.26513,1.2579,1.26123
2004-09-03T00:00:00.000000000+0000,1.26092,1.27207,1.25765,1.27166
2004-09-04T00:00:00.000000000+0000,1.27166,1.27166,1.27166,1.27166
2004-09-05T00:00:00.000000000+0000,1.27077,1.27091,1.2693,1.26954
2004-09-06T00:00:00.000000000+0000,1.26948,1.2719,1.26917,1.27055
2004-09-07T00:00:00.000000000+0000,1.27049,1.27188,1.26568,1.26881
2004-09-08T00:00:00.000000000+0000,1.26913,1.27886,1.25888,1.26027
2004-09-09T00:00:00.000000000+0000,1.26022,1.26611,1.25663,1.25794
2004-09-10T00:00:00.000000000+0000,1.258,1.2626,1.25205,1.25779
2004-09-11T00:00:00.000000000+0000,1.25779,1.25779,1.25779,1.25779
2004-09-12T00:00:00.000000000+0000,1.25722,1.25796,1.25497,1.25598
2004-09-13T00:00:00.000000000+0000,1.25575,1.2618,1.25541,1.25821
2004-09-14T00:00:00.000000000+0000,1.25811,1.26381,1.25455,1.25855
2004-09-15T00:00:00.000000000+0000,1.2585,1.27154,1.2567,1.26973
2004-09-16T00:00:00.000000000+0000,1.26995,1.27438,1.26492,1.26883
2004-09-17T00:00:00.000000000+0000,1.26873,1.27225,1.26566,1.26775
2004-09-18T00:00:00.000000000+0000,1.26775,1.26775,1.26775,1.26775
2004-09-19T00:00:00.000000000+0000,1.26804,1.27135,1.26785,1.27092
2004-09-20T00:00:00.000000000+0000,1.27085,1.27725,1.26983,1.27175
2004-09-21T00:00:00.000000000+0000,1.2717,1.27354,1.25199,1.25409
2004-09-22T00:00:00.000000000+0000,1.2539,1.26511,1.25334,1.25902
2004-09-23T00:00:00.000000000+0000,1.25888,1.26251,1.25406,1.25994
2004-09-24T00:00:00.000000000+0000,1.25997,1.26506,1.2512,1.26068
2004-09-25T00:00:00.000000000+0000,1.26068,1.26068,1.26068,1.26068
2004-09-26T00:00:00.000000000+0000,1.25985,1.26152,1.25961,1.26082
2004-09-27T00:00:00.000000000+0000,1.26091,1.26464,1.2579,1.25998
2004-09-28T00:00:00.000000000+0000,1.26,1.26274,1.25556,1.26006
2004-09-29T00:00:00.000000000+0000,1.26021,1.26376,1.25688,1.25957
2004-09-30T00:00:00.000000000+0000,1.2593,1.26106,1.24398,1.2462
2004-10-01T00:00:00.000000000+0000,1.24607,1.2518,1.2452,1.24878
2004-10-02T00:00:00.000000000+0000,1.24878,1.24878,1.24878,1.24878
2004-10-03T00:00:00.000000000+0000,1.24874,1.25159,1.24874,1.25094
2004-10-04T00:00:00.000000000+0000,1.25102,1.26767,1.25021,1.26482
2004-10-05T00:00:00.000000000+0000,1.26477,1.26637,1.25965,1.26131
2004-10-06T00:00:00.000000000+0000,1.26114,1.26819,1.26082,1.26452
2004-10-07T00:00:00.000000000+0000,1.26434,1.26583,1.26104,1.26235
2004-10-08T00:00:00.000000000+0000,1.2625,1.26364,1.24645,1.25071
2004-10-09T00:00:00.000000000+0000,1.25071,1.25071,1.25071,1.25071
2004-10-10T00:00:00.000000000+0000,1.24863,1.24995,1.24809,1.24953
2004-10-11T00:00:00.000000000+0000,1.24952,1.2527,1.24838,1.25146
2004-10-12T00:00:00.000000000+0000,1.2514,1.26032,1.25097,1.25681
2004-10-13T00:00:00.000000000+0000,1.2569,1.2658,1.25027,1.25253
2004-10-14T00:00:00.000000000+0000,1.2525,1.25445,1.24272,1.2445
2004-10-15T00:00:00.000000000+0000,1.24451,1.24524,1.23153,1.2325
2004-10-16T00:00:00.000000000+0000,1.2325,1.2325,1.2325,1.2325
2004-10-17T00:00:00.000000000+0000,1.23225,1.23325,1.23182,1.23227
2004-10-18T00:00:00.000000000+0000,1.2324,1.23527,1.22679,1.23257
2004-10-19T00:00:00.000000000+0000,1.23252,1.23656,1.22797,1.22947
2004-10-20T00:00:00.000000000+0000,1.22945,1.23097,1.21675,1.22152
2004-10-21T00:00:00.000000000+0000,1.22115,1.22248,1.21473,1.21806
2004-10-22T00:00:00.000000000+0000,1.21792,1.2208,1.20914,1.20978
2004-10-23T00:00:00.000000000+0000,1.20978,1.20978,1.20978,1.20978
2004-10-24T00:00:00.000000000+0000,1.20882,1.20887,1.20401,1.20431
2004-10-25T00:00:00.000000000+0000,1.20435,1.20476,1.19375,1.19697
2004-10-26T00:00:00.000000000+0000,1.19715,1.20484,1.19234,1.20165
2004-10-27T00:00:00.000000000+0000,1.20166,1.20873,1.19482,1.20803
2004-10-28T00:00:00.000000000+0000,1.20783,1.21287,1.1963,1.19985
2004-10-29T00:00:00.000000000+0000,1.1998,1.20336,1.19346,1.19525
2004-10-30T00:00:00.000000000+0000,1.19525,1.19525,1.19525,1.19525
2004-10-31T00:00:00.000000000+0000,1.1944,1.19456,1.19084,1.19156
2004-11-01T00:00:00.000000000+0000,1.19156,1.2047,1.1912,1.20244
2004-11-02T00:00:00.000000000+0000,1.20247,1.21146,1.20059,1.2051
2004-11-03T00:00:00.000000000+0000,1.20496,1.21185,1.1925,1.19355
2004-11-04T00:00:00.000000000+0000,1.19367,1.19622,1.18371,1.18789
2004-11-05T00:00:00.000000000+0000,1.18779,1.19863,1.17674,1.17715
2004-11-06T00:00:00.000000000+0000,1.17715,1.17715,1.17715,1.17715
2004-11-07T00:00:00.000000000+0000,1.17645,1.17841,1.17625,1.17821
2004-11-08T00:00:00.000000000+0000,1.1778,1.18388,1.17549,1.18218
2004-11-09T00:00:00.000000000+0000,1.18199,1.18573,1.1797,1.18327
2004-11-10T00:00:00.000000000+0000,1.18314,1.18534,1.1698,1.18288
2004-11-11T00:00:00.000000000+0000,1.18268,1.18329,1.17589,1.17727
2004-11-12T00:00:00.000000000+0000,1.1775,1.18169,1.16892,1.17175
2004-11-13T00:00:00.000000000+0000,1.17175,1.17175,1.17175,1.17175
2004-11-14T00:00:00.000000000+0000,1.17117,1.17218,1.1698,1.16995
2004-11-15T00:00:00.000000000+0000,1.17025,1.1817,1.16963,1.17973
2004-11-16T00:00:00.000000000+0000,1.1795,1.18107,1.1723,1.17535
2004-11-17T00:00:00.000000000+0000,1.1754,1.17657,1.16042,1.16197
2004-11-18T00:00:00.000000000+0000,1.162,1.1734,1.15984,1.1717
2004-11-19T00:00:00.000000000+0000,1.17132,1.17214,1.15795,1.16107
2004-11-20T00:00:00.000000000+0000,1.16107,1.16107,1.16107,1.16107
2004-11-21T00:00:00.000000000+0000,1.16059,1.16236,1.15868,1.16208
2004-11-22T00:00:00.000000000+0000,1.16215,1.16426,1.15942,1.16326
2004-11-23T00:00:00.000000000+0000,1.16317,1.16959,1.15601,1.1574
2004-11-24T00:00:00.000000000+0000,1.1573,1.15818,1.14288,1.1455
2004-11-25T00:00:00.000000000+0000,1.14545,1.1467,1.13745,1.14014
2004-11-26T00:00:00.000000000+0000,1.13971,1.1488,1.13333,1.13882
2004-11-27T00:00:00.000000000+0000,1.13882,1.13882,1.13882,1.13882
2004-11-28T00:00:00.000000000+0000,1.13924,1.1417,1.13924,1.14087
2004-11-29T00:00:00.000000000+0000,1.14085,1.14707,1.13813,1.14341
2004-11-30T00:00:00.000000000+0000,1.1432,1.14565,1.13237,1.13917
2004-12-01T00:00:00.000000000+0000,1.13952,1.14517,1.13495,1.14022
2004-12-02T00:00:00.000000000+0000,1.13996,1.15551,1.13639,1.1526
2004-12-03T00:00:00.000000000+0000,1.1526,1.15279,1.1299,1.13088
2004-12-04T00:00:00.000000000+0000,1.13088,1.13088,1.13088,1.13088
2004-12-05T00:00:00.000000000+0000,1.13045,1.13203,1.13003,1.13088
2004-12-06T00:00:00.000000000+0000,1.13092,1.14261,1.12905,1.14129
2004-12-07T00:00:00.000000000+0000,1.1414,1.14162,1.13343,1.14029
2004-12-08T00:00:00.000000000+0000,1.14028,1.16334,1.13513,1.14822
2004-12-09T00:00:00.000000000+0000,1.1482,1.15631,1.14508,1.15058
2004-12-10T00:00:00.000000000+0000,1.15083,1.16819,1.15057,1.15997
2004-12-11T00:00:00.000000000+0000,1.15997,1.15997,1.15997,1.15997
2004-12-12T00:00:00.000000000+0000,1.16003,1.16346,1.16003,1.16105
2004-12-13T00:00:00.000000000+0000,1.16112,1.16132,1.15132,1.15262
2004-12-14T00:00:00.000000000+0000,1.1529,1.15882,1.1514,1.15357
2004-12-15T00:00:00.000000000+0000,1.15358,1.15728,1.13733,1.14164
2004-12-16T00:00:00.000000000+0000,1.14188,1.16188,1.13893,1.15845
2004-12-17T00:00:00.000000000+0000,1.1584,1.16173,1.15192,1.1569
2004-12-18T00:00:00.000000000+0000,1.1569,1.1569,1.1569,1.1569
2004-12-19T00:00:00.000000000+0000,1.15586,1.15656,1.1537,1.15607
2004-12-20T00:00:00.000000000+0000,1.15627,1.15728,1.14553,1.14948
2004-12-21T00:00:00.000000000+0000,1.14957,1.15415,1.14747,1.15353
2004-12-22T00:00:00.000000000+0000,1.15353,1.15601,1.14998,1.15232
2004-12-23T00:00:00.000000000+0000,1.1523,1.15318,1.14238,1.14299
2004-12-24T00:00:00.000000000+0000,1.1431,1.14541,1.13914,1.1431
2004-12-25T00:00:00.000000000+0000,1.1431,1.1431,1.1431,1.1431
2004-12-26T00:00:00.000000000+0000,1.14238,1.14362,1.14227,1.1436
2004-12-27T00:00:00.000000000+0000,1.14348,1.14483,1.13267,1.13463
2004-12-28T00:00:00.000000000+0000,1.13461,1.13726,1.12991,1.13466
2004-12-29T00:00:00.000000000+0000,1.13486,1.13853,1.13056,1.13308
2004-12-30T00:00:00.000000000+0000,1.13335,1.13819,1.12787,1.13377
2004-12-31T00:00:00.000000000+0000,1.13386,1.14195,1.12707,1.14033
2005-01-01T00:00:00.000000000+0000,1.13781,1.13781,1.13781,1.13781
2005-01-02T00:00:00.000000000+0000,1.14055,1.14144,1.13765,1.13781
2005-01-03T00:00:00.000000000+0000,1.13777,1.15507,1.13713,1.14715
2005-01-04T00:00:00.000000000+0000,1.14721,1.17094,1.14408,1.16785
2005-01-05T00:00:00.000000000+0000,1.16789,1.17577,1.16467,1.16706
2005-01-06T00:00:00.000000000+0000,1.16697,1.17758,1.16657,1.1739
2005-01-07T00:00:00.000000000+0000,1.1737,1.18864,1.16727,1.18435
2005-01-08T00:00:00.000000000+0000,1.18435,1.18435,1.18435,1.18435
2005-01-09T00:00:00.000000000+0000,1.18573,1.18594,1.18327,1.18367
2005-01-10T00:00:00.000000000+0000,1.1839,1.18515,1.17834,1.17956
2005-01-11T00:00:00.000000000+0000,1.17961,1.18374,1.17298,1.18208
2005-01-12T00:00:00.000000000+0000,1.18229,1.18396,1.16253,1.16754
2005-01-13T00:00:00.000000000+0000,1.16753,1.17398,1.16631,1.1722
2005-01-14T00:00:00.000000000+0000,1.17215,1.18674,1.17166,1.17944
2005-01-15T00:00:00.000000000+0000,1.17944,1.17944,1.17944,1.17944
2005-01-16T00:00:00.000000000+0000,1.17923,1.18119,1.17895,1.18111
2005-01-17T00:00:00.000000000+0000,1.18118,1.18492,1.17473,1.18409
2005-01-18T00:00:00.000000000+0000,1.18457,1.19031,1.1803,1.18552
2005-01-19T00:00:00.000000000+0000,1.18562,1.18977,1.17485,1.18542
2005-01-20T00:00:00.000000000+0000,1.18522,1.19231,1.18308,1.18992
2005-01-21T00:00:00.000000000+0000,1.19017,1.19651,1.18354,1.18545
2005-01-22T00:00:00.000000000+0000,1.18545,1.18545,1.18545,1.18545
2005-01-23T00:00:00.000000000+0000,1.18495,1.186,1.18463,1.1859
2005-01-24T00:00:00.000000000+0000,1.18592,1.1869,1.1789,1.18482
2005-01-25T00:00:00.000000000+0000,1.18487,1.19693,1.1803,1.19352
2005-01-26T00:00:00.000000000+0000,1.19347,1.19391,1.18017,1.18268
2005-01-27T00:00:00.000000000+0000,1.18286,1.18805,1.17786,1.18456
2005-01-28T00:00:00.000000000+0000,1.1846,1.19196,1.182,1.18638
2005-01-29T00:00:00.000000000+0000,1.18638,1.18638,1.18638,1.18638
2005-01-30T00:00:00.000000000+0000,1.18665,1.19074,1.18665,1.189
2005-01-31T00:00:00.000000000+0000,1.18897,1.19405,1.18538,1.18766
2005-02-01T00:00:00.000000000+0000,1.18766,1.19539,1.18706,1.19093
2005-02-02T00:00:00.000000000+0000,1.19082,1.19607,1.18551,1.19307
2005-02-03T00:00:00.000000000+0000,1.19305,1.20474,1.19226,1.20264
2005-02-04T00:00:00.000000000+0000,1.20267,1.21176,1.19514,1.21107
2005-02-05T00:00:00.000000000+0000,1.21107,1.21107,1.21107,1.21107
2005-02-06T00:00:00.000000000+0000,1.21086,1.21271,1.21001,1.21197
2005-02-07T00:00:00.000000000+0000,1.21201,1.22601,1.21029,1.22323
2005-02-08T00:00:00.000000000+0000,1.22342,1.22486,1.21731,1.221
2005-02-09T00:00:00.000000000+0000,1.221,1.22343,1.21488,1.21623
2005-02-10T00:00:00.000000000+0000,1.2164,1.2241,1.20365,1.20728
2005-02-11T00:00:00.000000000+0000,1.20715,1.21175,1.20426,1.2105
2005-02-12T00:00:00.000000000+0000,1.2105,1.2105,1.2105,1.2105
2005-02-13T00:00:00.000000000+0000,1.21012,1.21043,1.20686,1.20845
2005-02-14T00:00:00.000000000+0000,1.20847,1.20847,1.19603,1.19763
2005-02-15T00:00:00.000000000+0000,1.19797,1.19983,1.1877,1.18909
2005-02-16T00:00:00.000000000+0000,1.18909,1.19443,1.18303,1.18796
2005-02-17T00:00:00.000000000+0000,1.18791,1.18946,1.17979,1.18361
2005-02-18T00:00:00.000000000+0000,1.18376,1.1893,1.18107,1.18268
2005-02-19T00:00:00.000000000+0000,1.18268,1.18268,1.18268,1.18268
2005-02-20T00:00:00.000000000+0000,1.18304,1.1853,1.18237,1.18275
2005-02-21T00:00:00.000000000+0000,1.1828,1.18575,1.1805,1.1827
2005-02-22T00:00:00.000000000+0000,1.18268,1.18376,1.15701,1.1586
2005-02-23T00:00:00.000000000+0000,1.15868,1.1667,1.15766,1.1637
2005-02-24T00:00:00.000000000+0000,1.16341,1.17175,1.1591,1.16991
2005-02-25T00:00:00.000000000+0000,1.16984,1.17374,1.16108,1.16168
2005-02-26T00:00:00.000000000+0000,1.16168,1.16168,1.16168,1.16168
2005-02-27T00:00:00.000000000+0000,1.16147,1.16304,1.16119,1.16128
2005-02-28T00:00:00.000000000+0000,1.1613,1.16487,1.15757,1.16365
2005-03-01T00:00:00.000000000+0000,1.16377,1.16841,1.16049,1.16701
2005-03-02T00:00:00.000000000+0000,1.16688,1.17745,1.16602,1.17351
2005-03-03T00:00:00.000000000+0000,1.1736,1.1824,1.1729,1.18103
2005-03-04T00:00:00.000000000+0000,1.1812,1.18204,1.16633,1.1693
2005-03-05T00:00:00.000000000+0000,1.1693,1.1693,1.1693,1.1693
2005-03-06T00:00:00.000000000+0000,1.16905,1.16953,1.16804,1.16911
2005-03-07T00:00:00.000000000+0000,1.16929,1.1778,1.16795,1.17427
2005-03-08T00:00:00.000000000+0000,1.17443,1.1755,1.1582,1.16089
2005-03-09T00:00:00.000000000+0000,1.16096,1.16452,1.15519,1.16007
2005-03-10T00:00:00.000000000+0000,1.16011,1.16049,1.1512,1.15225
2005-03-11T00:00:00.000000000+0000,1.15227,1.15619,1.14811,1.1501
2005-03-12T00:00:00.000000000+0000,1.1501,1.1501,1.1501,1.1501
2005-03-13T00:00:00.000000000+0000,1.14961,1.15123,1.14832,1.1487
2005-03-14T00:00:00.000000000+0000,1.14866,1.16372,1.14816,1.15989
2005-03-15T00:00:00.000000000+0000,1.15977,1.16698,1.15556,1.16529
2005-03-16T00:00:00.000000000+0000,1.16519,1.16646,1.15018,1.15311
2005-03-17T00:00:00.000000000+0000,1.1531,1.15946,1.15204,1.15725
2005-03-18T00:00:00.000000000+0000,1.15738,1.16858,1.15637,1.16358
2005-03-19T00:00:00.000000000+0000,1.16358,1.16358,1.16358,1.16358
2005-03-20T00:00:00.000000000+0000,1.16355,1.16498,1.16355,1.16402
2005-03-21T00:00:00.000000000+0000,1.16405,1.18076,1.16376,1.17877
2005-03-22T00:00:00.000000000+0000,1.17885,1.19172,1.17429,1.18873
2005-03-23T00:00:00.000000000+0000,1.18872,1.19873,1.18736,1.19574
2005-03-24T00:00:00.000000000+0000,1.19579,1.2026,1.19121,1.20226
2005-03-25T00:00:00.000000000+0000,1.20233,1.20249,1.19768,1.19913
2005-03-26T00:00:00.000000000+0000,1.19913,1.19913,1.19913,1.19913
2005-03-27T00:00:00.000000000+0000,1.19862,1.20054,1.19802,1.19904
2005-03-28T00:00:00.000000000+0000,1.19927,1.20818,1.1988,1.20437
2005-03-29T00:00:00.000000000+0000,1.20457,1.20481,1.19728,1.2001
2005-03-30T00:00:00.000000000+0000,1.20018,1.20171,1.19219,1.19899
2005-03-31T00:00:00.000000000+0000,1.19917,1.19933,1.18921,1.19641
2005-04-01T00:00:00.000000000+0000,1.19653,1.20738,1.18905,1.20229
2005-04-02T00:00:00.000000000+0000,1.20229,1.20229,1.20229,1.20229
2005-04-03T00:00:00.000000000+0000,1.20235,1.20535,1.20235,1.20494
2005-04-04T00:00:00.000000000+0000,1.20486,1.21239,1.20248,1.20877
2005-04-05T00:00:00.000000000+0000,1.20888,1.21415,1.20356,1.20723
2005-04-06T00:00:00.000000000+0000,1.20712,1.20817,1.20053,1.20496
2005-04-07T00:00:00.000000000+0000,1.20489,1.20848,1.19718,1.20838
2005-04-08T00:00:00.000000000+0000,1.20848,1.21112,1.19633,1.19677
2005-04-09T00:00:00.000000000+0000,1.19677,1.19677,1.19677,1.19677
2005-04-10T00:00:00.000000000+0000,1.1966,1.19873,1.19632,1.19745
2005-04-11T00:00:00.000000000+0000,1.1975,1.19962,1.18934,1.19269
2005-04-12T00:00:00.000000000+0000,1.1927,1.20435,1.19042,1.20052
2005-04-13T00:00:00.000000000+0000,1.20045,1.20736,1.19453,1.20033
2005-04-14T00:00:00.000000000+0000,1.20028,1.21924,1.19989,1.21313
2005-04-15T00:00:00.000000000+0000,1.21337,1.21668,1.19879,1.20015
2005-04-16T00:00:00.000000000+0000,1.20015,1.20015,1.20015,1.20015
2005-04-17T00:00:00.000000000+0000,1.20036,1.20079,1.19917,1.19995
2005-04-18T00:00:00.000000000+0000,1.2001,1.20414,1.18488,1.18828
2005-04-19T00:00:00.000000000+0000,1.18857,1.1904,1.17881,1.18053
2005-04-20T00:00:00.000000000+0000,1.18035,1.18903,1.17437,1.1754
2005-04-21T00:00:00.000000000+0000,1.1752,1.18549,1.17374,1.18336
2005-04-22T00:00:00.000000000+0000,1.1837,1.18537,1.17779,1.18044
2005-04-23T00:00:00.000000000+0000,1.18044,1.18044,1.18044,1.18044
2005-04-24T00:00:00.000000000+0000,1.18023,1.18321,1.17995,1.18256
2005-04-25T00:00:00.000000000+0000,1.1823,1.19184,1.18218,1.18831
2005-04-26T00:00:00.000000000+0000,1.1884,1.19118,1.18528,1.18788
2005-04-27T00:00:00.000000000+0000,1.1877,1.19619,1.1854,1.19202
2005-04-28T00:00:00.000000000+0000,1.19215,1.19545,1.18819,1.19147
2005-04-29T00:00:00.000000000+0000,1.19158,1.19761,1.18383,1.19504
2005-04-30T00:00:00.000000000+0000,1.19504,1.19504,1.19504,1.19504
2005-05-01T00:00:00.000000000+0000,1.19534,1.19735,1.19513,1.19721
2005-05-02T00:00:00.000000000+0000,1.19723,1.2009,1.19531,1.19778
2005-05-03T00:00:00.000000000+0000,1.1977,1.20146,1.19362,1.19802
2005-05-04T00:00:00.000000000+0000,1.19813,1.19837,1.18786,1.19163
2005-05-05T00:00:00.000000000+0000,1.19146,1.19771,1.18889,1.19398
2005-05-06T00:00:00.000000000+0000,1.19393,1.20834,1.19239,1.20533
2005-05-07T00:00:00.000000000+0000,1.20533,1.20533,1.20533,1.20533
2005-05-08T00:00:00.000000000+0000,1.20562,1.20758,1.20562,1.20728
2005-05-09T00:00:00.000000000+0000,1.2074,1.20923,1.20254,1.20533
2005-05-10T00:00:00.000000000+0000,1.205,1.20671,1.19908,1.20058
2005-05-11T00:00:00.000000000+0000,1.2008,1.20962,1.19609,1.206
2005-05-12T00:00:00.000000000+0000,1.20588,1.2178,1.20557,1.21661
2005-05-13T00:00:00.000000000+0000,1.2166,1.22512,1.21546,1.22353
2005-05-14T00:00:00.000000000+0000,1.22353,1.22353,1.22353,1.22353
2005-05-15T00:00:00.000000000+0000,1.22363,1.22837,1.22363,1.22686
2005-05-16T00:00:00.000000000+0000,1.2268,1.22865,1.22073,1.2231
2005-05-17T00:00:00.000000000+0000,1.22283,1.2268,1.21916,1.22641
2005-05-18T00:00:00.000000000+0000,1.22638,1.22675,1.21598,1.21808
2005-05-19T00:00:00.000000000+0000,1.21795,1.22562,1.21473,1.22247
2005-05-20T00:00:00.000000000+0000,1.22251,1.23588,1.22036,1.23291
2005-05-21T00:00:00.000000000+0000,1.23291,1.23291,1.23291,1.23291
2005-05-22T00:00:00.000000000+0000,1.23279,1.23508,1.23279,1.23457
2005-05-23T00:00:00.000000000+0000,1.23417,1.23482,1.22811,1.23096
2005-05-24T00:00:00.000000000+0000,1.2309,1.23252,1.22438,1.23104
2005-05-25T00:00:00.000000000+0000,1.2313,1.23165,1.22465,1.22687
2005-05-26T00:00:00.000000000+0000,1.2271,1.2377,1.22579,1.23607
2005-05-27T00:00:00.000000000+0000,1.23611,1.23637,1.22974,1.23056
2005-05-28T00:00:00.000000000+0000,1.23056,1.23056,1.23056,1.23056
2005-05-29T00:00:00.000000000+0000,1.2311,1.23497,1.2311,1.23425
2005-05-30T00:00:00.000000000+0000,1.2347,1.23967,1.23168,1.2379
2005-05-31T00:00:00.000000000+0000,1.2379,1.24936,1.23772,1.24815
2005-06-01T00:00:00.000000000+0000,1.24815,1.25962,1.24468,1.25601
2005-06-02T00:00:00.000000000+0000,1.256,1.25752,1.24702,1.25097
2005-06-03T00:00:00.000000000+0000,1.251,1.25594,1.24543,1.2526
2005-06-04T00:00:00.000000000+0000,1.2526,1.2526,1.2526,1.2526
2005-06-05T00:00:00.000000000+0000,1.2525,1.25382,1.25231,1.25336
2005-06-06T00:00:00.000000000+0000,1.25319,1.25319,1.24628,1.2489
2005-06-07T00:00:00.000000000+0000,1.249,1.25105,1.24259,1.2455
2005-06-08T00:00:00.000000000+0000,1.24577,1.25741,1.24091,1.25359
2005-06-09T00:00:00.000000000+0000,1.2536,1.25907,1.25109,1.25368
2005-06-10T00:00:00.000000000+0000,1.25425,1.26998,1.25199,1.26902
2005-06-11T00:00:00.000000000+0000,1.26902,1.26902,1.26902,1.26902
2005-06-12T00:00:00.000000000+0000,1.26868,1.26945,1.26749,1.2687
2005-06-13T00:00:00.000000000+0000,1.26869,1.2784,1.26792,1.27152
2005-06-14T00:00:00.000000000+0000,1.27134,1.27884,1.26687,1.27709
2005-06-15T00:00:00.000000000+0000,1.27702,1.27882,1.26865,1.27123
2005-06-16T00:00:00.000000000+0000,1.27106,1.27695,1.26553,1.27142
2005-06-17T00:00:00.000000000+0000,1.27144,1.27323,1.25621,1.25698
2005-06-18T00:00:00.000000000+0000,1.25698,1.25698,1.25698,1.25698
2005-06-19T00:00:00.000000000+0000,1.25778,1.26583,1.25778,1.26356
2005-06-20T00:00:00.000000000+0000,1.26364,1.27352,1.26107,1.2717
2005-06-21T00:00:00.000000000+0000,1.2716,1.27816,1.26289,1.26492
2005-06-22T00:00:00.000000000+0000,1.26485,1.27461,1.26206,1.2708
2005-06-23T00:00:00.000000000+0000,1.27087,1.28121,1.26928,1.28061
2005-06-24T00:00:00.000000000+0000,1.28085,1.28419,1.27296,1.27445
2005-06-25T00:00:00.000000000+0000,1.27445,1.27445,1.27445,1.27445
2005-06-26T00:00:00.000000000+0000,1.27362,1.27446,1.26892,1.27043
2005-06-27T00:00:00.000000000+0000,1.27025,1.27191,1.26566,1.26774
2005-06-28T00:00:00.000000000+0000,1.26772,1.282,1.26687,1.27936
2005-06-29T00:00:00.000000000+0000,1.27936,1.28753,1.277,1.28046
2005-06-30T00:00:00.000000000+0000,1.28079,1.28585,1.27822,1.28303
2005-07-01T00:00:00.000000000+0000,1.28268,1.29794,1.28146,1.29625
2005-07-02T00:00:00.000000000+0000,1.29625,1.29625,1.29625,1.29625
2005-07-03T00:00:00.000000000+0000,1.29657,1.29937,1.29657,1.29805
2005-07-04T00:00:00.000000000+0000,1.29808,1.30425,1.29644,1.30316
2005-07-05T00:00:00.000000000+0000,1.30319,1.3071,1.29949,1.30241
2005-07-06T00:00:00.000000000+0000,1.30225,1.30677,1.29977,1.30224
2005-07-07T00:00:00.000000000+0000,1.30247,1.30489,1.28378,1.29897
2005-07-08T00:00:00.000000000+0000,1.2989,1.30709,1.29607,1.2987
2005-07-09T00:00:00.000000000+0000,1.2987,1.2987,1.2987,1.2987
2005-07-10T00:00:00.000000000+0000,1.29855,1.30036,1.2985,1.29968
2005-07-11T00:00:00.000000000+0000,1.29973,1.30054,1.28556,1.2887
2005-07-12T00:00:00.000000000+0000,1.28853,1.28912,1.26977,1.27361
2005-07-13T00:00:00.000000000+0000,1.27368,1.29216,1.27325,1.29015
2005-07-14T00:00:00.000000000+0000,1.2901,1.2927,1.2853,1.28816
2005-07-15T00:00:00.000000000+0000,1.28808,1.29746,1.28501,1.29596
2005-07-16T00:00:00.000000000+0000,1.29596,1.29596,1.29596,1.29596
2005-07-17T00:00:00.000000000+0000,1.29608,1.29819,1.29527,1.29552
2005-07-18T00:00:00.000000000+0000,1.29557,1.29601,1.29034,1.29326
2005-07-19T00:00:00.000000000+0000,1.2935,1.30788,1.29313,1.30002
2005-07-20T00:00:00.000000000+0000,1.29995,1.30034,1.28069,1.2858
2005-07-21T00:00:00.000000000+0000,1.28563,1.29014,1.27521,1.28549
2005-07-22T00:00:00.000000000+0000,1.28577,1.29815,1.28208,1.2967
2005-07-23T00:00:00.000000000+0000,1.2967,1.2967,1.2967,1.2967
2005-07-24T00:00:00.000000000+0000,1.29612,1.29892,1.29612,1.29667
2005-07-25T00:00:00.000000000+0000,1.29692,1.29924,1.29329,1.29652
2005-07-26T00:00:00.000000000+0000,1.29645,1.30268,1.29408,1.2991
2005-07-27T00:00:00.000000000+0000,1.29898,1.30585,1.29287,1.29549
2005-07-28T00:00:00.000000000+0000,1.29548,1.29982,1.2837,1.28543
2005-07-29T00:00:00.000000000+0000,1.2856,1.29194,1.28208,1.28911
2005-07-30T00:00:00.000000000+0000,1.28911,1.28911,1.28911,1.28911
2005-07-31T00:00:00.000000000+0000,1.28854,1.28976,1.28753,1.28888
2005-08-01T00:00:00.000000000+0000,1.28911,1.28911,1.27189,1.27799
2005-08-02T00:00:00.000000000+0000,1.27753,1.27852,1.26992,1.27662
2005-08-03T00:00:00.000000000+0000,1.2766,1.28125,1.26016,1.26194
2005-08-04T00:00:00.000000000+0000,1.26195,1.26597,1.25624,1.25707
2005-08-05T00:00:00.000000000+0000,1.2572,1.26758,1.25606,1.26205
2005-08-06T00:00:00.000000000+0000,1.26205,1.26205,1.26205,1.26205
2005-08-07T00:00:00.000000000+0000,1.26242,1.26548,1.26242,1.26531
2005-08-08T00:00:00.000000000+0000,1.26527,1.26738,1.25835,1.2588
2005-08-09T00:00:00.000000000+0000,1.25863,1.26316,1.25429,1.26039
2005-08-10T00:00:00.000000000+0000,1.2605,1.26191,1.25196,1.25654
2005-08-11T00:00:00.000000000+0000,1.2565,1.25737,1.24468,1.24609
2005-08-12T00:00:00.000000000+0000,1.24616,1.25358,1.24329,1.2473
2005-08-13T00:00:00.000000000+0000,1.2473,1.2473,1.2473,1.2473
2005-08-14T00:00:00.000000000+0000,1.24512,1.24569,1.24402,1.24538
2005-08-15T00:00:00.000000000+0000,1.24518,1.25636,1.24503,1.25585
2005-08-16T00:00:00.000000000+0000,1.25573,1.26253,1.2529,1.25619
2005-08-17T00:00:00.000000000+0000,1.25585,1.2638,1.25475,1.26217
2005-08-18T00:00:00.000000000+0000,1.26209,1.27384,1.25838,1.27037
2005-08-19T00:00:00.000000000+0000,1.27025,1.27686,1.26889,1.27559
2005-08-20T00:00:00.000000000+0000,1.27559,1.27559,1.27559,1.27559
2005-08-21T00:00:00.000000000+0000,1.27506,1.27506,1.27267,1.27383
2005-08-22T00:00:00.000000000+0000,1.27402,1.27505,1.26699,1.26934
2005-08-23T00:00:00.000000000+0000,1.26945,1.27392,1.26819,1.27024
2005-08-24T00:00:00.000000000+0000,1.27039,1.27849,1.26366,1.26514
2005-08-25T00:00:00.000000000+0000,1.26513,1.26518,1.25378,1.25799
2005-08-26T00:00:00.000000000+0000,1.25809,1.2598,1.25164,1.25851
2005-08-27T00:00:00.000000000+0000,1.25851,1.25851,1.25851,1.25851
2005-08-28T00:00:00.000000000+0000,1.25799,1.25889,1.25075,1.25124
2005-08-29T00:00:00.000000000+0000,1.25101,1.26861,1.25033,1.26705
2005-08-30T00:00:00.000000000+0000,1.26713,1.27437,1.26569,1.26913
2005-08-31T00:00:00.000000000+0000,1.26902,1.27042,1.25205,1.25304
2005-09-01T00:00:00.000000000+0000,1.25303,1.25585,1.23153,1.23574
2005-09-02T00:00:00.000000000+0000,1.23562,1.23656,1.2249,1.23004
2005-09-03T00:00:00.000000000+0000,1.23004,1.23004,1.23004,1.23004
2005-09-04T00:00:00.000000000+0000,1.22944,1.22944,1.22739,1.22862
2005-09-05T00:00:00.000000000+0000,1.22872,1.23457,1.22365,1.23429
2005-09-06T00:00:00.000000000+0000,1.23418,1.24017,1.23201,1.2391
2005-09-07T00:00:00.000000000+0000,1.23908,1.24416,1.23069,1.2424
2005-09-08T00:00:00.000000000+0000,1.2424,1.24645,1.23851,1.24382
2005-09-09T00:00:00.000000000+0000,1.24364,1.24703,1.2387,1.24337
2005-09-10T00:00:00.000000000+0000,1.24337,1.24337,1.24337,1.24337
2005-09-11T00:00:00.000000000+0000,1.2431,1.2441,1.24236,1.2425
2005-09-12T00:00:00.000000000+0000,1.24242,1.25928,1.24217,1.25591
2005-09-13T00:00:00.000000000+0000,1.2559,1.26373,1.25414,1.25861
2005-09-14T00:00:00.000000000+0000,1.2587,1.26089,1.25304,1.25842
2005-09-15T00:00:00.000000000+0000,1.25843,1.26911,1.25815,1.26656
2005-09-16T00:00:00.000000000+0000,1.26682,1.27226,1.25972,1.26942
2005-09-17T00:00:00.000000000+0000,1.26942,1.26942,1.26942,1.26942
2005-09-18T00:00:00.000000000+0000,1.26884,1.27679,1.26884,1.27476
2005-09-19T00:00:00.000000000+0000,1.27464,1.28093,1.2726,1.27744
2005-09-20T00:00:00.000000000+0000,1.27778,1.28252,1.27434,1.28183
2005-09-21T00:00:00.000000000+0000,1.28185,1.28212,1.26578,1.26655
2005-09-22T00:00:00.000000000+0000,1.26649,1.28077,1.26588,1.27933
2005-09-23T00:00:00.000000000+0000,1.2795,1.29273,1.27758,1.29258
2005-09-24T00:00:00.000000000+0000,1.29258,1.29258,1.29258,1.29258
2005-09-25T00:00:00.000000000+0000,1.2926,1.2945,1.29256,1.29322
2005-09-26T00:00:00.000000000+0000,1.29316,1.29602,1.28789,1.28956
2005-09-27T00:00:00.000000000+0000,1.28941,1.29962,1.28881,1.2956
2005-09-28T00:00:00.000000000+0000,1.29568,1.29803,1.28806,1.29006
2005-09-29T00:00:00.000000000+0000,1.2901,1.29758,1.28834,1.29503
2005-09-30T00:00:00.000000000+0000,1.29505,1.29755,1.28524,1.29423
2005-10-01T00:00:00.000000000+0000,1.29423,1.29423,1.29423,1.29423
2005-10-02T00:00:00.000000000+0000,1.29312,1.29404,1.29207,1.29273
2005-10-03T00:00:00.000000000+0000,1.29266,1.30408,1.292,1.30161
2005-10-04T00:00:00.000000000+0000,1.30153,1.30354,1.29874,1.30154
2005-10-05T00:00:00.000000000+0000,1.30163,1.30198,1.28765,1.28793
2005-10-06T00:00:00.000000000+0000,1.288,1.288,1.26687,1.2729
2005-10-07T00:00:00.000000000+0000,1.27287,1.28264,1.27137,1.27794
2005-10-08T00:00:00.000000000+0000,1.27794,1.27794,1.27794,1.27794
2005-10-09T00:00:00.000000000+0000,1.27932,1.28042,1.2768,1.27757
2005-10-10T00:00:00.000000000+0000,1.2775,1.28685,1.27492,1.28452
2005-10-11T00:00:00.000000000+0000,1.28453,1.29289,1.28401,1.29198
2005-10-12T00:00:00.000000000+0000,1.29198,1.29464,1.28325,1.28722
2005-10-13T00:00:00.000000000+0000,1.28721,1.30171,1.28605,1.29028
2005-10-14T00:00:00.000000000+0000,1.29018,1.29391,1.27785,1.28489
2005-10-15T00:00:00.000000000+0000,1.28489,1.28489,1.28489,1.28489
2005-10-16T00:00:00.000000000+0000,1.2842,1.286,1.28256,1.28533
2005-10-17T00:00:00.000000000+0000,1.28534,1.29583,1.27939,1.29504
2005-10-18T00:00:00.000000000+0000,1.2948,1.30598,1.29382,1.30186
2005-10-19T00:00:00.000000000+0000,1.30182,1.30715,1.29296,1.29561
2005-10-20T00:00:00.000000000+0000,1.29554,1.29864,1.28468,1.28477
2005-10-21T00:00:00.000000000+0000,1.28479,1.29572,1.28036,1.29216
2005-10-22T00:00:00.000000000+0000,1.29216,1.29216,1.29216,1.29216
2005-10-23T00:00:00.000000000+0000,1.29242,1.29353,1.2914,1.29349
2005-10-24T00:00:00.000000000+0000,1.29338,1.29508,1.28325,1.28964
2005-10-25T00:00:00.000000000+0000,1.28955,1.29375,1.27426,1.27632
2005-10-26T00:00:00.000000000+0000,1.27624,1.28481,1.27281,1.28424
2005-10-27T00:00:00.000000000+0000,1.28421,1.28428,1.26967,1.27287
2005-10-28T00:00:00.000000000+0000,1.2728,1.28258,1.26934,1.28066
2005-10-29T00:00:00.000000000+0000,1.28066,1.28066,1.28066,1.28066
2005-10-30T00:00:00.000000000+0000,1.2804,1.28228,1.27952,1.28046
2005-10-31T00:00:00.000000000+0000,1.28043,1.29248,1.27783,1.28945
2005-11-01T00:00:00.000000000+0000,1.28953,1.29206,1.28546,1.28711
2005-11-02T00:00:00.000000000+0000,1.28722,1.28896,1.27592,1.27875
2005-11-03T00:00:00.000000000+0000,1.27882,1.2935,1.27754,1.29154
2005-11-04T00:00:00.000000000+0000,1.29148,1.30821,1.28648,1.30739
2005-11-05T00:00:00.000000000+0000,1.30739,1.30739,1.30739,1.30739
2005-11-06T00:00:00.000000000+0000,1.30703,1.3098,1.30703,1.309
2005-11-07T00:00:00.000000000+0000,1.30897,1.31066,1.30329,1.30743
2005-11-08T00:00:00.000000000+0000,1.30735,1.31712,1.30692,1.31136
2005-11-09T00:00:00.000000000+0000,1.31111,1.3165,1.30819,1.30863
2005-11-10T00:00:00.000000000+0000,1.3087,1.31617,1.30444,1.31608
2005-11-11T00:00:00.000000000+0000,1.316,1.31607,1.31057,1.31104
2005-11-12T00:00:00.000000000+0000,1.31104,1.31104,1.31104,1.31104
2005-11-13T00:00:00.000000000+0000,1.31073,1.31336,1.31039,1.31083
2005-11-14T00:00:00.000000000+0000,1.31073,1.32095,1.30623,1.3176
2005-11-15T00:00:00.000000000+0000,1.31753,1.32413,1.3152,1.31582
2005-11-16T00:00:00.000000000+0000,1.31579,1.32823,1.31571,1.32491
2005-11-17T00:00:00.000000000+0000,1.32489,1.32829,1.31529,1.31726
2005-11-18T00:00:00.000000000+0000,1.31722,1.32723,1.31347,1.3137
2005-11-19T00:00:00.000000000+0000,1.3137,1.3137,1.3137,1.3137
2005-11-20T00:00:00.000000000+0000,1.3141,1.31502,1.31329,1.31459
2005-11-21T00:00:00.000000000+0000,1.31462,1.32058,1.30788,1.3193
2005-11-22T00:00:00.000000000+0000,1.31922,1.32417,1.30931,1.3107
2005-11-23T00:00:00.000000000+0000,1.31065,1.31668,1.30626,1.31238
2005-11-24T00:00:00.000000000+0000,1.31242,1.31704,1.3109,1.31618
2005-11-25T00:00:00.000000000+0000,1.31619,1.32082,1.3133,1.3182
2005-11-26T00:00:00.000000000+0000,1.3182,1.3182,1.3182,1.3182
2005-11-27T00:00:00.000000000+0000,1.31837,1.32034,1.31512,1.31871
2005-11-28T00:00:00.000000000+0000,1.31877,1.32349,1.29919,1.30613
2005-11-29T00:00:00.000000000+0000,1.3061,1.31899,1.30411,1.31502
2005-11-30T00:00:00.000000000+0000,1.315,1.31749,1.31162,1.31411
2005-12-01T00:00:00.000000000+0000,1.31404,1.32202,1.31246,1.31698
2005-12-02T00:00:00.000000000+0000,1.31695,1.32407,1.31448,1.3166
2005-12-03T00:00:00.000000000+0000,1.3166,1.3166,1.3166,1.3166
2005-12-04T00:00:00.000000000+0000,1.31709,1.31975,1.31624,1.31737
2005-12-05T00:00:00.000000000+0000,1.31732,1.32096,1.30338,1.30734
2005-12-06T00:00:00.000000000+0000,1.30732,1.31076,1.30353,1.30479
2005-12-07T00:00:00.000000000+0000,1.3048,1.31572,1.30465,1.31388
2005-12-08T00:00:00.000000000+0000,1.3138,1.315,1.29684,1.3006
2005-12-09T00:00:00.000000000+0000,1.30049,1.30663,1.29978,1.3021
2005-12-10T00:00:00.000000000+0000,1.3021,1.3021,1.3021,1.3021
2005-12-11T00:00:00.000000000+0000,1.30288,1.3064,1.30288,1.30471
2005-12-12T00:00:00.000000000+0000,1.30465,1.30465,1.28592,1.2888
2005-12-13T00:00:00.000000000+0000,1.28875,1.29637,1.28655,1.29272
2005-12-14T00:00:00.000000000+0000,1.29268,1.29332,1.27743,1.28449
2005-12-15T00:00:00.000000000+0000,1.28451,1.29139,1.27934,1.29005
2005-12-16T00:00:00.000000000+0000,1.28983,1.29285,1.28364,1.2898
2005-12-17T00:00:00.000000000+0000,1.2898,1.2898,1.2898,1.2898
2005-12-18T00:00:00.000000000+0000,1.28895,1.28947,1.28717,1.28772
2005-12-19T00:00:00.000000000+0000,1.28773,1.2951,1.28745,1.29225
2005-12-20T00:00:00.000000000+0000,1.29222,1.31145,1.29158,1.30696
2005-12-21T00:00:00.000000000+0000,1.30692,1.31653,1.30317,1.31343
2005-12-22T00:00:00.000000000+0000,1.31339,1.31672,1.30739,1.31153
2005-12-23T00:00:00.000000000+0000,1.31148,1.31564,1.30911,1.31145
2005-12-24T00:00:00.000000000+0000,1.31145,1.31145,1.31145,1.31145
2005-12-25T00:00:00.000000000+0000,1.31154,1.31399,1.31148,1.31304
2005-12-26T00:00:00.000000000+0000,1.31308,1.31602,1.31124,1.31464
2005-12-27T00:00:00.000000000+0000,1.31457,1.31787,1.31054,1.31453
2005-12-28T00:00:00.000000000+0000,1.31453,1.31892,1.30497,1.3151
2005-12-29T00:00:00.000000000+0000,1.31507,1.318,1.31153,1.31356
2005-12-30T00:00:00.000000000+0000,1.31353,1.31957,1.30923,1.3124
2006-01-01T00:00:00.000000000+0000,1.31306,1.31337,1.31304,1.31331
2006-01-02T00:00:00.000000000+0000,1.31332,1.31568,1.31262,1.31557
2006-01-03T00:00:00.000000000+0000,1.31557,1.31563,1.28808,1.28838
2006-01-04T00:00:00.000000000+0000,1.28835,1.28969,1.27349,1.27704
2006-01-05T00:00:00.000000000+0000,1.27703,1.28252,1.27489,1.27641
2006-01-06T00:00:00.000000000+0000,1.27639,1.27897,1.26745,1.26975
2006-01-07T00:00:00.000000000+0000,1.26975,1.26975,1.26975,1.26975
2006-01-08T00:00:00.000000000+0000,1.27003,1.27119,1.26933,1.27104
2006-01-09T00:00:00.000000000+0000,1.27105,1.27974,1.26885,1.2773
2006-01-10T00:00:00.000000000+0000,1.27727,1.28299,1.27482,1.28057
2006-01-11T00:00:00.000000000+0000,1.28053,1.28421,1.27159,1.27395
2006-01-12T00:00:00.000000000+0000,1.27391,1.28886,1.27222,1.28462
2006-01-13T00:00:00.000000000+0000,1.28454,1.28667,1.27563,1.2764
2006-01-14T00:00:00.000000000+0000,1.2764,1.2764,1.2764,1.2764
2006-01-15T00:00:00.000000000+0000,1.27615,1.2762,1.27273,1.27369
2006-01-16T00:00:00.000000000+0000,1.27364,1.2804,1.27319,1.27896
2006-01-17T00:00:00.000000000+0000,1.27895,1.28596,1.27618,1.27946
2006-01-18T00:00:00.000000000+0000,1.27948,1.2839,1.27264,1.28057
2006-01-19T00:00:00.000000000+0000,1.28056,1.28881,1.28025,1.28463
2006-01-20T00:00:00.000000000+0000,1.28467,1.28855,1.27536,1.2758
2006-01-21T00:00:00.000000000+0000,1.2758,1.2758,1.2758,1.2758
2006-01-22T00:00:00.000000000+0000,1.27574,1.27619,1.27302,1.27317
2006-01-23T00:00:00.000000000+0000,1.27315,1.27357,1.25557,1.25746
2006-01-24T00:00:00.000000000+0000,1.25748,1.26344,1.25717,1.26257
2006-01-25T00:00:00.000000000+0000,1.26258,1.26528,1.25723,1.26462
2006-01-26T00:00:00.000000000+0000,1.26458,1.27117,1.26246,1.2691
2006-01-27T00:00:00.000000000+0000,1.26912,1.28504,1.26814,1.284
2006-01-28T00:00:00.000000000+0000,1.284,1.284,1.284,1.284
2006-01-29T00:00:00.000000000+0000,1.28412,1.28412,1.26705,1.28256
2006-01-30T00:00:00.000000000+0000,1.28255,1.28965,1.28162,1.28736
2006-01-31T00:00:00.000000000+0000,1.28733,1.28748,1.27396,1.2786
2006-02-01T00:00:00.000000000+0000,1.27857,1.29131,1.27721,1.28854
2006-02-02T00:00:00.000000000+0000,1.28849,1.29181,1.28352,1.28646
2006-02-03T00:00:00.000000000+0000,1.2864,1.29938,1.28405,1.2944
2006-02-04T00:00:00.000000000+0000,1.2944,1.2944,1.2944,1.2944
2006-02-05T00:00:00.000000000+0000,1.29424,1.29424,1.2916,1.29365
2006-02-06T00:00:00.000000000+0000,1.29357,1.30371,1.29129,1.30172
2006-02-07T00:00:00.000000000+0000,1.30163,1.30265,1.29516,1.29575
2006-02-08T00:00:00.000000000+0000,1.29565,1.30376,1.29525,1.29881
2006-02-09T00:00:00.000000000+0000,1.29878,1.30307,1.29481,1.29829
2006-02-10T00:00:00.000000000+0000,1.29824,1.30828,1.29243,1.30665
2006-02-11T00:00:00.000000000+0000,1.30665,1.30665,1.30665,1.30665
2006-02-12T00:00:00.000000000+0000,1.30675,1.30768,1.29642,1.30703
2006-02-13T00:00:00.000000000+0000,1.30703,1.31009,1.30498,1.30655
2006-02-14T00:00:00.000000000+0000,1.30659,1.31368,1.30495,1.30802
2006-02-15T00:00:00.000000000+0000,1.30796,1.31189,1.30297,1.31055
2006-02-16T00:00:00.000000000+0000,1.3105,1.31525,1.30871,1.3095
2006-02-17T00:00:00.000000000+0000,1.30955,1.31714,1.30831,1.3096
2006-02-18T00:00:00.000000000+0000,1.3096,1.3096,1.3096,1.3096
2006-02-19T00:00:00.000000000+0000,1.30965,1.31137,1.30872,1.30883
2006-02-20T00:00:00.000000000+0000,1.30878,1.30948,1.30565,1.30785
2006-02-21T00:00:00.000000000+0000,1.30783,1.31133,1.30612,1.30726
2006-02-22T00:00:00.000000000+0000,1.3072,1.31537,1.30657,1.31085
2006-02-23T00:00:00.000000000+0000,1.31087,1.31376,1.30202,1.30883
2006-02-24T00:00:00.000000000+0000,1.30877,1.31812,1.30715,1.3168
2006-02-25T00:00:00.000000000+0000,1.3168,1.3168,1.3168,1.3168
2006-02-26T00:00:00.000000000+0000,1.31668,1.32187,1.31596,1.32118
2006-02-27T00:00:00.000000000+0000,1.32113,1.32346,1.31683,1.32268
2006-02-28T00:00:00.000000000+0000,1.32264,1.32371,1.30878,1.3106
2006-03-01T00:00:00.000000000+0000,1.31064,1.31759,1.30398,1.31286
2006-03-02T00:00:00.000000000+0000,1.31282,1.31367,1.29677,1.29834
2006-03-03T00:00:00.000000000+0000,1.29835,1.3022,1.29507,1.29655
2006-03-04T00:00:00.000000000+0000,1.29655,1.29655,1.29655,1.29655
2006-03-05T00:00:00.000000000+0000,1.29621,1.29681,1.29035,1.29198
2006-03-06T00:00:00.000000000+0000,1.29185,1.30081,1.28909,1.29841
2006-03-07T00:00:00.000000000+0000,1.29837,1.3148,1.29762,1.3132
2006-03-08T00:00:00.000000000+0000,1.31316,1.31451,1.30653,1.30803
2006-03-09T00:00:00.000000000+0000,1.30797,1.31496,1.30638,1.31437
2006-03-10T00:00:00.000000000+0000,1.31433,1.32281,1.31089,1.31688
2006-03-11T00:00:00.000000000+0000,1.31688,1.31688,1.31688,1.31688
2006-03-12T00:00:00.000000000+0000,1.31707,1.31707,1.31535,1.31667
2006-03-13T00:00:00.000000000+0000,1.31662,1.31704,1.31057,1.31086
2006-03-14T00:00:00.000000000+0000,1.31085,1.31267,1.30038,1.30238
2006-03-15T00:00:00.000000000+0000,1.30235,1.30346,1.29448,1.29523
2006-03-16T00:00:00.000000000+0000,1.29523,1.29984,1.28699,1.28922
2006-03-17T00:00:00.000000000+0000,1.28919,1.29515,1.2874,1.2895
2006-03-18T00:00:00.000000000+0000,1.2895,1.2895,1.2895,1.2895
2006-03-19T00:00:00.000000000+0000,1.28954,1.29175,1.28722,1.2909
2006-03-20T00:00:00.000000000+0000,1.29092,1.29363,1.2889,1.29077
2006-03-21T00:00:00.000000000+0000,1.2908,1.30374,1.29078,1.29957
2006-03-22T00:00:00.000000000+0000,1.29952,1.30587,1.29938,1.3054
2006-03-23T00:00:00.000000000+0000,1.30537,1.31927,1.30455,1.3163
2006-03-24T00:00:00.000000000+0000,1.31632,1.31898,1.30867,1.3104
2006-03-25T00:00:00.000000000+0000,1.3104,1.3104,1.3104,1.3104
2006-03-26T00:00:00.000000000+0000,1.31043,1.31077,1.30927,1.30948
2006-03-27T00:00:00.000000000+0000,1.30945,1.3114,1.30611,1.3086
2006-03-28T00:00:00.000000000+0000,1.3085,1.31183,1.29756,1.30906
2006-03-29T00:00:00.000000000+0000,1.30912,1.31254,1.3067,1.30945
2006-03-30T00:00:00.000000000+0000,1.30948,1.3098,1.29567,1.29641
2006-03-31T00:00:00.000000000+0000,1.29649,1.30802,1.29576,1.30395
2006-04-01T00:00:00.000000000+0000,1.30395,1.30395,1.30395,1.30395
2006-04-02T00:00:00.000000000+0000,1.30417,1.30467,1.30126,1.30444
2006-04-03T00:00:00.000000000+0000,1.30437,1.31341,1.30264,1.30342
2006-04-04T00:00:00.000000000+0000,1.30343,1.30608,1.28742,1.29088
2006-04-05T00:00:00.000000000+0000,1.29083,1.29179,1.28132,1.2849
2006-04-06T00:00:00.000000000+0000,1.28486,1.29272,1.28057,1.29162
2006-04-07T00:00:00.000000000+0000,1.29156,1.30339,1.28858,1.30084
2006-04-08T00:00:00.000000000+0000,1.30084,1.30084,1.30084,1.30084
2006-04-09T00:00:00.000000000+0000,1.30043,1.30151,1.29889,1.30111
2006-04-10T00:00:00.000000000+0000,1.30108,1.30582,1.29744,1.30277
2006-04-11T00:00:00.000000000+0000,1.30274,1.30444,1.29567,1.29625
2006-04-12T00:00:00.000000000+0000,1.29621,1.30372,1.29337,1.29843
2006-04-13T00:00:00.000000000+0000,1.29846,1.30156,1.29526,1.29763
2006-04-14T00:00:00.000000000+0000,1.29757,1.29915,1.29705,1.29852
2006-04-15T00:00:00.000000000+0000,1.29852,1.29852,1.29852,1.29852
2006-04-16T00:00:00.000000000+0000,1.29759,1.29799,1.29547,1.29578
2006-04-17T00:00:00.000000000+0000,1.29577,1.29582,1.27512,1.27911
2006-04-18T00:00:00.000000000+0000,1.27903,1.28156,1.26646,1.26818
2006-04-19T00:00:00.000000000+0000,1.26818,1.27582,1.26501,1.26726
2006-04-20T00:00:00.000000000+0000,1.26722,1.28203,1.26708,1.27936
2006-04-21T00:00:00.000000000+0000,1.27923,1.28181,1.27251,1.2744
2006-04-22T00:00:00.000000000+0000,1.2744,1.2744,1.2744,1.2744
2006-04-23T00:00:00.000000000+0000,1.27257,1.27278,1.27037,1.27182
2006-04-24T00:00:00.000000000+0000,1.27185,1.27463,1.26547,1.26877
2006-04-25T00:00:00.000000000+0000,1.26882,1.2728,1.26393,1.26823
2006-04-26T00:00:00.000000000+0000,1.26822,1.27397,1.26675,1.26989
2006-04-27T00:00:00.000000000+0000,1.26988,1.27478,1.25767,1.25894
2006-04-28T00:00:00.000000000+0000,1.25893,1.26079,1.23735,1.23809
2006-04-29T00:00:00.000000000+0000,1.23809,1.23809,1.23809,1.23809
2006-04-30T00:00:00.000000000+0000,1.23818,1.24017,1.23755,1.23965
2006-05-01T00:00:00.000000000+0000,1.2396,1.24393,1.22852,1.24214
2006-05-02T00:00:00.000000000+0000,1.24207,1.24466,1.23244,1.23741
2006-05-03T00:00:00.000000000+0000,1.23737,1.23955,1.22936,1.23666
2006-05-04T00:00:00.000000000+0000,1.23664,1.24191,1.22482,1.22789
2006-05-05T00:00:00.000000000+0000,1.22787,1.2316,1.22137,1.22656
2006-05-06T00:00:00.000000000+0000,1.22656,1.22656,1.22656,1.22656
2006-05-07T00:00:00.000000000+0000,1.22563,1.22567,1.22311,1.22413
2006-05-08T00:00:00.000000000+0000,1.2241,1.22947,1.21804,1.22879
2006-05-09T00:00:00.000000000+0000,1.22873,1.2318,1.21841,1.22011
2006-05-10T00:00:00.000000000+0000,1.22015,1.22171,1.21251,1.22122
2006-05-11T00:00:00.000000000+0000,1.22117,1.23039,1.20877,1.21225
2006-05-12T00:00:00.000000000+0000,1.21222,1.21262,1.19657,1.19754
2006-05-13T00:00:00.000000000+0000,1.19754,1.19754,1.19754,1.19754
2006-05-14T00:00:00.000000000+0000,1.1974,1.19748,1.1917,1.19452
2006-05-15T00:00:00.000000000+0000,1.1946,1.2134,1.1946,1.2122
2006-05-16T00:00:00.000000000+0000,1.21217,1.21648,1.20552,1.20753
2006-05-17T00:00:00.000000000+0000,1.20752,1.21867,1.20036,1.21446
2006-05-18T00:00:00.000000000+0000,1.21439,1.2153,1.20277,1.20448
2006-05-19T00:00:00.000000000+0000,1.20445,1.22386,1.20404,1.21674
2006-05-20T00:00:00.000000000+0000,1.21674,1.21674,1.21674,1.21674
2006-05-21T00:00:00.000000000+0000,1.21615,1.21784,1.21583,1.21716
2006-05-22T00:00:00.000000000+0000,1.2171,1.22297,1.20159,1.20529
2006-05-23T00:00:00.000000000+0000,1.20522,1.21305,1.20278,1.21023
2006-05-24T00:00:00.000000000+0000,1.21017,1.22017,1.20297,1.21668
2006-05-25T00:00:00.000000000+0000,1.21668,1.22005,1.21446,1.21669
2006-05-26T00:00:00.000000000+0000,1.21646,1.22984,1.21369,1.22544
2006-05-27T00:00:00.000000000+0000,1.22544,1.22544,1.22544,1.22544
2006-05-28T00:00:00.000000000+0000,1.2251,1.22753,1.22004,1.2251
2006-05-29T00:00:00.000000000+0000,1.22498,1.2263,1.2221,1.22429
2006-05-30T00:00:00.000000000+0000,1.22418,1.22478,1.20677,1.21273
2006-05-31T00:00:00.000000000+0000,1.21273,1.21935,1.20686,1.21783
2006-06-01T00:00:00.000000000+0000,1.21783,1.22922,1.21769,1.21946
2006-06-02T00:00:00.000000000+0000,1.21948,1.22255,1.20515,1.20893
2006-06-03T00:00:00.000000000+0000,1.20893,1.20893,1.20893,1.20893
2006-06-04T00:00:00.000000000+0000,1.2079,1.20793,1.2052,1.20675
2006-06-05T00:00:00.000000000+0000,1.20663,1.20881,1.20152,1.20881
2006-06-06T00:00:00.000000000+0000,1.20879,1.21777,1.20404,1.21493
2006-06-07T00:00:00.000000000+0000,1.21481,1.22418,1.21383,1.22036
2006-06-08T00:00:00.000000000+0000,1.22028,1.23614,1.21839,1.23237
2006-06-09T00:00:00.000000000+0000,1.23233,1.23617,1.22729,1.23104
2006-06-10T00:00:00.000000000+0000,1.23104,1.23104,1.23104,1.23104
2006-06-11T00:00:00.000000000+0000,1.2305,1.23445,1.2303,1.23421
2006-06-12T00:00:00.000000000+0000,1.23418,1.23661,1.22919,1.23394
2006-06-13T00:00:00.000000000+0000,1.23393,1.24058,1.23038,1.23855
2006-06-14T00:00:00.000000000+0000,1.23848,1.2395,1.22672,1.23051
2006-06-15T00:00:00.000000000+0000,1.23054,1.23411,1.2259,1.2299
2006-06-16T00:00:00.000000000+0000,1.22987,1.23435,1.22643,1.23156
2006-06-17T00:00:00.000000000+0000,1.23156,1.23156,1.23156,1.23156
2006-06-18T00:00:00.000000000+0000,1.23135,1.23175,1.22857,1.23121
2006-06-19T00:00:00.000000000+0000,1.23118,1.2431,1.23115,1.24051
2006-06-20T00:00:00.000000000+0000,1.24058,1.24361,1.23447,1.23733
2006-06-21T00:00:00.000000000+0000,1.23732,1.23771,1.23143,1.23286
2006-06-22T00:00:00.000000000+0000,1.23283,1.24436,1.23166,1.24263
2006-06-23T00:00:00.000000000+0000,1.24254,1.25273,1.24145,1.24816
2006-06-24T00:00:00.000000000+0000,1.24816,1.24816,1.24816,1.24816
2006-06-25T00:00:00.000000000+0000,1.2492,1.24928,1.24751,1.24785
2006-06-26T00:00:00.000000000+0000,1.24783,1.24895,1.24065,1.24082
2006-06-27T00:00:00.000000000+0000,1.24078,1.2471,1.23472,1.24349
2006-06-28T00:00:00.000000000+0000,1.24345,1.249,1.24208,1.24664
2006-06-29T00:00:00.000000000+0000,1.24662,1.25001,1.23566,1.23635
2006-06-30T00:00:00.000000000+0000,1.23635,1.23655,1.2217,1.22307
2006-07-01T00:00:00.000000000+0000,1.22307,1.22307,1.22307,1.22307
2006-07-02T00:00:00.000000000+0000,1.2236,1.22477,1.2224,1.22335
2006-07-03T00:00:00.000000000+0000,1.22335,1.22755,1.22167,1.22431
2006-07-04T00:00:00.000000000+0000,1.22432,1.22614,1.22255,1.22463
2006-07-05T00:00:00.000000000+0000,1.22461,1.23558,1.22015,1.23203
2006-07-06T00:00:00.000000000+0000,1.23195,1.23264,1.22655,1.22838
2006-07-07T00:00:00.000000000+0000,1.22833,1.22952,1.21672,1.22424
2006-07-08T00:00:00.000000000+0000,1.22424,1.22424,1.22424,1.22424
2006-07-09T00:00:00.000000000+0000,1.22392,1.22411,1.22202,1.22301
2006-07-10T00:00:00.000000000+0000,1.223,1.23233,1.22209,1.22992
2006-07-11T00:00:00.000000000+0000,1.22989,1.2329,1.2252,1.22668
2006-07-12T00:00:00.000000000+0000,1.22667,1.23683,1.22502,1.23412
2006-07-13T00:00:00.000000000+0000,1.2341,1.23451,1.2274,1.22919
2006-07-14T00:00:00.000000000+0000,1.22916,1.23756,1.22645,1.23448
2006-07-15T00:00:00.000000000+0000,1.23448,1.23448,1.23448,1.23448
2006-07-16T00:00:00.000000000+0000,1.23363,1.23868,1.23265,1.23416
2006-07-17T00:00:00.000000000+0000,1.23417,1.24908,1.23318,1.2478
2006-07-18T00:00:00.000000000+0000,1.24782,1.25525,1.24447,1.25281
2006-07-19T00:00:00.000000000+0000,1.25283,1.25911,1.24485,1.24761
2006-07-20T00:00:00.000000000+0000,1.24755,1.24803,1.24065,1.24343
2006-07-21T00:00:00.000000000+0000,1.2434,1.24363,1.23512,1.23585
2006-07-22T00:00:00.000000000+0000,1.23585,1.23585,1.23585,1.23585
2006-07-23T00:00:00.000000000+0000,1.23533,1.23681,1.23468,1.23648
2006-07-24T00:00:00.000000000+0000,1.23673,1.24837,1.23673,1.24656
2006-07-25T00:00:00.000000000+0000,1.2465,1.2544,1.24009,1.25275
2006-07-26T00:00:00.000000000+0000,1.25268,1.25381,1.23968,1.24112
2006-07-27T00:00:00.000000000+0000,1.24114,1.24153,1.22799,1.23887
2006-07-28T00:00:00.000000000+0000,1.2388,1.24226,1.23086,1.23098
2006-07-29T00:00:00.000000000+0000,1.23098,1.23098,1.23098,1.23098
2006-07-30T00:00:00.000000000+0000,1.23111,1.23267,1.2309,1.23116
2006-07-31T00:00:00.000000000+0000,1.23113,1.23467,1.22812,1.23085
2006-08-01T00:00:00.000000000+0000,1.23083,1.23654,1.2197,1.2261
2006-08-02T00:00:00.000000000+0000,1.22607,1.2321,1.21965,1.23006
2006-08-03T00:00:00.000000000+0000,1.22997,1.23531,1.22202,1.23131
2006-08-04T00:00:00.000000000+0000,1.23128,1.23458,1.21926,1.22368
2006-08-05T00:00:00.000000000+0000,1.22368,1.22368,1.22368,1.22368
2006-08-06T00:00:00.000000000+0000,1.22278,1.22314,1.2202,1.22073
2006-08-07T00:00:00.000000000+0000,1.22068,1.22761,1.22035,1.22666
2006-08-08T00:00:00.000000000+0000,1.2266,1.23282,1.21602,1.23074
2006-08-09T00:00:00.000000000+0000,1.23073,1.23224,1.22071,1.22566
2006-08-10T00:00:00.000000000+0000,1.22563,1.23823,1.21795,1.23396
2006-08-11T00:00:00.000000000+0000,1.23393,1.24421,1.23373,1.24234
2006-08-12T00:00:00.000000000+0000,1.24234,1.24234,1.24234,1.24234
2006-08-13T00:00:00.000000000+0000,1.24144,1.24215,1.23862,1.23946
2006-08-14T00:00:00.000000000+0000,1.23945,1.24367,1.23749,1.24118
2006-08-15T00:00:00.000000000+0000,1.24114,1.24436,1.23369,1.23692
2006-08-16T00:00:00.000000000+0000,1.23686,1.23785,1.22599,1.22866
2006-08-17T00:00:00.000000000+0000,1.22865,1.23441,1.22372,1.23217
2006-08-18T00:00:00.000000000+0000,1.23212,1.23779,1.22928,1.23313
2006-08-19T00:00:00.000000000+0000,1.23313,1.23313,1.23313,1.23313
2006-08-20T00:00:00.000000000+0000,1.23256,1.2329,1.23127,1.23186
2006-08-21T00:00:00.000000000+0000,1.23178,1.23211,1.21813,1.22709
2006-08-22T00:00:00.000000000+0000,1.22708,1.23612,1.2245,1.23458
2006-08-23T00:00:00.000000000+0000,1.23455,1.23691,1.22917,1.23566
2006-08-24T00:00:00.000000000+0000,1.23567,1.23976,1.23086,1.23921
2006-08-25T00:00:00.000000000+0000,1.23916,1.24224,1.23555,1.23959
2006-08-26T00:00:00.000000000+0000,1.23959,1.23959,1.23959,1.23959
2006-08-27T00:00:00.000000000+0000,1.23922,1.23961,1.23765,1.23898
2006-08-28T00:00:00.000000000+0000,1.23897,1.23905,1.23226,1.23555
2006-08-29T00:00:00.000000000+0000,1.23553,1.23772,1.22701,1.22808
2006-08-30T00:00:00.000000000+0000,1.22807,1.23081,1.22624,1.22755
2006-08-31T00:00:00.000000000+0000,1.22761,1.23427,1.22275,1.2308
2006-09-01T00:00:00.000000000+0000,1.2307,1.23866,1.22838,1.23022
2006-09-02T00:00:00.000000000+0000,1.23022,1.23022,1.23022,1.23022
2006-09-03T00:00:00.000000000+0000,1.22993,1.23011,1.2277,1.22829
2006-09-04T00:00:00.000000000+0000,1.22823,1.23068,1.22686,1.22909
2006-09-05T00:00:00.000000000+0000,1.22895,1.2364,1.22858,1.2337
2006-09-06T00:00:00.000000000+0000,1.23358,1.23988,1.2322,1.23356
2006-09-07T00:00:00.000000000+0000,1.23365,1.24628,1.23247,1.24304
2006-09-08T00:00:00.000000000+0000,1.24307,1.25047,1.24239,1.24737
2006-09-09T00:00:00.000000000+0000,1.24737,1.24737,1.24737,1.24737
2006-09-10T00:00:00.000000000+0000,1.24708,1.24876,1.24655,1.24758
2006-09-11T00:00:00.000000000+0000,1.24776,1.24976,1.23942,1.2444
2006-09-12T00:00:00.000000000+0000,1.2447,1.25168,1.2402,1.2511
2006-09-13T00:00:00.000000000+0000,1.25117,1.2548,1.24789,1.24932
2006-09-14T00:00:00.000000000+0000,1.2492,1.25288,1.24348,1.25214
2006-09-15T00:00:00.000000000+0000,1.25217,1.26193,1.25114,1.25522
2006-09-16T00:00:00.000000000+0000,1.25522,1.25522,1.25522,1.25522
2006-09-17T00:00:00.000000000+0000,1.25483,1.25843,1.25483,1.25747
2006-09-18T00:00:00.000000000+0000,1.25731,1.25731,1.2495,1.24999
2006-09-19T00:00:00.000000000+0000,1.25003,1.25702,1.24823,1.25151
2006-09-20T00:00:00.000000000+0000,1.25132,1.25328,1.24609,1.25072
2006-09-21T00:00:00.000000000+0000,1.25082,1.25404,1.24119,1.24185
2006-09-22T00:00:00.000000000+0000,1.24182,1.24271,1.23199,1.23639
2006-09-23T00:00:00.000000000+0000,1.23639,1.23639,1.23639,1.23639
2006-09-24T00:00:00.000000000+0000,1.23593,1.23633,1.23451,1.23594
2006-09-25T00:00:00.000000000+0000,1.23598,1.23933,1.22913,1.23793
2006-09-26T00:00:00.000000000+0000,1.2379,1.24642,1.23652,1.24252
2006-09-27T00:00:00.000000000+0000,1.24225,1.2472,1.2417,1.24321
2006-09-28T00:00:00.000000000+0000,1.24315,1.2488,1.24159,1.24646
2006-09-29T00:00:00.000000000+0000,1.2464,1.25659,1.24546,1.24982
2006-09-30T00:00:00.000000000+0000,1.24982,1.24982,1.24982,1.24982
2006-10-01T00:00:00.000000000+0000,1.25414,1.26803,1.2488,1.24976
2006-10-02T00:00:00.000000000+0000,1.24986,1.25244,1.24049,1.24259
2006-10-03T00:00:00.000000000+0000,1.24267,1.24657,1.24196,1.2455
2006-10-04T00:00:00.000000000+0000,1.24552,1.25429,1.24465,1.24768
2006-10-05T00:00:00.000000000+0000,1.24792,1.25466,1.24761,1.25189
2006-10-06T00:00:00.000000000+0000,1.25175,1.2633,1.24987,1.25994
2006-10-07T00:00:00.000000000+0000,1.25994,1.25994,1.25994,1.25994
2006-10-08T00:00:00.000000000+0000,1.26008,1.26179,1.25983,1.26098
2006-10-09T00:00:00.000000000+0000,1.26096,1.262,1.25878,1.26161
2006-10-10T00:00:00.000000000+0000,1.26167,1.27177,1.2599,1.27109
2006-10-11T00:00:00.000000000+0000,1.27104,1.27429,1.26864,1.27218
2006-10-12T00:00:00.000000000+0000,1.27194,1.27316,1.267,1.26821
2006-10-13T00:00:00.000000000+0000,1.26815,1.27678,1.26621,1.27254
2006-10-14T00:00:00.000000000+0000,1.27254,1.27254,1.27254,1.27254
2006-10-15T00:00:00.000000000+0000,1.27273,1.27445,1.2724,1.27419
2006-10-16T00:00:00.000000000+0000,1.27411,1.27527,1.26926,1.27051
2006-10-17T00:00:00.000000000+0000,1.2706,1.27097,1.26383,1.26828
2006-10-18T00:00:00.000000000+0000,1.26821,1.2739,1.26554,1.26973
2006-10-19T00:00:00.000000000+0000,1.26962,1.27029,1.2548,1.25713
2006-10-20T00:00:00.000000000+0000,1.2572,1.26034,1.25526,1.25904
2006-10-21T00:00:00.000000000+0000,1.25904,1.25904,1.25904,1.25904
2006-10-22T00:00:00.000000000+0000,1.25808,1.25932,1.25697,1.25833
2006-10-23T00:00:00.000000000+0000,1.2584,1.2687,1.25775,1.26712
2006-10-24T00:00:00.000000000+0000,1.26727,1.27028,1.26432,1.26682
2006-10-25T00:00:00.000000000+0000,1.26675,1.26716,1.26256,1.26321
2006-10-26T00:00:00.000000000+0000,1.26318,1.26354,1.25212,1.25411
2006-10-27T00:00:00.000000000+0000,1.25409,1.2569,1.24692,1.24916
2006-10-28T00:00:00.000000000+0000,1.24916,1.24916,1.24916,1.24916
2006-10-29T00:00:00.000000000+0000,1.24877,1.2494,1.24828,1.24855
2006-10-30T00:00:00.000000000+0000,1.24862,1.25069,1.24696,1.24923
2006-10-31T00:00:00.000000000+0000,1.2494,1.25272,1.24129,1.24369
2006-11-01T00:00:00.000000000+0000,1.24368,1.24592,1.24057,1.24543
2006-11-02T00:00:00.000000000+0000,1.24552,1.24764,1.24281,1.2451
2006-11-03T00:00:00.000000000+0000,1.24517,1.25685,1.24441,1.25347
2006-11-04T00:00:00.000000000+0000,1.25347,1.25347,1.25347,1.25347
2006-11-05T00:00:00.000000000+0000,1.2531,1.25449,1.25283,1.2532
2006-11-06T00:00:00.000000000+0000,1.25312,1.25771,1.2526,1.25487
2006-11-07T00:00:00.000000000+0000,1.25475,1.2552,1.24394,1.24878
2006-11-08T00:00:00.000000000+0000,1.2489,1.25214,1.24512,1.25083
2006-11-09T00:00:00.000000000+0000,1.2509,1.25184,1.24028,1.24215
2006-11-10T00:00:00.000000000+0000,1.24202,1.24223,1.23463,1.2415
2006-11-11T00:00:00.000000000+0000,1.2415,1.2415,1.2415,1.2415
2006-11-12T00:00:00.000000000+0000,1.24124,1.24124,1.23825,1.23893
2006-11-13T00:00:00.000000000+0000,1.23903,1.24582,1.23574,1.2432
2006-11-14T00:00:00.000000000+0000,1.24316,1.24677,1.2385,1.24369
2006-11-15T00:00:00.000000000+0000,1.24352,1.252,1.24276,1.24586
2006-11-16T00:00:00.000000000+0000,1.24586,1.24895,1.24445,1.24787
2006-11-17T00:00:00.000000000+0000,1.24807,1.25347,1.24202,1.24371
2006-11-18T00:00:00.000000000+0000,1.24371,1.24371,1.24371,1.24371
2006-11-19T00:00:00.000000000+0000,1.24382,1.24458,1.24299,1.24436
2006-11-20T00:00:00.000000000+0000,1.24433,1.24478,1.23944,1.2439
2006-11-21T00:00:00.000000000+0000,1.2439,1.24493,1.23948,1.24083
2006-11-22T00:00:00.000000000+0000,1.24086,1.24097,1.22553,1.22671
2006-11-23T00:00:00.000000000+0000,1.2267,1.22804,1.22076,1.22373
2006-11-24T00:00:00.000000000+0000,1.22368,1.2241,1.20745,1.20939
2006-11-25T00:00:00.000000000+0000,1.20939,1.20939,1.20939,1.20939
2006-11-26T00:00:00.000000000+0000,1.20687,1.20687,1.20202,1.20334
2006-11-27T00:00:00.000000000+0000,1.2035,1.21055,1.20314,1.2063
2006-11-28T00:00:00.000000000+0000,1.20627,1.20916,1.20127,1.20241
2006-11-29T00:00:00.000000000+0000,1.20248,1.21155,1.20113,1.20988
2006-11-30T00:00:00.000000000+0000,1.21018,1.21035,1.19587,1.19763
2006-12-01T00:00:00.000000000+0000,1.19775,1.2007,1.19014,1.1929
2006-12-02T00:00:00.000000000+0000,1.1929,1.1929,1.1929,1.1929
2006-12-03T00:00:00.000000000+0000,1.19256,1.19331,1.19019,1.19101
2006-12-04T00:00:00.000000000+0000,1.19095,1.19879,1.19072,1.1936
2006-12-05T00:00:00.000000000+0000,1.19338,1.19634,1.18807,1.19218
2006-12-06T00:00:00.000000000+0000,1.1921,1.19852,1.19069,1.19595
2006-12-07T00:00:00.000000000+0000,1.19603,1.19614,1.1916,1.19532
2006-12-08T00:00:00.000000000+0000,1.19537,1.20588,1.18833,1.20504
2006-12-09T00:00:00.000000000+0000,1.20504,1.20504,1.20504,1.20504
2006-12-10T00:00:00.000000000+0000,1.20518,1.20722,1.20454,1.20542
2006-12-11T00:00:00.000000000+0000,1.20554,1.20978,1.19971,1.20133
2006-12-12T00:00:00.000000000+0000,1.2014,1.20531,1.19836,1.19901
2006-12-13T00:00:00.000000000+0000,1.19908,1.20812,1.19846,1.20575
2006-12-14T00:00:00.000000000+0000,1.20558,1.21585,1.20262,1.21369
2006-12-15T00:00:00.000000000+0000,1.21371,1.22298,1.21163,1.22114
2006-12-16T00:00:00.000000000+0000,1.22114,1.22114,1.22114,1.22114
2006-12-17T00:00:00.000000000+0000,1.22087,1.22216,1.22075,1.22108
2006-12-18T00:00:00.000000000+0000,1.22117,1.22664,1.21823,1.22181
2006-12-19T00:00:00.000000000+0000,1.22178,1.22297,1.21155,1.21289
2006-12-20T00:00:00.000000000+0000,1.21288,1.21921,1.21073,1.21629
2006-12-21T00:00:00.000000000+0000,1.21662,1.2201,1.21375,1.21605
2006-12-22T00:00:00.000000000+0000,1.21598,1.22225,1.21152,1.21997
2006-12-23T00:00:00.000000000+0000,1.21997,1.21997,1.21997,1.21997
2006-12-24T00:00:00.000000000+0000,1.21978,1.221,1.2187,1.21922
2006-12-25T00:00:00.000000000+0000,1.21932,1.2216,1.21764,1.21961
2006-12-26T00:00:00.000000000+0000,1.21967,1.22358,1.21798,1.22251
2006-12-27T00:00:00.000000000+0000,1.22217,1.22659,1.21615,1.2256
2006-12-28T00:00:00.000000000+0000,1.22552,1.22705,1.21671,1.22191
2006-12-29T00:00:00.000000000+0000,1.22195,1.22252,1.21777,1.2188
2006-12-30T00:00:00.000000000+0000,1.2188,1.2188,1.2188,1.2188
2006-12-31T00:00:00.000000000+0000,1.21903,1.21943,1.21835,1.21884
2007-01-01T00:00:00.000000000+0000,1.21882,1.21922,1.21622,1.21657
2007-01-02T00:00:00.000000000+0000,1.21653,1.21778,1.21116,1.21329
2007-01-03T00:00:00.000000000+0000,1.21313,1.22929,1.21185,1.22506
2007-01-04T00:00:00.000000000+0000,1.22472,1.23321,1.22393,1.23205
2007-01-05T00:00:00.000000000+0000,1.23195,1.23932,1.22734,1.23649
2007-01-06T00:00:00.000000000+0000,1.23649,1.23649,1.23649,1.23649
2007-01-07T00:00:00.000000000+0000,1.23605,1.23643,1.23436,1.23528
2007-01-08T00:00:00.000000000+0000,1.23559,1.24093,1.23309,1.23485
2007-01-09T00:00:00.000000000+0000,1.23477,1.24302,1.23345,1.24159
2007-01-10T00:00:00.000000000+0000,1.24161,1.24774,1.24001,1.24596
2007-01-11T00:00:00.000000000+0000,1.24609,1.2505,1.241,1.24955
2007-01-12T00:00:00.000000000+0000,1.24954,1.25234,1.24469,1.2469
2007-01-13T00:00:00.000000000+0000,1.2469,1.2469,1.2469,1.2469
2007-01-14T00:00:00.000000000+0000,1.24898,1.27154,1.24627,1.24738
2007-01-15T00:00:00.000000000+0000,1.24728,1.2495,1.24418,1.24818
2007-01-16T00:00:00.000000000+0000,1.2486,1.24979,1.24171,1.24839
2007-01-17T00:00:00.000000000+0000,1.24853,1.25109,1.24511,1.24719
2007-01-18T00:00:00.000000000+0000,1.24698,1.25464,1.24294,1.2474
2007-01-19T00:00:00.000000000+0000,1.24732,1.25285,1.24479,1.24818
2007-01-20T00:00:00.000000000+0000,1.24818,1.24818,1.24818,1.24818
2007-01-21T00:00:00.000000000+0000,1.24746,1.24866,1.24735,1.24845
2007-01-22T00:00:00.000000000+0000,1.24841,1.25247,1.24698,1.24938
2007-01-23T00:00:00.000000000+0000,1.24942,1.25137,1.23743,1.24292
2007-01-24T00:00:00.000000000+0000,1.2428,1.2496,1.24128,1.24842
2007-01-25T00:00:00.000000000+0000,1.24842,1.24967,1.24236,1.24816
2007-01-26T00:00:00.000000000+0000,1.2482,1.25632,1.24751,1.25327
2007-01-27T00:00:00.000000000+0000,1.25327,1.25327,1.25327,1.25327
2007-01-28T00:00:00.000000000+0000,1.25315,1.25337,1.25202,1.25278
2007-01-29T00:00:00.000000000+0000,1.25278,1.25596,1.25107,1.25179
2007-01-30T00:00:00.000000000+0000,1.252,1.25423,1.24981,1.25146
2007-01-31T00:00:00.000000000+0000,1.25155,1.25703,1.24289,1.2447
2007-02-01T00:00:00.000000000+0000,1.24461,1.24587,1.23928,1.24365
2007-02-02T00:00:00.000000000+0000,1.24387,1.24937,1.23789,1.24753
2007-02-03T00:00:00.000000000+0000,1.24753,1.24753,1.24753,1.24753
2007-02-04T00:00:00.000000000+0000,1.24727,1.24878,1.24727,1.24802
2007-02-05T00:00:00.000000000+0000,1.24785,1.25172,1.24672,1.24821
2007-02-06T00:00:00.000000000+0000,1.2481,1.24972,1.23844,1.23981
2007-02-07T00:00:00.000000000+0000,1.23967,1.24223,1.23805,1.24055
2007-02-08T00:00:00.000000000+0000,1.24061,1.25096,1.24017,1.24595
2007-02-09T00:00:00.000000000+0000,1.2459,1.25165,1.2454,1.24714
2007-02-10T00:00:00.000000000+0000,1.24714,1.24714,1.24714,1.24714
2007-02-11T00:00:00.000000000+0000,1.24735,1.24897,1.24627,1.24706
2007-02-12T00:00:00.000000000+0000,1.24695,1.25497,1.24566,1.25371
2007-02-13T00:00:00.000000000+0000,1.25331,1.25371,1.24422,1.24726
2007-02-14T00:00:00.000000000+0000,1.24732,1.24748,1.2369,1.23912
2007-02-15T00:00:00.000000000+0000,1.23893,1.24063,1.23296,1.23522
2007-02-16T00:00:00.000000000+0000,1.23498,1.23801,1.23314,1.23473
2007-02-17T00:00:00.000000000+0000,1.23473,1.23473,1.23473,1.23473
2007-02-18T00:00:00.000000000+0000,1.23446,1.23474,1.23116,1.23301
2007-02-19T00:00:00.000000000+0000,1.23302,1.23503,1.23145,1.23305
2007-02-20T00:00:00.000000000+0000,1.23307,1.23917,1.23108,1.23554
2007-02-21T00:00:00.000000000+0000,1.23555,1.24105,1.2338,1.23808
2007-02-22T00:00:00.000000000+0000,1.23781,1.24358,1.23684,1.23824
2007-02-23T00:00:00.000000000+0000,1.2381,1.24095,1.22954,1.23225
2007-02-24T00:00:00.000000000+0000,1.23225,1.23225,1.23225,1.23225
2007-02-25T00:00:00.000000000+0000,1.23193,1.23263,1.23035,1.2308
2007-02-26T00:00:00.000000000+0000,1.23087,1.2332,1.22872,1.22908
2007-02-27T00:00:00.000000000+0000,1.22913,1.23059,1.21433,1.21813
2007-02-28T00:00:00.000000000+0000,1.21804,1.22413,1.21705,1.21909
2007-03-01T00:00:00.000000000+0000,1.21909,1.2246,1.21473,1.22396
2007-03-02T00:00:00.000000000+0000,1.22396,1.22597,1.21441,1.21627
2007-03-03T00:00:00.000000000+0000,1.21627,1.21627,1.21627,1.21627
2007-03-04T00:00:00.000000000+0000,1.21607,1.23379,1.21409,1.21588
2007-03-05T00:00:00.000000000+0000,1.21587,1.22413,1.21075,1.22051
2007-03-06T00:00:00.000000000+0000,1.2206,1.22544,1.21914,1.2234
2007-03-07T00:00:00.000000000+0000,1.22333,1.22458,1.21592,1.21595
2007-03-08T00:00:00.000000000+0000,1.21628,1.2294,1.2158,1.2273
2007-03-09T00:00:00.000000000+0000,1.22715,1.23549,1.22534,1.23442
2007-03-10T00:00:00.000000000+0000,1.23442,1.23442,1.23442,1.23442
2007-03-11T00:00:00.000000000+0000,1.2331,1.23462,1.23089,1.23328
2007-03-12T00:00:00.000000000+0000,1.23328,1.23507,1.22342,1.225
2007-03-13T00:00:00.000000000+0000,1.22484,1.22591,1.21642,1.21708
2007-03-14T00:00:00.000000000+0000,1.21702,1.21974,1.21042,1.21703
2007-03-15T00:00:00.000000000+0000,1.21698,1.22142,1.21277,1.21307
2007-03-16T00:00:00.000000000+0000,1.21302,1.21359,1.203,1.20759
2007-03-17T00:00:00.000000000+0000,1.20759,1.20759,1.20759,1.20759
2007-03-18T00:00:00.000000000+0000,1.20687,1.20718,1.20433,1.20561
2007-03-19T00:00:00.000000000+0000,1.20554,1.21452,1.20492,1.21128
2007-03-20T00:00:00.000000000+0000,1.21123,1.21592,1.21073,1.2118
2007-03-21T00:00:00.000000000+0000,1.2118,1.21663,1.20765,1.2087
2007-03-22T00:00:00.000000000+0000,1.2086,1.21797,1.20788,1.21393
2007-03-23T00:00:00.000000000+0000,1.21397,1.2194,1.21134,1.21891
2007-03-24T00:00:00.000000000+0000,1.21891,1.21891,1.21891,1.21891
2007-03-25T00:00:00.000000000+0000,1.21918,1.22142,1.21719,1.21927
2007-03-26T00:00:00.000000000+0000,1.21933,1.2226,1.2117,1.21595
2007-03-27T00:00:00.000000000+0000,1.21573,1.21682,1.21046,1.21209
2007-03-28T00:00:00.000000000+0000,1.2132,1.21781,1.20837,1.21691
2007-03-29T00:00:00.000000000+0000,1.21705,1.21861,1.21352,1.21762
2007-03-30T00:00:00.000000000+0000,1.2178,1.22377,1.20856,1.21456
2007-03-31T00:00:00.000000000+0000,1.21456,1.21456,1.21456,1.21456
2007-04-01T00:00:00.000000000+0000,1.215,1.2157,1.21213,1.2149
2007-04-02T00:00:00.000000000+0000,1.2149,1.2173,1.2119,1.2149
2007-04-03T00:00:00.000000000+0000,1.2149,1.2233,1.2144,1.2227
2007-04-04T00:00:00.000000000+0000,1.2227,1.2228,1.2173,1.2194
2007-04-05T00:00:00.000000000+0000,1.2194,1.2212,1.21225,1.2152
2007-04-06T00:00:00.000000000+0000,1.2153,1.22292,1.21446,1.2224
2007-04-07T00:00:00.000000000+0000,1.2224,1.2224,1.2224,1.2224
2007-04-08T00:00:00.000000000+0000,1.22241,1.22439,1.2206,1.2227
2007-04-09T00:00:00.000000000+0000,1.2226,1.2283,1.22148,1.2266
2007-04-10T00:00:00.000000000+0000,1.2266,1.22685,1.21425,1.21735
2007-04-11T00:00:00.000000000+0000,1.2174,1.2226,1.21695,1.2202
2007-04-12T00:00:00.000000000+0000,1.2202,1.2246,1.2132,1.21665
2007-04-13T00:00:00.000000000+0000,1.2166,1.2189,1.20675,1.21464
2007-04-14T00:00:00.000000000+0000,1.21464,1.21464,1.21464,1.21464
2007-04-15T00:00:00.000000000+0000,1.21535,1.21537,1.21094,1.2129
2007-04-16T00:00:00.000000000+0000,1.2129,1.215,1.2116,1.2148
2007-04-17T00:00:00.000000000+0000,1.2148,1.2149,1.2065,1.2082
2007-04-18T00:00:00.000000000+0000,1.2082,1.2086,1.2025,1.203
2007-04-19T00:00:00.000000000+0000,1.203,1.2063,1.2002,1.2046
2007-04-20T00:00:00.000000000+0000,1.2046,1.2091,1.2037,1.20826
2007-04-21T00:00:00.000000000+0000,1.20826,1.20826,1.20826,1.20826
2007-04-22T00:00:00.000000000+0000,1.20785,1.20817,1.20528,1.2065
2007-04-23T00:00:00.000000000+0000,1.2065,1.2127,1.2063,1.2089
2007-04-24T00:00:00.000000000+0000,1.2088,1.2105,1.2006,1.2014
2007-04-25T00:00:00.000000000+0000,1.2014,1.206,1.1994,1.2052
2007-04-26T00:00:00.000000000+0000,1.20506,1.21,1.2031,1.2087
2007-04-27T00:00:00.000000000+0000,1.2087,1.2106,1.2007,1.2052
2007-04-28T00:00:00.000000000+0000,1.2052,1.2052,1.2052,1.2052
2007-04-29T00:00:00.000000000+0000,1.20452,1.2067,1.2028,1.2063
2007-04-30T00:00:00.000000000+0000,1.2063,1.2104,1.20364,1.2063
2007-05-01T00:00:00.000000000+0000,1.2063,1.2164,1.20505,1.2138
2007-05-02T00:00:00.000000000+0000,1.2138,1.2189,1.2117,1.2137
2007-05-03T00:00:00.000000000+0000,1.2137,1.2171,1.2092,1.21575
2007-05-04T00:00:00.000000000+0000,1.2158,1.21655,1.20995,1.21076
2007-05-05T00:00:00.000000000+0000,1.21076,1.21076,1.21076,1.21076
2007-05-06T00:00:00.000000000+0000,1.2128,1.2128,1.20908,1.2104
2007-05-07T00:00:00.000000000+0000,1.2104,1.2118,1.20825,1.2117
2007-05-08T00:00:00.000000000+0000,1.2117,1.2196,1.21035,1.218
2007-05-09T00:00:00.000000000+0000,1.218,1.2193,1.21405,1.21845
2007-05-10T00:00:00.000000000+0000,1.21845,1.2223,1.2158,1.2201
2007-05-11T00:00:00.000000000+0000,1.2201,1.2214,1.2169,1.21885
2007-05-12T00:00:00.000000000+0000,1.21885,1.21885,1.21885,1.21885
2007-05-13T00:00:00.000000000+0000,1.21883,1.21888,1.2159,1.2173
2007-05-14T00:00:00.000000000+0000,1.2173,1.2207,1.21652,1.21855
2007-05-15T00:00:00.000000000+0000,1.21855,1.2204,1.2127,1.2153
2007-05-16T00:00:00.000000000+0000,1.2153,1.2247,1.2138,1.2226
2007-05-17T00:00:00.000000000+0000,1.2226,1.2282,1.2196,1.227
2007-05-18T00:00:00.000000000+0000,1.227,1.2281,1.2244,1.2267
2007-05-19T00:00:00.000000000+0000,1.2267,1.2267,1.2267,1.2267
2007-05-20T00:00:00.000000000+0000,1.22841,1.2285,1.22483,1.2277
2007-05-21T00:00:00.000000000+0000,1.2277,1.2331,1.22677,1.2304
2007-05-22T00:00:00.000000000+0000,1.2304,1.2329,1.22815,1.2301
2007-05-23T00:00:00.000000000+0000,1.23,1.2311,1.224,1.22753
2007-05-24T00:00:00.000000000+0000,1.2276,1.2315,1.22645,1.228
2007-05-25T00:00:00.000000000+0000,1.228,1.2294,1.22555,1.22785
2007-05-26T00:00:00.000000000+0000,1.22785,1.22785,1.22785,1.22785
2007-05-27T00:00:00.000000000+0000,1.22808,1.22817,1.22665,1.2274
2007-05-28T00:00:00.000000000+0000,1.2274,1.22891,1.22635,1.2282
2007-05-29T00:00:00.000000000+0000,1.22786,1.2308,1.21995,1.2246
2007-05-30T00:00:00.000000000+0000,1.2246,1.2279,1.22354,1.2251
2007-05-31T00:00:00.000000000+0000,1.2251,1.2271,1.2232,1.2251
2007-06-01T00:00:00.000000000+0000,1.2251,1.2329,1.2246,1.22943
2007-06-02T00:00:00.000000000+0000,1.22943,1.22943,1.22943,1.22943
2007-06-03T00:00:00.000000000+0000,1.23,1.25305,1.229,1.2297
2007-06-04T00:00:00.000000000+0000,1.2297,1.2307,1.2216,1.2225
2007-06-05T00:00:00.000000000+0000,1.2225,1.2241,1.2161,1.21825
2007-06-06T00:00:00.000000000+0000,1.2182,1.2189,1.2147,1.2167
2007-06-07T00:00:00.000000000+0000,1.2167,1.2267,1.216,1.2249
2007-06-08T00:00:00.000000000+0000,1.2249,1.2366,1.2245,1.23461
2007-06-09T00:00:00.000000000+0000,1.23461,1.23461,1.23461,1.23461
2007-06-10T00:00:00.000000000+0000,1.23508,1.2364,1.23427,1.2359
2007-06-11T00:00:00.000000000+0000,1.236,1.2401,1.23567,1.2387
2007-06-12T00:00:00.000000000+0000,1.2387,1.2431,1.23709,1.2421
2007-06-13T00:00:00.000000000+0000,1.2421,1.2469,1.242,1.24435
2007-06-14T00:00:00.000000000+0000,1.2443,1.2468,1.24292,1.24645
2007-06-15T00:00:00.000000000+0000,1.2465,1.2465,1.24073,1.2413
2007-06-16T00:00:00.000000000+0000,1.2413,1.2413,1.2413,1.2413
2007-06-17T00:00:00.000000000+0000,1.2409,1.2423,1.24057,1.2413
2007-06-18T00:00:00.000000000+0000,1.2413,1.2424,1.2387,1.2418
2007-06-19T00:00:00.000000000+0000,1.2418,1.2427,1.2391,1.23985
2007-06-20T00:00:00.000000000+0000,1.23985,1.2404,1.23545,1.23815
2007-06-21T00:00:00.000000000+0000,1.2382,1.2427,1.23796,1.24115
2007-06-22T00:00:00.000000000+0000,1.24125,1.2422,1.22819,1.22933
2007-06-23T00:00:00.000000000+0000,1.22933,1.22933,1.22933,1.22933
2007-06-24T00:00:00.000000000+0000,1.229,1.23008,1.2276,1.2287
2007-06-25T00:00:00.000000000+0000,1.2287,1.2312,1.22705,1.2277
2007-06-26T00:00:00.000000000+0000,1.2277,1.2307,1.22605,1.2279
2007-06-27T00:00:00.000000000+0000,1.2279,1.2304,1.22715,1.22925
2007-06-28T00:00:00.000000000+0000,1.2293,1.2342,1.2267,1.2324
2007-06-29T00:00:00.000000000+0000,1.2324,1.2334,1.22045,1.22083
2007-06-30T00:00:00.000000000+0000,1.22083,1.22083,1.22083,1.22083
2007-07-01T00:00:00.000000000+0000,1.22085,1.22291,1.2202,1.222
2007-07-02T00:00:00.000000000+0000,1.222,1.2227,1.20892,1.2106
2007-07-03T00:00:00.000000000+0000,1.2106,1.2178,1.20975,1.216
2007-07-04T00:00:00.000000000+0000,1.216,1.2173,1.2141,1.2164
2007-07-05T00:00:00.000000000+0000,1.2165,1.2199,1.21005,1.2177
2007-07-06T00:00:00.000000000+0000,1.2176,1.2233,1.21615,1.21775
2007-07-07T00:00:00.000000000+0000,1.21775,1.21775,1.21775,1.21775
2007-07-08T00:00:00.000000000+0000,1.21799,1.2182,1.21683,1.21754
2007-07-09T00:00:00.000000000+0000,1.2178,1.2192,1.2154,1.21635
2007-07-10T00:00:00.000000000+0000,1.2164,1.2194,1.1999,1.2031
2007-07-11T00:00:00.000000000+0000,1.2031,1.2068,1.1993,1.2055
2007-07-12T00:00:00.000000000+0000,1.2055,1.2057,1.2005,1.2033
2007-07-13T00:00:00.000000000+0000,1.2032,1.2055,1.1984,1.20242
2007-07-14T00:00:00.000000000+0000,1.20242,1.20242,1.20242,1.20242
2007-07-15T00:00:00.000000000+0000,1.20235,1.2033,1.20148,1.20287
2007-07-16T00:00:00.000000000+0000,1.2031,1.2038,1.19935,1.2028
2007-07-17T00:00:00.000000000+0000,1.2028,1.2036,1.19735,1.2003
2007-07-18T00:00:00.000000000+0000,1.20025,1.205,1.1961,1.2005
2007-07-19T00:00:00.000000000+0000,1.2005,1.2053,1.1987,1.2038
2007-07-20T00:00:00.000000000+0000,1.2038,1.2066,1.1982,1.20024
2007-07-21T00:00:00.000000000+0000,1.20024,1.20024,1.20024,1.20024
2007-07-22T00:00:00.000000000+0000,1.19929,1.20182,1.19929,1.2001
2007-07-23T00:00:00.000000000+0000,1.2,1.2079,1.1981,1.2058
2007-07-24T00:00:00.000000000+0000,1.2058,1.2077,1.2011,1.2029
2007-07-25T00:00:00.000000000+0000,1.203,1.2165,1.2029,1.2133
2007-07-26T00:00:00.000000000+0000,1.2133,1.215,1.2021,1.2036
2007-07-27T00:00:00.000000000+0000,1.2036,1.2132,1.2027,1.20785
2007-07-28T00:00:00.000000000+0000,1.20785,1.20785,1.20785,1.20785
2007-07-29T00:00:00.000000000+0000,1.20835,1.2099,1.2062,1.2069
2007-07-30T00:00:00.000000000+0000,1.2069,1.2082,1.20065,1.2024
2007-07-31T00:00:00.000000000+0000,1.2024,1.2065,1.2005,1.2015
2007-08-01T00:00:00.000000000+0000,1.2015,1.2051,1.1979,1.2035
2007-08-02T00:00:00.000000000+0000,1.2035,1.2084,1.2024,1.2033
2007-08-03T00:00:00.000000000+0000,1.2033,1.2071,1.1867,1.19041
2007-08-04T00:00:00.000000000+0000,1.19041,1.19041,1.19041,1.19041
2007-08-05T00:00:00.000000000+0000,1.19055,1.19163,1.1814,1.1849
2007-08-06T00:00:00.000000000+0000,1.1849,1.1926,1.1824,1.1907
2007-08-07T00:00:00.000000000+0000,1.1907,1.1985,1.18902,1.1963
2007-08-08T00:00:00.000000000+0000,1.1963,1.1995,1.1912,1.19575
2007-08-09T00:00:00.000000000+0000,1.19575,1.1994,1.1919,1.19675
2007-08-10T00:00:00.000000000+0000,1.19675,1.2017,1.1929,1.19865
2007-08-11T00:00:00.000000000+0000,1.19865,1.19865,1.19865,1.19865
2007-08-12T00:00:00.000000000+0000,1.19855,1.20284,1.19722,1.19865
2007-08-13T00:00:00.000000000+0000,1.1987,1.2068,1.1972,1.205
2007-08-14T00:00:00.000000000+0000,1.205,1.2119,1.20285,1.2109
2007-08-15T00:00:00.000000000+0000,1.2109,1.22,1.2108,1.2187
2007-08-16T00:00:00.000000000+0000,1.2187,1.2215,1.2133,1.2167
2007-08-17T00:00:00.000000000+0000,1.2167,1.2177,1.1993,1.20698
2007-08-18T00:00:00.000000000+0000,1.20698,1.20698,1.20698,1.20698
2007-08-19T00:00:00.000000000+0000,1.20885,1.21055,1.20525,1.207
2007-08-20T00:00:00.000000000+0000,1.207,1.2089,1.20472,1.2061
2007-08-21T00:00:00.000000000+0000,1.2061,1.2072,1.2011,1.2061
2007-08-22T00:00:00.000000000+0000,1.2061,1.21115,1.2041,1.2062
2007-08-23T00:00:00.000000000+0000,1.2062,1.2106,1.2047,1.2066
2007-08-24T00:00:00.000000000+0000,1.2066,1.2077,1.19867,1.20097
2007-08-25T00:00:00.000000000+0000,1.20097,1.20097,1.20097,1.20097
2007-08-26T00:00:00.000000000+0000,1.20063,1.20244,1.19954,1.2004
2007-08-27T00:00:00.000000000+0000,1.2004,1.2047,1.19949,1.2019
2007-08-28T00:00:00.000000000+0000,1.2019,1.2041,1.196,1.2025
2007-08-29T00:00:00.000000000+0000,1.2025,1.2039,1.1983,1.19955
2007-08-30T00:00:00.000000000+0000,1.19955,1.2067,1.1989,1.2022
2007-08-31T00:00:00.000000000+0000,1.2022,1.2089,1.1988,1.20805
2007-09-01T00:00:00.000000000+0000,1.20805,1.20805,1.20805,1.20805
2007-09-02T00:00:00.000000000+0000,1.20857,1.20857,1.2061,1.2068
2007-09-03T00:00:00.000000000+0000,1.2068,1.2101,1.2061,1.2094
2007-09-04T00:00:00.000000000+0000,1.2094,1.2151,1.2075,1.2103
2007-09-05T00:00:00.000000000+0000,1.2103,1.2138,1.2021,1.2036
2007-09-06T00:00:00.000000000+0000,1.2036,1.2062,1.1993,1.2011
2007-09-07T00:00:00.000000000+0000,1.2011,1.2026,1.18605,1.18827
2007-09-08T00:00:00.000000000+0000,1.18827,1.18827,1.18827,1.18827
2007-09-09T00:00:00.000000000+0000,1.18815,1.18835,1.1854,1.18595
2007-09-10T00:00:00.000000000+0000,1.18595,1.188,1.1841,1.1867
2007-09-11T00:00:00.000000000+0000,1.1867,1.1899,1.18375,1.1888
2007-09-12T00:00:00.000000000+0000,1.1888,1.1895,1.1818,1.1852
2007-09-13T00:00:00.000000000+0000,1.1852,1.1889,1.18015,1.1845
2007-09-14T00:00:00.000000000+0000,1.1846,1.1923,1.18385,1.1895
2007-09-15T00:00:00.000000000+0000,1.1895,1.1895,1.1895,1.1895
2007-09-16T00:00:00.000000000+0000,1.18935,1.19132,1.18793,1.1895
2007-09-17T00:00:00.000000000+0000,1.1895,1.1899,1.18475,1.1871
2007-09-18T00:00:00.000000000+0000,1.1871,1.1895,1.17925,1.1813
2007-09-19T00:00:00.000000000+0000,1.1813,1.1879,1.1797,1.1825
2007-09-20T00:00:00.000000000+0000,1.1825,1.1829,1.16865,1.1722
2007-09-21T00:00:00.000000000+0000,1.17215,1.1772,1.16775,1.17223
2007-09-22T00:00:00.000000000+0000,1.17223,1.17223,1.17223,1.17223
2007-09-23T00:00:00.000000000+0000,1.1721,1.1728,1.17085,1.1715
2007-09-24T00:00:00.000000000+0000,1.1715,1.1757,1.16855,1.1733
2007-09-25T00:00:00.000000000+0000,1.17325,1.1746,1.16375,1.16595
2007-09-26T00:00:00.000000000+0000,1.16595,1.172,1.16525,1.1699
2007-09-27T00:00:00.000000000+0000,1.1699,1.1741,1.16745,1.1726
2007-09-28T00:00:00.000000000+0000,1.1726,1.1732,1.16222,1.16236
2007-09-29T00:00:00.000000000+0000,1.16236,1.16236,1.16236,1.16236
2007-09-30T00:00:00.000000000+0000,1.16405,1.16407,1.16168,1.1627
2007-10-01T00:00:00.000000000+0000,1.1627,1.1719,1.1625,1.16847
2007-10-02T00:00:00.000000000+0000,1.1685,1.1779,1.1676,1.17515
2007-10-03T00:00:00.000000000+0000,1.1752,1.1809,1.17125,1.1793
2007-10-04T00:00:00.000000000+0000,1.1793,1.1814,1.17363,1.1744
2007-10-05T00:00:00.000000000+0000,1.1744,1.1855,1.1743,1.1777
2007-10-06T00:00:00.000000000+0000,1.1777,1.1777,1.1777,1.1777
2007-10-07T00:00:00.000000000+0000,1.17812,1.17825,1.17585,1.1765
2007-10-08T00:00:00.000000000+0000,1.1765,1.187,1.1764,1.1864
2007-10-09T00:00:00.000000000+0000,1.1864,1.1894,1.1825,1.183
2007-10-10T00:00:00.000000000+0000,1.183,1.18465,1.1785,1.1839
2007-10-11T00:00:00.000000000+0000,1.1839,1.1845,1.1769,1.1823
2007-10-12T00:00:00.000000000+0000,1.1823,1.1879,1.18045,1.18431
2007-10-13T00:00:00.000000000+0000,1.18431,1.18431,1.18431,1.18431
2007-10-14T00:00:00.000000000+0000,1.18445,1.18503,1.1814,1.1847
2007-10-15T00:00:00.000000000+0000,1.1847,1.1859,1.1777,1.1815
2007-10-16T00:00:00.000000000+0000,1.1814,1.1846,1.1788,1.18215
2007-10-17T00:00:00.000000000+0000,1.18215,1.18305,1.17785,1.17925
2007-10-18T00:00:00.000000000+0000,1.17925,1.18,1.16625,1.1699
2007-10-19T00:00:00.000000000+0000,1.1699,1.17355,1.16529,1.16608
2007-10-20T00:00:00.000000000+0000,1.16608,1.16608,1.16608,1.16608
2007-10-21T00:00:00.000000000+0000,1.16595,1.16678,1.1599,1.161
2007-10-22T00:00:00.000000000+0000,1.161,1.17865,1.1607,1.1771
2007-10-23T00:00:00.000000000+0000,1.1771,1.178,1.1702,1.17355
2007-10-24T00:00:00.000000000+0000,1.17355,1.1775,1.17085,1.17245
2007-10-25T00:00:00.000000000+0000,1.17245,1.1734,1.1635,1.16555
2007-10-26T00:00:00.000000000+0000,1.16555,1.1664,1.16195,1.16395
2007-10-27T00:00:00.000000000+0000,1.16395,1.16395,1.16395,1.16395
2007-10-28T00:00:00.000000000+0000,1.16415,1.16427,1.16087,1.16255
2007-10-29T00:00:00.000000000+0000,1.16255,1.1671,1.1606,1.16495
2007-10-30T00:00:00.000000000+0000,1.16495,1.16705,1.1574,1.1585
2007-10-31T00:00:00.000000000+0000,1.1585,1.1627,1.1557,1.15925
2007-11-01T00:00:00.000000000+0000,1.15925,1.1639,1.1555,1.1573
2007-11-02T00:00:00.000000000+0000,1.1572,1.15805,1.14915,1.15425
2007-11-03T00:00:00.000000000+0000,1.15425,1.15425,1.15425,1.15425
2007-11-04T00:00:00.000000000+0000,1.15387,1.15472,1.15075,1.15195
2007-11-05T00:00:00.000000000+0000,1.15195,1.1557,1.151,1.15315
2007-11-06T00:00:00.000000000+0000,1.1532,1.15415,1.1422,1.14395
2007-11-07T00:00:00.000000000+0000,1.14395,1.1448,1.12565,1.13395
2007-11-08T00:00:00.000000000+0000,1.1341,1.1343,1.12525,1.1272
2007-11-09T00:00:00.000000000+0000,1.1272,1.12725,1.1188,1.1227
2007-11-10T00:00:00.000000000+0000,1.1227,1.1227,1.1227,1.1227
2007-11-11T00:00:00.000000000+0000,1.12262,1.12445,1.12099,1.1227
2007-11-12T00:00:00.000000000+0000,1.1228,1.1299,1.12185,1.1294
2007-11-13T00:00:00.000000000+0000,1.1295,1.1296,1.12265,1.1258
2007-11-14T00:00:00.000000000+0000,1.1258,1.1262,1.11765,1.1231
2007-11-15T00:00:00.000000000+0000,1.1231,1.12615,1.1199,1.12255
2007-11-16T00:00:00.000000000+0000,1.12255,1.1247,1.11595,1.11745
2007-11-17T00:00:00.000000000+0000,1.11745,1.11745,1.11745,1.11745
2007-11-18T00:00:00.000000000+0000,1.11724,1.11788,1.11555,1.11705
2007-11-19T00:00:00.000000000+0000,1.11705,1.1202,1.11465,1.1148
2007-11-20T00:00:00.000000000+0000,1.11485,1.1174,1.1053,1.1061
2007-11-21T00:00:00.000000000+0000,1.1061,1.108,1.1011,1.10165
2007-11-22T00:00:00.000000000+0000,1.10165,1.10395,1.10023,1.1009
2007-11-23T00:00:00.000000000+0000,1.1009,1.10485,1.0886,1.10205
2007-11-24T00:00:00.000000000+0000,1.10205,1.10205,1.10205,1.10205
2007-11-25T00:00:00.000000000+0000,1.10213,1.1039,1.10123,1.10345
2007-11-26T00:00:00.000000000+0000,1.10345,1.10715,1.09545,1.0969
2007-11-27T00:00:00.000000000+0000,1.0969,1.1069,1.0955,1.1052
2007-11-28T00:00:00.000000000+0000,1.1052,1.1195,1.104,1.1108
2007-11-29T00:00:00.000000000+0000,1.1108,1.12085,1.1103,1.11695
2007-11-30T00:00:00.000000000+0000,1.11685,1.13262,1.11605,1.13135
2007-12-01T00:00:00.000000000+0000,1.13135,1.13135,1.13135,1.13135
2007-12-02T00:00:00.000000000+0000,1.13233,1.13247,1.12855,1.129
2007-12-03T00:00:00.000000000+0000,1.129,1.13055,1.125,1.1271
2007-12-04T00:00:00.000000000+0000,1.1271,1.1319,1.1158,1.1171
2007-12-05T00:00:00.000000000+0000,1.1171,1.12875,1.11525,1.12875
2007-12-06T00:00:00.000000000+0000,1.12875,1.1353,1.1264,1.12805
2007-12-07T00:00:00.000000000+0000,1.12805,1.13325,1.12748,1.12748
2007-12-08T00:00:00.000000000+0000,1.12748,1.12748,1.12748,1.12748
2007-12-09T00:00:00.000000000+0000,1.12795,1.1291,1.12714,1.12775
2007-12-10T00:00:00.000000000+0000,1.12775,1.1303,1.12345,1.1282
2007-12-11T00:00:00.000000000+0000,1.1282,1.1362,1.12535,1.1299
2007-12-12T00:00:00.000000000+0000,1.1299,1.14015,1.12735,1.13405
2007-12-13T00:00:00.000000000+0000,1.13405,1.14505,1.12975,1.1416
2007-12-14T00:00:00.000000000+0000,1.1415,1.1548,1.14,1.15265
2007-12-15T00:00:00.000000000+0000,1.15265,1.15265,1.15265,1.15265
2007-12-16T00:00:00.000000000+0000,1.15238,1.1569,1.15234,1.1547
2007-12-17T00:00:00.000000000+0000,1.1547,1.1574,1.1477,1.1495
2007-12-18T00:00:00.000000000+0000,1.1495,1.15355,1.14905,1.1514
2007-12-19T00:00:00.000000000+0000,1.1514,1.1587,1.15078,1.15475
2007-12-20T00:00:00.000000000+0000,1.15475,1.1595,1.1543,1.1582
2007-12-21T00:00:00.000000000+0000,1.1582,1.1584,1.15135,1.15465
2007-12-22T00:00:00.000000000+0000,1.15465,1.15465,1.15465,1.15465
2007-12-23T00:00:00.000000000+0000,1.15518,1.15612,1.15445,1.1555
2007-12-24T00:00:00.000000000+0000,1.1555,1.15795,1.1534,1.15626
2007-12-25T00:00:00.000000000+0000,1.15629,1.16242,1.1238,1.15851
2007-12-26T00:00:00.000000000+0000,1.1583,1.15884,1.1492,1.15095
2007-12-27T00:00:00.000000000+0000,1.15095,1.15235,1.1373,1.14015
2007-12-28T00:00:00.000000000+0000,1.1402,1.14135,1.12509,1.12599
2007-12-29T00:00:00.000000000+0000,1.12599,1.12599,1.12599,1.12599
2007-12-30T00:00:00.000000000+0000,1.1258,1.1288,1.12505,1.1256
2007-12-31T00:00:00.000000000+0000,1.1256,1.13689,1.12235,1.1323
2008-01-01T00:00:00.000000000+0000,1.13235,1.13448,1.131,1.1315
2008-01-02T00:00:00.000000000+0000,1.1315,1.1331,1.1148,1.1193
2008-01-03T00:00:00.000000000+0000,1.1193,1.1201,1.11035,1.1115
2008-01-04T00:00:00.000000000+0000,1.1115,1.11625,1.1019,1.10785
2008-01-05T00:00:00.000000000+0000,1.10785,1.10785,1.10785,1.10785
2008-01-06T00:00:00.000000000+0000,1.10795,1.10804,1.1063,1.1072
2008-01-07T00:00:00.000000000+0000,1.1072,1.1192,1.1071,1.1179
2008-01-08T00:00:00.000000000+0000,1.11795,1.1191,1.11135,1.11225
2008-01-09T00:00:00.000000000+0000,1.11225,1.1173,1.1103,1.11635
2008-01-10T00:00:00.000000000+0000,1.11635,1.117,1.1004,1.1045
2008-01-11T00:00:00.000000000+0000,1.1045,1.10475,1.0975,1.1006
2008-01-12T00:00:00.000000000+0000,1.1006,1.1006,1.1006,1.1006
2008-01-13T00:00:00.000000000+0000,1.10124,1.10188,1.09825,1.09955
2008-01-14T00:00:00.000000000+0000,1.0995,1.10115,1.0885,1.093
2008-01-15T00:00:00.000000000+0000,1.09295,1.0948,1.08545,1.09105
2008-01-16T00:00:00.000000000+0000,1.09105,1.10235,1.08365,1.0989
2008-01-17T00:00:00.000000000+0000,1.09885,1.10875,1.0953,1.1007
2008-01-18T00:00:00.000000000+0000,1.1007,1.1064,1.09746,1.0988
2008-01-19T00:00:00.000000000+0000,1.0988,1.0988,1.0988,1.0988
2008-01-20T00:00:00.000000000+0000,1.09905,1.10125,1.09782,1.1008
2008-01-21T00:00:00.000000000+0000,1.1008,1.11105,1.09985,1.1103
2008-01-22T00:00:00.000000000+0000,1.1103,1.11225,1.0915,1.0969
2008-01-23T00:00:00.000000000+0000,1.0969,1.09905,1.08705,1.09165
2008-01-24T00:00:00.000000000+0000,1.09165,1.09365,1.0846,1.0867
2008-01-25T00:00:00.000000000+0000,1.0867,1.09885,1.08665,1.09488
2008-01-26T00:00:00.000000000+0000,1.09488,1.09488,1.09488,1.09488
2008-01-27T00:00:00.000000000+0000,1.09678,1.09735,1.09355,1.0947
2008-01-28T00:00:00.000000000+0000,1.09485,1.09655,1.0872,1.0896
2008-01-29T00:00:00.000000000+0000,1.0896,1.09615,1.0884,1.09385
2008-01-30T00:00:00.000000000+0000,1.09385,1.095,1.0812,1.0844
2008-01-31T00:00:00.000000000+0000,1.0844,1.08585,1.07565,1.08075
2008-02-01T00:00:00.000000000+0000,1.08075,1.08988,1.07275,1.08882
2008-02-02T00:00:00.000000000+0000,1.08882,1.08882,1.08882,1.08882
2008-02-03T00:00:00.000000000+0000,1.08902,1.0899,1.08765,1.08805
2008-02-04T00:00:00.000000000+0000,1.08805,1.09245,1.0863,1.0881
2008-02-05T00:00:00.000000000+0000,1.08805,1.1057,1.08775,1.09915
2008-02-06T00:00:00.000000000+0000,1.09915,1.1004,1.0951,1.09705
2008-02-07T00:00:00.000000000+0000,1.09705,1.1103,1.09325,1.10325
2008-02-08T00:00:00.000000000+0000,1.10325,1.1081,1.1008,1.10235
2008-02-09T00:00:00.000000000+0000,1.10235,1.10235,1.10235,1.10235
2008-02-10T00:00:00.000000000+0000,1.10295,1.10315,1.10028,1.10215
2008-02-11T00:00:00.000000000+0000,1.10215,1.1047,1.09465,1.10215
2008-02-12T00:00:00.000000000+0000,1.10215,1.10415,1.098,1.102
2008-02-13T00:00:00.000000000+0000,1.102,1.1107,1.10115,1.10815
2008-02-14T00:00:00.000000000+0000,1.10815,1.1098,1.0955,1.09725
2008-02-15T00:00:00.000000000+0000,1.09725,1.09865,1.0886,1.0927
2008-02-16T00:00:00.000000000+0000,1.0927,1.0927,1.0927,1.0927
2008-02-17T00:00:00.000000000+0000,1.09271,1.0947,1.09205,1.09355
2008-02-18T00:00:00.000000000+0000,1.09355,1.1046,1.09305,1.10175
2008-02-19T00:00:00.000000000+0000,1.10175,1.10245,1.0909,1.09435
2008-02-20T00:00:00.000000000+0000,1.09435,1.1025,1.0935,1.0983
2008-02-21T00:00:00.000000000+0000,1.0983,1.1033,1.0866,1.0901
2008-02-22T00:00:00.000000000+0000,1.0901,1.09175,1.08355,1.08465
2008-02-23T00:00:00.000000000+0000,1.08465,1.08465,1.08465,1.08465
2008-02-24T00:00:00.000000000+0000,1.08472,1.08605,1.08385,1.08555
2008-02-25T00:00:00.000000000+0000,1.08555,1.09295,1.08545,1.0887
2008-02-26T00:00:00.000000000+0000,1.0887,1.09175,1.0704,1.0756
2008-02-27T00:00:00.000000000+0000,1.0756,1.0764,1.061,1.06295
2008-02-28T00:00:00.000000000+0000,1.06295,1.0644,1.0484,1.05105
2008-02-29T00:00:00.000000000+0000,1.05105,1.05275,1.04008,1.0411
2008-03-01T00:00:00.000000000+0000,1.0411,1.0411,1.0411,1.0411
2008-03-02T00:00:00.000000000+0000,1.04088,1.04191,1.032,1.0335
2008-03-03T00:00:00.000000000+0000,1.0335,1.0458,1.0308,1.04105
2008-03-04T00:00:00.000000000+0000,1.04105,1.04285,1.0336,1.03925
2008-03-05T00:00:00.000000000+0000,1.03925,1.0428,1.03355,1.0363
2008-03-06T00:00:00.000000000+0000,1.0363,1.0383,1.0209,1.02215
2008-03-07T00:00:00.000000000+0000,1.02215,1.02845,1.01325,1.02521
2008-03-08T00:00:00.000000000+0000,1.02521,1.02521,1.02521,1.02521
2008-03-09T00:00:00.000000000+0000,1.02462,1.02533,1.01905,1.0201
2008-03-10T00:00:00.000000000+0000,1.0201,1.02565,1.01715,1.0188
2008-03-11T00:00:00.000000000+0000,1.0188,1.03525,1.0148,1.0324
2008-03-12T00:00:00.000000000+0000,1.0324,1.03275,1.0127,1.01455
2008-03-13T00:00:00.000000000+0000,1.01455,1.01645,1.0044,1.0102
2008-03-14T00:00:00.000000000+0000,1.0102,1.0143,0.99716,0.99757
2008-03-15T00:00:00.000000000+0000,0.99757,0.99757,0.99757,0.99757
2008-03-16T00:00:00.000000000+0000,0.99744,0.99826,0.9864,0.9882
2008-03-17T00:00:00.000000000+0000,0.9882,0.9898,0.9629,0.984
2008-03-18T00:00:00.000000000+0000,0.984,1.00535,0.9784,0.99945
2008-03-19T00:00:00.000000000+0000,0.99945,1.0029,0.9868,0.9965
2008-03-20T00:00:00.000000000+0000,0.9965,1.0168,0.996,1.0068
2008-03-21T00:00:00.000000000+0000,1.0068,1.01,1.0064,1.00913
2008-03-22T00:00:00.000000000+0000,1.00913,1.00913,1.00913,1.00913
2008-03-23T00:00:00.000000000+0000,1.00895,1.0127,1.00778,1.01215
2008-03-24T00:00:00.000000000+0000,1.01215,1.025,1.012,1.0189
2008-03-25T00:00:00.000000000+0000,1.0189,1.0222,1.0038,1.0085
2008-03-26T00:00:00.000000000+0000,1.0085,1.0114,0.988,0.99175
2008-03-27T00:00:00.000000000+0000,0.99175,0.9988,0.9886,0.992
2008-03-28T00:00:00.000000000+0000,0.992,0.99965,0.9916,0.9946
2008-03-29T00:00:00.000000000+0000,0.9946,0.9946,0.9946,0.9946
2008-03-30T00:00:00.000000000+0000,0.99473,0.99775,0.991,0.99755
2008-03-31T00:00:00.000000000+0000,0.99755,0.99925,0.987,0.99445
2008-04-01T00:00:00.000000000+0000,0.99445,1.014,0.99285,1.0109
2008-04-02T00:00:00.000000000+0000,1.0109,1.01645,1.00675,1.0083
2008-04-03T00:00:00.000000000+0000,1.0083,1.02175,1.007,1.0115
2008-04-04T00:00:00.000000000+0000,1.0115,1.0129,1.00145,1.00582
2008-04-05T00:00:00.000000000+0000,1.00582,1.00582,1.00582,1.00582
2008-04-06T00:00:00.000000000+0000,1.00595,1.0074,1.00497,1.0059
2008-04-07T00:00:00.000000000+0000,1.0059,1.0172,1.0059,1.0131
2008-04-08T00:00:00.000000000+0000,1.0131,1.0167,1.0066,1.0156
2008-04-09T00:00:00.000000000+0000,1.0156,1.0157,0.9975,1.0023
2008-04-10T00:00:00.000000000+0000,1.0023,1.0088,0.9888,1.0068
2008-04-11T00:00:00.000000000+0000,1.0068,1.00895,0.9965,1.00048
2008-04-12T00:00:00.000000000+0000,1.00048,1.00048,1.00048,1.00048
2008-04-13T00:00:00.000000000+0000,1.00062,1.00793,1.0,1.0052
2008-04-14T00:00:00.000000000+0000,1.0052,1.0071,0.9925,1.0
2008-04-15T00:00:00.000000000+0000,1.0,1.011,0.99565,1.008
2008-04-16T00:00:00.000000000+0000,1.008,1.0086,0.99395,0.9994
2008-04-17T00:00:00.000000000+0000,0.9994,1.0093,0.9959,1.0054
2008-04-18T00:00:00.000000000+0000,1.0054,1.02835,1.0038,1.01803
2008-04-19T00:00:00.000000000+0000,1.01803,1.01803,1.01803,1.01803
2008-04-20T00:00:00.000000000+0000,1.01848,1.0192,1.0168,1.0183
2008-04-21T00:00:00.000000000+0000,1.0183,1.0205,1.00635,1.0083
2008-04-22T00:00:00.000000000+0000,1.0083,1.0131,0.9997,1.0035
2008-04-23T00:00:00.000000000+0000,1.0035,1.017,1.00215,1.01575
2008-04-24T00:00:00.000000000+0000,1.01575,1.03845,1.01515,1.0355
2008-04-25T00:00:00.000000000+0000,1.0355,1.04305,1.0301,1.03399
2008-04-26T00:00:00.000000000+0000,1.03399,1.03399,1.03399,1.03399
2008-04-27T00:00:00.000000000+0000,1.0334,1.0366,1.03296,1.036
2008-04-28T00:00:00.000000000+0000,1.036,1.03685,1.0299,1.0336
2008-04-29T00:00:00.000000000+0000,1.0336,1.03985,1.0316,1.0364
2008-04-30T00:00:00.000000000+0000,1.0364,1.04425,1.0327,1.0348
2008-05-01T00:00:00.000000000+0000,1.0349,1.0508,1.03315,1.04733
2008-05-02T00:00:00.000000000+0000,1.0475,1.0608,1.0464,1.05693
2008-05-03T00:00:00.000000000+0000,1.05693,1.05693,1.05693,1.05693
2008-05-04T00:00:00.000000000+0000,1.05683,1.05748,1.05474,1.0552
2008-05-05T00:00:00.000000000+0000,1.0552,1.0596,1.051,1.0526
2008-05-06T00:00:00.000000000+0000,1.0526,1.05505,1.0427,1.0524
2008-05-07T00:00:00.000000000+0000,1.0524,1.05925,1.0516,1.0582
2008-05-08T00:00:00.000000000+0000,1.0582,1.0625,1.04805,1.0505
2008-05-09T00:00:00.000000000+0000,1.0505,1.0506,1.0389,1.04075
2008-05-10T00:00:00.000000000+0000,1.04075,1.04075,1.04075,1.04075
2008-05-11T00:00:00.000000000+0000,1.04052,1.0445,1.03849,1.0415
2008-05-12T00:00:00.000000000+0000,1.0415,1.05115,1.0406,1.0448
2008-05-13T00:00:00.000000000+0000,1.0448,1.05565,1.04165,1.0522
2008-05-14T00:00:00.000000000+0000,1.05225,1.06005,1.0511,1.0551
2008-05-15T00:00:00.000000000+0000,1.0551,1.0594,1.04855,1.0563
2008-05-16T00:00:00.000000000+0000,1.0563,1.0588,1.0432,1.04717
2008-05-17T00:00:00.000000000+0000,1.04717,1.04717,1.04717,1.04717
2008-05-18T00:00:00.000000000+0000,1.0472,1.0486,1.04455,1.0478
2008-05-19T00:00:00.000000000+0000,1.0478,1.05725,1.0414,1.05198
2008-05-20T00:00:00.000000000+0000,1.0522,1.0534,1.0356,1.0368
2008-05-21T00:00:00.000000000+0000,1.0371,1.03925,1.0238,1.0257
2008-05-22T00:00:00.000000000+0000,1.0257,1.0355,1.0232,1.03025
2008-05-23T00:00:00.000000000+0000,1.0303,1.0336,1.02145,1.02413
2008-05-24T00:00:00.000000000+0000,1.02413,1.02413,1.02413,1.02413
2008-05-25T00:00:00.000000000+0000,1.02355,1.0261,1.02276,1.0236
2008-05-26T00:00:00.000000000+0000,1.0236,1.0279,1.0231,1.0243
2008-05-27T00:00:00.000000000+0000,1.0243,1.0354,1.0223,1.0336
2008-05-28T00:00:00.000000000+0000,1.0336,1.04235,1.026,1.0371
2008-05-29T00:00:00.000000000+0000,1.0371,1.0525,1.0369,1.04955
2008-05-30T00:00:00.000000000+0000,1.0495,1.0527,1.04135,1.04208
2008-05-31T00:00:00.000000000+0000,1.04208,1.04208,1.04208,1.04208
2008-06-01T00:00:00.000000000+0000,1.04185,1.0431,1.04023,1.0422
2008-06-02T00:00:00.000000000+0000,1.0422,1.0448,1.03245,1.03638
2008-06-03T00:00:00.000000000+0000,1.0366,1.04895,1.0273,1.04095
2008-06-04T00:00:00.000000000+0000,1.041,1.04455,1.0362,1.0421
2008-06-05T00:00:00.000000000+0000,1.042,1.0521,1.03515,1.0378
2008-06-06T00:00:00.000000000+0000,1.0378,1.0408,1.0174,1.01807
2008-06-07T00:00:00.000000000+0000,1.01807,1.01807,1.01807,1.01807
2008-06-08T00:00:00.000000000+0000,1.01812,1.01907,1.0164,1.0172
2008-06-09T00:00:00.000000000+0000,1.0172,1.0297,1.01475,1.0272
2008-06-10T00:00:00.000000000+0000,1.0272,1.04385,1.0272,1.04295
2008-06-11T00:00:00.000000000+0000,1.04295,1.0448,1.0302,1.0302
2008-06-12T00:00:00.000000000+0000,1.0302,1.049,1.0302,1.0405
2008-06-13T00:00:00.000000000+0000,1.0405,1.0541,1.03965,1.04648
2008-06-14T00:00:00.000000000+0000,1.04648,1.04648,1.04648,1.04648
2008-06-15T00:00:00.000000000+0000,1.04692,1.0475,1.0411,1.0469
2008-06-16T00:00:00.000000000+0000,1.04695,1.05195,1.038,1.0446
2008-06-17T00:00:00.000000000+0000,1.0446,1.0458,1.0377,1.0409
2008-06-18T00:00:00.000000000+0000,1.0409,1.0468,1.035,1.0353
2008-06-19T00:00:00.000000000+0000,1.0353,1.0474,1.0319,1.0441
2008-06-20T00:00:00.000000000+0000,1.0441,1.0447,1.0304,1.03526
2008-06-21T00:00:00.000000000+0000,1.03526,1.03526,1.03526,1.03526
2008-06-22T00:00:00.000000000+0000,1.03523,1.0371,1.03289,1.0366
2008-06-23T00:00:00.000000000+0000,1.0366,1.0493,1.03425,1.0451
2008-06-24T00:00:00.000000000+0000,1.0451,1.0471,1.03495,1.04092
2008-06-25T00:00:00.000000000+0000,1.0408,1.0446,1.03405,1.0354
2008-06-26T00:00:00.000000000+0000,1.0354,1.0391,1.02195,1.023
2008-06-27T00:00:00.000000000+0000,1.023,1.0269,1.01655,1.01792
2008-06-28T00:00:00.000000000+0000,1.01792,1.01792,1.01792,1.01792
2008-06-29T00:00:00.000000000+0000,1.01803,1.0196,1.0169,1.0182
2008-06-30T00:00:00.000000000+0000,1.0181,1.0217,1.01305,1.0205
2008-07-01T00:00:00.000000000+0000,1.0205,1.0228,1.0138,1.0207
2008-07-02T00:00:00.000000000+0000,1.0207,1.02315,1.0129,1.0138
2008-07-03T00:00:00.000000000+0000,1.0138,1.0283,1.01105,1.0266
2008-07-04T00:00:00.000000000+0000,1.0265,1.0277,1.02315,1.0252
2008-07-05T00:00:00.000000000+0000,1.0252,1.0252,1.0252,1.0252
2008-07-06T00:00:00.000000000+0000,1.02523,1.02595,1.02345,1.0254
2008-07-07T00:00:00.000000000+0000,1.0254,1.0342,1.0225,1.026
2008-07-08T00:00:00.000000000+0000,1.026,1.0349,1.0219,1.0335
2008-07-09T00:00:00.000000000+0000,1.0335,1.03525,1.02765,1.029
2008-07-10T00:00:00.000000000+0000,1.029,1.0337,1.0253,1.0275
2008-07-11T00:00:00.000000000+0000,1.0275,1.0303,1.0137,1.01591
2008-07-12T00:00:00.000000000+0000,1.01591,1.01591,1.01591,1.01591
2008-07-13T00:00:00.000000000+0000,1.01563,1.02,1.01284,1.0191
2008-07-14T00:00:00.000000000+0000,1.0191,1.02505,1.0144,1.0171
2008-07-15T00:00:00.000000000+0000,1.0171,1.01725,1.00105,1.009
2008-07-16T00:00:00.000000000+0000,1.009,1.01875,1.00285,1.0175
2008-07-17T00:00:00.000000000+0000,1.0175,1.02585,1.01345,1.0198
2008-07-18T00:00:00.000000000+0000,1.0198,1.02515,1.01735,1.02227
2008-07-19T00:00:00.000000000+0000,1.02227,1.02227,1.02227,1.02227
2008-07-20T00:00:00.000000000+0000,1.0224,1.02321,1.02135,1.0222
2008-07-21T00:00:00.000000000+0000,1.0222,1.0242,1.01665,1.01785
2008-07-22T00:00:00.000000000+0000,1.0179,1.0335,1.0137,1.0305
2008-07-23T00:00:00.000000000+0000,1.0306,1.03995,1.029,1.0385
2008-07-24T00:00:00.000000000+0000,1.0385,1.0404,1.0351,1.0357
2008-07-25T00:00:00.000000000+0000,1.03575,1.04085,1.03155,1.0359
2008-07-26T00:00:00.000000000+0000,1.0359,1.0359,1.0359,1.0359
2008-07-27T00:00:00.000000000+0000,1.03935,1.03938,1.03578,1.0377
2008-07-28T00:00:00.000000000+0000,1.0377,1.0387,1.03245,1.0332
2008-07-29T00:00:00.000000000+0000,1.0332,1.0479,1.0318,1.0454
2008-07-30T00:00:00.000000000+0000,1.0454,1.0522,1.044,1.048
2008-07-31T00:00:00.000000000+0000,1.0481,1.0497,1.04035,1.048
2008-08-01T00:00:00.000000000+0000,1.048,1.05165,1.04595,1.0492
2008-08-02T00:00:00.000000000+0000,1.0492,1.0492,1.0492,1.0492
2008-08-03T00:00:00.000000000+0000,1.04951,1.05013,1.0477,1.0486
2008-08-04T00:00:00.000000000+0000,1.0486,1.05065,1.04335,1.0487
2008-08-05T00:00:00.000000000+0000,1.0487,1.05585,1.04865,1.0536
2008-08-06T00:00:00.000000000+0000,1.0536,1.061,1.05015,1.0588
2008-08-07T00:00:00.000000000+0000,1.0588,1.0637,1.05235,1.06225
2008-08-08T00:00:00.000000000+0000,1.06225,1.0837,1.0621,1.08177
2008-08-09T00:00:00.000000000+0000,1.08177,1.08177,1.08177,1.08177
2008-08-10T00:00:00.000000000+0000,1.08105,1.08711,1.07978,1.0838
2008-08-11T00:00:00.000000000+0000,1.0837,1.0881,1.0742,1.0858
2008-08-12T00:00:00.000000000+0000,1.0858,1.0925,1.083,1.0877
2008-08-13T00:00:00.000000000+0000,1.0877,1.0922,1.08245,1.0859
2008-08-14T00:00:00.000000000+0000,1.0859,1.09805,1.0835,1.0965
2008-08-15T00:00:00.000000000+0000,1.0966,1.1008,1.09435,1.09562
2008-08-16T00:00:00.000000000+0000,1.09562,1.09562,1.09562,1.09562
2008-08-17T00:00:00.000000000+0000,1.09567,1.09876,1.09481,1.0963
2008-08-18T00:00:00.000000000+0000,1.0963,1.1004,1.09115,1.097
2008-08-19T00:00:00.000000000+0000,1.097,1.1032,1.0894,1.0909
2008-08-20T00:00:00.000000000+0000,1.0909,1.10415,1.0902,1.098
2008-08-21T00:00:00.000000000+0000,1.098,1.0983,1.0842,1.0872
2008-08-22T00:00:00.000000000+0000,1.0872,1.0999,1.08635,1.09868
2008-08-23T00:00:00.000000000+0000,1.09868,1.09868,1.09868,1.09868
2008-08-24T00:00:00.000000000+0000,1.09865,1.0993,1.0971,1.0979
2008-08-25T00:00:00.000000000+0000,1.0979,1.1033,1.0923,1.0972
2008-08-26T00:00:00.000000000+0000,1.0972,1.1086,1.09715,1.1
2008-08-27T00:00:00.000000000+0000,1.1,1.1025,1.0915,1.0956
2008-08-28T00:00:00.000000000+0000,1.0956,1.1013,1.0883,1.09855
2008-08-29T00:00:00.000000000+0000,1.09855,1.1039,1.09235,1.10098
2008-08-30T00:00:00.000000000+0000,1.10098,1.10098,1.10098,1.10098
2008-08-31T00:00:00.000000000+0000,1.10113,1.10115,1.09635,1.0985
2008-09-01T00:00:00.000000000+0000,1.09855,1.1046,1.0949,1.1017
2008-09-02T00:00:00.000000000+0000,1.1017,1.113,1.1014,1.10805
2008-09-03T00:00:00.000000000+0000,1.10805,1.1171,1.10405,1.105
2008-09-04T00:00:00.000000000+0000,1.105,1.1178,1.10075,1.1114
2008-09-05T00:00:00.000000000+0000,1.1114,1.11915,1.1067,1.11798
2008-09-06T00:00:00.000000000+0000,1.11798,1.11798,1.11798,1.11798
2008-09-07T00:00:00.000000000+0000,1.11735,1.12403,1.1149,1.1187
2008-09-08T00:00:00.000000000+0000,1.1187,1.13725,1.11255,1.1293
2008-09-09T00:00:00.000000000+0000,1.1293,1.1364,1.12135,1.1288
2008-09-10T00:00:00.000000000+0000,1.1289,1.1395,1.1242,1.13915
2008-09-11T00:00:00.000000000+0000,1.13915,1.14175,1.13345,1.1367
2008-09-12T00:00:00.000000000+0000,1.1367,1.1399,1.12904,1.13038
2008-09-13T00:00:00.000000000+0000,1.13038,1.13038,1.13038,1.13038
2008-09-14T00:00:00.000000000+0000,1.13024,1.13038,1.11541,1.1194
2008-09-15T00:00:00.000000000+0000,1.1194,1.12795,1.1053,1.113
2008-09-16T00:00:00.000000000+0000,1.113,1.1248,1.10445,1.12245
2008-09-17T00:00:00.000000000+0000,1.1224,1.1243,1.0991,1.1029
2008-09-18T00:00:00.000000000+0000,1.103,1.1108,1.08995,1.1088
2008-09-19T00:00:00.000000000+0000,1.1088,1.12785,1.10065,1.10468
2008-09-20T00:00:00.000000000+0000,1.10468,1.10468,1.10468,1.10468
2008-09-21T00:00:00.000000000+0000,1.1048,1.1054,1.1007,1.10215
2008-09-22T00:00:00.000000000+0000,1.10225,1.1049,1.0687,1.07425
2008-09-23T00:00:00.000000000+0000,1.0744,1.0888,1.07245,1.085
2008-09-24T00:00:00.000000000+0000,1.085,1.0933,1.0803,1.0878
2008-09-25T00:00:00.000000000+0000,1.0878,1.09405,1.0801,1.08505
2008-09-26T00:00:00.000000000+0000,1.08515,1.09145,1.0829,1.09011
2008-09-27T00:00:00.000000000+0000,1.09011,1.09011,1.09011,1.09011
2008-09-28T00:00:00.000000000+0000,1.09008,1.0947,1.08848,1.0929
2008-09-29T00:00:00.000000000+0000,1.09295,1.1087,1.08155,1.0937
2008-09-30T00:00:00.000000000+0000,1.0937,1.1246,1.0907,1.11905
2008-10-01T00:00:00.000000000+0000,1.11905,1.1291,1.11445,1.1277
2008-10-02T00:00:00.000000000+0000,1.1277,1.1413,1.12485,1.13415
2008-10-03T00:00:00.000000000+0000,1.13415,1.14025,1.12165,1.12872
2008-10-04T00:00:00.000000000+0000,1.12872,1.12872,1.12872,1.12872
2008-10-05T00:00:00.000000000+0000,1.12892,1.13876,1.12775,1.12935
2008-10-06T00:00:00.000000000+0000,1.12945,1.14855,1.1286,1.1473
2008-10-07T00:00:00.000000000+0000,1.14735,1.14825,1.136,1.1412
2008-10-08T00:00:00.000000000+0000,1.1413,1.1428,1.1208,1.1286
2008-10-09T00:00:00.000000000+0000,1.1286,1.13425,1.12285,1.1307
2008-10-10T00:00:00.000000000+0000,1.1307,1.14085,1.11275,1.1384
2008-10-11T00:00:00.000000000+0000,1.1384,1.1384,1.1384,1.1384
2008-10-12T00:00:00.000000000+0000,1.13774,1.13807,1.12319,1.1309
2008-10-13T00:00:00.000000000+0000,1.131,1.144,1.12445,1.134
2008-10-14T00:00:00.000000000+0000,1.134,1.13825,1.12725,1.13815
2008-10-15T00:00:00.000000000+0000,1.13825,1.14055,1.12965,1.1331
2008-10-16T00:00:00.000000000+0000,1.133,1.1489,1.12815,1.1342
2008-10-17T00:00:00.000000000+0000,1.13425,1.1393,1.1292,1.13676
2008-10-18T00:00:00.000000000+0000,1.13676,1.13676,1.13676,1.13676
2008-10-19T00:00:00.000000000+0000,1.13625,1.1369,1.1331,1.13435
2008-10-20T00:00:00.000000000+0000,1.1345,1.1523,1.1323,1.1493
2008-10-21T00:00:00.000000000+0000,1.1493,1.15905,1.1489,1.15495
2008-10-22T00:00:00.000000000+0000,1.1551,1.17115,1.15285,1.165
2008-10-23T00:00:00.000000000+0000,1.1651,1.1698,1.15595,1.162
2008-10-24T00:00:00.000000000+0000,1.162,1.1748,1.148,1.16745
2008-10-25T00:00:00.000000000+0000,1.16745,1.16745,1.16745,1.16745
2008-10-26T00:00:00.000000000+0000,1.16668,1.1701,1.15885,1.16255
2008-10-27T00:00:00.000000000+0000,1.16255,1.1711,1.1517,1.1564
2008-10-28T00:00:00.000000000+0000,1.1564,1.16555,1.1499,1.15095
2008-10-29T00:00:00.000000000+0000,1.15095,1.1583,1.12495,1.13209
2008-10-30T00:00:00.000000000+0000,1.13275,1.1479,1.1199,1.1388
2008-10-31T00:00:00.000000000+0000,1.1389,1.1684,1.13535,1.15778
2008-11-01T00:00:00.000000000+0000,1.15778,1.15778,1.15778,1.15778
2008-11-02T00:00:00.000000000+0000,1.15763,1.158,1.1548,1.1555
2008-11-03T00:00:00.000000000+0000,1.15526,1.1788,1.1473,1.1768
2008-11-04T00:00:00.000000000+0000,1.17685,1.18,1.15675,1.1629
2008-11-05T00:00:00.000000000+0000,1.1629,1.17435,1.15495,1.15985
2008-11-06T00:00:00.000000000+0000,1.15995,1.17945,1.1579,1.17755
2008-11-07T00:00:00.000000000+0000,1.17755,1.1797,1.16795,1.17807
2008-11-08T00:00:00.000000000+0000,1.17807,1.17807,1.17807,1.17807
2008-11-09T00:00:00.000000000+0000,1.17897,1.17897,1.17205,1.1749
2008-11-10T00:00:00.000000000+0000,1.175,1.1803,1.1712,1.1787
2008-11-11T00:00:00.000000000+0000,1.1787,1.1894,1.1722,1.187
2008-11-12T00:00:00.000000000+0000,1.187,1.1892,1.17595,1.187
2008-11-13T00:00:00.000000000+0000,1.187,1.20005,1.18245,1.1858
2008-11-14T00:00:00.000000000+0000,1.18555,1.1991,1.18453,1.19587
2008-11-15T00:00:00.000000000+0000,1.19587,1.19587,1.19587,1.19587
2008-11-16T00:00:00.000000000+0000,1.19662,1.20111,1.19362,1.1989
2008-11-17T00:00:00.000000000+0000,1.199,1.2004,1.18875,1.1984
2008-11-18T00:00:00.000000000+0000,1.1983,1.2045,1.1967,1.20128
2008-11-19T00:00:00.000000000+0000,1.20165,1.2145,1.1942,1.2116
2008-11-20T00:00:00.000000000+0000,1.2116,1.22785,1.20995,1.2253
2008-11-21T00:00:00.000000000+0000,1.22535,1.2297,1.21715,1.22247
2008-11-22T00:00:00.000000000+0000,1.22247,1.22247,1.22247,1.22247
2008-11-23T00:00:00.000000000+0000,1.22273,1.22315,1.21835,1.2188
2008-11-24T00:00:00.000000000+0000,1.2188,1.2223,1.1911,1.1966
2008-11-25T00:00:00.000000000+0000,1.1966,1.2061,1.18293,1.1865
2008-11-26T00:00:00.000000000+0000,1.1866,1.20775,1.18434,1.2025
2008-11-27T00:00:00.000000000+0000,1.2025,1.20335,1.1953,1.2005
2008-11-28T00:00:00.000000000+0000,1.2005,1.22,1.19605,1.21322
2008-11-29T00:00:00.000000000+0000,1.21322,1.21322,1.21322,1.21322
2008-11-30T00:00:00.000000000+0000,1.21335,1.21575,1.21137,1.2129
2008-12-01T00:00:00.000000000+0000,1.2129,1.21425,1.20195,1.20415
2008-12-02T00:00:00.000000000+0000,1.2043,1.20965,1.19935,1.2063
2008-12-03T00:00:00.000000000+0000,1.2063,1.2169,1.20495,1.2101
2008-12-04T00:00:00.000000000+0000,1.21005,1.21885,1.1924,1.19545
2008-12-05T00:00:00.000000000+0000,1.1955,1.2251,1.19519,1.22009
2008-12-06T00:00:00.000000000+0000,1.22009,1.22009,1.22009,1.22009
2008-12-07T00:00:00.000000000+0000,1.21909,1.223,1.21698,1.21775
2008-12-08T00:00:00.000000000+0000,1.2179,1.22,1.2017,1.20595
2008-12-09T00:00:00.000000000+0000,1.206,1.2178,1.20065,1.20515
2008-12-10T00:00:00.000000000+0000,1.20515,1.20835,1.19255,1.1991
2008-12-11T00:00:00.000000000+0000,1.1992,1.19935,1.179,1.18535
2008-12-12T00:00:00.000000000+0000,1.1854,1.1867,1.1739,1.17949
2008-12-13T00:00:00.000000000+0000,1.17949,1.17949,1.17949,1.17949
2008-12-14T00:00:00.000000000+0000,1.17684,1.17707,1.17035,1.1723
2008-12-15T00:00:00.000000000+0000,1.1723,1.17475,1.15556,1.1578
2008-12-16T00:00:00.000000000+0000,1.1578,1.1585,1.1142,1.1197
2008-12-17T00:00:00.000000000+0000,1.1198,1.12455,1.0708,1.0733
2008-12-18T00:00:00.000000000+0000,1.07335,1.08675,1.0412,1.0789
2008-12-19T00:00:00.000000000+0000,1.07905,1.11315,1.0743,1.10317
2008-12-20T00:00:00.000000000+0000,1.10317,1.10317,1.10317,1.10317
2008-12-21T00:00:00.000000000+0000,1.10315,1.1048,1.10093,1.10335
2008-12-22T00:00:00.000000000+0000,1.1034,1.10395,1.088,1.09328
2008-12-23T00:00:00.000000000+0000,1.09323,1.09445,1.0829,1.0878
2008-12-24T00:00:00.000000000+0000,1.08795,1.08845,1.07125,1.073
2008-12-25T00:00:00.000000000+0000,1.07263,1.07867,1.07175,1.0769
2008-12-26T00:00:00.000000000+0000,1.07665,1.07937,1.06642,1.0698
2008-12-27T00:00:00.000000000+0000,1.0698,1.0698,1.0698,1.0698
2008-12-28T00:00:00.000000000+0000,1.0701,1.0705,1.06465,1.06545
2008-12-29T00:00:00.000000000+0000,1.06545,1.06645,1.0369,1.057
2008-12-30T00:00:00.000000000+0000,1.05705,1.0638,1.04845,1.0553
2008-12-31T00:00:00.000000000+0000,1.05485,1.0741,1.054,1.0683
2009-01-01T00:00:00.000000000+0000,1.06784,1.06903,1.06047,1.0646
2009-01-02T00:00:00.000000000+0000,1.0646,1.08445,1.0614,1.07895
2009-01-03T00:00:00.000000000+0000,1.07895,1.07895,1.07895,1.07895
2009-01-04T00:00:00.000000000+0000,1.08097,1.08219,1.07065,1.071
2009-01-05T00:00:00.000000000+0000,1.071,1.1125,1.07025,1.1083
2009-01-06T00:00:00.000000000+0000,1.1083,1.12785,1.1072,1.116
2009-01-07T00:00:00.000000000+0000,1.116,1.12075,1.08675,1.10355
2009-01-08T00:00:00.000000000+0000,1.1036,1.1083,1.0864,1.09385
2009-01-09T00:00:00.000000000+0000,1.0941,1.11885,1.08855,1.11393
2009-01-10T00:00:00.000000000+0000,1.11393,1.11393,1.11393,1.11393
2009-01-11T00:00:00.000000000+0000,1.11235,1.11455,1.11015,1.1143
2009-01-12T00:00:00.000000000+0000,1.1143,1.124,1.10965,1.1149
2009-01-13T00:00:00.000000000+0000,1.11485,1.1254,1.1143,1.11835
2009-01-14T00:00:00.000000000+0000,1.1184,1.124,1.1123,1.11475
2009-01-15T00:00:00.000000000+0000,1.1148,1.1289,1.1135,1.1218
2009-01-16T00:00:00.000000000+0000,1.1219,1.12365,1.11075,1.11847
2009-01-17T00:00:00.000000000+0000,1.11847,1.11847,1.11847,1.11847
2009-01-18T00:00:00.000000000+0000,1.11758,1.12417,1.11158,1.1165
2009-01-19T00:00:00.000000000+0000,1.11655,1.1357,1.1141,1.13215
2009-01-20T00:00:00.000000000+0000,1.1322,1.15175,1.13155,1.14755
2009-01-21T00:00:00.000000000+0000,1.1476,1.1615,1.13805,1.15425
2009-01-22T00:00:00.000000000+0000,1.1543,1.1595,1.15045,1.15365
2009-01-23T00:00:00.000000000+0000,1.15365,1.1715,1.15295,1.15379
2009-01-24T00:00:00.000000000+0000,1.15379,1.15379,1.15379,1.15379
2009-01-25T00:00:00.000000000+0000,1.15492,1.16235,1.15212,1.16105
2009-01-26T00:00:00.000000000+0000,1.1611,1.1643,1.13265,1.13825
2009-01-27T00:00:00.000000000+0000,1.1382,1.14355,1.13125,1.13975
2009-01-28T00:00:00.000000000+0000,1.1398,1.1565,1.13295,1.1524
2009-01-29T00:00:00.000000000+0000,1.15235,1.15795,1.14055,1.15415
2009-01-30T00:00:00.000000000+0000,1.15415,1.1659,1.1512,1.1595
2009-01-31T00:00:00.000000000+0000,1.1595,1.1595,1.1595,1.1595
2009-02-01T00:00:00.000000000+0000,1.16127,1.16385,1.1587,1.16275
2009-02-02T00:00:00.000000000+0000,1.16275,1.16845,1.15765,1.1618
2009-02-03T00:00:00.000000000+0000,1.1618,1.16665,1.14005,1.14415
2009-02-04T00:00:00.000000000+0000,1.14415,1.1635,1.141,1.15775
2009-02-05T00:00:00.000000000+0000,1.15775,1.17275,1.1572,1.1711
2009-02-06T00:00:00.000000000+0000,1.1712,1.17435,1.15905,1.16073
2009-02-07T00:00:00.000000000+0000,1.16073,1.16073,1.16073,1.16073
2009-02-08T00:00:00.000000000+0000,1.16067,1.16138,1.15794,1.16025
2009-02-09T00:00:00.000000000+0000,1.16025,1.1678,1.1501,1.1672
2009-02-10T00:00:00.000000000+0000,1.1672,1.178,1.1506,1.15645
2009-02-11T00:00:00.000000000+0000,1.15645,1.1633,1.15115,1.1606
2009-02-12T00:00:00.000000000+0000,1.1606,1.1714,1.15595,1.1612
2009-02-13T00:00:00.000000000+0000,1.16125,1.16595,1.15605,1.16086
2009-02-14T00:00:00.000000000+0000,1.16086,1.16086,1.16086,1.16086
2009-02-15T00:00:00.000000000+0000,1.1594,1.1654,1.1586,1.1634
2009-02-16T00:00:00.000000000+0000,1.1634,1.1707,1.15795,1.15945
2009-02-17T00:00:00.000000000+0000,1.15945,1.1778,1.15945,1.1687
2009-02-18T00:00:00.000000000+0000,1.1687,1.1826,1.1651,1.1746
2009-02-19T00:00:00.000000000+0000,1.1746,1.17995,1.1702,1.1744
2009-02-20T00:00:00.000000000+0000,1.17445,1.1884,1.1461,1.15597
2009-02-21T00:00:00.000000000+0000,1.15597,1.15597,1.15597,1.15597
2009-02-22T00:00:00.000000000+0000,1.15558,1.15994,1.1539,1.159
2009-02-23T00:00:00.000000000+0000,1.159,1.171,1.14595,1.17075
2009-02-24T00:00:00.000000000+0000,1.1708,1.17125,1.1532,1.1582
2009-02-25T00:00:00.000000000+0000,1.1582,1.17425,1.1548,1.16975
2009-02-26T00:00:00.000000000+0000,1.16975,1.1729,1.1596,1.1659
2009-02-27T00:00:00.000000000+0000,1.1659,1.176,1.1612,1.16962
2009-02-28T00:00:00.000000000+0000,1.16962,1.16962,1.16962,1.16962
2009-03-01T00:00:00.000000000+0000,1.16979,1.1737,1.16901,1.17305
2009-03-02T00:00:00.000000000+0000,1.173,1.1796,1.17015,1.1758
2009-03-03T00:00:00.000000000+0000,1.1758,1.17885,1.16825,1.1787
2009-03-04T00:00:00.000000000+0000,1.17875,1.1848,1.1644,1.169
2009-03-05T00:00:00.000000000+0000,1.1691,1.181,1.16745,1.16995
2009-03-06T00:00:00.000000000+0000,1.16995,1.1711,1.14835,1.15877
2009-03-07T00:00:00.000000000+0000,1.15877,1.15877,1.15877,1.15877
2009-03-08T00:00:00.000000000+0000,1.1578,1.15868,1.1531,1.1535
2009-03-09T00:00:00.000000000+0000,1.1535,1.1681,1.1534,1.1586
2009-03-10T00:00:00.000000000+0000,1.1586,1.165,1.1432,1.15935
2009-03-11T00:00:00.000000000+0000,1.15935,1.1676,1.15168,1.1553
2009-03-12T00:00:00.000000000+0000,1.15545,1.19665,1.14945,1.18685
2009-03-13T00:00:00.000000000+0000,1.18685,1.19345,1.1835,1.18472
2009-03-14T00:00:00.000000000+0000,1.18472,1.18472,1.18472,1.18472
2009-03-15T00:00:00.000000000+0000,1.18455,1.1912,1.1844,1.18905
2009-03-16T00:00:00.000000000+0000,1.1891,1.1912,1.18035,1.18435
2009-03-17T00:00:00.000000000+0000,1.18445,1.19015,1.1799,1.18045
2009-03-18T00:00:00.000000000+0000,1.1805,1.183,1.13715,1.14125
2009-03-19T00:00:00.000000000+0000,1.14125,1.14575,1.11575,1.12315
2009-03-20T00:00:00.000000000+0000,1.1232,1.1298,1.1169,1.12692
2009-03-21T00:00:00.000000000+0000,1.12692,1.12692,1.12692,1.12692
2009-03-22T00:00:00.000000000+0000,1.12655,1.12924,1.1216,1.1253
2009-03-23T00:00:00.000000000+0000,1.12535,1.1341,1.11705,1.12535
2009-03-24T00:00:00.000000000+0000,1.12535,1.13245,1.121,1.13065
2009-03-25T00:00:00.000000000+0000,1.1307,1.13275,1.1169,1.1216
2009-03-26T00:00:00.000000000+0000,1.1216,1.12885,1.11815,1.12725
2009-03-27T00:00:00.000000000+0000,1.12725,1.14795,1.12225,1.1436
2009-03-28T00:00:00.000000000+0000,1.1436,1.1436,1.1436,1.1436
2009-03-29T00:00:00.000000000+0000,1.14507,1.14955,1.14259,1.1448
2009-03-30T00:00:00.000000000+0000,1.1448,1.1549,1.1439,1.15045
2009-03-31T00:00:00.000000000+0000,1.1504,1.1515,1.1357,1.13895
2009-04-01T00:00:00.000000000+0000,1.139,1.1507,1.1373,1.1453
2009-04-02T00:00:00.000000000+0000,1.1453,1.1486,1.13075,1.13385
2009-04-03T00:00:00.000000000+0000,1.13365,1.139,1.1296,1.13043
2009-04-04T00:00:00.000000000+0000,1.13043,1.13043,1.13043,1.13043
2009-04-05T00:00:00.000000000+0000,1.13045,1.13088,1.12605,1.1275
2009-04-06T00:00:00.000000000+0000,1.12745,1.14205,1.12383,1.138
2009-04-07T00:00:00.000000000+0000,1.138,1.1483,1.13455,1.14255
2009-04-08T00:00:00.000000000+0000,1.14255,1.15185,1.14185,1.1488
2009-04-09T00:00:00.000000000+0000,1.14855,1.16175,1.1427,1.15905
2009-04-10T00:00:00.000000000+0000,1.159,1.16225,1.15307,1.15382
2009-04-11T00:00:00.000000000+0000,1.15382,1.15382,1.15382,1.15382
2009-04-12T00:00:00.000000000+0000,1.15495,1.1572,1.15211,1.15705
2009-04-13T00:00:00.000000000+0000,1.15705,1.1606,1.13035,1.13285
2009-04-14T00:00:00.000000000+0000,1.13285,1.1448,1.13215,1.13715
2009-04-15T00:00:00.000000000+0000,1.13715,1.14865,1.1365,1.1427
2009-04-16T00:00:00.000000000+0000,1.1427,1.15195,1.1398,1.1473
2009-04-17T00:00:00.000000000+0000,1.1474,1.1688,1.1467,1.16459
2009-04-18T00:00:00.000000000+0000,1.16459,1.16459,1.16459,1.16459
2009-04-19T00:00:00.000000000+0000,1.1649,1.16875,1.16313,1.1686
2009-04-20T00:00:00.000000000+0000,1.1686,1.17415,1.1672,1.1701
2009-04-21T00:00:00.000000000+0000,1.1701,1.1718,1.1636,1.1678
2009-04-22T00:00:00.000000000+0000,1.16775,1.1722,1.1596,1.1636
2009-04-23T00:00:00.000000000+0000,1.16355,1.1675,1.14993,1.152
2009-04-24T00:00:00.000000000+0000,1.15195,1.15255,1.1349,1.13883
2009-04-25T00:00:00.000000000+0000,1.13883,1.13883,1.13883,1.13883
2009-04-26T00:00:00.000000000+0000,1.13955,1.13976,1.1359,1.13825
2009-04-27T00:00:00.000000000+0000,1.13825,1.16035,1.13825,1.15605
2009-04-28T00:00:00.000000000+0000,1.15605,1.1596,1.14185,1.1436
2009-04-29T00:00:00.000000000+0000,1.1436,1.14465,1.1301,1.1358
2009-04-30T00:00:00.000000000+0000,1.1358,1.1433,1.12695,1.1395
2009-05-01T00:00:00.000000000+0000,1.1395,1.14105,1.1334,1.13514
2009-05-02T00:00:00.000000000+0000,1.13514,1.13514,1.13514,1.13514
2009-05-03T00:00:00.000000000+0000,1.13548,1.1374,1.13387,1.13654
2009-05-04T00:00:00.000000000+0000,1.13672,1.1421,1.1246,1.1258
2009-05-05T00:00:00.000000000+0000,1.1258,1.13615,1.1244,1.1337
2009-05-06T00:00:00.000000000+0000,1.13375,1.13855,1.12835,1.1345
2009-05-07T00:00:00.000000000+0000,1.13445,1.14225,1.1252,1.12995
2009-05-08T00:00:00.000000000+0000,1.13,1.13365,1.10406,1.105
2009-05-09T00:00:00.000000000+0000,1.105,1.105,1.105,1.105
2009-05-10T00:00:00.000000000+0000,1.10478,1.10615,1.10177,1.1054
2009-05-11T00:00:00.000000000+0000,1.10495,1.11065,1.10188,1.1094
2009-05-12T00:00:00.000000000+0000,1.1093,1.1105,1.10035,1.10265
2009-05-13T00:00:00.000000000+0000,1.10275,1.11205,1.0976,1.11125
2009-05-14T00:00:00.000000000+0000,1.1113,1.1122,1.10255,1.1046
2009-05-15T00:00:00.000000000+0000,1.1046,1.1248,1.1037,1.12094
2009-05-16T00:00:00.000000000+0000,1.12094,1.12094,1.12094,1.12094
2009-05-17T00:00:00.000000000+0000,1.12067,1.1263,1.11875,1.1242
2009-05-18T00:00:00.000000000+0000,1.1242,1.1264,1.11351,1.1148
2009-05-19T00:00:00.000000000+0000,1.11475,1.1164,1.10695,1.1079
2009-05-20T00:00:00.000000000+0000,1.1081,1.11285,1.0968,1.0994
2009-05-21T00:00:00.000000000+0000,1.0994,1.10565,1.08975,1.0901
2009-05-22T00:00:00.000000000+0000,1.09015,1.09275,1.0811,1.08545
2009-05-23T00:00:00.000000000+0000,1.08545,1.08545,1.08545,1.08545
2009-05-24T00:00:00.000000000+0000,1.08445,1.08607,1.0823,1.0841
2009-05-25T00:00:00.000000000+0000,1.08415,1.08715,1.08121,1.08325
2009-05-26T00:00:00.000000000+0000,1.08325,1.0926,1.08135,1.0835
2009-05-27T00:00:00.000000000+0000,1.08345,1.09355,1.081,1.0927
2009-05-28T00:00:00.000000000+0000,1.0927,1.0954,1.0803,1.0842
2009-05-29T00:00:00.000000000+0000,1.0842,1.0844,1.06554,1.06649
2009-05-30T00:00:00.000000000+0000,1.06649,1.06649,1.06649,1.06649
2009-05-31T00:00:00.000000000+0000,1.0662,1.0696,1.06258,1.0696
2009-06-01T00:00:00.000000000+0000,1.0695,1.0724,1.06175,1.06895
2009-06-02T00:00:00.000000000+0000,1.06895,1.07435,1.05905,1.06285
2009-06-03T00:00:00.000000000+0000,1.06285,1.0746,1.0601,1.0711
2009-06-04T00:00:00.000000000+0000,1.07105,1.07655,1.064,1.06955
2009-06-05T00:00:00.000000000+0000,1.06955,1.0907,1.0663,1.08524
2009-06-06T00:00:00.000000000+0000,1.08524,1.08524,1.08524,1.08524
2009-06-07T00:00:00.000000000+0000,1.0853,1.0895,1.08452,1.0857
2009-06-08T00:00:00.000000000+0000,1.0857,1.0986,1.08345,1.0896
2009-06-09T00:00:00.000000000+0000,1.0896,1.0953,1.07615,1.07875
2009-06-10T00:00:00.000000000+0000,1.07875,1.08575,1.07185,1.08025
2009-06-11T00:00:00.000000000+0000,1.0803,1.084,1.06495,1.0689
2009-06-12T00:00:00.000000000+0000,1.069,1.0847,1.06885,1.07908
2009-06-13T00:00:00.000000000+0000,1.07908,1.07908,1.07908,1.07908
2009-06-14T00:00:00.000000000+0000,1.07883,1.08147,1.07716,1.07982
2009-06-15T00:00:00.000000000+0000,1.07982,1.09491,1.07898,1.09304
2009-06-16T00:00:00.000000000+0000,1.09302,1.09546,1.08202,1.08944
2009-06-17T00:00:00.000000000+0000,1.08955,1.09222,1.07621,1.07806
2009-06-18T00:00:00.000000000+0000,1.07801,1.08965,1.07594,1.08595
2009-06-19T00:00:00.000000000+0000,1.086,1.08908,1.07645,1.07992
2009-06-20T00:00:00.000000000+0000,1.07992,1.07992,1.07992,1.07992
2009-06-21T00:00:00.000000000+0000,1.08038,1.0818,1.0782,1.0811
2009-06-22T00:00:00.000000000+0000,1.0811,1.08965,1.0811,1.0869
2009-06-23T00:00:00.000000000+0000,1.08695,1.08815,1.0642,1.06735
2009-06-24T00:00:00.000000000+0000,1.06735,1.1022,1.0632,1.09715
2009-06-25T00:00:00.000000000+0000,1.09715,1.1018,1.09179,1.09224
2009-06-26T00:00:00.000000000+0000,1.09197,1.09325,1.0796,1.08326
2009-06-27T00:00:00.000000000+0000,1.08326,1.08326,1.08326,1.08326
2009-06-28T00:00:00.000000000+0000,1.08275,1.0855,1.0812,1.083
2009-06-29T00:00:00.000000000+0000,1.083,1.0912,1.0808,1.0819
2009-06-30T00:00:00.000000000+0000,1.0819,1.089,1.0778,1.08535
2009-07-01T00:00:00.000000000+0000,1.08545,1.0885,1.07055,1.07475
2009-07-02T00:00:00.000000000+0000,1.07475,1.0902,1.07455,1.08715
2009-07-03T00:00:00.000000000+0000,1.0872,1.08945,1.08295,1.0868
2009-07-04T00:00:00.000000000+0000,1.0868,1.0868,1.0868,1.0868
2009-07-05T00:00:00.000000000+0000,1.08645,1.08835,1.086,1.08755
2009-07-06T00:00:00.000000000+0000,1.08735,1.0956,1.08335,1.0835
2009-07-07T00:00:00.000000000+0000,1.0835,1.0915,1.08005,1.09055
2009-07-08T00:00:00.000000000+0000,1.09055,1.09425,1.08755,1.09105
2009-07-09T00:00:00.000000000+0000,1.09105,1.0916,1.07505,1.07925
2009-07-10T00:00:00.000000000+0000,1.07925,1.0924,1.07885,1.08656
2009-07-11T00:00:00.000000000+0000,1.08656,1.08656,1.08656,1.08656
2009-07-12T00:00:00.000000000+0000,1.08628,1.08672,1.0834,1.08365
2009-07-13T00:00:00.000000000+0000,1.08365,1.0889,1.08055,1.0809
2009-07-14T00:00:00.000000000+0000,1.0809,1.0939,1.08065,1.08815
2009-07-15T00:00:00.000000000+0000,1.088,1.0886,1.0722,1.07545
2009-07-16T00:00:00.000000000+0000,1.0754,1.07905,1.0703,1.0741
2009-07-17T00:00:00.000000000+0000,1.07405,1.08175,1.07345,1.07672
2009-07-18T00:00:00.000000000+0000,1.07672,1.07672,1.07672,1.07672
2009-07-19T00:00:00.000000000+0000,1.07608,1.07735,1.07475,1.0748
2009-07-20T00:00:00.000000000+0000,1.0747,1.0755,1.0657,1.06895
2009-07-21T00:00:00.000000000+0000,1.069,1.0717,1.06225,1.06795
2009-07-22T00:00:00.000000000+0000,1.06795,1.0715,1.0631,1.06695
2009-07-23T00:00:00.000000000+0000,1.067,1.07705,1.0633,1.0736
2009-07-24T00:00:00.000000000+0000,1.07355,1.07585,1.06735,1.07226
2009-07-25T00:00:00.000000000+0000,1.07226,1.07226,1.07226,1.07226
2009-07-26T00:00:00.000000000+0000,1.07132,1.0731,1.06894,1.07255
2009-07-27T00:00:00.000000000+0000,1.07255,1.07415,1.06535,1.06995
2009-07-28T00:00:00.000000000+0000,1.06995,1.0797,1.0657,1.0767
2009-07-29T00:00:00.000000000+0000,1.07665,1.09075,1.07305,1.08945
2009-07-30T00:00:00.000000000+0000,1.0894,1.0934,1.0841,1.0871
2009-07-31T00:00:00.000000000+0000,1.0872,1.08915,1.06585,1.06827
2009-08-01T00:00:00.000000000+0000,1.06827,1.06827,1.06827,1.06827
2009-08-02T00:00:00.000000000+0000,1.06828,1.07,1.0657,1.06735
2009-08-03T00:00:00.000000000+0000,1.06735,1.0733,1.0563,1.05955
2009-08-04T00:00:00.000000000+0000,1.0596,1.06465,1.05755,1.05935
2009-08-05T00:00:00.000000000+0000,1.05935,1.0659,1.0584,1.06125
2009-08-06T00:00:00.000000000+0000,1.06125,1.068,1.06015,1.0637
2009-08-07T00:00:00.000000000+0000,1.0637,1.0844,1.0572,1.08063
2009-08-08T00:00:00.000000000+0000,1.08063,1.08063,1.08063,1.08063
2009-08-09T00:00:00.000000000+0000,1.0807,1.0828,1.07955,1.0818
2009-08-10T00:00:00.000000000+0000,1.0818,1.0883,1.0797,1.0857
2009-08-11T00:00:00.000000000+0000,1.0857,1.08645,1.07895,1.08175
2009-08-12T00:00:00.000000000+0000,1.0817,1.0846,1.0731,1.07565
2009-08-13T00:00:00.000000000+0000,1.07585,1.07645,1.06745,1.07075
2009-08-14T00:00:00.000000000+0000,1.07075,1.07515,1.06705,1.07178
2009-08-15T00:00:00.000000000+0000,1.07178,1.07178,1.07178,1.07178
2009-08-16T00:00:00.000000000+0000,1.07163,1.0754,1.07155,1.0754
2009-08-17T00:00:00.000000000+0000,1.0754,1.0834,1.07445,1.07605
2009-08-18T00:00:00.000000000+0000,1.07605,1.08015,1.07255,1.0733
2009-08-19T00:00:00.000000000+0000,1.0733,1.0781,1.06225,1.0644
2009-08-20T00:00:00.000000000+0000,1.0644,1.0685,1.06185,1.063
2009-08-21T00:00:00.000000000+0000,1.063,1.0655,1.0553,1.0582
2009-08-22T00:00:00.000000000+0000,1.0582,1.0582,1.0582,1.0582
2009-08-23T00:00:00.000000000+0000,1.0579,1.05812,1.0561,1.0578
2009-08-24T00:00:00.000000000+0000,1.0579,1.063,1.05705,1.06185
2009-08-25T00:00:00.000000000+0000,1.06185,1.0641,1.0565,1.06235
2009-08-26T00:00:00.000000000+0000,1.06235,1.07145,1.05775,1.06875
2009-08-27T00:00:00.000000000+0000,1.06875,1.0704,1.05275,1.05695
2009-08-28T00:00:00.000000000+0000,1.057,1.0618,1.054,1.05947
2009-08-29T00:00:00.000000000+0000,1.05947,1.05947,1.05947,1.05947
2009-08-30T00:00:00.000000000+0000,1.05947,1.06075,1.05813,1.0594
2009-08-31T00:00:00.000000000+0000,1.0594,1.0636,1.05555,1.0585
2009-09-01T00:00:00.000000000+0000,1.0585,1.07055,1.0543,1.06665
2009-09-02T00:00:00.000000000+0000,1.06665,1.0686,1.0581,1.06025
2009-09-03T00:00:00.000000000+0000,1.06025,1.0637,1.0545,1.0621
2009-09-04T00:00:00.000000000+0000,1.0621,1.06985,1.0578,1.06021
2009-09-05T00:00:00.000000000+0000,1.06021,1.06021,1.06021,1.06021
2009-09-06T00:00:00.000000000+0000,1.05993,1.06134,1.05885,1.05935
2009-09-07T00:00:00.000000000+0000,1.05935,1.0606,1.05555,1.05995
2009-09-08T00:00:00.000000000+0000,1.05995,1.0603,1.04315,1.0457
2009-09-09T00:00:00.000000000+0000,1.0457,1.0489,1.03835,1.0416
2009-09-10T00:00:00.000000000+0000,1.0416,1.0465,1.03595,1.03835
2009-09-11T00:00:00.000000000+0000,1.0384,1.03995,1.03385,1.0382
2009-09-12T00:00:00.000000000+0000,1.0382,1.0382,1.0382,1.0382
2009-09-13T00:00:00.000000000+0000,1.03733,1.03778,1.0351,1.03725
2009-09-14T00:00:00.000000000+0000,1.03735,1.0423,1.0323,1.03265
2009-09-15T00:00:00.000000000+0000,1.03265,1.0419,1.0325,1.0337
2009-09-16T00:00:00.000000000+0000,1.0337,1.0368,1.0297,1.03195
2009-09-17T00:00:00.000000000+0000,1.032,1.0359,1.0274,1.0291
2009-09-18T00:00:00.000000000+0000,1.0291,1.0347,1.02755,1.02945
2009-09-19T00:00:00.000000000+0000,1.02945,1.02945,1.02945,1.02945
2009-09-20T00:00:00.000000000+0000,1.02945,1.0313,1.02905,1.02955
2009-09-21T00:00:00.000000000+0000,1.02955,1.0389,1.02895,1.03195
2009-09-22T00:00:00.000000000+0000,1.03195,1.03195,1.0186,1.02215
2009-09-23T00:00:00.000000000+0000,1.02235,1.03,1.01895,1.02695
2009-09-24T00:00:00.000000000+0000,1.02695,1.03235,1.02085,1.0297
2009-09-25T00:00:00.000000000+0000,1.0297,1.0342,1.0243,1.02733
2009-09-26T00:00:00.000000000+0000,1.02733,1.02733,1.02733,1.02733
2009-09-27T00:00:00.000000000+0000,1.02692,1.02795,1.02495,1.0262
2009-09-28T00:00:00.000000000+0000,1.02625,1.03745,1.0262,1.0325
2009-09-29T00:00:00.000000000+0000,1.03245,1.04055,1.03125,1.03575
2009-09-30T00:00:00.000000000+0000,1.0357,1.0449,1.02825,1.0346
2009-10-01T00:00:00.000000000+0000,1.0346,1.04525,1.0337,1.0426
2009-10-02T00:00:00.000000000+0000,1.0426,1.0437,1.03095,1.03461
2009-10-03T00:00:00.000000000+0000,1.03461,1.03461,1.03461,1.03461
2009-10-04T00:00:00.000000000+0000,1.03492,1.03561,1.03094,1.03415
2009-10-05T00:00:00.000000000+0000,1.03415,1.03575,1.0306,1.0315
2009-10-06T00:00:00.000000000+0000,1.0315,1.03185,1.02365,1.02665
2009-10-07T00:00:00.000000000+0000,1.02665,1.0359,1.0263,1.03115
2009-10-08T00:00:00.000000000+0000,1.03115,1.03205,1.023,1.02735
2009-10-09T00:00:00.000000000+0000,1.02745,1.03515,1.027,1.03117
2009-10-10T00:00:00.000000000+0000,1.03117,1.03117,1.03117,1.03117
2009-10-11T00:00:00.000000000+0000,1.03148,1.0322,1.02922,1.032
2009-10-12T00:00:00.000000000+0000,1.03205,1.03525,1.0233,1.02565
2009-10-13T00:00:00.000000000+0000,1.02565,1.02775,1.0193,1.0218
2009-10-14T00:00:00.000000000+0000,1.02175,1.02265,1.0127,1.01425
2009-10-15T00:00:00.000000000+0000,1.01425,1.0196,1.0117,1.01405
2009-10-16T00:00:00.000000000+0000,1.01405,1.02235,1.01285,1.01754
2009-10-17T00:00:00.000000000+0000,1.01754,1.01754,1.01754,1.01754
2009-10-18T00:00:00.000000000+0000,1.01815,1.01955,1.0166,1.018
2009-10-19T00:00:00.000000000+0000,1.018,1.0228,1.0101,1.0113
2009-10-20T00:00:00.000000000+0000,1.01125,1.01675,1.0082,1.0124
2009-10-21T00:00:00.000000000+0000,1.0124,1.01535,1.0035,1.0058
2009-10-22T00:00:00.000000000+0000,1.00585,1.01225,1.00395,1.0045
2009-10-23T00:00:00.000000000+0000,1.00455,1.01015,1.00325,1.00844
2009-10-24T00:00:00.000000000+0000,1.00844,1.00844,1.00844,1.00844
2009-10-25T00:00:00.000000000+0000,1.00842,1.00969,1.0074,1.00895
2009-10-26T00:00:00.000000000+0000,1.00895,1.0202,1.00515,1.0189
2009-10-27T00:00:00.000000000+0000,1.0189,1.02505,1.01475,1.02075
2009-10-28T00:00:00.000000000+0000,1.0207,1.0278,1.0191,1.02645
2009-10-29T00:00:00.000000000+0000,1.02645,1.0286,1.01675,1.01825
2009-10-30T00:00:00.000000000+0000,1.01825,1.02755,1.0156,1.02594
2009-10-31T00:00:00.000000000+0000,1.02594,1.02594,1.02594,1.02594
2009-11-01T00:00:00.000000000+0000,1.02588,1.02775,1.02355,1.0264
2009-11-02T00:00:00.000000000+0000,1.02645,1.02655,1.01645,1.02205
2009-11-03T00:00:00.000000000+0000,1.02205,1.0338,1.01945,1.0253
2009-11-04T00:00:00.000000000+0000,1.02535,1.0277,1.0127,1.0155
2009-11-05T00:00:00.000000000+0000,1.0155,1.0193,1.01315,1.01585
2009-11-06T00:00:00.000000000+0000,1.0159,1.0201,1.0126,1.01723
2009-11-07T00:00:00.000000000+0000,1.01723,1.01723,1.01723,1.01723
2009-11-08T00:00:00.000000000+0000,1.01675,1.01704,1.01359,1.0165
2009-11-09T00:00:00.000000000+0000,1.0165,1.0173,1.00545,1.00735
2009-11-10T00:00:00.000000000+0000,1.00735,1.01085,1.006,1.0071
2009-11-11T00:00:00.000000000+0000,1.0071,1.0099,1.00345,1.0081
2009-11-12T00:00:00.000000000+0000,1.0081,1.0193,1.00585,1.0168
2009-11-13T00:00:00.000000000+0000,1.0168,1.0185,1.0101,1.01158
2009-11-14T00:00:00.000000000+0000,1.01158,1.01158,1.01158,1.01158
2009-11-15T00:00:00.000000000+0000,1.0116,1.01237,1.00895,1.00895
2009-11-16T00:00:00.000000000+0000,1.00895,1.0144,1.0047,1.00715
2009-11-17T00:00:00.000000000+0000,1.00715,1.02085,1.006,1.01578
2009-11-18T00:00:00.000000000+0000,1.01573,1.0166,1.0076,1.01025
2009-11-19T00:00:00.000000000+0000,1.01025,1.01955,1.0102,1.01345
2009-11-20T00:00:00.000000000+0000,1.01345,1.02235,1.01225,1.01708
2009-11-21T00:00:00.000000000+0000,1.01708,1.01708,1.01708,1.01708
2009-11-22T00:00:00.000000000+0000,1.0172,1.0197,1.0169,1.0171
2009-11-23T00:00:00.000000000+0000,1.0171,1.01715,1.00715,1.0102
2009-11-24T00:00:00.000000000+0000,1.01025,1.0152,1.0076,1.0086
2009-11-25T00:00:00.000000000+0000,1.0086,1.0091,0.99555,0.99705
2009-11-26T00:00:00.000000000+0000,0.99705,1.00765,0.99155,1.00495
2009-11-27T00:00:00.000000000+0000,1.005,1.0176,1.00285,1.00485
2009-11-28T00:00:00.000000000+0000,1.00485,1.00485,1.00485,1.00485
2009-11-29T00:00:00.000000000+0000,1.00489,1.00745,1.00263,1.0055
2009-11-30T00:00:00.000000000+0000,1.00555,1.00705,0.99935,1.00325
2009-12-01T00:00:00.000000000+0000,1.00325,1.00745,0.99695,0.9988
2009-12-02T00:00:00.000000000+0000,0.9988,1.00265,0.9978,1.0005
2009-12-03T00:00:00.000000000+0000,1.00055,1.002,0.99605,0.9999
2009-12-04T00:00:00.000000000+0000,0.9999,1.0191,0.9984,1.01638
2009-12-05T00:00:00.000000000+0000,1.01638,1.01638,1.01638,1.01638
2009-12-06T00:00:00.000000000+0000,1.01582,1.01683,1.01435,1.0156
2009-12-07T00:00:00.000000000+0000,1.0157,1.02445,1.0136,1.0184
2009-12-08T00:00:00.000000000+0000,1.0184,1.02905,1.01635,1.02745
2009-12-09T00:00:00.000000000+0000,1.02745,1.02995,1.02185,1.026
2009-12-10T00:00:00.000000000+0000,1.026,1.03015,1.0237,1.02605
2009-12-11T00:00:00.000000000+0000,1.02605,1.03675,1.02345,1.0337
2009-12-12T00:00:00.000000000+0000,1.0337,1.0337,1.0337,1.0337
2009-12-13T00:00:00.000000000+0000,1.03407,1.03595,1.03286,1.03415
2009-12-14T00:00:00.000000000+0000,1.03385,1.0353,1.02945,1.03125
2009-12-15T00:00:00.000000000+0000,1.03125,1.0429,1.03094,1.04005
2009-12-16T00:00:00.000000000+0000,1.04005,1.0425,1.03455,1.0389
2009-12-17T00:00:00.000000000+0000,1.03895,1.05075,1.0385,1.04635
2009-12-18T00:00:00.000000000+0000,1.04635,1.04785,1.03865,1.04242
2009-12-19T00:00:00.000000000+0000,1.04242,1.04242,1.04242,1.04242
2009-12-20T00:00:00.000000000+0000,1.04215,1.04265,1.03712,1.04025
2009-12-21T00:00:00.000000000+0000,1.04025,1.04815,1.03925,1.04545
2009-12-22T00:00:00.000000000+0000,1.04545,1.05035,1.04415,1.04835
2009-12-23T00:00:00.000000000+0000,1.04835,1.0497,1.03585,1.03905
2009-12-24T00:00:00.000000000+0000,1.039,1.0395,1.03205,1.03638
2009-12-25T00:00:00.000000000+0000,1.03627,1.03778,1.03421,1.03695
2009-12-26T00:00:00.000000000+0000,1.03695,1.03695,1.03695,1.03695
2009-12-27T00:00:00.000000000+0000,1.03547,1.03745,1.0337,1.03665
2009-12-28T00:00:00.000000000+0000,1.03665,1.0388,1.0328,1.0353
2009-12-29T00:00:00.000000000+0000,1.0353,1.03855,1.0279,1.03765
2009-12-30T00:00:00.000000000+0000,1.03765,1.04215,1.03505,1.03625
2009-12-31T00:00:00.000000000+0000,1.0362,1.03855,1.02855,1.03485
2010-01-01T00:00:00.000000000+0000,1.03491,1.03553,1.03347,1.03503
2010-01-02T00:00:00.000000000+0000,1.03503,1.03503,1.03503,1.03503
2010-01-03T00:00:00.000000000+0000,1.03402,1.03726,1.03385,1.0361
2010-01-04T00:00:00.000000000+0000,1.0361,1.042,1.02625,1.02915
2010-01-05T00:00:00.000000000+0000,1.02915,1.03605,1.0252,1.0334
2010-01-06T00:00:00.000000000+0000,1.0334,1.03795,1.02485,1.02765
2010-01-07T00:00:00.000000000+0000,1.02765,1.03705,1.02405,1.03375
2010-01-08T00:00:00.000000000+0000,1.03375,1.03845,1.0216,1.02335
2010-01-09T00:00:00.000000000+0000,1.02335,1.02335,1.02335,1.02335
2010-01-10T00:00:00.000000000+0000,1.0232,1.024,1.01915,1.0204
2010-01-11T00:00:00.000000000+0000,1.02025,1.02065,1.01305,1.01675
2010-01-12T00:00:00.000000000+0000,1.01675,1.0208,1.01445,1.01895
2010-01-13T00:00:00.000000000+0000,1.01875,1.0219,1.01375,1.01755
2010-01-14T00:00:00.000000000+0000,1.01755,1.02345,1.01595,1.0187
2010-01-15T00:00:00.000000000+0000,1.0187,1.02865,1.01858,1.02505
2010-01-16T00:00:00.000000000+0000,1.02505,1.02505,1.02505,1.02505
2010-01-17T00:00:00.000000000+0000,1.0259,1.02875,1.02449,1.02655
2010-01-18T00:00:00.000000000+0000,1.0266,1.0291,1.0235,1.0237
2010-01-19T00:00:00.000000000+0000,1.02375,1.03545,1.0227,1.0328
2010-01-20T00:00:00.000000000+0000,1.0328,1.0462,1.0326,1.04355
2010-01-21T00:00:00.000000000+0000,1.04355,1.0495,1.04025,1.04195
2010-01-22T00:00:00.000000000+0000,1.04205,1.0446,1.03745,1.04042
2010-01-23T00:00:00.000000000+0000,1.04042,1.04042,1.04042,1.04042
2010-01-24T00:00:00.000000000+0000,1.04057,1.04233,1.03835,1.04135
2010-01-25T00:00:00.000000000+0000,1.04135,1.04235,1.03675,1.04
2010-01-26T00:00:00.000000000+0000,1.0401,1.04915,1.03775,1.04585
2010-01-27T00:00:00.000000000+0000,1.0459,1.05255,1.0446,1.04965
2010-01-28T00:00:00.000000000+0000,1.04965,1.0555,1.04765,1.05195
2010-01-29T00:00:00.000000000+0000,1.05195,1.06425,1.0482,1.05935
2010-01-30T00:00:00.000000000+0000,1.05935,1.05935,1.05935,1.05935
2010-01-31T00:00:00.000000000+0000,1.06046,1.06245,1.05872,1.0602
2010-02-01T00:00:00.000000000+0000,1.0602,1.0623,1.0553,1.05685
2010-02-02T00:00:00.000000000+0000,1.0569,1.06065,1.0541,1.05475
2010-02-03T00:00:00.000000000+0000,1.0547,1.06,1.0497,1.05835
2010-02-04T00:00:00.000000000+0000,1.05835,1.06755,1.058,1.0658
2010-02-05T00:00:00.000000000+0000,1.0658,1.0795,1.0646,1.072
2010-02-06T00:00:00.000000000+0000,1.072,1.072,1.072,1.072
2010-02-07T00:00:00.000000000+0000,1.07258,1.07685,1.07017,1.07545
2010-02-08T00:00:00.000000000+0000,1.0755,1.07725,1.0683,1.07285
2010-02-09T00:00:00.000000000+0000,1.0728,1.07465,1.0609,1.06535
2010-02-10T00:00:00.000000000+0000,1.06535,1.07205,1.06175,1.06665
2010-02-11T00:00:00.000000000+0000,1.06665,1.0783,1.0626,1.0705
2010-02-12T00:00:00.000000000+0000,1.0705,1.0827,1.0705,1.07488
2010-02-13T00:00:00.000000000+0000,1.07488,1.07488,1.07488,1.07488
2010-02-14T00:00:00.000000000+0000,1.0755,1.0773,1.07526,1.0759
2010-02-15T00:00:00.000000000+0000,1.0759,1.08025,1.07535,1.07755
2010-02-16T00:00:00.000000000+0000,1.07755,1.07885,1.0652,1.0661
2010-02-17T00:00:00.000000000+0000,1.0661,1.07985,1.06465,1.0775
2010-02-18T00:00:00.000000000+0000,1.0775,1.089,1.0748,1.0873
2010-02-19T00:00:00.000000000+0000,1.0873,1.0898,1.07346,1.07488
2010-02-20T00:00:00.000000000+0000,1.07488,1.07488,1.07488,1.07488
2010-02-21T00:00:00.000000000+0000,1.07534,1.0772,1.07336,1.07485
2010-02-22T00:00:00.000000000+0000,1.07485,1.0788,1.07385,1.07535
2010-02-23T00:00:00.000000000+0000,1.0753,1.0848,1.0715,1.0824
2010-02-24T00:00:00.000000000+0000,1.0824,1.08425,1.0739,1.0809
2010-02-25T00:00:00.000000000+0000,1.0809,1.0878,1.07835,1.0811
2010-02-26T00:00:00.000000000+0000,1.08115,1.0812,1.0694,1.0732
2010-02-27T00:00:00.000000000+0000,1.0732,1.0732,1.0732,1.0732
2010-02-28T00:00:00.000000000+0000,1.07307,1.07465,1.06985,1.07305
2010-03-01T00:00:00.000000000+0000,1.07305,1.08705,1.07195,1.0793
2010-03-02T00:00:00.000000000+0000,1.0793,1.08885,1.0742,1.07435
2010-03-03T00:00:00.000000000+0000,1.0743,1.07635,1.06485,1.0676
2010-03-04T00:00:00.000000000+0000,1.0676,1.0795,1.06685,1.0769
2010-03-05T00:00:00.000000000+0000,1.0769,1.08095,1.07301,1.0734
2010-03-06T00:00:00.000000000+0000,1.0734,1.0734,1.0734,1.0734
2010-03-07T00:00:00.000000000+0000,1.0739,1.07468,1.07224,1.073
2010-03-08T00:00:00.000000000+0000,1.07305,1.07485,1.06755,1.0739
2010-03-09T00:00:00.000000000+0000,1.0739,1.0804,1.0726,1.07445
2010-03-10T00:00:00.000000000+0000,1.07445,1.0794,1.06845,1.0706
2010-03-11T00:00:00.000000000+0000,1.0706,1.07305,1.06775,1.0683
2010-03-12T00:00:00.000000000+0000,1.0683,1.06955,1.05735,1.0574
2010-03-13T00:00:00.000000000+0000,1.0574,1.0574,1.0574,1.0574
2010-03-14T00:00:00.000000000+0000,1.05743,1.05895,1.05619,1.058
2010-03-15T00:00:00.000000000+0000,1.058,1.0642,1.0579,1.0618
2010-03-16T00:00:00.000000000+0000,1.06175,1.06265,1.0533,1.0551
2010-03-17T00:00:00.000000000+0000,1.0551,1.0565,1.05065,1.0542
2010-03-18T00:00:00.000000000+0000,1.05425,1.06465,1.0533,1.05745
2010-03-19T00:00:00.000000000+0000,1.0574,1.0635,1.0539,1.0612
2010-03-20T00:00:00.000000000+0000,1.0612,1.0612,1.0612,1.0612
2010-03-21T00:00:00.000000000+0000,1.06075,1.06186,1.05944,1.0612
2010-03-22T00:00:00.000000000+0000,1.06115,1.0661,1.0562,1.0575
2010-03-23T00:00:00.000000000+0000,1.0575,1.0638,1.05465,1.05705
2010-03-24T00:00:00.000000000+0000,1.05705,1.0738,1.05575,1.0719
2010-03-25T00:00:00.000000000+0000,1.0719,1.07505,1.0672,1.0717
2010-03-26T00:00:00.000000000+0000,1.07175,1.0727,1.0635,1.0649
2010-03-27T00:00:00.000000000+0000,1.0649,1.0649,1.0649,1.0649
2010-03-28T00:00:00.000000000+0000,1.0647,1.06515,1.05698,1.06405
2010-03-29T00:00:00.000000000+0000,1.06405,1.06905,1.0592,1.06185
2010-03-30T00:00:00.000000000+0000,1.0619,1.068,1.05865,1.06515
2010-03-31T00:00:00.000000000+0000,1.06515,1.06835,1.04885,1.05215
2010-04-01T00:00:00.000000000+0000,1.0521,1.0611,1.04345,1.0542
2010-04-02T00:00:00.000000000+0000,1.0542,1.06435,1.0541,1.06052
2010-04-03T00:00:00.000000000+0000,1.06052,1.06052,1.06052,1.06052
2010-04-04T00:00:00.000000000+0000,1.06053,1.06197,1.05938,1.06165
2010-04-05T00:00:00.000000000+0000,1.06165,1.06435,1.05832,1.06345
2010-04-06T00:00:00.000000000+0000,1.06345,1.07215,1.0633,1.06995
2010-04-07T00:00:00.000000000+0000,1.06995,1.07495,1.0686,1.0746
2010-04-08T00:00:00.000000000+0000,1.0746,1.07855,1.0713,1.0718
2010-04-09T00:00:00.000000000+0000,1.07185,1.07625,1.06481,1.06502
2010-04-10T00:00:00.000000000+0000,1.06502,1.06502,1.06502,1.06502
2010-04-11T00:00:00.000000000+0000,1.06508,1.06568,1.0522,1.05735
2010-04-12T00:00:00.000000000+0000,1.05735,1.06165,1.055,1.05975
2010-04-13T00:00:00.000000000+0000,1.05975,1.06025,1.05335,1.0541
2010-04-14T00:00:00.000000000+0000,1.0541,1.05605,1.05015,1.05125
2010-04-15T00:00:00.000000000+0000,1.05125,1.06115,1.05065,1.05675
2010-04-16T00:00:00.000000000+0000,1.05675,1.06335,1.05665,1.0612
2010-04-17T00:00:00.000000000+0000,1.0612,1.0612,1.0612,1.0612
2010-04-18T00:00:00.000000000+0000,1.06132,1.06477,1.06,1.0636
2010-04-19T00:00:00.000000000+0000,1.0636,1.069,1.06215,1.0631
2010-04-20T00:00:00.000000000+0000,1.0631,1.0695,1.0602,1.069
2010-04-21T00:00:00.000000000+0000,1.069,1.07245,1.06585,1.07015
2010-04-22T00:00:00.000000000+0000,1.07015,1.0849,1.06735,1.08325
2010-04-23T00:00:00.000000000+0000,1.08325,1.085,1.07145,1.0722
2010-04-24T00:00:00.000000000+0000,1.0722,1.0722,1.0722,1.0722
2010-04-25T00:00:00.000000000+0000,1.0723,1.07683,1.0723,1.07385
2010-04-26T00:00:00.000000000+0000,1.07385,1.0787,1.06985,1.0716
2010-04-27T00:00:00.000000000+0000,1.0716,1.0899,1.0716,1.0872
2010-04-28T00:00:00.000000000+0000,1.0872,1.0924,1.0814,1.08635
2010-04-29T00:00:00.000000000+0000,1.08635,1.08685,1.08055,1.08235
2010-04-30T00:00:00.000000000+0000,1.08235,1.08455,1.07465,1.0774
2010-05-01T00:00:00.000000000+0000,1.0774,1.0774,1.0774,1.0774
2010-05-02T00:00:00.000000000+0000,1.07722,1.07737,1.0724,1.0768
2010-05-03T00:00:00.000000000+0000,1.0768,1.0889,1.0768,1.0855
2010-05-04T00:00:00.000000000+0000,1.0855,1.10505,1.08389,1.10375
2010-05-05T00:00:00.000000000+0000,1.10375,1.11995,1.1022,1.1178
2010-05-06T00:00:00.000000000+0000,1.1178,1.1246,1.1017,1.1133
2010-05-07T00:00:00.000000000+0000,1.11335,1.1176,1.1048,1.10767
2010-05-08T00:00:00.000000000+0000,1.10767,1.10767,1.10767,1.10767
2010-05-09T00:00:00.000000000+0000,1.10753,1.10818,1.09875,1.10395
2010-05-10T00:00:00.000000000+0000,1.1042,1.1125,1.09215,1.1111
2010-05-11T00:00:00.000000000+0000,1.1109,1.1133,1.10355,1.11115
2010-05-12T00:00:00.000000000+0000,1.11115,1.11385,1.10595,1.10935
2010-05-13T00:00:00.000000000+0000,1.10935,1.11925,1.10765,1.1177
2010-05-14T00:00:00.000000000+0000,1.11775,1.13365,1.11505,1.133
2010-05-15T00:00:00.000000000+0000,1.133,1.133,1.133,1.133
2010-05-16T00:00:00.000000000+0000,1.133,1.13494,1.13101,1.1331
2010-05-17T00:00:00.000000000+0000,1.1331,1.1445,1.12975,1.1326
2010-05-18T00:00:00.000000000+0000,1.1326,1.1532,1.1267,1.15305
2010-05-19T00:00:00.000000000+0000,1.15305,1.15855,1.1418,1.15235
2010-05-20T00:00:00.000000000+0000,1.15245,1.1574,1.1452,1.1488
2010-05-21T00:00:00.000000000+0000,1.14885,1.15805,1.14495,1.14927
2010-05-22T00:00:00.000000000+0000,1.14927,1.14927,1.14927,1.14927
2010-05-23T00:00:00.000000000+0000,1.1492,1.15175,1.14788,1.1511
2010-05-24T00:00:00.000000000+0000,1.1511,1.16185,1.14925,1.1603
2010-05-25T00:00:00.000000000+0000,1.1602,1.1695,1.15145,1.15745
2010-05-26T00:00:00.000000000+0000,1.1574,1.16235,1.15145,1.15875
2010-05-27T00:00:00.000000000+0000,1.1587,1.1655,1.1485,1.15225
2010-05-28T00:00:00.000000000+0000,1.15235,1.15955,1.1481,1.1588
2010-05-29T00:00:00.000000000+0000,1.1588,1.1588,1.1588,1.1588
2010-05-30T00:00:00.000000000+0000,1.15881,1.15944,1.15675,1.1574
2010-05-31T00:00:00.000000000+0000,1.1574,1.1583,1.15315,1.1558
2010-06-01T00:00:00.000000000+0000,1.15585,1.17305,1.1469,1.15475
2010-06-02T00:00:00.000000000+0000,1.15475,1.16025,1.1527,1.15475
2010-06-03T00:00:00.000000000+0000,1.15485,1.1573,1.1496,1.1547
2010-06-04T00:00:00.000000000+0000,1.1547,1.1644,1.1423,1.1624
2010-06-05T00:00:00.000000000+0000,1.1624,1.1624,1.1624,1.1624
2010-06-06T00:00:00.000000000+0000,1.16263,1.16488,1.16085,1.1639
2010-06-07T00:00:00.000000000+0000,1.1639,1.1673,1.15845,1.16285
2010-06-08T00:00:00.000000000+0000,1.1628,1.16415,1.14855,1.15305
2010-06-09T00:00:00.000000000+0000,1.153,1.15545,1.14155,1.1479
2010-06-10T00:00:00.000000000+0000,1.1479,1.15035,1.13975,1.1424
2010-06-11T00:00:00.000000000+0000,1.14245,1.1546,1.14055,1.149
2010-06-12T00:00:00.000000000+0000,1.149,1.149,1.149,1.149
2010-06-13T00:00:00.000000000+0000,1.14868,1.14934,1.1436,1.1439
2010-06-14T00:00:00.000000000+0000,1.1439,1.1468,1.135,1.1425
2010-06-15T00:00:00.000000000+0000,1.1425,1.14795,1.12925,1.1332
2010-06-16T00:00:00.000000000+0000,1.1332,1.1339,1.12495,1.13105
2010-06-17T00:00:00.000000000+0000,1.13105,1.1329,1.10945,1.11117
2010-06-18T00:00:00.000000000+0000,1.11108,1.11305,1.10776,1.10823
2010-06-19T00:00:00.000000000+0000,1.10823,1.10823,1.10823,1.10823
2010-06-20T00:00:00.000000000+0000,1.10813,1.10818,1.09915,1.1047
2010-06-21T00:00:00.000000000+0000,1.1047,1.1137,1.10085,1.1099
2010-06-22T00:00:00.000000000+0000,1.1099,1.112,1.10355,1.10805
2010-06-23T00:00:00.000000000+0000,1.10805,1.11375,1.102,1.10555
2010-06-24T00:00:00.000000000+0000,1.10555,1.1067,1.0982,1.1018
2010-06-25T00:00:00.000000000+0000,1.1018,1.1047,1.092,1.0925
2010-06-26T00:00:00.000000000+0000,1.0925,1.0925,1.0925,1.0925
2010-06-27T00:00:00.000000000+0000,1.09252,1.094,1.09045,1.0908
2010-06-28T00:00:00.000000000+0000,1.09085,1.09385,1.0817,1.0874
2010-06-29T00:00:00.000000000+0000,1.0874,1.0902,1.0801,1.08245
2010-06-30T00:00:00.000000000+0000,1.08245,1.0855,1.0752,1.0784
2010-07-01T00:00:00.000000000+0000,1.0784,1.0789,1.0578,1.06065
2010-07-02T00:00:00.000000000+0000,1.06065,1.0697,1.05855,1.0622
2010-07-03T00:00:00.000000000+0000,1.0622,1.0622,1.0622,1.0622
2010-07-04T00:00:00.000000000+0000,1.06212,1.0647,1.06188,1.06455
2010-07-05T00:00:00.000000000+0000,1.06455,1.06735,1.06185,1.0662
2010-07-06T00:00:00.000000000+0000,1.0662,1.06665,1.05615,1.06025
2010-07-07T00:00:00.000000000+0000,1.06035,1.06365,1.05035,1.05035
2010-07-08T00:00:00.000000000+0000,1.05035,1.0563,1.0481,1.05005
2010-07-09T00:00:00.000000000+0000,1.05,1.05925,1.049,1.05712
2010-07-10T00:00:00.000000000+0000,1.05712,1.05712,1.05712,1.05712
2010-07-11T00:00:00.000000000+0000,1.05755,1.05828,1.05445,1.05495
2010-07-12T00:00:00.000000000+0000,1.05495,1.06755,1.05465,1.06085
2010-07-13T00:00:00.000000000+0000,1.06085,1.06455,1.05135,1.05525
2010-07-14T00:00:00.000000000+0000,1.0553,1.06175,1.05079,1.0525
2010-07-15T00:00:00.000000000+0000,1.0525,1.05465,1.04005,1.04235
2010-07-16T00:00:00.000000000+0000,1.0423,1.0542,1.03995,1.05032
2010-07-17T00:00:00.000000000+0000,1.05032,1.05032,1.05032,1.05032
2010-07-18T00:00:00.000000000+0000,1.05022,1.05181,1.0476,1.04885
2010-07-19T00:00:00.000000000+0000,1.04885,1.05605,1.04465,1.054
2010-07-20T00:00:00.000000000+0000,1.054,1.05475,1.04525,1.05045
2010-07-21T00:00:00.000000000+0000,1.05045,1.05425,1.0484,1.0503
2010-07-22T00:00:00.000000000+0000,1.0503,1.05095,1.0394,1.042
2010-07-23T00:00:00.000000000+0000,1.042,1.0564,1.04075,1.05442
2010-07-24T00:00:00.000000000+0000,1.05442,1.05442,1.05442,1.05442
2010-07-25T00:00:00.000000000+0000,1.05447,1.05545,1.05255,1.05295
2010-07-26T00:00:00.000000000+0000,1.05285,1.0556,1.04595,1.0495
2010-07-27T00:00:00.000000000+0000,1.0495,1.064,1.0481,1.0612
2010-07-28T00:00:00.000000000+0000,1.06105,1.0623,1.05375,1.0565
2010-07-29T00:00:00.000000000+0000,1.0565,1.05805,1.0373,1.04005
2010-07-30T00:00:00.000000000+0000,1.04005,1.04665,1.03615,1.04082
2010-07-31T00:00:00.000000000+0000,1.04082,1.04082,1.04082,1.04082
2010-08-01T00:00:00.000000000+0000,1.04126,1.0438,1.03162,1.0431
2010-08-02T00:00:00.000000000+0000,1.0431,1.04755,1.03475,1.03925
2010-08-03T00:00:00.000000000+0000,1.03925,1.0414,1.0348,1.0399
2010-08-04T00:00:00.000000000+0000,1.0399,1.0554,1.03785,1.0538
2010-08-05T00:00:00.000000000+0000,1.0538,1.0542,1.04125,1.04665
2010-08-06T00:00:00.000000000+0000,1.04655,1.0508,1.03315,1.0387
2010-08-07T00:00:00.000000000+0000,1.0387,1.0387,1.0387,1.0387
2010-08-08T00:00:00.000000000+0000,1.03875,1.03907,1.0257,1.03845
2010-08-09T00:00:00.000000000+0000,1.03845,1.05,1.0375,1.0494
2010-08-10T00:00:00.000000000+0000,1.0494,1.06175,1.04605,1.04915
2010-08-11T00:00:00.000000000+0000,1.04915,1.0624,1.04915,1.05935
2010-08-12T00:00:00.000000000+0000,1.05935,1.0596,1.0465,1.0491
2010-08-13T00:00:00.000000000+0000,1.0491,1.0548,1.0482,1.05082
2010-08-14T00:00:00.000000000+0000,1.05082,1.05082,1.05082,1.05082
2010-08-15T00:00:00.000000000+0000,1.05095,1.05748,1.04715,1.05195
2010-08-16T00:00:00.000000000+0000,1.052,1.0534,1.03505,1.03945
2010-08-17T00:00:00.000000000+0000,1.03945,1.0448,1.0362,1.04435
2010-08-18T00:00:00.000000000+0000,1.04435,1.04525,1.0385,1.04375
2010-08-19T00:00:00.000000000+0000,1.04385,1.0465,1.0257,1.0319
2010-08-20T00:00:00.000000000+0000,1.03195,1.03925,1.0286,1.0334
2010-08-21T00:00:00.000000000+0000,1.0334,1.0334,1.0334,1.0334
2010-08-22T00:00:00.000000000+0000,1.03383,1.03615,1.0334,1.03485
2010-08-23T00:00:00.000000000+0000,1.03485,1.04235,1.03015,1.04185
2010-08-24T00:00:00.000000000+0000,1.04185,1.04505,1.0286,1.03125
2010-08-25T00:00:00.000000000+0000,1.03125,1.03285,1.02475,1.0298
2010-08-26T00:00:00.000000000+0000,1.0298,1.03185,1.0222,1.02415
2010-08-27T00:00:00.000000000+0000,1.0241,1.03045,1.02205,1.02755
2010-08-28T00:00:00.000000000+0000,1.02755,1.02755,1.02755,1.02755
2010-08-29T00:00:00.000000000+0000,1.0276,1.02948,1.02634,1.02835
2010-08-30T00:00:00.000000000+0000,1.02835,1.0309,1.0237,1.0252
2010-08-31T00:00:00.000000000+0000,1.0252,1.0259,1.0135,1.01555
2010-09-01T00:00:00.000000000+0000,1.01555,1.01815,1.00645,1.01655
2010-09-02T00:00:00.000000000+0000,1.01655,1.01845,1.00945,1.01345
2010-09-03T00:00:00.000000000+0000,1.01345,1.02385,1.01164,1.01593
2010-09-04T00:00:00.000000000+0000,1.01593,1.01593,1.01593,1.01593
2010-09-05T00:00:00.000000000+0000,1.01625,1.01775,1.01543,1.0172
2010-09-06T00:00:00.000000000+0000,1.0172,1.0183,1.00905,1.0094
2010-09-07T00:00:00.000000000+0000,1.0094,1.0147,1.0078,1.01115
2010-09-08T00:00:00.000000000+0000,1.01115,1.01395,1.00605,1.01135
2010-09-09T00:00:00.000000000+0000,1.01135,1.0167,1.01,1.0153
2010-09-10T00:00:00.000000000+0000,1.01525,1.02775,1.01345,1.01913
2010-09-11T00:00:00.000000000+0000,1.01913,1.01913,1.01913,1.01913
2010-09-12T00:00:00.000000000+0000,1.01923,1.0207,1.01507,1.01895
2010-09-13T00:00:00.000000000+0000,1.01895,1.01895,1.00671,1.00805
2010-09-14T00:00:00.000000000+0000,1.00805,1.00865,0.99325,0.9963
2010-09-15T00:00:00.000000000+0000,0.99625,1.00485,0.99475,1.00195
2010-09-16T00:00:00.000000000+0000,1.002,1.01705,0.9998,1.01585
2010-09-17T00:00:00.000000000+0000,1.01585,1.01825,1.00685,1.0096
2010-09-18T00:00:00.000000000+0000,1.0096,1.0096,1.0096,1.0096
2010-09-19T00:00:00.000000000+0000,1.00943,1.01096,1.00712,1.01055
2010-09-20T00:00:00.000000000+0000,1.0105,1.0118,1.0028,1.0044
2010-09-21T00:00:00.000000000+0000,1.0044,1.00745,0.99585,0.9962
2010-09-22T00:00:00.000000000+0000,0.99625,0.99825,0.98375,0.98685
2010-09-23T00:00:00.000000000+0000,0.98685,0.9899,0.9804,0.9866
2010-09-24T00:00:00.000000000+0000,0.98665,0.98825,0.97785,0.9826
2010-09-25T00:00:00.000000000+0000,0.9826,0.9826,0.9826,0.9826
2010-09-26T00:00:00.000000000+0000,0.98267,0.98515,0.98115,0.98365
2010-09-27T00:00:00.000000000+0000,0.9836,0.9871,0.98165,0.9857
2010-09-28T00:00:00.000000000+0000,0.98575,0.98775,0.97375,0.9762
2010-09-29T00:00:00.000000000+0000,0.97615,0.98145,0.97335,0.97666
2010-09-30T00:00:00.000000000+0000,0.97675,0.98425,0.9708,0.98205
2010-10-01T00:00:00.000000000+0000,0.98205,0.9828,0.9721,0.9736
2010-10-02T00:00:00.000000000+0000,0.9736,0.9736,0.9736,0.9736
2010-10-03T00:00:00.000000000+0000,0.97338,0.97655,0.97202,0.97555
2010-10-04T00:00:00.000000000+0000,0.97555,0.97895,0.97035,0.97175
2010-10-05T00:00:00.000000000+0000,0.9717,0.9738,0.96445,0.9653
2010-10-06T00:00:00.000000000+0000,0.96545,0.9684,0.95985,0.9624
2010-10-07T00:00:00.000000000+0000,0.96235,0.97005,0.95535,0.96605
2010-10-08T00:00:00.000000000+0000,0.9662,0.9697,0.9591,0.96247
2010-10-09T00:00:00.000000000+0000,0.96247,0.96247,0.96247,0.96247
2010-10-10T00:00:00.000000000+0000,0.9622,0.96287,0.95857,0.96205
2010-10-11T00:00:00.000000000+0000,0.962,0.9663,0.9594,0.9656
2010-10-12T00:00:00.000000000+0000,0.9656,0.97275,0.9554,0.95725
2010-10-13T00:00:00.000000000+0000,0.9572,0.9641,0.95445,0.957
2010-10-14T00:00:00.000000000+0000,0.957,0.957,0.9463,0.9555
2010-10-15T00:00:00.000000000+0000,0.9555,0.96015,0.94845,0.9586
2010-10-16T00:00:00.000000000+0000,0.9586,0.9586,0.9586,0.9586
2010-10-17T00:00:00.000000000+0000,0.95853,0.95915,0.95562,0.95885
2010-10-18T00:00:00.000000000+0000,0.95885,0.9649,0.95415,0.9595
2010-10-19T00:00:00.000000000+0000,0.9595,0.97555,0.9577,0.9716
2010-10-20T00:00:00.000000000+0000,0.9716,0.9716,0.95715,0.96195
2010-10-21T00:00:00.000000000+0000,0.9619,0.9691,0.96115,0.96815
2010-10-22T00:00:00.000000000+0000,0.96815,0.98045,0.96645,0.97653
2010-10-23T00:00:00.000000000+0000,0.97653,0.97653,0.97653,0.97653
2010-10-24T00:00:00.000000000+0000,0.97643,0.9784,0.97081,0.97759
2010-10-25T00:00:00.000000000+0000,0.97759,0.97827,0.96628,0.97337
2010-10-26T00:00:00.000000000+0000,0.97339,0.98816,0.97019,0.98461
2010-10-27T00:00:00.000000000+0000,0.98459,0.99285,0.98387,0.98927
2010-10-28T00:00:00.000000000+0000,0.98934,0.99001,0.98038,0.98406
2010-10-29T00:00:00.000000000+0000,0.98407,0.99102,0.98174,0.98221
2010-10-30T00:00:00.000000000+0000,0.98221,0.98221,0.98221,0.98221
2010-10-31T00:00:00.000000000+0000,0.98191,0.98312,0.98122,0.98199
2010-11-01T00:00:00.000000000+0000,0.98206,0.99707,0.9812,0.99192
2010-11-02T00:00:00.000000000+0000,0.99191,0.9932,0.9758,0.97945
2010-11-03T00:00:00.000000000+0000,0.9794,0.98232,0.96918,0.97214
2010-11-04T00:00:00.000000000+0000,0.97213,0.9737,0.95618,0.95796
2010-11-05T00:00:00.000000000+0000,0.95796,0.96406,0.95478,0.96068
2010-11-06T00:00:00.000000000+0000,0.96068,0.96068,0.96068,0.96068
2010-11-07T00:00:00.000000000+0000,0.96063,0.9632,0.95395,0.96049
2010-11-08T00:00:00.000000000+0000,0.96067,0.96814,0.9602,0.96743
2010-11-09T00:00:00.000000000+0000,0.96748,0.96964,0.95871,0.96855
2010-11-10T00:00:00.000000000+0000,0.96862,0.97672,0.96728,0.97055
2010-11-11T00:00:00.000000000+0000,0.97055,0.97865,0.96705,0.97631
2010-11-12T00:00:00.000000000+0000,0.97627,0.98132,0.97234,0.98072
2010-11-13T00:00:00.000000000+0000,0.98072,0.98072,0.98072,0.98072
2010-11-14T00:00:00.000000000+0000,0.9803,0.9805,0.97614,0.97926
2010-11-15T00:00:00.000000000+0000,0.97916,0.98709,0.97621,0.98512
2010-11-16T00:00:00.000000000+0000,0.9851,0.99765,0.98286,0.99631
2010-11-17T00:00:00.000000000+0000,0.99641,0.99759,0.98821,0.99065
2010-11-18T00:00:00.000000000+0000,0.99067,0.99975,0.98553,0.99539
2010-11-19T00:00:00.000000000+0000,0.99537,0.99966,0.98754,0.99233
2010-11-20T00:00:00.000000000+0000,0.99233,0.99233,0.99233,0.99233
2010-11-21T00:00:00.000000000+0000,0.99182,0.99364,0.98828,0.9923
2010-11-22T00:00:00.000000000+0000,0.99226,0.99405,0.98748,0.98783
2010-11-23T00:00:00.000000000+0000,0.98787,0.99745,0.98485,0.99658
2010-11-24T00:00:00.000000000+0000,0.99654,0.99885,0.98982,0.99446
2010-11-25T00:00:00.000000000+0000,0.99445,1.00197,0.9944,1.00019
2010-11-26T00:00:00.000000000+0000,1.0002,1.00533,0.99834,1.00273
2010-11-27T00:00:00.000000000+0000,1.00273,1.00273,1.00273,1.00273
2010-11-28T00:00:00.000000000+0000,1.00278,1.00348,0.99843,1.00285
2010-11-29T00:00:00.000000000+0000,1.0028,1.00456,0.99878,1.00116
2010-11-30T00:00:00.000000000+0000,1.00113,1.00427,0.99257,1.00271
2010-12-01T00:00:00.000000000+0000,1.0027,1.00659,0.99847,1.00286
2010-12-02T00:00:00.000000000+0000,1.00286,1.00534,0.98874,0.99269
2010-12-03T00:00:00.000000000+0000,0.99269,0.99498,0.97237,0.97331
2010-12-04T00:00:00.000000000+0000,0.97331,0.97331,0.97331,0.97331
2010-12-05T00:00:00.000000000+0000,0.97438,0.9758,0.97295,0.97497
2010-12-06T00:00:00.000000000+0000,0.97497,0.98739,0.97256,0.98213
2010-12-07T00:00:00.000000000+0000,0.98215,0.98838,0.97561,0.9879
2010-12-08T00:00:00.000000000+0000,0.98794,0.99149,0.98481,0.98637
2010-12-09T00:00:00.000000000+0000,0.98637,0.98948,0.98086,0.98326
2010-12-10T00:00:00.000000000+0000,0.98324,0.98408,0.97945,0.98039
2010-12-11T00:00:00.000000000+0000,0.98039,0.98039,0.98039,0.98039
2010-12-12T00:00:00.000000000+0000,0.98031,0.98435,0.97959,0.98181
2010-12-13T00:00:00.000000000+0000,0.98181,0.98507,0.96483,0.96789
2010-12-14T00:00:00.000000000+0000,0.96794,0.96898,0.95589,0.96099
2010-12-15T00:00:00.000000000+0000,0.96101,0.96954,0.9574,0.96729
2010-12-16T00:00:00.000000000+0000,0.96729,0.97335,0.96357,0.96457
2010-12-17T00:00:00.000000000+0000,0.96457,0.97194,0.95578,0.96852
2010-12-18T00:00:00.000000000+0000,0.96852,0.96852,0.96852,0.96852
2010-12-19T00:00:00.000000000+0000,0.96931,0.97106,0.96702,0.96979
2010-12-20T00:00:00.000000000+0000,0.96983,0.97202,0.96309,0.96477
2010-12-21T00:00:00.000000000+0000,0.96477,0.96493,0.95621,0.9579
2010-12-22T00:00:00.000000000+0000,0.9579,0.95872,0.95024,0.95137
2010-12-23T00:00:00.000000000+0000,0.95142,0.9664,0.94965,0.95744
2010-12-24T00:00:00.000000000+0000,0.95742,0.9634,0.95538,0.96198
2010-12-25T00:00:00.000000000+0000,0.96198,0.96198,0.96198,0.96198
2010-12-26T00:00:00.000000000+0000,0.96188,0.96391,0.96019,0.96354
2010-12-27T00:00:00.000000000+0000,0.96363,0.96454,0.95751,0.95867
2010-12-28T00:00:00.000000000+0000,0.95867,0.95872,0.94339,0.95191
2010-12-29T00:00:00.000000000+0000,0.95192,0.95321,0.94379,0.94467
2010-12-30T00:00:00.000000000+0000,0.94467,0.94487,0.93417,0.93459
2010-12-31T00:00:00.000000000+0000,0.93459,0.93967,0.92993,0.93389
2011-01-01T00:00:00.000000000+0000,0.93207,0.93207,0.93207,0.93207
2011-01-02T00:00:00.000000000+0000,0.93369,0.93488,0.93204,0.93207
2011-01-03T00:00:00.000000000+0000,0.93204,0.93826,0.93192,0.93415
2011-01-04T00:00:00.000000000+0000,0.93415,0.95163,0.93265,0.94723
2011-01-05T00:00:00.000000000+0000,0.94723,0.96848,0.94684,0.96589
2011-01-06T00:00:00.000000000+0000,0.96589,0.97075,0.961,0.9659
2011-01-07T00:00:00.000000000+0000,0.9659,0.96899,0.96038,0.96671
2011-01-08T00:00:00.000000000+0000,0.96671,0.96671,0.96671,0.96671
2011-01-09T00:00:00.000000000+0000,0.96689,0.96962,0.96552,0.96676
2011-01-10T00:00:00.000000000+0000,0.96675,0.97264,0.96302,0.96601
2011-01-11T00:00:00.000000000+0000,0.96598,0.97831,0.96598,0.9736
2011-01-12T00:00:00.000000000+0000,0.97359,0.97554,0.96609,0.96714
2011-01-13T00:00:00.000000000+0000,0.96714,0.97634,0.9612,0.96395
2011-01-14T00:00:00.000000000+0000,0.96395,0.96868,0.96045,0.96301
2011-01-15T00:00:00.000000000+0000,0.96301,0.96301,0.96301,0.96301
2011-01-16T00:00:00.000000000+0000,0.96303,0.9647,0.96157,0.96386
2011-01-17T00:00:00.000000000+0000,0.96388,0.96759,0.96348,0.96467
2011-01-18T00:00:00.000000000+0000,0.96467,0.96556,0.9551,0.96377
2011-01-19T00:00:00.000000000+0000,0.9638,0.96407,0.95195,0.95599
2011-01-20T00:00:00.000000000+0000,0.95599,0.96841,0.95266,0.96691
2011-01-21T00:00:00.000000000+0000,0.96691,0.96863,0.95722,0.95799
2011-01-22T00:00:00.000000000+0000,0.95799,0.95799,0.95799,0.95799
2011-01-23T00:00:00.000000000+0000,0.95815,0.95905,0.95513,0.95833
2011-01-24T00:00:00.000000000+0000,0.95833,0.96221,0.94709,0.94924
2011-01-25T00:00:00.000000000+0000,0.94925,0.95222,0.9403,0.94219
2011-01-26T00:00:00.000000000+0000,0.94219,0.94644,0.94001,0.94269
2011-01-27T00:00:00.000000000+0000,0.94265,0.94812,0.93895,0.94613
2011-01-28T00:00:00.000000000+0000,0.94609,0.94706,0.94013,0.94176
2011-01-29T00:00:00.000000000+0000,0.94176,0.94176,0.94176,0.94176
2011-01-30T00:00:00.000000000+0000,0.94156,0.9434,0.94012,0.94185
2011-01-31T00:00:00.000000000+0000,0.94185,0.94484,0.93686,0.94339
2011-02-01T00:00:00.000000000+0000,0.94339,0.94561,0.93364,0.9354
2011-02-02T00:00:00.000000000+0000,0.9354,0.94413,0.93283,0.93965
2011-02-03T00:00:00.000000000+0000,0.93965,0.95247,0.93949,0.9463
2011-02-04T00:00:00.000000000+0000,0.94628,0.95931,0.94526,0.95409
2011-02-05T00:00:00.000000000+0000,0.95409,0.95409,0.95409,0.95409
2011-02-06T00:00:00.000000000+0000,0.95446,0.95827,0.95387,0.9546
2011-02-07T00:00:00.000000000+0000,0.95457,0.95975,0.95293,0.95485
2011-02-08T00:00:00.000000000+0000,0.95493,0.96424,0.9523,0.96327
2011-02-09T00:00:00.000000000+0000,0.96329,0.96605,0.95521,0.95826
2011-02-10T00:00:00.000000000+0000,0.95824,0.97024,0.95794,0.96874
2011-02-11T00:00:00.000000000+0000,0.96874,0.97744,0.96779,0.97259
2011-02-12T00:00:00.000000000+0000,0.97259,0.97259,0.97259,0.97259
2011-02-13T00:00:00.000000000+0000,0.97274,0.9749,0.97237,0.9738
2011-02-14T00:00:00.000000000+0000,0.9738,0.97442,0.96912,0.97074
2011-02-15T00:00:00.000000000+0000,0.97076,0.97287,0.96493,0.96613
2011-02-16T00:00:00.000000000+0000,0.96613,0.97387,0.95527,0.95912
2011-02-17T00:00:00.000000000+0000,0.95912,0.96015,0.94772,0.94957
2011-02-18T00:00:00.000000000+0000,0.94944,0.95386,0.94341,0.94389
2011-02-19T00:00:00.000000000+0000,0.94389,0.94389,0.94389,0.94389
2011-02-20T00:00:00.000000000+0000,0.94291,0.94604,0.94199,0.94392
2011-02-21T00:00:00.000000000+0000,0.94392,0.94883,0.94386,0.94596
2011-02-22T00:00:00.000000000+0000,0.94596,0.9505,0.9366,0.93762
2011-02-23T00:00:00.000000000+0000,0.93762,0.93915,0.93073,0.93186
2011-02-24T00:00:00.000000000+0000,0.93186,0.93249,0.92258,0.92494
2011-02-25T00:00:00.000000000+0000,0.9249,0.93183,0.92397,0.92796
2011-02-26T00:00:00.000000000+0000,0.92796,0.92796,0.92796,0.92796
2011-02-27T00:00:00.000000000+0000,0.92816,0.9299,0.92716,0.9281
2011-02-28T00:00:00.000000000+0000,0.92822,0.93063,0.92585,0.92893
2011-03-01T00:00:00.000000000+0000,0.92893,0.93212,0.9273,0.92837
