timestamp,open,high,low,close
2000-01-01T00:00:00.000000000+0000,1.4468,1.4468,1.4468,1.4468
2000-01-02T00:00:00.000000000+0000,1.4468,1.4468,1.4468,1.4468
2000-01-03T00:00:00.000000000+0000,1.448,1.4517,1.441,1.4468
2000-01-04T00:00:00.000000000+0000,1.4463,1.4531,1.4441,1.4528
2000-01-05T00:00:00.000000000+0000,1.4524,1.4556,1.4485,1.4498
2000-01-06T00:00:00.000000000+0000,1.4494,1.4595,1.4488,1.4592
2000-01-07T00:00:00.000000000+0000,1.4593,1.4614,1.4558,1.4557
2000-01-08T00:00:00.000000000+0000,1.4557,1.4557,1.4557,1.4557
2000-01-09T00:00:00.000000000+0000,1.4557,1.4557,1.4557,1.4557
2000-01-10T00:00:00.000000000+0000,1.4562,1.4598,1.4525,1.4558
2000-01-11T00:00:00.000000000+0000,1.4553,1.4588,1.4547,1.4564
2000-01-12T00:00:00.000000000+0000,1.4567,1.4576,1.4517,1.4539
2000-01-13T00:00:00.000000000+0000,1.454,1.4541,1.4487,1.4503
2000-01-14T00:00:00.000000000+0000,1.4505,1.4515,1.4453,1.4494
2000-01-15T00:00:00.000000000+0000,1.4494,1.4494,1.4494,1.4494
2000-01-16T00:00:00.000000000+0000,1.4494,1.4494,1.4494,1.4494
2000-01-17T00:00:00.000000000+0000,1.4501,1.4525,1.4487,1.4496
2000-01-18T00:00:00.000000000+0000,1.4492,1.4516,1.4472,1.4496
2000-01-19T00:00:00.000000000+0000,1.4499,1.4532,1.4484,1.4515
2000-01-20T00:00:00.000000000+0000,1.4516,1.4525,1.4435,1.4459
2000-01-21T00:00:00.000000000+0000,1.4462,1.4488,1.4376,1.4407
2000-01-22T00:00:00.000000000+0000,1.4407,1.4407,1.4407,1.4407
2000-01-23T00:00:00.000000000+0000,1.4407,1.4407,1.4407,1.4407
2000-01-24T00:00:00.000000000+0000,1.4399,1.4432,1.4379,1.4426
2000-01-25T00:00:00.000000000+0000,1.4429,1.4441,1.4366,1.4365
2000-01-26T00:00:00.000000000+0000,1.4359,1.4419,1.4359,1.4389
2000-01-27T00:00:00.000000000+0000,1.4394,1.4397,1.432,1.4348
2000-01-28T00:00:00.000000000+0000,1.434,1.4502,1.4325,1.4465
2000-01-29T00:00:00.000000000+0000,1.4465,1.4465,1.4465,1.4465
2000-01-30T00:00:00.000000000+0000,1.4465,1.4465,1.4465,1.4465
2000-01-31T00:00:00.000000000+0000,1.4458,1.4514,1.4443,1.4468
2000-02-01T00:00:00.000000000+0000,1.4473,1.454,1.4444,1.4482
2000-02-02T00:00:00.000000000+0000,1.4483,1.4545,1.4382,1.4376
2000-02-03T00:00:00.000000000+0000,1.4358,1.4434,1.4355,1.4415
2000-02-04T00:00:00.000000000+0000,1.4412,1.4472,1.4398,1.44
2000-02-05T00:00:00.000000000+0000,1.44,1.44,1.44,1.44
2000-02-06T00:00:00.000000000+0000,1.44,1.44,1.44,1.44
2000-02-07T00:00:00.000000000+0000,1.44,1.4483,1.4369,1.448
2000-02-08T00:00:00.000000000+0000,1.4482,1.4504,1.4448,1.4442
2000-02-09T00:00:00.000000000+0000,1.4438,1.4475,1.4413,1.4436
2000-02-10T00:00:00.000000000+0000,1.444,1.4533,1.4437,1.4487
2000-02-11T00:00:00.000000000+0000,1.4476,1.4528,1.445,1.4493
2000-02-12T00:00:00.000000000+0000,1.4493,1.4493,1.4493,1.4493
2000-02-13T00:00:00.000000000+0000,1.4493,1.4493,1.4493,1.4493
2000-02-14T00:00:00.000000000+0000,1.4491,1.4577,1.446,1.4568
2000-02-15T00:00:00.000000000+0000,1.4566,1.4597,1.4552,1.4555
2000-02-16T00:00:00.000000000+0000,1.4555,1.4581,1.4495,1.4525
2000-02-17T00:00:00.000000000+0000,1.4526,1.4542,1.4498,1.4499
2000-02-18T00:00:00.000000000+0000,1.45,1.4517,1.4475,1.4502
2000-02-19T00:00:00.000000000+0000,1.4502,1.4502,1.4502,1.4502
2000-02-20T00:00:00.000000000+0000,1.4502,1.4502,1.4502,1.4502
2000-02-21T00:00:00.000000000+0000,1.4507,1.456,1.4487,1.455
2000-02-22T00:00:00.000000000+0000,1.455,1.4637,1.4543,1.4612
2000-02-23T00:00:00.000000000+0000,1.4618,1.4665,1.4598,1.4595
2000-02-24T00:00:00.000000000+0000,1.4593,1.4636,1.4538,1.4539
2000-02-25T00:00:00.000000000+0000,1.4532,1.4565,1.4479,1.447
2000-02-26T00:00:00.000000000+0000,1.447,1.447,1.447,1.447
2000-02-27T00:00:00.000000000+0000,1.447,1.447,1.447,1.447
2000-02-28T00:00:00.000000000+0000,1.4507,1.4565,1.4477,1.4513
2000-02-29T00:00:00.000000000+0000,1.4512,1.4545,1.4483,1.4503
2000-03-01T00:00:00.000000000+0000,1.4494,1.4535,1.4437,1.4482
2000-03-02T00:00:00.000000000+0000,1.4495,1.4585,1.4464,1.4563
2000-03-03T00:00:00.000000000+0000,1.457,1.458,1.4504,1.4498
2000-03-04T00:00:00.000000000+0000,1.4498,1.4498,1.4498,1.4498
2000-03-05T00:00:00.000000000+0000,1.4498,1.4498,1.4498,1.4498
2000-03-06T00:00:00.000000000+0000,1.4508,1.457,1.449,1.4528
2000-03-07T00:00:00.000000000+0000,1.4529,1.4553,1.4511,1.4542
2000-03-08T00:00:00.000000000+0000,1.4547,1.4617,1.4547,1.4555
2000-03-09T00:00:00.000000000+0000,1.4558,1.4586,1.4545,1.4563
2000-03-10T00:00:00.000000000+0000,1.4564,1.4598,1.4538,1.4572
2000-03-11T00:00:00.000000000+0000,1.4572,1.4572,1.4572,1.4572
2000-03-12T00:00:00.000000000+0000,1.4572,1.4572,1.4572,1.4572
2000-03-13T00:00:00.000000000+0000,1.4575,1.462,1.4555,1.461
2000-03-14T00:00:00.000000000+0000,1.4612,1.4656,1.4595,1.4643
2000-03-15T00:00:00.000000000+0000,1.4645,1.4695,1.4627,1.4669
2000-03-16T00:00:00.000000000+0000,1.467,1.4748,1.4655,1.4728
2000-03-17T00:00:00.000000000+0000,1.4731,1.4772,1.4698,1.4692
2000-03-18T00:00:00.000000000+0000,1.4692,1.4692,1.4692,1.4692
2000-03-19T00:00:00.000000000+0000,1.4692,1.4692,1.4692,1.4692
2000-03-20T00:00:00.000000000+0000,1.4701,1.471,1.4677,1.4684
2000-03-21T00:00:00.000000000+0000,1.4685,1.4724,1.4656,1.4689
2000-03-22T00:00:00.000000000+0000,1.4692,1.472,1.4672,1.4693
2000-03-23T00:00:00.000000000+0000,1.4699,1.4765,1.468,1.4685
2000-03-24T00:00:00.000000000+0000,1.4689,1.4695,1.462,1.4619
2000-03-25T00:00:00.000000000+0000,1.4619,1.4619,1.4619,1.4619
2000-03-26T00:00:00.000000000+0000,1.4619,1.4619,1.4619,1.4619
2000-03-27T00:00:00.000000000+0000,1.4621,1.4635,1.4568,1.4575
2000-03-28T00:00:00.000000000+0000,1.4575,1.4582,1.4523,1.4531
2000-03-29T00:00:00.000000000+0000,1.4533,1.458,1.4523,1.4567
2000-03-30T00:00:00.000000000+0000,1.457,1.4595,1.4543,1.4538
2000-03-31T00:00:00.000000000+0000,1.4546,1.4575,1.4489,1.4487
2000-04-01T00:00:00.000000000+0000,1.4487,1.4487,1.4487,1.4487
2000-04-02T00:00:00.000000000+0000,1.4487,1.4487,1.4487,1.4487
2000-04-03T00:00:00.000000000+0000,1.4489,1.4545,1.4476,1.4499
2000-04-04T00:00:00.000000000+0000,1.45,1.454,1.4475,1.4521
2000-04-05T00:00:00.000000000+0000,1.4517,1.4565,1.4497,1.4504
2000-04-06T00:00:00.000000000+0000,1.4505,1.4534,1.449,1.4528
2000-04-07T00:00:00.000000000+0000,1.4521,1.4585,1.452,1.457
2000-04-08T00:00:00.000000000+0000,1.457,1.457,1.457,1.457
2000-04-09T00:00:00.000000000+0000,1.457,1.457,1.457,1.457
2000-04-10T00:00:00.000000000+0000,1.4571,1.4624,1.4565,1.4621
2000-04-11T00:00:00.000000000+0000,1.4621,1.4647,1.4605,1.463
2000-04-12T00:00:00.000000000+0000,1.4628,1.4661,1.4615,1.4623
2000-04-13T00:00:00.000000000+0000,1.4625,1.4727,1.4591,1.4717
2000-04-14T00:00:00.000000000+0000,1.4709,1.4772,1.4692,1.4764
2000-04-15T00:00:00.000000000+0000,1.4764,1.4764,1.4764,1.4764
2000-04-16T00:00:00.000000000+0000,1.4764,1.4764,1.4764,1.4764
2000-04-17T00:00:00.000000000+0000,1.476,1.4885,1.4758,1.4847
2000-04-18T00:00:00.000000000+0000,1.4834,1.4891,1.4811,1.481
2000-04-19T00:00:00.000000000+0000,1.4812,1.4819,1.4728,1.4755
2000-04-20T00:00:00.000000000+0000,1.4753,1.4775,1.4715,1.474
2000-04-21T00:00:00.000000000+0000,1.474,1.4763,1.4727,1.4744
2000-04-22T00:00:00.000000000+0000,1.4744,1.4744,1.4744,1.4744
2000-04-23T00:00:00.000000000+0000,1.4744,1.4744,1.4744,1.4744
2000-04-24T00:00:00.000000000+0000,1.4736,1.477,1.4721,1.4763
2000-04-25T00:00:00.000000000+0000,1.4756,1.4773,1.4677,1.4675
2000-04-26T00:00:00.000000000+0000,1.4677,1.4782,1.4668,1.4742
2000-04-27T00:00:00.000000000+0000,1.4746,1.4841,1.4741,1.4762
2000-04-28T00:00:00.000000000+0000,1.4762,1.4824,1.4725,1.481
2000-04-29T00:00:00.000000000+0000,1.481,1.481,1.481,1.481
2000-04-30T00:00:00.000000000+0000,1.481,1.481,1.481,1.481
2000-05-01T00:00:00.000000000+0000,1.4797,1.4824,1.4777,1.4782
2000-05-02T00:00:00.000000000+0000,1.4784,1.4872,1.4757,1.4844
2000-05-03T00:00:00.000000000+0000,1.4849,1.4942,1.484,1.4932
2000-05-04T00:00:00.000000000+0000,1.4934,1.4998,1.4909,1.4942
2000-05-05T00:00:00.000000000+0000,1.4941,1.4986,1.49,1.4896
2000-05-06T00:00:00.000000000+0000,1.4896,1.4896,1.4896,1.4896
2000-05-07T00:00:00.000000000+0000,1.4896,1.4896,1.4896,1.4896
2000-05-08T00:00:00.000000000+0000,1.491,1.4933,1.4887,1.4908
2000-05-09T00:00:00.000000000+0000,1.4918,1.4969,1.4901,1.4897
2000-05-10T00:00:00.000000000+0000,1.4901,1.4978,1.4885,1.4922
2000-05-11T00:00:00.000000000+0000,1.4922,1.4966,1.4867,1.487
2000-05-12T00:00:00.000000000+0000,1.4872,1.4895,1.4855,1.4855
2000-05-13T00:00:00.000000000+0000,1.4855,1.4855,1.4855,1.4855
2000-05-14T00:00:00.000000000+0000,1.4855,1.4855,1.4855,1.4855
2000-05-15T00:00:00.000000000+0000,1.4858,1.4909,1.4853,1.4858
2000-05-16T00:00:00.000000000+0000,1.4859,1.4882,1.484,1.4851
2000-05-17T00:00:00.000000000+0000,1.4851,1.4992,1.4851,1.4969
2000-05-18T00:00:00.000000000+0000,1.4967,1.5069,1.4967,1.4985
2000-05-19T00:00:00.000000000+0000,1.4988,1.5029,1.493,1.4999
2000-05-20T00:00:00.000000000+0000,1.4999,1.4999,1.4999,1.4999
2000-05-21T00:00:00.000000000+0000,1.4999,1.4999,1.4999,1.4999
2000-05-22T00:00:00.000000000+0000,1.4964,1.499,1.4947,1.4973
2000-05-23T00:00:00.000000000+0000,1.4972,1.5085,1.4945,1.5068
2000-05-24T00:00:00.000000000+0000,1.5066,1.5123,1.5043,1.5093
2000-05-25T00:00:00.000000000+0000,1.5094,1.514,1.5022,1.5028
2000-05-26T00:00:00.000000000+0000,1.5028,1.5063,1.4985,1.502
2000-05-27T00:00:00.000000000+0000,1.502,1.502,1.502,1.502
2000-05-28T00:00:00.000000000+0000,1.502,1.502,1.502,1.502
2000-05-29T00:00:00.000000000+0000,1.5028,1.5031,1.498,1.4996
2000-05-30T00:00:00.000000000+0000,1.4992,1.5072,1.4989,1.5058
2000-05-31T00:00:00.000000000+0000,1.5057,1.5067,1.4955,1.496
2000-06-01T00:00:00.000000000+0000,1.496,1.4965,1.4883,1.4902
2000-06-02T00:00:00.000000000+0000,1.4902,1.4928,1.4758,1.4753
2000-06-03T00:00:00.000000000+0000,1.4753,1.4753,1.4753,1.4753
2000-06-04T00:00:00.000000000+0000,1.4753,1.4753,1.4753,1.4753
2000-06-05T00:00:00.000000000+0000,1.4765,1.4793,1.4733,1.4788
2000-06-06T00:00:00.000000000+0000,1.4789,1.4795,1.4739,1.476
2000-06-07T00:00:00.000000000+0000,1.4756,1.4801,1.4738,1.479
2000-06-08T00:00:00.000000000+0000,1.4795,1.4812,1.476,1.4768
2000-06-09T00:00:00.000000000+0000,1.4767,1.4785,1.4708,1.4748
2000-06-10T00:00:00.000000000+0000,1.4748,1.4748,1.4748,1.4748
2000-06-11T00:00:00.000000000+0000,1.4748,1.4748,1.4748,1.4748
2000-06-12T00:00:00.000000000+0000,1.474,1.4767,1.473,1.4756
2000-06-13T00:00:00.000000000+0000,1.4757,1.4777,1.4677,1.4677
2000-06-14T00:00:00.000000000+0000,1.4679,1.471,1.4662,1.4676
2000-06-15T00:00:00.000000000+0000,1.4678,1.4775,1.4678,1.4744
2000-06-16T00:00:00.000000000+0000,1.4744,1.4769,1.4657,1.4662
2000-06-17T00:00:00.000000000+0000,1.4662,1.4662,1.4662,1.4662
2000-06-18T00:00:00.000000000+0000,1.4662,1.4662,1.4662,1.4662
2000-06-19T00:00:00.000000000+0000,1.4666,1.47,1.4623,1.4662
2000-06-20T00:00:00.000000000+0000,1.4662,1.472,1.4653,1.4705
2000-06-21T00:00:00.000000000+0000,1.4705,1.475,1.4702,1.4729
2000-06-22T00:00:00.000000000+0000,1.4728,1.4775,1.4717,1.4759
2000-06-23T00:00:00.000000000+0000,1.476,1.4833,1.4744,1.4819
2000-06-24T00:00:00.000000000+0000,1.4819,1.4819,1.4819,1.4819
2000-06-25T00:00:00.000000000+0000,1.4819,1.4819,1.4819,1.4819
2000-06-26T00:00:00.000000000+0000,1.4819,1.4896,1.481,1.4825
2000-06-27T00:00:00.000000000+0000,1.4822,1.4836,1.4798,1.4803
2000-06-28T00:00:00.000000000+0000,1.48,1.4861,1.478,1.478
2000-06-29T00:00:00.000000000+0000,1.478,1.4833,1.4755,1.482
2000-06-30T00:00:00.000000000+0000,1.4822,1.4846,1.4786,1.4807
2000-07-01T00:00:00.000000000+0000,1.4807,1.4807,1.4807,1.4807
2000-07-02T00:00:00.000000000+0000,1.4807,1.4807,1.4807,1.4807
2000-07-03T00:00:00.000000000+0000,1.4786,1.4815,1.4786,1.4792
2000-07-04T00:00:00.000000000+0000,1.481,1.4875,1.4803,1.4875
2000-07-05T00:00:00.000000000+0000,1.4864,1.4922,1.4851,1.4885
2000-07-06T00:00:00.000000000+0000,1.4885,1.4914,1.4829,1.4848
2000-07-07T00:00:00.000000000+0000,1.4851,1.4863,1.4794,1.4796
2000-07-08T00:00:00.000000000+0000,1.4796,1.4796,1.4796,1.4796
2000-07-09T00:00:00.000000000+0000,1.4796,1.4796,1.4796,1.4796
2000-07-10T00:00:00.000000000+0000,1.4808,1.4825,1.4763,1.4779
2000-07-11T00:00:00.000000000+0000,1.4779,1.4808,1.4758,1.4795
2000-07-12T00:00:00.000000000+0000,1.479,1.483,1.4776,1.482
2000-07-13T00:00:00.000000000+0000,1.4815,1.483,1.48,1.4803
2000-07-14T00:00:00.000000000+0000,1.4809,1.4856,1.4803,1.4836
2000-07-15T00:00:00.000000000+0000,1.4836,1.4836,1.4836,1.4836
2000-07-16T00:00:00.000000000+0000,1.4836,1.4836,1.4836,1.4836
2000-07-17T00:00:00.000000000+0000,1.4838,1.4854,1.4805,1.4812
2000-07-18T00:00:00.000000000+0000,1.4813,1.4821,1.4753,1.4757
2000-07-19T00:00:00.000000000+0000,1.476,1.4775,1.4726,1.4761
2000-07-20T00:00:00.000000000+0000,1.4764,1.4792,1.4722,1.4722
2000-07-21T00:00:00.000000000+0000,1.4723,1.475,1.4699,1.4694
2000-07-22T00:00:00.000000000+0000,1.4694,1.4694,1.4694,1.4694
2000-07-23T00:00:00.000000000+0000,1.4694,1.4694,1.4694,1.4694
2000-07-24T00:00:00.000000000+0000,1.4707,1.4722,1.463,1.4648
2000-07-25T00:00:00.000000000+0000,1.4645,1.4694,1.4642,1.466
2000-07-26T00:00:00.000000000+0000,1.4659,1.4691,1.4641,1.4645
2000-07-27T00:00:00.000000000+0000,1.4645,1.4736,1.4643,1.4718
2000-07-28T00:00:00.000000000+0000,1.4717,1.4785,1.4715,1.4777
2000-07-29T00:00:00.000000000+0000,1.4777,1.4777,1.4777,1.4777
2000-07-30T00:00:00.000000000+0000,1.4777,1.4777,1.4777,1.4777
2000-07-31T00:00:00.000000000+0000,1.4772,1.489,1.4772,1.4864
2000-08-01T00:00:00.000000000+0000,1.4862,1.4905,1.4853,1.4863
2000-08-02T00:00:00.000000000+0000,1.4865,1.488,1.4785,1.4791
2000-08-03T00:00:00.000000000+0000,1.4793,1.4853,1.4785,1.4843
2000-08-04T00:00:00.000000000+0000,1.4844,1.4903,1.4795,1.4882
2000-08-05T00:00:00.000000000+0000,1.4882,1.4882,1.4882,1.4882
2000-08-06T00:00:00.000000000+0000,1.4882,1.4882,1.4882,1.4882
2000-08-07T00:00:00.000000000+0000,1.4887,1.4944,1.486,1.4863
2000-08-08T00:00:00.000000000+0000,1.4865,1.4905,1.4845,1.487
2000-08-09T00:00:00.000000000+0000,1.487,1.49,1.4826,1.4826
2000-08-10T00:00:00.000000000+0000,1.4824,1.484,1.4797,1.4822
2000-08-11T00:00:00.000000000+0000,1.4823,1.4847,1.4811,1.4836
2000-08-12T00:00:00.000000000+0000,1.4836,1.4836,1.4836,1.4836
2000-08-13T00:00:00.000000000+0000,1.4836,1.4836,1.4836,1.4836
2000-08-14T00:00:00.000000000+0000,1.4833,1.4862,1.4818,1.4847
2000-08-15T00:00:00.000000000+0000,1.4843,1.4886,1.4837,1.4838
2000-08-16T00:00:00.000000000+0000,1.4838,1.4839,1.476,1.4774
2000-08-17T00:00:00.000000000+0000,1.4775,1.4777,1.4731,1.4744
2000-08-18T00:00:00.000000000+0000,1.4745,1.4769,1.4715,1.4763
2000-08-19T00:00:00.000000000+0000,1.4763,1.4763,1.4763,1.4763
2000-08-20T00:00:00.000000000+0000,1.4763,1.4763,1.4763,1.4763
2000-08-21T00:00:00.000000000+0000,1.4757,1.4785,1.4725,1.4769
2000-08-22T00:00:00.000000000+0000,1.4772,1.4789,1.474,1.4762
2000-08-23T00:00:00.000000000+0000,1.4764,1.4884,1.4764,1.4855
2000-08-24T00:00:00.000000000+0000,1.4852,1.488,1.4829,1.4868
2000-08-25T00:00:00.000000000+0000,1.487,1.4875,1.4807,1.4831
2000-08-26T00:00:00.000000000+0000,1.4831,1.4831,1.4831,1.4831
2000-08-27T00:00:00.000000000+0000,1.4831,1.4831,1.4831,1.4831
2000-08-28T00:00:00.000000000+0000,1.4835,1.4854,1.4823,1.4825
2000-08-29T00:00:00.000000000+0000,1.482,1.4886,1.482,1.4834
2000-08-30T00:00:00.000000000+0000,1.4841,1.4861,1.4762,1.4764
2000-08-31T00:00:00.000000000+0000,1.4765,1.477,1.471,1.4714
2000-09-01T00:00:00.000000000+0000,1.4715,1.4752,1.4689,1.4728
2000-09-02T00:00:00.000000000+0000,1.4728,1.4728,1.4728,1.4728
2000-09-03T00:00:00.000000000+0000,1.4728,1.4728,1.4728,1.4728
2000-09-04T00:00:00.000000000+0000,1.4737,1.4747,1.4716,1.474
2000-09-05T00:00:00.000000000+0000,1.4738,1.4768,1.4729,1.4758
2000-09-06T00:00:00.000000000+0000,1.476,1.4841,1.4742,1.481
2000-09-07T00:00:00.000000000+0000,1.4811,1.4849,1.4761,1.4766
2000-09-08T00:00:00.000000000+0000,1.4771,1.4784,1.475,1.4762
2000-09-09T00:00:00.000000000+0000,1.4762,1.4762,1.4762,1.4762
2000-09-10T00:00:00.000000000+0000,1.4762,1.4762,1.4762,1.4762
2000-09-11T00:00:00.000000000+0000,1.4765,1.4809,1.4761,1.4802
2000-09-12T00:00:00.000000000+0000,1.4803,1.482,1.4783,1.4801
2000-09-13T00:00:00.000000000+0000,1.4802,1.4848,1.4771,1.483
2000-09-14T00:00:00.000000000+0000,1.483,1.4935,1.483,1.4865
2000-09-15T00:00:00.000000000+0000,1.486,1.4887,1.4816,1.4817
2000-09-16T00:00:00.000000000+0000,1.4817,1.4817,1.4817,1.4817
2000-09-17T00:00:00.000000000+0000,1.4817,1.4817,1.4817,1.4817
2000-09-18T00:00:00.000000000+0000,1.4827,1.4903,1.4825,1.4869
2000-09-19T00:00:00.000000000+0000,1.4869,1.4891,1.4818,1.4825
2000-09-20T00:00:00.000000000+0000,1.4825,1.4846,1.4797,1.4845
2000-09-21T00:00:00.000000000+0000,1.4845,1.488,1.4827,1.4877
2000-09-22T00:00:00.000000000+0000,1.4874,1.4921,1.4868,1.4878
2000-09-23T00:00:00.000000000+0000,1.4878,1.4878,1.4878,1.4878
2000-09-24T00:00:00.000000000+0000,1.4878,1.4878,1.4878,1.4878
2000-09-25T00:00:00.000000000+0000,1.4885,1.4915,1.4845,1.486
2000-09-26T00:00:00.000000000+0000,1.4859,1.4892,1.485,1.4859
2000-09-27T00:00:00.000000000+0000,1.4859,1.4973,1.4859,1.4952
2000-09-28T00:00:00.000000000+0000,1.495,1.5042,1.4947,1.4994
2000-09-29T00:00:00.000000000+0000,1.4993,1.5079,1.4993,1.5025
2000-09-30T00:00:00.000000000+0000,1.5025,1.5025,1.5025,1.5025
2000-10-01T00:00:00.000000000+0000,1.5025,1.5025,1.5025,1.5025
2000-10-02T00:00:00.000000000+0000,1.503,1.5112,1.5019,1.5091
2000-10-03T00:00:00.000000000+0000,1.5088,1.5092,1.5034,1.5036
2000-10-04T00:00:00.000000000+0000,1.5038,1.5048,1.4935,1.4939
2000-10-05T00:00:00.000000000+0000,1.4941,1.4995,1.4937,1.4976
2000-10-06T00:00:00.000000000+0000,1.4979,1.5076,1.4923,1.5033
2000-10-07T00:00:00.000000000+0000,1.5033,1.5033,1.5033,1.5033
2000-10-08T00:00:00.000000000+0000,1.5033,1.5033,1.5033,1.5033
2000-10-09T00:00:00.000000000+0000,1.5025,1.5047,1.5,1.5021
2000-10-10T00:00:00.000000000+0000,1.5019,1.5038,1.4987,1.5014
2000-10-11T00:00:00.000000000+0000,1.5012,1.5054,1.4997,1.5046
2000-10-12T00:00:00.000000000+0000,1.5044,1.5172,1.5043,1.5157
2000-10-13T00:00:00.000000000+0000,1.5151,1.5203,1.5057,1.506
2000-10-14T00:00:00.000000000+0000,1.506,1.506,1.506,1.506
2000-10-15T00:00:00.000000000+0000,1.506,1.506,1.506,1.506
2000-10-16T00:00:00.000000000+0000,1.5067,1.52,1.5067,1.5177
2000-10-17T00:00:00.000000000+0000,1.5174,1.5233,1.5133,1.5186
2000-10-18T00:00:00.000000000+0000,1.5184,1.5213,1.5125,1.5168
2000-10-19T00:00:00.000000000+0000,1.5165,1.5168,1.5093,1.5112
2000-10-20T00:00:00.000000000+0000,1.5115,1.515,1.5083,1.5112
2000-10-21T00:00:00.000000000+0000,1.5112,1.5112,1.5112,1.5112
2000-10-22T00:00:00.000000000+0000,1.5112,1.5112,1.5112,1.5112
2000-10-23T00:00:00.000000000+0000,1.5115,1.5141,1.5075,1.5107
2000-10-24T00:00:00.000000000+0000,1.5107,1.5186,1.5094,1.5179
2000-10-25T00:00:00.000000000+0000,1.5019,1.5231,1.5139,1.5172
2000-10-26T00:00:00.000000000+0000,1.5172,1.5261,1.5127,1.5246
2000-10-27T00:00:00.000000000+0000,1.524,1.5295,1.5195,1.529
2000-10-28T00:00:00.000000000+0000,1.529,1.529,1.529,1.529
2000-10-29T00:00:00.000000000+0000,1.529,1.529,1.529,1.529
2000-10-30T00:00:00.000000000+0000,1.5292,1.5318,1.5245,1.531
2000-10-31T00:00:00.000000000+0000,1.5306,1.5322,1.5207,1.523
2000-11-01T00:00:00.000000000+0000,1.523,1.5344,1.5212,1.5338
2000-11-02T00:00:00.000000000+0000,1.5332,1.5389,1.53,1.5309
2000-11-03T00:00:00.000000000+0000,1.5308,1.5358,1.5279,1.5323
2000-11-04T00:00:00.000000000+0000,1.5323,1.5323,1.5323,1.5323
2000-11-05T00:00:00.000000000+0000,1.5323,1.5323,1.5323,1.5323
2000-11-06T00:00:00.000000000+0000,1.5315,1.533,1.5287,1.5302
2000-11-07T00:00:00.000000000+0000,1.5302,1.5343,1.5285,1.5334
2000-11-08T00:00:00.000000000+0000,1.5334,1.5443,1.5322,1.5421
2000-11-09T00:00:00.000000000+0000,1.5424,1.5496,1.539,1.5489
2000-11-10T00:00:00.000000000+0000,1.5472,1.5494,1.5413,1.543
2000-11-11T00:00:00.000000000+0000,1.543,1.543,1.543,1.543
2000-11-12T00:00:00.000000000+0000,1.543,1.543,1.543,1.543
2000-11-13T00:00:00.000000000+0000,1.5425,1.5481,1.5412,1.5448
2000-11-14T00:00:00.000000000+0000,1.5442,1.5464,1.542,1.5451
2000-11-15T00:00:00.000000000+0000,1.5448,1.5535,1.5437,1.5518
2000-11-16T00:00:00.000000000+0000,1.5514,1.5563,1.548,1.5555
2000-11-17T00:00:00.000000000+0000,1.5557,1.5625,1.5528,1.5562
2000-11-18T00:00:00.000000000+0000,1.5562,1.5562,1.5562,1.5562
2000-11-19T00:00:00.000000000+0000,1.5562,1.5562,1.5562,1.5562
2000-11-20T00:00:00.000000000+0000,1.5564,1.5606,1.555,1.5564
2000-11-21T00:00:00.000000000+0000,1.5567,1.5582,1.549,1.5508
2000-11-22T00:00:00.000000000+0000,1.5498,1.5511,1.545,1.545
2000-11-23T00:00:00.000000000+0000,1.546,1.5503,1.5422,1.5443
2000-11-24T00:00:00.000000000+0000,1.544,1.5477,1.537,1.538
2000-11-25T00:00:00.000000000+0000,1.538,1.538,1.538,1.538
2000-11-26T00:00:00.000000000+0000,1.538,1.538,1.538,1.538
2000-11-27T00:00:00.000000000+0000,1.5384,1.5401,1.5335,1.5354
2000-11-28T00:00:00.000000000+0000,1.536,1.539,1.5285,1.5366
2000-11-29T00:00:00.000000000+0000,1.5369,1.5445,1.5344,1.5437
2000-11-30T00:00:00.000000000+0000,1.5438,1.546,1.532,1.5369
2000-12-01T00:00:00.000000000+0000,1.5358,1.5472,1.5288,1.546
2000-12-02T00:00:00.000000000+0000,1.546,1.546,1.546,1.546
2000-12-03T00:00:00.000000000+0000,1.546,1.546,1.546,1.546
2000-12-04T00:00:00.000000000+0000,1.546,1.554,1.5421,1.5424
2000-12-05T00:00:00.000000000+0000,1.5428,1.5467,1.5399,1.542
2000-12-06T00:00:00.000000000+0000,1.5426,1.5436,1.5263,1.5278
2000-12-07T00:00:00.000000000+0000,1.5273,1.5313,1.522,1.5298
2000-12-08T00:00:00.000000000+0000,1.5296,1.5324,1.5145,1.514
2000-12-09T00:00:00.000000000+0000,1.514,1.514,1.514,1.514
2000-12-10T00:00:00.000000000+0000,1.514,1.514,1.514,1.514
2000-12-11T00:00:00.000000000+0000,1.5182,1.5273,1.5162,1.5258
2000-12-12T00:00:00.000000000+0000,1.5258,1.5293,1.522,1.527
2000-12-13T00:00:00.000000000+0000,1.526,1.5288,1.5187,1.5198
2000-12-14T00:00:00.000000000+0000,1.5186,1.5247,1.5128,1.5182
2000-12-15T00:00:00.000000000+0000,1.5172,1.521,1.5153,1.5204
2000-12-16T00:00:00.000000000+0000,1.5204,1.5204,1.5204,1.5204
2000-12-17T00:00:00.000000000+0000,1.5204,1.5204,1.5204,1.5204
2000-12-18T00:00:00.000000000+0000,1.5202,1.5275,1.5197,1.5244
2000-12-19T00:00:00.000000000+0000,1.5251,1.5283,1.5199,1.5228
2000-12-20T00:00:00.000000000+0000,1.5233,1.5271,1.5203,1.5212
2000-12-21T00:00:00.000000000+0000,1.522,1.5248,1.5149,1.5206
2000-12-22T00:00:00.000000000+0000,1.5212,1.5218,1.5155,1.5175
2000-12-23T00:00:00.000000000+0000,1.5175,1.5175,1.5175,1.5175
2000-12-24T00:00:00.000000000+0000,1.5175,1.5175,1.5175,1.5175
2000-12-25T00:00:00.000000000+0000,1.517,1.5195,1.5151,1.5173
2000-12-26T00:00:00.000000000+0000,1.517,1.519,1.5093,1.5102
2000-12-27T00:00:00.000000000+0000,1.51,1.5136,1.5085,1.5108
2000-12-28T00:00:00.000000000+0000,1.51,1.5128,1.4996,1.5001
2000-12-29T00:00:00.000000000+0000,1.5008,1.5035,1.4947,1.4988
2001-01-01T00:00:00.000000000+0000,1.493,1.493,1.493,1.493
2001-01-02T00:00:00.000000000+0000,1.498,1.5016,1.4908,1.493
2001-01-03T00:00:00.000000000+0000,1.4932,1.4996,1.4901,1.4972
2001-01-04T00:00:00.000000000+0000,1.4964,1.5011,1.4913,1.4987
2001-01-05T00:00:00.000000000+0000,1.4985,1.5045,1.4964,1.4982
2001-01-06T00:00:00.000000000+0000,1.4982,1.4982,1.4982,1.4982
2001-01-07T00:00:00.000000000+0000,1.4982,1.4982,1.4982,1.4982
2001-01-08T00:00:00.000000000+0000,1.498,1.4994,1.4925,1.4932
2001-01-09T00:00:00.000000000+0000,1.4934,1.4983,1.4934,1.4935
2001-01-10T00:00:00.000000000+0000,1.4936,1.5031,1.4935,1.5015
2001-01-11T00:00:00.000000000+0000,1.502,1.5025,1.4933,1.494
2001-01-12T00:00:00.000000000+0000,1.494,1.5015,1.4927,1.4997
2001-01-13T00:00:00.000000000+0000,1.4997,1.4997,1.4997,1.4997
2001-01-14T00:00:00.000000000+0000,1.4997,1.4997,1.4997,1.4997
2001-01-15T00:00:00.000000000+0000,1.5002,1.5066,1.4998,1.5029
2001-01-16T00:00:00.000000000+0000,1.5015,1.5072,1.4988,1.5056
2001-01-17T00:00:00.000000000+0000,1.5055,1.5127,1.5047,1.5109
2001-01-18T00:00:00.000000000+0000,1.5114,1.517,1.5085,1.5118
2001-01-19T00:00:00.000000000+0000,1.5114,1.5149,1.5068,1.5108
2001-01-20T00:00:00.000000000+0000,1.5108,1.5108,1.5108,1.5108
2001-01-21T00:00:00.000000000+0000,1.5108,1.5108,1.5108,1.5108
2001-01-22T00:00:00.000000000+0000,1.5109,1.5117,1.5024,1.502
2001-01-23T00:00:00.000000000+0000,1.501,1.5112,1.5005,1.5104
2001-01-24T00:00:00.000000000+0000,1.5105,1.5154,1.509,1.5119
2001-01-25T00:00:00.000000000+0000,1.5121,1.5163,1.5057,1.5063
2001-01-26T00:00:00.000000000+0000,1.5059,1.5078,1.501,1.504
2001-01-27T00:00:00.000000000+0000,1.504,1.504,1.504,1.504
2001-01-28T00:00:00.000000000+0000,1.504,1.504,1.504,1.504
2001-01-29T00:00:00.000000000+0000,1.5055,1.506,1.5002,1.501
2001-01-30T00:00:00.000000000+0000,1.5012,1.5044,1.4973,1.5038
2001-01-31T00:00:00.000000000+0000,1.5034,1.5043,1.4968,1.4974
2001-02-01T00:00:00.000000000+0000,1.4976,1.4998,1.4913,1.494
2001-02-02T00:00:00.000000000+0000,1.4939,1.4972,1.4902,1.4962
2001-02-03T00:00:00.000000000+0000,1.4962,1.4962,1.4962,1.4962
2001-02-04T00:00:00.000000000+0000,1.4962,1.4962,1.4962,1.4962
2001-02-05T00:00:00.000000000+0000,1.4967,1.5078,1.496,1.5065
2001-02-06T00:00:00.000000000+0000,1.5069,1.5116,1.5063,1.5096
2001-02-07T00:00:00.000000000+0000,1.5088,1.5145,1.5079,1.509
2001-02-08T00:00:00.000000000+0000,1.509,1.514,1.5077,1.5097
2001-02-09T00:00:00.000000000+0000,1.5098,1.5114,1.5069,1.5103
2001-02-10T00:00:00.000000000+0000,1.5103,1.5103,1.5103,1.5103
2001-02-11T00:00:00.000000000+0000,1.5103,1.5103,1.5103,1.5103
2001-02-12T00:00:00.000000000+0000,1.5105,1.5223,1.5103,1.5212
2001-02-13T00:00:00.000000000+0000,1.5105,1.5261,1.52,1.5214
2001-02-14T00:00:00.000000000+0000,1.5214,1.5293,1.5195,1.5278
2001-02-15T00:00:00.000000000+0000,1.5274,1.5299,1.5253,1.5294
2001-02-16T00:00:00.000000000+0000,1.5298,1.541,1.5298,1.5396
2001-02-17T00:00:00.000000000+0000,1.5396,1.5396,1.5396,1.5396
2001-02-18T00:00:00.000000000+0000,1.5396,1.5396,1.5396,1.5396
2001-02-19T00:00:00.000000000+0000,1.5397,1.5431,1.5328,1.5332
2001-02-20T00:00:00.000000000+0000,1.5341,1.5405,1.5331,1.5398
2001-02-21T00:00:00.000000000+0000,1.5341,1.5421,1.5345,1.536
2001-02-22T00:00:00.000000000+0000,1.5356,1.5397,1.5345,1.539
2001-02-23T00:00:00.000000000+0000,1.5387,1.5393,1.5365,1.5365
2001-02-24T00:00:00.000000000+0000,1.5365,1.5365,1.5365,1.5365
2001-02-25T00:00:00.000000000+0000,1.5365,1.5365,1.5365,1.5365
2001-02-26T00:00:00.000000000+0000,1.5366,1.5372,1.5273,1.5273
2001-02-27T00:00:00.000000000+0000,1.5273,1.5312,1.5249,1.529
2001-02-28T00:00:00.000000000+0000,1.5288,1.5382,1.5263,1.5372
2001-03-01T00:00:00.000000000+0000,1.5364,1.5492,1.5358,1.5468
2001-03-02T00:00:00.000000000+0000,1.5471,1.5495,1.5419,1.5449
2001-03-03T00:00:00.000000000+0000,1.5449,1.5449,1.5449,1.5449
2001-03-04T00:00:00.000000000+0000,1.5449,1.5449,1.5449,1.5449
2001-03-05T00:00:00.000000000+0000,1.5438,1.5484,1.5415,1.5462
2001-03-06T00:00:00.000000000+0000,1.5456,1.546,1.5369,1.5382
2001-03-07T00:00:00.000000000+0000,1.5382,1.5506,1.5379,1.5488
2001-03-08T00:00:00.000000000+0000,1.549,1.5519,1.5453,1.5456
2001-03-09T00:00:00.000000000+0000,1.5458,1.5493,1.5444,1.5467
2001-03-10T00:00:00.000000000+0000,1.5467,1.5467,1.5467,1.5467
2001-03-11T00:00:00.000000000+0000,1.5467,1.5467,1.5467,1.5467
2001-03-12T00:00:00.000000000+0000,1.5463,1.5519,1.5443,1.5508
2001-03-13T00:00:00.000000000+0000,1.5506,1.553,1.5419,1.5426
2001-03-14T00:00:00.000000000+0000,1.5432,1.5592,1.5417,1.5565
2001-03-15T00:00:00.000000000+0000,1.5432,1.5615,1.5552,1.5596
2001-03-16T00:00:00.000000000+0000,1.5593,1.569,1.5585,1.5676
2001-03-17T00:00:00.000000000+0000,1.5676,1.5676,1.5676,1.5676
2001-03-18T00:00:00.000000000+0000,1.5676,1.5676,1.5676,1.5676
2001-03-19T00:00:00.000000000+0000,1.5684,1.5707,1.5635,1.5662
2001-03-20T00:00:00.000000000+0000,1.5662,1.5671,1.5583,1.5662
2001-03-21T00:00:00.000000000+0000,1.5666,1.5768,1.565,1.5742
2001-03-22T00:00:00.000000000+0000,1.5743,1.5755,1.5685,1.5698
2001-03-23T00:00:00.000000000+0000,1.5696,1.5715,1.5637,1.564
2001-03-24T00:00:00.000000000+0000,1.564,1.564,1.564,1.564
2001-03-25T00:00:00.000000000+0000,1.564,1.564,1.564,1.564
2001-03-26T00:00:00.000000000+0000,1.564,1.5666,1.5535,1.5569
2001-03-27T00:00:00.000000000+0000,1.5576,1.5695,1.5553,1.5691
2001-03-28T00:00:00.000000000+0000,1.57,1.5731,1.5623,1.5648
2001-03-29T00:00:00.000000000+0000,1.5647,1.5748,1.5637,1.572
2001-03-30T00:00:00.000000000+0000,1.5723,1.5792,1.5703,1.5758
2001-03-31T00:00:00.000000000+0000,1.5758,1.5758,1.5758,1.5758
2001-04-01T00:00:00.000000000+0000,1.5758,1.5758,1.5758,1.5758
2001-04-02T00:00:00.000000000+0000,1.5762,1.581,1.5723,1.5804
2001-04-03T00:00:00.000000000+0000,1.5804,1.5824,1.5747,1.5752
2001-04-04T00:00:00.000000000+0000,1.5754,1.577,1.5667,1.5737
2001-04-05T00:00:00.000000000+0000,1.5746,1.5804,1.5701,1.5732
2001-04-06T00:00:00.000000000+0000,1.5733,1.575,1.5605,1.564
2001-04-07T00:00:00.000000000+0000,1.564,1.564,1.564,1.564
2001-04-08T00:00:00.000000000+0000,1.564,1.564,1.564,1.564
2001-04-09T00:00:00.000000000+0000,1.5637,1.5655,1.562,1.564
2001-04-10T00:00:00.000000000+0000,1.5641,1.5656,1.554,1.5554
2001-04-11T00:00:00.000000000+0000,1.5544,1.5635,1.5544,1.5607
2001-04-12T00:00:00.000000000+0000,1.5608,1.5632,1.5561,1.5623
2001-04-13T00:00:00.000000000+0000,1.563,1.5637,1.5608,1.5627
2001-04-14T00:00:00.000000000+0000,1.5627,1.5627,1.5627,1.5627
2001-04-15T00:00:00.000000000+0000,1.5627,1.5627,1.5627,1.5627
2001-04-16T00:00:00.000000000+0000,1.5623,1.5648,1.56,1.561
2001-04-17T00:00:00.000000000+0000,1.5611,1.5643,1.5548,1.564
2001-04-18T00:00:00.000000000+0000,1.5632,1.574,1.561,1.565
2001-04-19T00:00:00.000000000+0000,1.5649,1.5657,1.546,1.5488
2001-04-20T00:00:00.000000000+0000,1.5491,1.55,1.5423,1.5435
2001-04-21T00:00:00.000000000+0000,1.5435,1.5435,1.5435,1.5435
2001-04-22T00:00:00.000000000+0000,1.5435,1.5435,1.5435,1.5435
2001-04-23T00:00:00.000000000+0000,1.5445,1.5504,1.5425,1.5482
2001-04-24T00:00:00.000000000+0000,1.5479,1.5523,1.5453,1.5455
2001-04-25T00:00:00.000000000+0000,1.5457,1.552,1.5395,1.548
2001-04-26T00:00:00.000000000+0000,1.5479,1.5496,1.5419,1.5422
2001-04-27T00:00:00.000000000+0000,1.5426,1.5465,1.5395,1.542
2001-04-28T00:00:00.000000000+0000,1.542,1.542,1.542,1.542
2001-04-29T00:00:00.000000000+0000,1.542,1.542,1.542,1.542
2001-04-30T00:00:00.000000000+0000,1.5423,1.5439,1.5348,1.5346
2001-05-01T00:00:00.000000000+0000,1.5346,1.537,1.5307,1.5316
2001-05-02T00:00:00.000000000+0000,1.5312,1.5335,1.5289,1.5317
2001-05-03T00:00:00.000000000+0000,1.5312,1.5352,1.5297,1.5325
2001-05-04T00:00:00.000000000+0000,1.5327,1.5353,1.5273,1.5348
2001-05-05T00:00:00.000000000+0000,1.5348,1.5348,1.5348,1.5348
2001-05-06T00:00:00.000000000+0000,1.5348,1.5348,1.5348,1.5348
2001-05-07T00:00:00.000000000+0000,1.5355,1.5423,1.5325,1.5418
2001-05-08T00:00:00.000000000+0000,1.542,1.5469,1.5403,1.5423
2001-05-09T00:00:00.000000000+0000,1.543,1.5451,1.5377,1.5381
2001-05-10T00:00:00.000000000+0000,1.543,1.5435,1.537,1.5426
2001-05-11T00:00:00.000000000+0000,1.5428,1.5518,1.5383,1.5505
2001-05-12T00:00:00.000000000+0000,1.5505,1.5505,1.5505,1.5505
2001-05-13T00:00:00.000000000+0000,1.5505,1.5505,1.5505,1.5505
2001-05-14T00:00:00.000000000+0000,1.5498,1.5542,1.5485,1.552
2001-05-15T00:00:00.000000000+0000,1.5524,1.5558,1.5453,1.5449
2001-05-16T00:00:00.000000000+0000,1.5454,1.5475,1.5369,1.5386
2001-05-17T00:00:00.000000000+0000,1.5387,1.5396,1.5337,1.5354
2001-05-18T00:00:00.000000000+0000,1.5355,1.539,1.5317,1.5328
2001-05-19T00:00:00.000000000+0000,1.5328,1.5328,1.5328,1.5328
2001-05-20T00:00:00.000000000+0000,1.5328,1.5328,1.5328,1.5328
2001-05-21T00:00:00.000000000+0000,1.532,1.5377,1.5315,1.5369
2001-05-22T00:00:00.000000000+0000,1.536,1.5437,1.5355,1.54
2001-05-23T00:00:00.000000000+0000,1.54,1.5534,1.54,1.5508
2001-05-24T00:00:00.000000000+0000,1.5503,1.5525,1.5455,1.5462
2001-05-25T00:00:00.000000000+0000,1.5463,1.5492,1.541,1.5451
2001-05-26T00:00:00.000000000+0000,1.5451,1.5451,1.5451,1.5451
2001-05-27T00:00:00.000000000+0000,1.5451,1.5451,1.5451,1.5451
2001-05-28T00:00:00.000000000+0000,1.5448,1.547,1.542,1.5433
2001-05-29T00:00:00.000000000+0000,1.5434,1.5487,1.5343,1.5354
2001-05-30T00:00:00.000000000+0000,1.536,1.5467,1.5353,1.5428
2001-05-31T00:00:00.000000000+0000,1.5427,1.5508,1.5365,1.537
2001-06-01T00:00:00.000000000+0000,1.5371,1.5384,1.5295,1.5357
2001-06-02T00:00:00.000000000+0000,1.5357,1.5357,1.5357,1.5357
2001-06-03T00:00:00.000000000+0000,1.5357,1.5357,1.5357,1.5357
2001-06-04T00:00:00.000000000+0000,1.5348,1.5372,1.5295,1.5358
2001-06-05T00:00:00.000000000+0000,1.5354,1.5383,1.5287,1.5302
2001-06-06T00:00:00.000000000+0000,1.5306,1.5318,1.5233,1.5233
2001-06-07T00:00:00.000000000+0000,1.5237,1.5245,1.5195,1.521
2001-06-08T00:00:00.000000000+0000,1.5212,1.5225,1.5177,1.518
2001-06-09T00:00:00.000000000+0000,1.518,1.518,1.518,1.518
2001-06-10T00:00:00.000000000+0000,1.518,1.518,1.518,1.518
2001-06-11T00:00:00.000000000+0000,1.5188,1.5206,1.5154,1.5187
2001-06-12T00:00:00.000000000+0000,1.5188,1.5273,1.5185,1.523
2001-06-13T00:00:00.000000000+0000,1.5231,1.5262,1.5155,1.5166
2001-06-14T00:00:00.000000000+0000,1.5169,1.5236,1.5142,1.5196
2001-06-15T00:00:00.000000000+0000,1.5194,1.5294,1.5189,1.5236
2001-06-16T00:00:00.000000000+0000,1.5236,1.5236,1.5236,1.5236
2001-06-17T00:00:00.000000000+0000,1.5236,1.5236,1.5236,1.5236
2001-06-18T00:00:00.000000000+0000,1.5237,1.5352,1.5237,1.5342
2001-06-19T00:00:00.000000000+0000,1.534,1.536,1.5308,1.5344
2001-06-20T00:00:00.000000000+0000,1.5339,1.5374,1.5298,1.533
2001-06-21T00:00:00.000000000+0000,1.5328,1.534,1.522,1.5226
2001-06-22T00:00:00.000000000+0000,1.5229,1.5298,1.522,1.5223
2001-06-23T00:00:00.000000000+0000,1.5223,1.5223,1.5223,1.5223
2001-06-24T00:00:00.000000000+0000,1.5223,1.5223,1.5223,1.5223
2001-06-25T00:00:00.000000000+0000,1.522,1.523,1.5152,1.5172
2001-06-26T00:00:00.000000000+0000,1.517,1.5201,1.513,1.517
2001-06-27T00:00:00.000000000+0000,1.5171,1.5187,1.5103,1.5166
2001-06-28T00:00:00.000000000+0000,1.5167,1.5267,1.5134,1.5231
2001-06-29T00:00:00.000000000+0000,1.5225,1.5246,1.5126,1.515
2001-06-30T00:00:00.000000000+0000,1.515,1.515,1.515,1.515
2001-07-01T00:00:00.000000000+0000,1.515,1.515,1.515,1.515
2001-07-02T00:00:00.000000000+0000,1.5137,1.5164,1.5129,1.5136
2001-07-03T00:00:00.000000000+0000,1.5142,1.5156,1.507,1.5106
2001-07-04T00:00:00.000000000+0000,1.5114,1.512,1.5076,1.5111
2001-07-05T00:00:00.000000000+0000,1.5105,1.514,1.5076,1.5127
2001-07-06T00:00:00.000000000+0000,1.5132,1.5233,1.5097,1.522
2001-07-07T00:00:00.000000000+0000,1.522,1.522,1.522,1.522
2001-07-08T00:00:00.000000000+0000,1.522,1.522,1.522,1.522
2001-07-09T00:00:00.000000000+0000,1.5225,1.5232,1.5174,1.5206
2001-07-10T00:00:00.000000000+0000,1.5206,1.5236,1.5186,1.5193
2001-07-11T00:00:00.000000000+0000,1.5193,1.529,1.5183,1.526
2001-07-12T00:00:00.000000000+0000,1.5262,1.53,1.5235,1.5294
2001-07-13T00:00:00.000000000+0000,1.5328,1.5412,1.5302,1.5362
2001-07-14T00:00:00.000000000+0000,1.5362,1.5362,1.5362,1.5362
2001-07-15T00:00:00.000000000+0000,1.5362,1.5362,1.5362,1.5362
2001-07-16T00:00:00.000000000+0000,1.5363,1.5425,1.5363,1.5378
2001-07-17T00:00:00.000000000+0000,1.5367,1.5411,1.5347,1.5383
2001-07-18T00:00:00.000000000+0000,1.5378,1.5416,1.5326,1.537
2001-07-19T00:00:00.000000000+0000,1.5374,1.544,1.5354,1.5404
2001-07-20T00:00:00.000000000+0000,1.5408,1.5474,1.5385,1.5429
2001-07-21T00:00:00.000000000+0000,1.5429,1.5429,1.5429,1.5429
2001-07-22T00:00:00.000000000+0000,1.5429,1.5429,1.5429,1.5429
2001-07-23T00:00:00.000000000+0000,1.5423,1.5466,1.5417,1.5441
2001-07-24T00:00:00.000000000+0000,1.5436,1.5443,1.5377,1.5395
2001-07-25T00:00:00.000000000+0000,1.54,1.5408,1.5355,1.5367
2001-07-26T00:00:00.000000000+0000,1.5367,1.5384,1.5313,1.5331
2001-07-27T00:00:00.000000000+0000,1.533,1.5368,1.5294,1.5308
2001-07-28T00:00:00.000000000+0000,1.5308,1.5308,1.5308,1.5308
2001-07-29T00:00:00.000000000+0000,1.5308,1.5308,1.5308,1.5308
2001-07-30T00:00:00.000000000+0000,1.5318,1.5344,1.5289,1.5292
2001-07-31T00:00:00.000000000+0000,1.5294,1.5342,1.5251,1.5331
2001-08-01T00:00:00.000000000+0000,1.5328,1.538,1.5328,1.5357
2001-08-02T00:00:00.000000000+0000,1.5356,1.5415,1.533,1.5346
2001-08-03T00:00:00.000000000+0000,1.534,1.5364,1.5289,1.5285
2001-08-04T00:00:00.000000000+0000,1.5285,1.5285,1.5285,1.5285
2001-08-05T00:00:00.000000000+0000,1.5285,1.5285,1.5285,1.5285
2001-08-06T00:00:00.000000000+0000,1.5286,1.5309,1.5234,1.525
2001-08-07T00:00:00.000000000+0000,1.5255,1.5358,1.5251,1.5351
2001-08-08T00:00:00.000000000+0000,1.5348,1.5362,1.5306,1.5341
2001-08-09T00:00:00.000000000+0000,1.5333,1.5406,1.5329,1.5386
2001-08-10T00:00:00.000000000+0000,1.5386,1.5436,1.5375,1.5385
2001-08-11T00:00:00.000000000+0000,1.5385,1.5385,1.5385,1.5385
2001-08-12T00:00:00.000000000+0000,1.5385,1.5385,1.5385,1.5385
2001-08-13T00:00:00.000000000+0000,1.5388,1.54,1.5371,1.5378
2001-08-14T00:00:00.000000000+0000,1.538,1.5416,1.5355,1.5355
2001-08-15T00:00:00.000000000+0000,1.5357,1.5368,1.5259,1.5272
2001-08-16T00:00:00.000000000+0000,1.5278,1.5392,1.5245,1.5372
2001-08-17T00:00:00.000000000+0000,1.5373,1.5443,1.5348,1.5412
2001-08-18T00:00:00.000000000+0000,1.5412,1.5412,1.5412,1.5412
2001-08-19T00:00:00.000000000+0000,1.5412,1.5412,1.5412,1.5412
2001-08-20T00:00:00.000000000+0000,1.5427,1.5471,1.5421,1.5446
2001-08-21T00:00:00.000000000+0000,1.5441,1.5503,1.5435,1.5475
2001-08-22T00:00:00.000000000+0000,1.5477,1.5495,1.5411,1.5413
2001-08-23T00:00:00.000000000+0000,1.5416,1.5433,1.5397,1.5396
2001-08-24T00:00:00.000000000+0000,1.54,1.542,1.5376,1.5387
2001-08-25T00:00:00.000000000+0000,1.5387,1.5387,1.5387,1.5387
2001-08-26T00:00:00.000000000+0000,1.5387,1.5387,1.5387,1.5387
2001-08-27T00:00:00.000000000+0000,1.5388,1.5437,1.5388,1.5395
2001-08-28T00:00:00.000000000+0000,1.5403,1.5439,1.538,1.5386
2001-08-29T00:00:00.000000000+0000,1.5386,1.5465,1.5379,1.5448
2001-08-30T00:00:00.000000000+0000,1.5449,1.5471,1.5437,1.5445
2001-08-31T00:00:00.000000000+0000,1.5445,1.5516,1.5419,1.5508
2001-09-01T00:00:00.000000000+0000,1.5508,1.5508,1.5508,1.5508
2001-09-02T00:00:00.000000000+0000,1.5508,1.5508,1.5508,1.5508
2001-09-03T00:00:00.000000000+0000,1.55,1.5519,1.5487,1.5507
2001-09-04T00:00:00.000000000+0000,1.5509,1.561,1.546,1.558
2001-09-05T00:00:00.000000000+0000,1.5581,1.5636,1.5553,1.5559
2001-09-06T00:00:00.000000000+0000,1.556,1.56,1.5542,1.5572
2001-09-07T00:00:00.000000000+0000,1.557,1.5683,1.5563,1.5651
2001-09-08T00:00:00.000000000+0000,1.5651,1.5651,1.5651,1.5651
2001-09-09T00:00:00.000000000+0000,1.5651,1.5651,1.5651,1.5651
2001-09-10T00:00:00.000000000+0000,1.5655,1.5697,1.562,1.5625
2001-09-11T00:00:00.000000000+0000,1.5627,1.5725,1.5589,1.564
2001-09-12T00:00:00.000000000+0000,1.564,1.5661,1.5553,1.5623
2001-09-13T00:00:00.000000000+0000,1.5625,1.569,1.5588,1.566
2001-09-14T00:00:00.000000000+0000,1.5656,1.5703,1.5633,1.5636
2001-09-15T00:00:00.000000000+0000,1.5636,1.5636,1.5636,1.5636
2001-09-16T00:00:00.000000000+0000,1.5636,1.5636,1.5636,1.5636
2001-09-17T00:00:00.000000000+0000,1.5631,1.5721,1.5631,1.5694
2001-09-18T00:00:00.000000000+0000,1.5692,1.5735,1.568,1.5722
2001-09-19T00:00:00.000000000+0000,1.5722,1.5737,1.5664,1.5692
2001-09-20T00:00:00.000000000+0000,1.5693,1.5727,1.5662,1.5706
2001-09-21T00:00:00.000000000+0000,1.5709,1.5718,1.5626,1.571
2001-09-22T00:00:00.000000000+0000,1.571,1.571,1.571,1.571
2001-09-23T00:00:00.000000000+0000,1.571,1.571,1.571,1.571
2001-09-24T00:00:00.000000000+0000,1.5707,1.573,1.5669,1.5701
2001-09-25T00:00:00.000000000+0000,1.5702,1.5716,1.566,1.5696
2001-09-26T00:00:00.000000000+0000,1.5701,1.5749,1.5695,1.5717
2001-09-27T00:00:00.000000000+0000,1.5716,1.5794,1.5715,1.5785
2001-09-28T00:00:00.000000000+0000,1.5774,1.5809,1.5755,1.5787
2001-09-29T00:00:00.000000000+0000,1.5787,1.5787,1.5787,1.5787
2001-09-30T00:00:00.000000000+0000,1.5787,1.5787,1.5787,1.5787
2001-10-01T00:00:00.000000000+0000,1.5787,1.5797,1.5721,1.5723
2001-10-02T00:00:00.000000000+0000,1.5731,1.575,1.5669,1.5672
2001-10-03T00:00:00.000000000+0000,1.5675,1.5695,1.566,1.5686
2001-10-04T00:00:00.000000000+0000,1.5681,1.5694,1.5652,1.5685
2001-10-05T00:00:00.000000000+0000,1.5688,1.5716,1.561,1.5615
2001-10-06T00:00:00.000000000+0000,1.5615,1.5615,1.5615,1.5615
2001-10-07T00:00:00.000000000+0000,1.5615,1.5615,1.5615,1.5615
2001-10-08T00:00:00.000000000+0000,1.5623,1.5639,1.56,1.5609
2001-10-09T00:00:00.000000000+0000,1.5606,1.5671,1.5579,1.5649
2001-10-10T00:00:00.000000000+0000,1.5658,1.5691,1.5621,1.5672
2001-10-11T00:00:00.000000000+0000,1.5675,1.57,1.5636,1.5643
2001-10-12T00:00:00.000000000+0000,1.5649,1.5687,1.5612,1.5617
2001-10-13T00:00:00.000000000+0000,1.5617,1.5617,1.5617,1.5617
2001-10-14T00:00:00.000000000+0000,1.5617,1.5617,1.5617,1.5617
2001-10-15T00:00:00.000000000+0000,1.5619,1.5629,1.5557,1.5573
2001-10-16T00:00:00.000000000+0000,1.5577,1.5657,1.5574,1.5648
2001-10-17T00:00:00.000000000+0000,1.5649,1.5706,1.563,1.57
2001-10-18T00:00:00.000000000+0000,1.5702,1.5798,1.569,1.5778
2001-10-19T00:00:00.000000000+0000,1.5779,1.5787,1.5739,1.5739
2001-10-20T00:00:00.000000000+0000,1.5739,1.5739,1.5739,1.5739
2001-10-21T00:00:00.000000000+0000,1.5739,1.5739,1.5739,1.5739
2001-10-22T00:00:00.000000000+0000,1.5752,1.5804,1.5742,1.5779
2001-10-23T00:00:00.000000000+0000,1.5779,1.5801,1.5699,1.5721
2001-10-24T00:00:00.000000000+0000,1.5719,1.5771,1.5705,1.5737
2001-10-25T00:00:00.000000000+0000,1.5737,1.5782,1.5728,1.5733
2001-10-26T00:00:00.000000000+0000,1.5731,1.5783,1.5731,1.576
2001-10-27T00:00:00.000000000+0000,1.576,1.576,1.576,1.576
2001-10-28T00:00:00.000000000+0000,1.576,1.576,1.576,1.576
2001-10-29T00:00:00.000000000+0000,1.576,1.5775,1.5735,1.5749
2001-10-30T00:00:00.000000000+0000,1.5735,1.5797,1.5735,1.5773
2001-10-31T00:00:00.000000000+0000,1.5789,1.5887,1.5783,1.5887
2001-11-01T00:00:00.000000000+0000,1.5878,1.5958,1.5878,1.5954
2001-11-02T00:00:00.000000000+0000,1.5941,1.597,1.5899,1.5912
2001-11-03T00:00:00.000000000+0000,1.5912,1.5912,1.5912,1.5912
2001-11-04T00:00:00.000000000+0000,1.5912,1.5912,1.5912,1.5912
2001-11-05T00:00:00.000000000+0000,1.5906,1.5961,1.5896,1.5929
2001-11-06T00:00:00.000000000+0000,1.5925,1.5965,1.5894,1.592
2001-11-07T00:00:00.000000000+0000,1.5926,1.5992,1.5892,1.5972
2001-11-08T00:00:00.000000000+0000,1.5967,1.5992,1.5951,1.5987
2001-11-09T00:00:00.000000000+0000,1.5988,1.605,1.5973,1.6026
2001-11-10T00:00:00.000000000+0000,1.6026,1.6026,1.6026,1.6026
2001-11-11T00:00:00.000000000+0000,1.6026,1.6026,1.6026,1.6026
2001-11-12T00:00:00.000000000+0000,1.6023,1.6046,1.6013,1.6028
2001-11-13T00:00:00.000000000+0000,1.6032,1.6044,1.5933,1.5933
2001-11-14T00:00:00.000000000+0000,1.5928,1.5943,1.5879,1.5918
2001-11-15T00:00:00.000000000+0000,1.5918,1.5925,1.5859,1.5873
2001-11-16T00:00:00.000000000+0000,1.5902,1.5926,1.5865,1.5894
2001-11-17T00:00:00.000000000+0000,1.5894,1.5894,1.5894,1.5894
2001-11-18T00:00:00.000000000+0000,1.5894,1.5894,1.5894,1.5894
2001-11-19T00:00:00.000000000+0000,1.5883,1.59,1.5827,1.588
2001-11-20T00:00:00.000000000+0000,1.5903,1.596,1.5899,1.5943
2001-11-21T00:00:00.000000000+0000,1.5939,1.6024,1.5939,1.6002
2001-11-22T00:00:00.000000000+0000,1.602,1.6025,1.5988,1.5996
2001-11-23T00:00:00.000000000+0000,1.5987,1.6008,1.5962,1.5984
2001-11-24T00:00:00.000000000+0000,1.5984,1.5984,1.5984,1.5984
2001-11-25T00:00:00.000000000+0000,1.5984,1.5984,1.5984,1.5984
2001-11-26T00:00:00.000000000+0000,1.5991,1.6017,1.5975,1.5993
2001-11-27T00:00:00.000000000+0000,1.5987,1.5996,1.5915,1.593
2001-11-28T00:00:00.000000000+0000,1.5929,1.5943,1.5831,1.5838
2001-11-29T00:00:00.000000000+0000,1.5844,1.5846,1.5792,1.5806
2001-11-30T00:00:00.000000000+0000,1.5791,1.5796,1.5701,1.5726
2001-12-01T00:00:00.000000000+0000,1.5726,1.5726,1.5726,1.5726
2001-12-02T00:00:00.000000000+0000,1.5726,1.5726,1.5726,1.5726
2001-12-03T00:00:00.000000000+0000,1.5728,1.5777,1.571,1.5763
2001-12-04T00:00:00.000000000+0000,1.5761,1.5775,1.5697,1.571
2001-12-05T00:00:00.000000000+0000,1.5712,1.5763,1.57,1.5756
2001-12-06T00:00:00.000000000+0000,1.5739,1.5773,1.571,1.573
2001-12-07T00:00:00.000000000+0000,1.5729,1.577,1.5715,1.5748
2001-12-08T00:00:00.000000000+0000,1.5748,1.5748,1.5748,1.5748
2001-12-09T00:00:00.000000000+0000,1.5748,1.5748,1.5748,1.5748
2001-12-10T00:00:00.000000000+0000,1.5745,1.5794,1.5741,1.5779
2001-12-11T00:00:00.000000000+0000,1.5777,1.5786,1.5717,1.572
2001-12-12T00:00:00.000000000+0000,1.5713,1.5725,1.564,1.5665
2001-12-13T00:00:00.000000000+0000,1.5657,1.5714,1.5645,1.5714
2001-12-14T00:00:00.000000000+0000,1.5703,1.5706,1.5586,1.561
2001-12-15T00:00:00.000000000+0000,1.561,1.561,1.561,1.561
2001-12-16T00:00:00.000000000+0000,1.561,1.561,1.561,1.561
2001-12-17T00:00:00.000000000+0000,1.5587,1.5691,1.5585,1.5683
2001-12-18T00:00:00.000000000+0000,1.5685,1.575,1.5659,1.5742
2001-12-19T00:00:00.000000000+0000,1.574,1.5774,1.5722,1.5751
2001-12-20T00:00:00.000000000+0000,1.5748,1.5796,1.574,1.5786
2001-12-21T00:00:00.000000000+0000,1.5786,1.5858,1.5786,1.5853
2001-12-22T00:00:00.000000000+0000,1.5853,1.5853,1.5853,1.5853
2001-12-23T00:00:00.000000000+0000,1.5853,1.5853,1.5853,1.5853
2001-12-24T00:00:00.000000000+0000,1.585,1.6052,1.5849,1.593
2001-12-25T00:00:00.000000000+0000,1.5933,1.5959,1.5887,1.5945
2001-12-26T00:00:00.000000000+0000,1.5949,1.6016,1.5938,1.6009
2001-12-27T00:00:00.000000000+0000,1.6007,1.604,1.5928,1.5978
2001-12-28T00:00:00.000000000+0000,1.5974,1.5987,1.5895,1.5908
2001-12-29T00:00:00.000000000+0000,1.5908,1.5908,1.5908,1.5908
2001-12-30T00:00:00.000000000+0000,1.5908,1.5908,1.5908,1.5908
2001-12-31T00:00:00.000000000+0000,1.5897,1.5976,1.5888,1.5928
2002-01-01T00:00:00.000000000+0000,1.5968,1.5968,1.5968,1.5968
2002-01-02T00:00:00.000000000+0000,1.5923,1.5993,1.5908,1.5968
2002-01-03T00:00:00.000000000+0000,1.5967,1.5984,1.5916,1.5981
2002-01-04T00:00:00.000000000+0000,1.5978,1.5991,1.5948,1.5956
2002-01-05T00:00:00.000000000+0000,1.5956,1.5956,1.5956,1.5956
2002-01-06T00:00:00.000000000+0000,1.5956,1.5956,1.5956,1.5956
2002-01-07T00:00:00.000000000+0000,1.5947,1.6007,1.5932,1.5981
2002-01-08T00:00:00.000000000+0000,1.5972,1.6022,1.5937,1.5958
2002-01-09T00:00:00.000000000+0000,1.5955,1.5975,1.5935,1.5968
2002-01-10T00:00:00.000000000+0000,1.5965,1.6046,1.5962,1.5975
2002-01-11T00:00:00.000000000+0000,1.5971,1.6017,1.5949,1.5955
2002-01-12T00:00:00.000000000+0000,1.5955,1.5955,1.5955,1.5955
2002-01-13T00:00:00.000000000+0000,1.5955,1.5955,1.5955,1.5955
2002-01-14T00:00:00.000000000+0000,1.5954,1.5982,1.5942,1.5942
2002-01-15T00:00:00.000000000+0000,1.5945,1.5949,1.5868,1.5885
2002-01-16T00:00:00.000000000+0000,1.5882,1.5993,1.5878,1.599
2002-01-17T00:00:00.000000000+0000,1.5982,1.6165,1.5978,1.6105
2002-01-18T00:00:00.000000000+0000,1.612,1.6154,1.6099,1.6138
2002-01-19T00:00:00.000000000+0000,1.6138,1.6138,1.6138,1.6138
2002-01-20T00:00:00.000000000+0000,1.6138,1.6138,1.6138,1.6138
2002-01-21T00:00:00.000000000+0000,1.617,1.6184,1.6097,1.611
2002-01-22T00:00:00.000000000+0000,1.6112,1.6142,1.607,1.6088
2002-01-23T00:00:00.000000000+0000,1.6093,1.6113,1.601,1.6016
2002-01-24T00:00:00.000000000+0000,1.6001,1.6039,1.5993,1.6036
2002-01-25T00:00:00.000000000+0000,1.6029,1.6122,1.6022,1.6104
2002-01-26T00:00:00.000000000+0000,1.6104,1.6104,1.6104,1.6104
2002-01-27T00:00:00.000000000+0000,1.6104,1.6104,1.6104,1.6104
2002-01-28T00:00:00.000000000+0000,1.6113,1.6134,1.5982,1.5994
2002-01-29T00:00:00.000000000+0000,1.5975,1.5992,1.5841,1.594
2002-01-30T00:00:00.000000000+0000,1.5932,1.595,1.5862,1.5872
2002-01-31T00:00:00.000000000+0000,1.5874,1.5952,1.5832,1.5883
2002-02-01T00:00:00.000000000+0000,1.5888,1.5932,1.588,1.5897
2002-02-02T00:00:00.000000000+0000,1.5897,1.5897,1.5897,1.5897
2002-02-03T00:00:00.000000000+0000,1.5897,1.5897,1.5897,1.5897
2002-02-04T00:00:00.000000000+0000,1.5895,1.5975,1.5895,1.5975
2002-02-05T00:00:00.000000000+0000,1.5968,1.6,1.5965,1.5972
2002-02-06T00:00:00.000000000+0000,1.5957,1.6055,1.5957,1.6051
2002-02-07T00:00:00.000000000+0000,1.607,1.6085,1.598,1.5986
2002-02-08T00:00:00.000000000+0000,1.5992,1.6019,1.5938,1.5975
2002-02-09T00:00:00.000000000+0000,1.5975,1.5975,1.5975,1.5975
2002-02-10T00:00:00.000000000+0000,1.5975,1.5975,1.5975,1.5975
2002-02-11T00:00:00.000000000+0000,1.5975,1.5987,1.5885,1.5901
2002-02-12T00:00:00.000000000+0000,1.59,1.5936,1.5888,1.591
2002-02-13T00:00:00.000000000+0000,1.5908,1.5955,1.5895,1.5901
2002-02-14T00:00:00.000000000+0000,1.5895,1.5934,1.587,1.5915
2002-02-15T00:00:00.000000000+0000,1.5909,1.5935,1.5889,1.589
2002-02-16T00:00:00.000000000+0000,1.589,1.589,1.589,1.589
2002-02-17T00:00:00.000000000+0000,1.589,1.589,1.589,1.589
2002-02-18T00:00:00.000000000+0000,1.5896,1.5943,1.5892,1.5923
2002-02-19T00:00:00.000000000+0000,1.592,1.594,1.586,1.5888
2002-02-20T00:00:00.000000000+0000,1.5898,1.5915,1.5873,1.5881
2002-02-21T00:00:00.000000000+0000,1.5884,1.5921,1.5876,1.5904
2002-02-22T00:00:00.000000000+0000,1.5903,1.5976,1.5903,1.5969
2002-02-23T00:00:00.000000000+0000,1.5969,1.5969,1.5969,1.5969
2002-02-24T00:00:00.000000000+0000,1.5969,1.5969,1.5969,1.5969
2002-02-25T00:00:00.000000000+0000,1.5965,1.6026,1.5959,1.6
2002-02-26T00:00:00.000000000+0000,1.6018,1.612,1.6018,1.6094
2002-02-27T00:00:00.000000000+0000,1.6099,1.6113,1.605,1.6077
2002-02-28T00:00:00.000000000+0000,1.6077,1.6093,1.6009,1.6017
2002-03-01T00:00:00.000000000+0000,1.6006,1.6037,1.5914,1.5924
2002-03-02T00:00:00.000000000+0000,1.5924,1.5924,1.5924,1.5924
2002-03-03T00:00:00.000000000+0000,1.5924,1.5924,1.5924,1.5924
2002-03-04T00:00:00.000000000+0000,1.5921,1.5935,1.5878,1.5903
2002-03-05T00:00:00.000000000+0000,1.5903,1.5918,1.5873,1.5874
2002-03-06T00:00:00.000000000+0000,1.5871,1.589,1.5802,1.581
2002-03-07T00:00:00.000000000+0000,1.5809,1.5838,1.5776,1.5833
2002-03-08T00:00:00.000000000+0000,1.5836,1.5866,1.5832,1.5861
2002-03-09T00:00:00.000000000+0000,1.5861,1.5861,1.5861,1.5861
2002-03-10T00:00:00.000000000+0000,1.5861,1.5861,1.5861,1.5861
2002-03-11T00:00:00.000000000+0000,1.5856,1.5875,1.5816,1.5816
2002-03-12T00:00:00.000000000+0000,1.5826,1.5863,1.5819,1.5858
2002-03-13T00:00:00.000000000+0000,1.5857,1.5984,1.5851,1.5939
2002-03-14T00:00:00.000000000+0000,1.5947,1.5976,1.5899,1.5898
2002-03-15T00:00:00.000000000+0000,1.5918,1.593,1.5835,1.584
2002-03-16T00:00:00.000000000+0000,1.584,1.584,1.584,1.584
2002-03-17T00:00:00.000000000+0000,1.584,1.584,1.584,1.584
2002-03-18T00:00:00.000000000+0000,1.5831,1.5877,1.5831,1.5833
2002-03-19T00:00:00.000000000+0000,1.5836,1.5857,1.5803,1.5844
2002-03-20T00:00:00.000000000+0000,1.5849,1.5851,1.578,1.5797
2002-03-21T00:00:00.000000000+0000,1.5793,1.5827,1.5776,1.5771
2002-03-22T00:00:00.000000000+0000,1.5777,1.5789,1.5745,1.5769
2002-03-23T00:00:00.000000000+0000,1.5769,1.5769,1.5769,1.5769
2002-03-24T00:00:00.000000000+0000,1.5769,1.5769,1.5769,1.5769
2002-03-25T00:00:00.000000000+0000,1.5769,1.5862,1.5769,1.5839
2002-03-26T00:00:00.000000000+0000,1.5832,1.5946,1.5816,1.5906
2002-03-27T00:00:00.000000000+0000,1.5905,1.5963,1.5873,1.5944
2002-03-28T00:00:00.000000000+0000,1.5944,1.5975,1.5919,1.5919
2002-03-29T00:00:00.000000000+0000,1.5921,1.5956,1.5916,1.5953
2002-03-30T00:00:00.000000000+0000,1.5953,1.5953,1.5953,1.5953
2002-03-31T00:00:00.000000000+0000,1.5953,1.5953,1.5953,1.5953
2002-04-01T00:00:00.000000000+0000,1.5948,1.6021,1.5942,1.5977
2002-04-02T00:00:00.000000000+0000,1.5968,1.6011,1.5913,1.5931
2002-04-03T00:00:00.000000000+0000,1.5923,1.5935,1.5876,1.5891
2002-04-04T00:00:00.000000000+0000,1.5893,1.5947,1.589,1.5931
2002-04-05T00:00:00.000000000+0000,1.5935,1.5961,1.5879,1.589
2002-04-06T00:00:00.000000000+0000,1.589,1.589,1.589,1.589
2002-04-07T00:00:00.000000000+0000,1.589,1.589,1.589,1.589
2002-04-08T00:00:00.000000000+0000,1.5883,1.5972,1.5875,1.595
2002-04-09T00:00:00.000000000+0000,1.5953,1.5985,1.5927,1.5952
2002-04-10T00:00:00.000000000+0000,1.5952,1.5963,1.5909,1.5922
2002-04-11T00:00:00.000000000+0000,1.5921,1.5933,1.5865,1.5878
2002-04-12T00:00:00.000000000+0000,1.588,1.5897,1.5854,1.5849
2002-04-13T00:00:00.000000000+0000,1.5849,1.5849,1.5849,1.5849
2002-04-14T00:00:00.000000000+0000,1.5849,1.5849,1.5849,1.5849
2002-04-15T00:00:00.000000000+0000,1.5847,1.5915,1.5846,1.5865
2002-04-16T00:00:00.000000000+0000,1.5863,1.5889,1.5792,1.5815
2002-04-17T00:00:00.000000000+0000,1.5813,1.582,1.5718,1.5751
2002-04-18T00:00:00.000000000+0000,1.5747,1.577,1.5724,1.5739
2002-04-19T00:00:00.000000000+0000,1.5742,1.5764,1.5707,1.5726
2002-04-20T00:00:00.000000000+0000,1.5726,1.5726,1.5726,1.5726
2002-04-21T00:00:00.000000000+0000,1.5726,1.5726,1.5726,1.5726
2002-04-22T00:00:00.000000000+0000,1.5713,1.5747,1.5705,1.57
2002-04-23T00:00:00.000000000+0000,1.5702,1.5757,1.5702,1.5729
2002-04-24T00:00:00.000000000+0000,1.5728,1.5744,1.5664,1.5669
2002-04-25T00:00:00.000000000+0000,1.5672,1.5676,1.5622,1.5653
2002-04-26T00:00:00.000000000+0000,1.5651,1.5665,1.561,1.5615
2002-04-27T00:00:00.000000000+0000,1.5615,1.5615,1.5615,1.5615
2002-04-28T00:00:00.000000000+0000,1.5615,1.5615,1.5615,1.5615
2002-04-29T00:00:00.000000000+0000,1.561,1.5683,1.5606,1.5667
2002-04-30T00:00:00.000000000+0000,1.5667,1.5704,1.5658,1.5672
2002-05-01T00:00:00.000000000+0000,1.567,1.5687,1.5564,1.5591
2002-05-02T00:00:00.000000000+0000,1.5591,1.5645,1.5591,1.5619
2002-05-03T00:00:00.000000000+0000,1.5619,1.5668,1.5573,1.5659
2002-05-04T00:00:00.000000000+0000,1.5659,1.5659,1.5659,1.5659
2002-05-05T00:00:00.000000000+0000,1.5659,1.5659,1.5659,1.5659
2002-05-06T00:00:00.000000000+0000,1.5632,1.5692,1.5627,1.5673
2002-05-07T00:00:00.000000000+0000,1.5672,1.5716,1.5654,1.5666
2002-05-08T00:00:00.000000000+0000,1.5663,1.5721,1.5638,1.5699
2002-05-09T00:00:00.000000000+0000,1.5695,1.572,1.5648,1.5641
2002-05-10T00:00:00.000000000+0000,1.5644,1.5663,1.5559,1.5588
2002-05-11T00:00:00.000000000+0000,1.5588,1.5588,1.5588,1.5588
2002-05-12T00:00:00.000000000+0000,1.5588,1.5588,1.5588,1.5588
2002-05-13T00:00:00.000000000+0000,1.5567,1.5597,1.5543,1.5544
2002-05-14T00:00:00.000000000+0000,1.5542,1.5626,1.5539,1.5581
2002-05-15T00:00:00.000000000+0000,1.5579,1.56,1.5539,1.5565
2002-05-16T00:00:00.000000000+0000,1.5566,1.5585,1.5519,1.5546
2002-05-17T00:00:00.000000000+0000,1.5543,1.5567,1.5419,1.5438
2002-05-18T00:00:00.000000000+0000,1.5438,1.5438,1.5438,1.5438
2002-05-19T00:00:00.000000000+0000,1.5438,1.5438,1.5438,1.5438
2002-05-20T00:00:00.000000000+0000,1.5459,1.5462,1.5394,1.541
2002-05-21T00:00:00.000000000+0000,1.5412,1.5439,1.5352,1.5363
2002-05-22T00:00:00.000000000+0000,1.5367,1.5405,1.5316,1.5321
2002-05-23T00:00:00.000000000+0000,1.5322,1.5381,1.5322,1.5343
2002-05-24T00:00:00.000000000+0000,1.5347,1.5417,1.5323,1.5341
2002-05-25T00:00:00.000000000+0000,1.5341,1.5341,1.5341,1.5341
2002-05-26T00:00:00.000000000+0000,1.5341,1.5341,1.5341,1.5341
2002-05-27T00:00:00.000000000+0000,1.5328,1.5368,1.5328,1.5331
2002-05-28T00:00:00.000000000+0000,1.5328,1.5364,1.5289,1.5308
2002-05-29T00:00:00.000000000+0000,1.531,1.5352,1.5285,1.5344
2002-05-30T00:00:00.000000000+0000,1.5334,1.538,1.5325,1.5342
2002-05-31T00:00:00.000000000+0000,1.5341,1.5355,1.5261,1.5279
2002-06-01T00:00:00.000000000+0000,1.5279,1.5279,1.5279,1.5279
2002-06-02T00:00:00.000000000+0000,1.5279,1.5279,1.5279,1.5279
2002-06-03T00:00:00.000000000+0000,1.5308,1.5415,1.5257,1.5269
2002-06-04T00:00:00.000000000+0000,1.5265,1.5319,1.5248,1.5303
2002-06-05T00:00:00.000000000+0000,1.5307,1.5376,1.5296,1.5315
2002-06-06T00:00:00.000000000+0000,1.5314,1.535,1.5305,1.5327
2002-06-07T00:00:00.000000000+0000,1.5314,1.5335,1.5291,1.5319
2002-06-08T00:00:00.000000000+0000,1.5319,1.5319,1.5319,1.5319
2002-06-09T00:00:00.000000000+0000,1.5319,1.5319,1.5319,1.5319
2002-06-10T00:00:00.000000000+0000,1.5325,1.5396,1.5325,1.5389
2002-06-11T00:00:00.000000000+0000,1.5393,1.541,1.5355,1.5356
2002-06-12T00:00:00.000000000+0000,1.5357,1.5382,1.5345,1.535
2002-06-13T00:00:00.000000000+0000,1.5355,1.5397,1.5355,1.5389
2002-06-14T00:00:00.000000000+0000,1.5392,1.5521,1.5391,1.5465
2002-06-15T00:00:00.000000000+0000,1.5465,1.5465,1.5465,1.5465
2002-06-16T00:00:00.000000000+0000,1.5465,1.5465,1.5465,1.5465
2002-06-17T00:00:00.000000000+0000,1.5457,1.5512,1.5457,1.5463
2002-06-18T00:00:00.000000000+0000,1.5469,1.5478,1.5423,1.5447
2002-06-19T00:00:00.000000000+0000,1.5447,1.5448,1.5383,1.5398
2002-06-20T00:00:00.000000000+0000,1.54,1.5408,1.5272,1.5272
2002-06-21T00:00:00.000000000+0000,1.5275,1.5302,1.5179,1.5199
2002-06-22T00:00:00.000000000+0000,1.5199,1.5199,1.5199,1.5199
2002-06-23T00:00:00.000000000+0000,1.5199,1.5199,1.5199,1.5199
2002-06-24T00:00:00.000000000+0000,1.5199,1.524,1.5152,1.5205
2002-06-25T00:00:00.000000000+0000,1.5207,1.5241,1.5151,1.5147
2002-06-26T00:00:00.000000000+0000,1.5146,1.5216,1.5079,1.5178
2002-06-27T00:00:00.000000000+0000,1.518,1.5193,1.5083,1.5105
2002-06-28T00:00:00.000000000+0000,1.5111,1.5218,1.5032,1.5162
2002-06-29T00:00:00.000000000+0000,1.5162,1.5162,1.5162,1.5162
2002-06-30T00:00:00.000000000+0000,1.5162,1.5162,1.5162,1.5162
2002-07-01T00:00:00.000000000+0000,1.5172,1.5199,1.5139,1.5159
2002-07-02T00:00:00.000000000+0000,1.5165,1.5298,1.5161,1.5269
2002-07-03T00:00:00.000000000+0000,1.527,1.5345,1.525,1.5313
2002-07-04T00:00:00.000000000+0000,1.5316,1.5342,1.5276,1.528
2002-07-05T00:00:00.000000000+0000,1.5289,1.5339,1.5224,1.5237
2002-07-06T00:00:00.000000000+0000,1.5237,1.5237,1.5237,1.5237
2002-07-07T00:00:00.000000000+0000,1.5237,1.5237,1.5237,1.5237
2002-07-08T00:00:00.000000000+0000,1.523,1.525,1.518,1.5225
2002-07-09T00:00:00.000000000+0000,1.5224,1.5266,1.5113,1.511
2002-07-10T00:00:00.000000000+0000,1.5115,1.5228,1.511,1.5197
2002-07-11T00:00:00.000000000+0000,1.5206,1.5268,1.5169,1.5239
2002-07-12T00:00:00.000000000+0000,1.5242,1.5343,1.5226,1.5333
2002-07-13T00:00:00.000000000+0000,1.5333,1.5333,1.5333,1.5333
2002-07-14T00:00:00.000000000+0000,1.5333,1.5333,1.5333,1.5333
2002-07-15T00:00:00.000000000+0000,1.5323,1.5401,1.5301,1.5385
2002-07-16T00:00:00.000000000+0000,1.5383,1.5395,1.5315,1.5389
2002-07-17T00:00:00.000000000+0000,1.539,1.5455,1.5369,1.539
2002-07-18T00:00:00.000000000+0000,1.5395,1.5458,1.539,1.5443
2002-07-19T00:00:00.000000000+0000,1.5442,1.5449,1.5326,1.5442
2002-07-20T00:00:00.000000000+0000,1.5442,1.5442,1.5442,1.5442
2002-07-21T00:00:00.000000000+0000,1.5442,1.5442,1.5442,1.5442
2002-07-22T00:00:00.000000000+0000,1.5416,1.5661,1.5401,1.5628
2002-07-23T00:00:00.000000000+0000,1.5646,1.5889,1.5636,1.5814
2002-07-24T00:00:00.000000000+0000,1.5817,1.596,1.5594,1.5627
2002-07-25T00:00:00.000000000+0000,1.5637,1.5747,1.562,1.5682
2002-07-26T00:00:00.000000000+0000,1.5683,1.589,1.5683,1.585
2002-07-27T00:00:00.000000000+0000,1.585,1.585,1.585,1.585
2002-07-28T00:00:00.000000000+0000,1.585,1.585,1.585,1.585
2002-07-29T00:00:00.000000000+0000,1.5855,1.587,1.5697,1.572
2002-07-30T00:00:00.000000000+0000,1.5722,1.5761,1.5664,1.5742
2002-07-31T00:00:00.000000000+0000,1.5746,1.5871,1.5705,1.5841
2002-08-01T00:00:00.000000000+0000,1.5841,1.5924,1.582,1.5907
2002-08-02T00:00:00.000000000+0000,1.5908,1.5917,1.5841,1.5832
2002-08-03T00:00:00.000000000+0000,1.5832,1.5832,1.5832,1.5832
2002-08-04T00:00:00.000000000+0000,1.5832,1.5832,1.5832,1.5832
2002-08-05T00:00:00.000000000+0000,1.5836,1.5976,1.5813,1.5967
2002-08-06T00:00:00.000000000+0000,1.5968,1.6049,1.5823,1.5847
2002-08-07T00:00:00.000000000+0000,1.5848,1.5906,1.5754,1.5777
2002-08-08T00:00:00.000000000+0000,1.5778,1.584,1.5704,1.58
2002-08-09T00:00:00.000000000+0000,1.58,1.5825,1.5704,1.572
2002-08-10T00:00:00.000000000+0000,1.572,1.572,1.572,1.572
2002-08-11T00:00:00.000000000+0000,1.572,1.572,1.572,1.572
2002-08-12T00:00:00.000000000+0000,1.5728,1.5768,1.5688,1.5736
2002-08-13T00:00:00.000000000+0000,1.5748,1.5771,1.5616,1.5644
2002-08-14T00:00:00.000000000+0000,1.5647,1.5676,1.5582,1.5634
2002-08-15T00:00:00.000000000+0000,1.5638,1.5645,1.5565,1.5588
2002-08-16T00:00:00.000000000+0000,1.5593,1.563,1.5535,1.5585
2002-08-17T00:00:00.000000000+0000,1.5585,1.5585,1.5585,1.5585
2002-08-18T00:00:00.000000000+0000,1.5585,1.5585,1.5585,1.5585
2002-08-19T00:00:00.000000000+0000,1.5584,1.5744,1.5575,1.5738
2002-08-20T00:00:00.000000000+0000,1.573,1.5747,1.5648,1.5671
2002-08-21T00:00:00.000000000+0000,1.5668,1.571,1.553,1.5547
2002-08-22T00:00:00.000000000+0000,1.5551,1.5616,1.5516,1.5584
2002-08-23T00:00:00.000000000+0000,1.5585,1.5616,1.5553,1.556
2002-08-24T00:00:00.000000000+0000,1.556,1.556,1.556,1.556
2002-08-25T00:00:00.000000000+0000,1.556,1.556,1.556,1.556
2002-08-26T00:00:00.000000000+0000,1.556,1.5607,1.555,1.555
2002-08-27T00:00:00.000000000+0000,1.555,1.5563,1.5495,1.5537
2002-08-28T00:00:00.000000000+0000,1.5535,1.5607,1.5523,1.5595
2002-08-29T00:00:00.000000000+0000,1.5602,1.5646,1.5549,1.5589
2002-08-30T00:00:00.000000000+0000,1.5583,1.5615,1.5563,1.5585
2002-08-31T00:00:00.000000000+0000,1.5585,1.5585,1.5585,1.5585
2002-09-01T00:00:00.000000000+0000,1.5585,1.5585,1.5585,1.5585
2002-09-02T00:00:00.000000000+0000,1.5587,1.5598,1.5555,1.557
2002-09-03T00:00:00.000000000+0000,1.557,1.5579,1.5506,1.553
2002-09-04T00:00:00.000000000+0000,1.5526,1.5699,1.5516,1.5665
2002-09-05T00:00:00.000000000+0000,1.5665,1.5732,1.5659,1.572
2002-09-06T00:00:00.000000000+0000,1.572,1.5741,1.5588,1.5593
2002-09-07T00:00:00.000000000+0000,1.5593,1.5593,1.5593,1.5593
2002-09-08T00:00:00.000000000+0000,1.5593,1.5593,1.5593,1.5593
2002-09-09T00:00:00.000000000+0000,1.5589,1.5661,1.5589,1.5638
2002-09-10T00:00:00.000000000+0000,1.5639,1.5736,1.561,1.5718
2002-09-11T00:00:00.000000000+0000,1.5724,1.5812,1.5711,1.5797
2002-09-12T00:00:00.000000000+0000,1.579,1.5882,1.577,1.5867
2002-09-13T00:00:00.000000000+0000,1.5862,1.587,1.5791,1.5821
2002-09-14T00:00:00.000000000+0000,1.5821,1.5821,1.5821,1.5821
2002-09-15T00:00:00.000000000+0000,1.5821,1.5821,1.5821,1.5821
2002-09-16T00:00:00.000000000+0000,1.5792,1.5833,1.5778,1.5818
2002-09-17T00:00:00.000000000+0000,1.582,1.5841,1.5761,1.5804
2002-09-18T00:00:00.000000000+0000,1.5801,1.5865,1.5777,1.5781
2002-09-19T00:00:00.000000000+0000,1.5783,1.5786,1.57,1.5736
2002-09-20T00:00:00.000000000+0000,1.5735,1.5778,1.571,1.5723
2002-09-21T00:00:00.000000000+0000,1.5723,1.5723,1.5723,1.5723
2002-09-22T00:00:00.000000000+0000,1.5723,1.5723,1.5723,1.5723
2002-09-23T00:00:00.000000000+0000,1.5733,1.5856,1.5719,1.5815
2002-09-24T00:00:00.000000000+0000,1.5816,1.5914,1.5816,1.5866
2002-09-25T00:00:00.000000000+0000,1.5866,1.5884,1.5782,1.5799
2002-09-26T00:00:00.000000000+0000,1.5793,1.5812,1.5737,1.5738
2002-09-27T00:00:00.000000000+0000,1.5738,1.579,1.5738,1.5787
2002-09-28T00:00:00.000000000+0000,1.5787,1.5787,1.5787,1.5787
2002-09-29T00:00:00.000000000+0000,1.5787,1.5787,1.5787,1.5787
2002-09-30T00:00:00.000000000+0000,1.5774,1.5876,1.5752,1.5868
2002-10-01T00:00:00.000000000+0000,1.5868,1.5905,1.5787,1.5815
2002-10-02T00:00:00.000000000+0000,1.5817,1.5906,1.5809,1.5887
2002-10-03T00:00:00.000000000+0000,1.5887,1.5931,1.5869,1.591
2002-10-04T00:00:00.000000000+0000,1.5915,1.5951,1.5863,1.5925
2002-10-05T00:00:00.000000000+0000,1.5925,1.5925,1.5925,1.5925
2002-10-06T00:00:00.000000000+0000,1.5925,1.5925,1.5925,1.5925
2002-10-07T00:00:00.000000000+0000,1.5915,1.5955,1.5897,1.5953
2002-10-08T00:00:00.000000000+0000,1.5942,1.5982,1.5881,1.597
2002-10-09T00:00:00.000000000+0000,1.5971,1.599,1.5927,1.5963
2002-10-10T00:00:00.000000000+0000,1.5962,1.5984,1.589,1.5893
2002-10-11T00:00:00.000000000+0000,1.59,1.5912,1.5856,1.5861
2002-10-12T00:00:00.000000000+0000,1.5861,1.5861,1.5861,1.5861
2002-10-13T00:00:00.000000000+0000,1.5861,1.5861,1.5861,1.5861
2002-10-14T00:00:00.000000000+0000,1.5866,1.5872,1.5835,1.5853
2002-10-15T00:00:00.000000000+0000,1.5854,1.589,1.5819,1.5873
2002-10-16T00:00:00.000000000+0000,1.5875,1.5902,1.581,1.5826
2002-10-17T00:00:00.000000000+0000,1.5829,1.5855,1.5681,1.5693
2002-10-18T00:00:00.000000000+0000,1.5699,1.576,1.568,1.5732
2002-10-19T00:00:00.000000000+0000,1.5732,1.5732,1.5732,1.5732
2002-10-20T00:00:00.000000000+0000,1.5732,1.5732,1.5732,1.5732
2002-10-21T00:00:00.000000000+0000,1.573,1.5756,1.5623,1.5635
2002-10-22T00:00:00.000000000+0000,1.5639,1.5701,1.5612,1.5674
2002-10-23T00:00:00.000000000+0000,1.5679,1.5713,1.5636,1.5644
2002-10-24T00:00:00.000000000+0000,1.5643,1.5682,1.559,1.5649
2002-10-25T00:00:00.000000000+0000,1.5652,1.5696,1.562,1.5685
2002-10-26T00:00:00.000000000+0000,1.5685,1.5685,1.5685,1.5685
2002-10-27T00:00:00.000000000+0000,1.5685,1.5685,1.5685,1.5685
2002-10-28T00:00:00.000000000+0000,1.5672,1.5683,1.5554,1.5573
2002-10-29T00:00:00.000000000+0000,1.5573,1.5671,1.555,1.5632
2002-10-30T00:00:00.000000000+0000,1.5631,1.5691,1.562,1.5666
2002-10-31T00:00:00.000000000+0000,1.5655,1.5712,1.555,1.5583
2002-11-01T00:00:00.000000000+0000,1.5587,1.5635,1.5537,1.558
2002-11-02T00:00:00.000000000+0000,1.558,1.558,1.558,1.558
2002-11-03T00:00:00.000000000+0000,1.558,1.558,1.558,1.558
2002-11-04T00:00:00.000000000+0000,1.5569,1.5605,1.5522,1.5559
2002-11-05T00:00:00.000000000+0000,1.5559,1.559,1.5536,1.557
2002-11-06T00:00:00.000000000+0000,1.5574,1.5601,1.5515,1.5527
2002-11-07T00:00:00.000000000+0000,1.5526,1.5585,1.5499,1.556
2002-11-08T00:00:00.000000000+0000,1.5555,1.5675,1.5539,1.565
2002-11-09T00:00:00.000000000+0000,1.565,1.565,1.565,1.565
2002-11-10T00:00:00.000000000+0000,1.565,1.565,1.565,1.565
2002-11-11T00:00:00.000000000+0000,1.5652,1.5723,1.563,1.5698
2002-11-12T00:00:00.000000000+0000,1.5695,1.5795,1.5665,1.5781
2002-11-13T00:00:00.000000000+0000,1.5781,1.5821,1.5724,1.5757
2002-11-14T00:00:00.000000000+0000,1.5761,1.5788,1.573,1.575
2002-11-15T00:00:00.000000000+0000,1.5743,1.5855,1.5715,1.5838
2002-11-16T00:00:00.000000000+0000,1.5838,1.5838,1.5838,1.5838
2002-11-17T00:00:00.000000000+0000,1.5838,1.5838,1.5838,1.5838
2002-11-18T00:00:00.000000000+0000,1.5843,1.5925,1.5788,1.5896
2002-11-19T00:00:00.000000000+0000,1.589,1.5918,1.5826,1.5833
2002-11-20T00:00:00.000000000+0000,1.5831,1.588,1.5807,1.5855
2002-11-21T00:00:00.000000000+0000,1.5854,1.5875,1.5764,1.5769
2002-11-22T00:00:00.000000000+0000,1.5765,1.5825,1.5755,1.5771
2002-11-23T00:00:00.000000000+0000,1.5771,1.5771,1.5771,1.5771
2002-11-24T00:00:00.000000000+0000,1.5771,1.5771,1.5771,1.5771
2002-11-25T00:00:00.000000000+0000,1.5774,1.5798,1.5712,1.5721
2002-11-26T00:00:00.000000000+0000,1.5721,1.5766,1.5689,1.5753
2002-11-27T00:00:00.000000000+0000,1.5751,1.5792,1.5716,1.5728
2002-11-28T00:00:00.000000000+0000,1.5726,1.5773,1.5711,1.5727
2002-11-29T00:00:00.000000000+0000,1.5727,1.5752,1.5627,1.5639
2002-11-30T00:00:00.000000000+0000,1.5639,1.5639,1.5639,1.5639
2002-12-01T00:00:00.000000000+0000,1.5639,1.5639,1.5639,1.5639
2002-12-02T00:00:00.000000000+0000,1.5646,1.5668,1.5552,1.5571
2002-12-03T00:00:00.000000000+0000,1.5574,1.5605,1.5534,1.5563
2002-12-04T00:00:00.000000000+0000,1.5562,1.5627,1.5558,1.5604
2002-12-05T00:00:00.000000000+0000,1.5605,1.5638,1.5568,1.5625
2002-12-06T00:00:00.000000000+0000,1.5625,1.5701,1.5568,1.5642
2002-12-07T00:00:00.000000000+0000,1.5642,1.5642,1.5642,1.5642
2002-12-08T00:00:00.000000000+0000,1.5642,1.5642,1.5642,1.5642
2002-12-09T00:00:00.000000000+0000,1.5647,1.5659,1.5582,1.5617
2002-12-10T00:00:00.000000000+0000,1.5618,1.5643,1.5555,1.5599
2002-12-11T00:00:00.000000000+0000,1.5594,1.5618,1.552,1.5558
2002-12-12T00:00:00.000000000+0000,1.5555,1.558,1.551,1.5539
2002-12-13T00:00:00.000000000+0000,1.5537,1.563,1.5503,1.5609
2002-12-14T00:00:00.000000000+0000,1.5609,1.5609,1.5609,1.5609
2002-12-15T00:00:00.000000000+0000,1.5609,1.5609,1.5609,1.5609
2002-12-16T00:00:00.000000000+0000,1.5613,1.5649,1.5555,1.5604
2002-12-17T00:00:00.000000000+0000,1.5604,1.562,1.5465,1.5467
2002-12-18T00:00:00.000000000+0000,1.547,1.5563,1.5447,1.5526
2002-12-19T00:00:00.000000000+0000,1.5532,1.5557,1.545,1.5519
2002-12-20T00:00:00.000000000+0000,1.5519,1.5561,1.5457,1.5504
2002-12-21T00:00:00.000000000+0000,1.5504,1.5504,1.5504,1.5504
2002-12-22T00:00:00.000000000+0000,1.5504,1.5504,1.5504,1.5504
2002-12-23T00:00:00.000000000+0000,1.5512,1.5536,1.5471,1.5517
2002-12-24T00:00:00.000000000+0000,1.5516,1.553,1.5465,1.548
2002-12-25T00:00:00.000000000+0000,1.548,1.5501,1.5463,1.5477
2002-12-26T00:00:00.000000000+0000,1.5477,1.5592,1.546,1.5581
2002-12-27T00:00:00.000000000+0000,1.5581,1.5724,1.5568,1.5685
2002-12-28T00:00:00.000000000+0000,1.5685,1.5685,1.5685,1.5685
2002-12-29T00:00:00.000000000+0000,1.5685,1.5685,1.5685,1.5685
2002-12-30T00:00:00.000000000+0000,1.5679,1.5803,1.565,1.5756
2002-12-31T00:00:00.000000000+0000,1.5762,1.5808,1.5713,1.5753
2003-01-01T00:00:00.000000000+0000,1.5715,1.5765,1.5706,1.573
2003-01-02T00:00:00.000000000+0000,1.5731,1.5782,1.5663,1.5674
2003-01-03T00:00:00.000000000+0000,1.5678,1.5705,1.5627,1.5635
2003-01-04T00:00:00.000000000+0000,1.5635,1.5635,1.5635,1.5635
2003-01-05T00:00:00.000000000+0000,1.5635,1.5635,1.5635,1.5635
2003-01-06T00:00:00.000000000+0000,1.5629,1.5662,1.5583,1.5595
2003-01-07T00:00:00.000000000+0000,1.5595,1.5641,1.5558,1.5624
2003-01-08T00:00:00.000000000+0000,1.5623,1.5665,1.5589,1.5599
2003-01-09T00:00:00.000000000+0000,1.5599,1.5622,1.5502,1.5512
2003-01-10T00:00:00.000000000+0000,1.5511,1.554,1.5439,1.5452
2003-01-11T00:00:00.000000000+0000,1.5452,1.5452,1.5452,1.5452
2003-01-12T00:00:00.000000000+0000,1.5452,1.5452,1.5452,1.5452
2003-01-13T00:00:00.000000000+0000,1.5464,1.5464,1.5381,1.5417
2003-01-14T00:00:00.000000000+0000,1.5416,1.5433,1.5367,1.5405
2003-01-15T00:00:00.000000000+0000,1.5405,1.5445,1.5337,1.5356
2003-01-16T00:00:00.000000000+0000,1.5356,1.5394,1.5313,1.5345
2003-01-17T00:00:00.000000000+0000,1.5336,1.5375,1.5292,1.5348
2003-01-18T00:00:00.000000000+0000,1.5348,1.5348,1.5348,1.5348
2003-01-19T00:00:00.000000000+0000,1.5348,1.5348,1.5348,1.5348
2003-01-20T00:00:00.000000000+0000,1.5347,1.5382,1.5322,1.5343
2003-01-21T00:00:00.000000000+0000,1.5344,1.5389,1.5302,1.5327
2003-01-22T00:00:00.000000000+0000,1.5328,1.5352,1.5287,1.5312
2003-01-23T00:00:00.000000000+0000,1.5305,1.5327,1.522,1.5243
2003-01-24T00:00:00.000000000+0000,1.524,1.5263,1.5175,1.5185
2003-01-25T00:00:00.000000000+0000,1.5185,1.5185,1.5185,1.5185
2003-01-26T00:00:00.000000000+0000,1.5185,1.5185,1.5185,1.5185
2003-01-27T00:00:00.000000000+0000,1.5183,1.5285,1.5169,1.5256
2003-01-28T00:00:00.000000000+0000,1.5262,1.5371,1.5237,1.5287
2003-01-29T00:00:00.000000000+0000,1.5286,1.5298,1.5189,1.5198
2003-01-30T00:00:00.000000000+0000,1.5281,1.5335,1.5177,1.5281
2003-01-31T00:00:00.000000000+0000,1.5281,1.535,1.5195,1.52
2003-02-01T00:00:00.000000000+0000,1.52,1.52,1.52,1.52
2003-02-02T00:00:00.000000000+0000,1.52,1.52,1.52,1.52
2003-02-03T00:00:00.000000000+0000,1.5197,1.5242,1.5151,1.5161
2003-02-04T00:00:00.000000000+0000,1.5163,1.5206,1.513,1.5142
2003-02-05T00:00:00.000000000+0000,1.5145,1.5238,1.5125,1.5206
2003-02-06T00:00:00.000000000+0000,1.52,1.5266,1.5165,1.5163
2003-02-07T00:00:00.000000000+0000,1.5161,1.5252,1.5161,1.5201
2003-02-08T00:00:00.000000000+0000,1.5201,1.5201,1.5201,1.5201
2003-02-09T00:00:00.000000000+0000,1.5201,1.5201,1.5201,1.5201
2003-02-10T00:00:00.000000000+0000,1.5205,1.5317,1.5205,1.5289
2003-02-11T00:00:00.000000000+0000,1.5288,1.5329,1.5275,1.5283
2003-02-12T00:00:00.000000000+0000,1.5278,1.5317,1.5253,1.5311
2003-02-13T00:00:00.000000000+0000,1.5302,1.5323,1.5168,1.5169
2003-02-14T00:00:00.000000000+0000,1.5171,1.5247,1.5138,1.5222
2003-02-15T00:00:00.000000000+0000,1.5222,1.5222,1.5222,1.5222
2003-02-16T00:00:00.000000000+0000,1.5222,1.5222,1.5222,1.5222
2003-02-17T00:00:00.000000000+0000,1.522,1.5254,1.5205,1.5206
2003-02-18T00:00:00.000000000+0000,1.5207,1.5239,1.514,1.5168
2003-02-19T00:00:00.000000000+0000,1.5167,1.5176,1.5114,1.5111
2003-02-20T00:00:00.000000000+0000,1.5116,1.5127,1.504,1.5051
2003-02-21T00:00:00.000000000+0000,1.5047,1.5079,1.5033,1.5042
2003-02-22T00:00:00.000000000+0000,1.5042,1.5042,1.5042,1.5042
2003-02-23T00:00:00.000000000+0000,1.5042,1.5042,1.5042,1.5042
2003-02-24T00:00:00.000000000+0000,1.5041,1.5049,1.4879,1.4908
2003-02-25T00:00:00.000000000+0000,1.4922,1.495,1.4876,1.4933
2003-02-26T00:00:00.000000000+0000,1.4933,1.497,1.4901,1.4925
2003-02-27T00:00:00.000000000+0000,1.4924,1.4956,1.4887,1.4934
2003-02-28T00:00:00.000000000+0000,1.4936,1.4955,1.4831,1.4828
2003-03-01T00:00:00.000000000+0000,1.4828,1.4828,1.4828,1.4828
2003-03-02T00:00:00.000000000+0000,1.4828,1.4828,1.4828,1.4828
2003-03-03T00:00:00.000000000+0000,1.4832,1.4874,1.4829,1.4844
2003-03-04T00:00:00.000000000+0000,1.484,1.4882,1.475,1.4763
2003-03-05T00:00:00.000000000+0000,1.4762,1.4769,1.4684,1.4684
2003-03-06T00:00:00.000000000+0000,1.4683,1.4748,1.4679,1.4701
2003-03-07T00:00:00.000000000+0000,1.4702,1.4728,1.4607,1.4655
2003-03-08T00:00:00.000000000+0000,1.4655,1.4655,1.4655,1.4655
2003-03-09T00:00:00.000000000+0000,1.4655,1.4655,1.4655,1.4655
2003-03-10T00:00:00.000000000+0000,1.465,1.4672,1.462,1.4632
2003-03-11T00:00:00.000000000+0000,1.463,1.475,1.4589,1.4713
2003-03-12T00:00:00.000000000+0000,1.463,1.4817,1.47,1.476
2003-03-13T00:00:00.000000000+0000,1.4763,1.4868,1.4763,1.4863
2003-03-14T00:00:00.000000000+0000,1.4858,1.4897,1.473,1.4731
2003-03-15T00:00:00.000000000+0000,1.4731,1.4731,1.4731,1.4731
2003-03-16T00:00:00.000000000+0000,1.4731,1.4731,1.4731,1.4731
2003-03-17T00:00:00.000000000+0000,1.4727,1.4853,1.4665,1.4791
2003-03-18T00:00:00.000000000+0000,1.4787,1.4871,1.4735,1.4728
2003-03-19T00:00:00.000000000+0000,1.4728,1.4845,1.4728,1.4835
2003-03-20T00:00:00.000000000+0000,1.4837,1.4879,1.4762,1.4815
2003-03-21T00:00:00.000000000+0000,1.4815,1.4952,1.4795,1.4927
2003-03-22T00:00:00.000000000+0000,1.4927,1.4927,1.4927,1.4927
2003-03-23T00:00:00.000000000+0000,1.4927,1.4927,1.4927,1.4927
2003-03-24T00:00:00.000000000+0000,1.4936,1.4958,1.4784,1.4799
2003-03-25T00:00:00.000000000+0000,1.4798,1.4812,1.4736,1.476
2003-03-26T00:00:00.000000000+0000,1.4758,1.4775,1.4682,1.4687
2003-03-27T00:00:00.000000000+0000,1.4682,1.4694,1.4615,1.463
2003-03-28T00:00:00.000000000+0000,1.4624,1.4733,1.4621,1.4715
2003-03-29T00:00:00.000000000+0000,1.4715,1.4715,1.4715,1.4715
2003-03-30T00:00:00.000000000+0000,1.4715,1.4715,1.4715,1.4715
2003-03-31T00:00:00.000000000+0000,1.472,1.4745,1.4651,1.4674
2003-04-01T00:00:00.000000000+0000,1.4675,1.4747,1.4642,1.4727
2003-04-02T00:00:00.000000000+0000,1.4727,1.4803,1.4685,1.4683
2003-04-03T00:00:00.000000000+0000,1.4691,1.479,1.4687,1.4744
2003-04-04T00:00:00.000000000+0000,1.4744,1.4793,1.4715,1.4721
2003-04-05T00:00:00.000000000+0000,1.4721,1.4721,1.4721,1.4721
2003-04-06T00:00:00.000000000+0000,1.4721,1.4721,1.4721,1.4721
2003-04-07T00:00:00.000000000+0000,1.4725,1.4941,1.472,1.4768
2003-04-08T00:00:00.000000000+0000,1.4769,1.4814,1.4663,1.4678
2003-04-09T00:00:00.000000000+0000,1.4683,1.4707,1.4654,1.4662
2003-04-10T00:00:00.000000000+0000,1.4649,1.4663,1.4527,1.4537
2003-04-11T00:00:00.000000000+0000,1.4546,1.4603,1.4496,1.4529
2003-04-12T00:00:00.000000000+0000,1.4529,1.4529,1.4529,1.4529
2003-04-13T00:00:00.000000000+0000,1.4529,1.4529,1.4529,1.4529
2003-04-14T00:00:00.000000000+0000,1.4529,1.4592,1.4516,1.4539
2003-04-15T00:00:00.000000000+0000,1.4541,1.4579,1.4469,1.4482
2003-04-16T00:00:00.000000000+0000,1.4487,1.4581,1.4458,1.4553
2003-04-17T00:00:00.000000000+0000,1.4553,1.4553,1.4487,1.4505
2003-04-18T00:00:00.000000000+0000,1.4506,1.4516,1.4474,1.4503
2003-04-19T00:00:00.000000000+0000,1.4503,1.4503,1.4503,1.4503
2003-04-20T00:00:00.000000000+0000,1.4503,1.4503,1.4503,1.4503
2003-04-21T00:00:00.000000000+0000,1.4503,1.4557,1.4488,1.4547
2003-04-22T00:00:00.000000000+0000,1.4547,1.4565,1.4431,1.4471
2003-04-23T00:00:00.000000000+0000,1.4472,1.4542,1.445,1.4524
2003-04-24T00:00:00.000000000+0000,1.453,1.4667,1.452,1.4535
2003-04-25T00:00:00.000000000+0000,1.4528,1.4592,1.4446,1.4464
2003-04-26T00:00:00.000000000+0000,1.4464,1.4464,1.4464,1.4464
2003-04-27T00:00:00.000000000+0000,1.4464,1.4464,1.4464,1.4464
2003-04-28T00:00:00.000000000+0000,1.4464,1.453,1.4438,1.4471
2003-04-29T00:00:00.000000000+0000,1.4473,1.4545,1.4416,1.4417
2003-04-30T00:00:00.000000000+0000,1.4417,1.4424,1.429,1.4302
2003-05-01T00:00:00.000000000+0000,1.4299,1.4308,1.4163,1.4193
2003-05-02T00:00:00.000000000+0000,1.4187,1.4242,1.416,1.418
2003-05-03T00:00:00.000000000+0000,1.418,1.418,1.418,1.418
2003-05-04T00:00:00.000000000+0000,1.418,1.418,1.418,1.418
2003-05-05T00:00:00.000000000+0000,1.4181,1.4216,1.4091,1.4112
2003-05-06T00:00:00.000000000+0000,1.4113,1.4134,1.3907,1.3936
2003-05-07T00:00:00.000000000+0000,1.3939,1.4042,1.3818,1.398
2003-05-08T00:00:00.000000000+0000,1.3971,1.4078,1.3902,1.3949
2003-05-09T00:00:00.000000000+0000,1.3954,1.4021,1.3877,1.3924
2003-05-10T00:00:00.000000000+0000,1.3924,1.3924,1.3924,1.3924
2003-05-11T00:00:00.000000000+0000,1.3924,1.3924,1.3924,1.3924
2003-05-12T00:00:00.000000000+0000,1.3924,1.3936,1.383,1.3881
2003-05-13T00:00:00.000000000+0000,1.3895,1.3949,1.3847,1.3855
2003-05-14T00:00:00.000000000+0000,1.3858,1.3902,1.3735,1.3743
2003-05-15T00:00:00.000000000+0000,1.3741,1.3855,1.3735,1.3802
2003-05-16T00:00:00.000000000+0000,1.3795,1.385,1.3626,1.369
2003-05-17T00:00:00.000000000+0000,1.369,1.369,1.369,1.369
2003-05-18T00:00:00.000000000+0000,1.369,1.369,1.369,1.369
2003-05-19T00:00:00.000000000+0000,1.369,1.3691,1.3509,1.3625
2003-05-20T00:00:00.000000000+0000,1.363,1.3656,1.3441,1.3479
2003-05-21T00:00:00.000000000+0000,1.3476,1.3554,1.3408,1.351
2003-05-22T00:00:00.000000000+0000,1.3508,1.3781,1.348,1.3724
2003-05-23T00:00:00.000000000+0000,1.3726,1.3827,1.368,1.3729
2003-05-24T00:00:00.000000000+0000,1.3729,1.3729,1.3729,1.3729
2003-05-25T00:00:00.000000000+0000,1.3729,1.3729,1.3729,1.3729
2003-05-26T00:00:00.000000000+0000,1.3731,1.3799,1.3714,1.3714
2003-05-27T00:00:00.000000000+0000,1.3714,1.3779,1.3673,1.3764
2003-05-28T00:00:00.000000000+0000,1.3765,1.3924,1.3727,1.3838
2003-05-29T00:00:00.000000000+0000,1.3835,1.3913,1.3656,1.3667
2003-05-30T00:00:00.000000000+0000,1.3677,1.3753,1.3624,1.3662
2003-05-31T00:00:00.000000000+0000,1.3662,1.3662,1.3662,1.3662
2003-06-01T00:00:00.000000000+0000,1.3662,1.3662,1.3662,1.3662
2003-06-02T00:00:00.000000000+0000,1.3661,1.3776,1.3661,1.3673
2003-06-03T00:00:00.000000000+0000,1.3674,1.3786,1.3627,1.364
2003-06-04T00:00:00.000000000+0000,1.3642,1.3655,1.3498,1.3608
2003-06-05T00:00:00.000000000+0000,1.3615,1.363,1.3389,1.3415
2003-06-06T00:00:00.000000000+0000,1.3414,1.3618,1.3395,1.3583
2003-06-07T00:00:00.000000000+0000,1.3583,1.3583,1.3583,1.3583
2003-06-08T00:00:00.000000000+0000,1.3583,1.3583,1.3583,1.3583
2003-06-09T00:00:00.000000000+0000,1.3538,1.368,1.3538,1.3573
2003-06-10T00:00:00.000000000+0000,1.3578,1.3672,1.356,1.363
2003-06-11T00:00:00.000000000+0000,1.3629,1.3656,1.3498,1.351
2003-06-12T00:00:00.000000000+0000,1.3506,1.3542,1.3475,1.3488
2003-06-13T00:00:00.000000000+0000,1.3488,1.3497,1.333,1.3333
2003-06-14T00:00:00.000000000+0000,1.3333,1.3333,1.3333,1.3333
2003-06-15T00:00:00.000000000+0000,1.3333,1.3333,1.3333,1.3333
2003-06-16T00:00:00.000000000+0000,1.3332,1.3454,1.331,1.3436
2003-06-17T00:00:00.000000000+0000,1.3437,1.3489,1.3356,1.3381
2003-06-18T00:00:00.000000000+0000,1.3382,1.345,1.3326,1.336
2003-06-19T00:00:00.000000000+0000,1.336,1.3549,1.3352,1.3449
2003-06-20T00:00:00.000000000+0000,1.3445,1.3631,1.341,1.3599
2003-06-21T00:00:00.000000000+0000,1.3599,1.3599,1.3599,1.3599
2003-06-22T00:00:00.000000000+0000,1.3599,1.3599,1.3599,1.3599
2003-06-23T00:00:00.000000000+0000,1.3596,1.367,1.354,1.3578
2003-06-24T00:00:00.000000000+0000,1.3582,1.3636,1.3526,1.3588
2003-06-25T00:00:00.000000000+0000,1.359,1.3603,1.339,1.3478
2003-06-26T00:00:00.000000000+0000,1.3478,1.3576,1.344,1.3563
2003-06-27T00:00:00.000000000+0000,1.357,1.3588,1.3457,1.3475
2003-06-28T00:00:00.000000000+0000,1.3475,1.3475,1.3475,1.3475
2003-06-29T00:00:00.000000000+0000,1.3475,1.3475,1.3475,1.3475
2003-06-30T00:00:00.000000000+0000,1.3471,1.3621,1.3457,1.346
2003-07-01T00:00:00.000000000+0000,1.3462,1.3545,1.3438,1.352
2003-07-02T00:00:00.000000000+0000,1.3512,1.3535,1.3353,1.3375
2003-07-03T00:00:00.000000000+0000,1.3383,1.3447,1.3338,1.3364
2003-07-04T00:00:00.000000000+0000,1.3365,1.3416,1.3365,1.3389
2003-07-05T00:00:00.000000000+0000,1.3389,1.3389,1.3389,1.3389
2003-07-06T00:00:00.000000000+0000,1.3389,1.3389,1.3389,1.3389
2003-07-07T00:00:00.000000000+0000,1.3386,1.3515,1.3376,1.3478
2003-07-08T00:00:00.000000000+0000,1.3478,1.371,1.3465,1.3645
2003-07-09T00:00:00.000000000+0000,1.3642,1.3771,1.3598,1.374
2003-07-10T00:00:00.000000000+0000,1.3737,1.3883,1.3728,1.3832
2003-07-11T00:00:00.000000000+0000,1.3832,1.3868,1.3737,1.3772
2003-07-12T00:00:00.000000000+0000,1.3772,1.3772,1.3772,1.3772
2003-07-13T00:00:00.000000000+0000,1.3772,1.3772,1.3772,1.3772
2003-07-14T00:00:00.000000000+0000,1.3754,1.3827,1.3712,1.3735
2003-07-15T00:00:00.000000000+0000,1.3731,1.3963,1.3728,1.3915
2003-07-16T00:00:00.000000000+0000,1.3922,1.3973,1.3844,1.3899
2003-07-17T00:00:00.000000000+0000,1.39,1.4013,1.3858,1.3967
2003-07-18T00:00:00.000000000+0000,1.3971,1.414,1.3968,1.4065
2003-07-19T00:00:00.000000000+0000,1.4065,1.4065,1.4065,1.4065
2003-07-20T00:00:00.000000000+0000,1.4065,1.4065,1.4065,1.4065
2003-07-21T00:00:00.000000000+0000,1.4063,1.4129,1.4026,1.4063
2003-07-22T00:00:00.000000000+0000,1.4062,1.418,1.4009,1.4155
2003-07-23T00:00:00.000000000+0000,1.4153,1.419,1.3937,1.3968
2003-07-24T00:00:00.000000000+0000,1.3966,1.3997,1.3908,1.3937
2003-07-25T00:00:00.000000000+0000,1.3936,1.397,1.378,1.3789
2003-07-26T00:00:00.000000000+0000,1.3789,1.3789,1.3789,1.3789
2003-07-27T00:00:00.000000000+0000,1.3789,1.3789,1.3789,1.3789
2003-07-28T00:00:00.000000000+0000,1.3789,1.3866,1.3774,1.384
2003-07-29T00:00:00.000000000+0000,1.3837,1.3881,1.3814,1.3872
2003-07-30T00:00:00.000000000+0000,1.3873,1.4027,1.3873,1.4006
2003-07-31T00:00:00.000000000+0000,1.4006,1.4107,1.3998,1.4051
2003-08-01T00:00:00.000000000+0000,1.4051,1.4093,1.3919,1.3984
2003-08-02T00:00:00.000000000+0000,1.3984,1.3984,1.3984,1.3984
2003-08-03T00:00:00.000000000+0000,1.39917,1.40101,1.39756,1.40036
2003-08-04T00:00:00.000000000+0000,1.40029,1.407,1.3951,1.40336
2003-08-05T00:00:00.000000000+0000,1.40372,1.41119,1.39698,1.39821
2003-08-06T00:00:00.000000000+0000,1.39816,1.4063,1.39658,1.40365
2003-08-07T00:00:00.000000000+0000,1.40372,1.40646,1.39109,1.39238
2003-08-08T00:00:00.000000000+0000,1.39236,1.39747,1.38928,1.39138
2003-08-09T00:00:00.000000000+0000,1.39138,1.39138,1.39138,1.39138
2003-08-10T00:00:00.000000000+0000,1.39105,1.39155,1.39035,1.39105
2003-08-11T00:00:00.000000000+0000,1.39087,1.39937,1.37572,1.38028
2003-08-12T00:00:00.000000000+0000,1.37946,1.38654,1.37839,1.38506
2003-08-13T00:00:00.000000000+0000,1.38477,1.38947,1.37794,1.38032
2003-08-14T00:00:00.000000000+0000,1.38021,1.39698,1.37696,1.39291
2003-08-15T00:00:00.000000000+0000,1.39283,1.39348,1.38382,1.38614
2003-08-16T00:00:00.000000000+0000,1.38614,1.38614,1.38614,1.38614
2003-08-17T00:00:00.000000000+0000,1.38625,1.38667,1.38507,1.38549
2003-08-18T00:00:00.000000000+0000,1.38545,1.39381,1.38429,1.39152
2003-08-19T00:00:00.000000000+0000,1.39154,1.40255,1.39065,1.39423
2003-08-20T00:00:00.000000000+0000,1.39413,1.40774,1.39363,1.40193
2003-08-21T00:00:00.000000000+0000,1.40183,1.41068,1.40087,1.40582
2003-08-22T00:00:00.000000000+0000,1.40593,1.41606,1.39987,1.40082
2003-08-23T00:00:00.000000000+0000,1.40082,1.40082,1.40082,1.40082
2003-08-24T00:00:00.000000000+0000,1.40104,1.4019,1.39959,1.39959
2003-08-25T00:00:00.000000000+0000,1.39951,1.4043,1.3957,1.40257
2003-08-26T00:00:00.000000000+0000,1.4024,1.404,1.39077,1.39449
2003-08-27T00:00:00.000000000+0000,1.3945,1.40586,1.39338,1.40393
2003-08-28T00:00:00.000000000+0000,1.40385,1.40774,1.39191,1.39704
2003-08-29T00:00:00.000000000+0000,1.39688,1.4011,1.38383,1.38601
2003-08-30T00:00:00.000000000+0000,1.38601,1.38601,1.38601,1.38601
2003-08-31T00:00:00.000000000+0000,1.38558,1.38616,1.3842,1.38563
2003-09-01T00:00:00.000000000+0000,1.38553,1.38607,1.37523,1.37917
2003-09-02T00:00:00.000000000+0000,1.37943,1.39455,1.37649,1.39225
2003-09-03T00:00:00.000000000+0000,1.39254,1.39747,1.37736,1.38027
2003-09-04T00:00:00.000000000+0000,1.38036,1.38415,1.36913,1.37269
2003-09-05T00:00:00.000000000+0000,1.37261,1.37379,1.36486,1.36806
2003-09-06T00:00:00.000000000+0000,1.36806,1.36806,1.36806,1.36806
2003-09-07T00:00:00.000000000+0000,1.36908,1.36995,1.36486,1.36613
2003-09-08T00:00:00.000000000+0000,1.36633,1.37684,1.36523,1.37341
2003-09-09T00:00:00.000000000+0000,1.3736,1.37386,1.36177,1.36769
2003-09-10T00:00:00.000000000+0000,1.36775,1.37127,1.36278,1.36838
2003-09-11T00:00:00.000000000+0000,1.36837,1.37423,1.36482,1.37048
2003-09-12T00:00:00.000000000+0000,1.37022,1.37423,1.36072,1.3648
2003-09-13T00:00:00.000000000+0000,1.3648,1.3648,1.3648,1.3648
2003-09-14T00:00:00.000000000+0000,1.36473,1.36502,1.36375,1.364
2003-09-15T00:00:00.000000000+0000,1.3639,1.37112,1.36273,1.36628
2003-09-16T00:00:00.000000000+0000,1.36627,1.37091,1.36336,1.36819
2003-09-17T00:00:00.000000000+0000,1.36779,1.37381,1.36356,1.36696
2003-09-18T00:00:00.000000000+0000,1.36725,1.36783,1.35883,1.36146
2003-09-19T00:00:00.000000000+0000,1.36138,1.36254,1.34569,1.34805
2003-09-20T00:00:00.000000000+0000,1.34805,1.34805,1.34805,1.34805
2003-09-21T00:00:00.000000000+0000,1.34203,1.34357,1.34001,1.34105
2003-09-22T00:00:00.000000000+0000,1.34122,1.35531,1.33632,1.35206
2003-09-23T00:00:00.000000000+0000,1.35203,1.35824,1.34565,1.35609
2003-09-24T00:00:00.000000000+0000,1.35608,1.35826,1.34805,1.34955
2003-09-25T00:00:00.000000000+0000,1.34926,1.35197,1.34461,1.34978
2003-09-26T00:00:00.000000000+0000,1.34959,1.35782,1.34832,1.35181
2003-09-27T00:00:00.000000000+0000,1.35181,1.35181,1.35181,1.35181
2003-09-28T00:00:00.000000000+0000,1.3525,1.35401,1.3525,1.35317
2003-09-29T00:00:00.000000000+0000,1.35283,1.36351,1.34997,1.35469
2003-09-30T00:00:00.000000000+0000,1.35466,1.35546,1.34247,1.35004
2003-10-01T00:00:00.000000000+0000,1.35003,1.3516,1.34293,1.34537
2003-10-02T00:00:00.000000000+0000,1.34528,1.35152,1.33701,1.33866
2003-10-03T00:00:00.000000000+0000,1.33868,1.34786,1.3368,1.34416
2003-10-04T00:00:00.000000000+0000,1.34416,1.34416,1.34416,1.34416
2003-10-05T00:00:00.000000000+0000,1.344,1.34584,1.34309,1.34517
2003-10-06T00:00:00.000000000+0000,1.34518,1.34878,1.33844,1.34013
2003-10-07T00:00:00.000000000+0000,1.34007,1.34115,1.32663,1.32999
2003-10-08T00:00:00.000000000+0000,1.32981,1.33486,1.32577,1.33067
2003-10-09T00:00:00.000000000+0000,1.33047,1.34175,1.3276,1.33829
2003-10-10T00:00:00.000000000+0000,1.33801,1.33945,1.31823,1.32048
2003-10-11T00:00:00.000000000+0000,1.32048,1.32048,1.32048,1.32048
2003-10-12T00:00:00.000000000+0000,1.32015,1.32074,1.31884,1.32074
2003-10-13T00:00:00.000000000+0000,1.32066,1.32604,1.3187,1.32248
2003-10-14T00:00:00.000000000+0000,1.32258,1.33095,1.32167,1.32311
2003-10-15T00:00:00.000000000+0000,1.32312,1.3303,1.3222,1.32877
2003-10-16T00:00:00.000000000+0000,1.32867,1.33025,1.31194,1.31716
2003-10-17T00:00:00.000000000+0000,1.31726,1.32257,1.3109,1.31538
2003-10-18T00:00:00.000000000+0000,1.31538,1.31538,1.31538,1.31538
2003-10-19T00:00:00.000000000+0000,1.31472,1.316,1.3125,1.31449
2003-10-20T00:00:00.000000000+0000,1.31471,1.32207,1.314,1.31963
2003-10-21T00:00:00.000000000+0000,1.31985,1.32493,1.31252,1.31727
2003-10-22T00:00:00.000000000+0000,1.31718,1.31761,1.30164,1.30348
2003-10-23T00:00:00.000000000+0000,1.30333,1.31136,1.30139,1.30471
2003-10-24T00:00:00.000000000+0000,1.30458,1.3086,1.30305,1.30708
2003-10-25T00:00:00.000000000+0000,1.30708,1.30708,1.30708,1.30708
2003-10-26T00:00:00.000000000+0000,1.3072,1.30731,1.30606,1.3069
2003-10-27T00:00:00.000000000+0000,1.30679,1.31333,1.305,1.31068
2003-10-28T00:00:00.000000000+0000,1.31063,1.3164,1.30652,1.3098
2003-10-29T00:00:00.000000000+0000,1.30959,1.31286,1.30607,1.31151
2003-10-30T00:00:00.000000000+0000,1.31138,1.31551,1.30488,1.31508
2003-10-31T00:00:00.000000000+0000,1.31512,1.32206,1.3133,1.31937
2003-11-01T00:00:00.000000000+0000,1.31937,1.31937,1.31937,1.31937
2003-11-02T00:00:00.000000000+0000,1.31882,1.32015,1.31825,1.31989
2003-11-03T00:00:00.000000000+0000,1.31977,1.33777,1.31955,1.33369
2003-11-04T00:00:00.000000000+0000,1.3336,1.34298,1.32771,1.3303
2003-11-05T00:00:00.000000000+0000,1.33023,1.33544,1.32764,1.3339
2003-11-06T00:00:00.000000000+0000,1.33383,1.34168,1.3315,1.34092
2003-11-07T00:00:00.000000000+0000,1.34097,1.34166,1.3208,1.32167
2003-11-08T00:00:00.000000000+0000,1.32167,1.32167,1.32167,1.32167
2003-11-09T00:00:00.000000000+0000,1.32155,1.32384,1.32132,1.3234
2003-11-10T00:00:00.000000000+0000,1.32333,1.32416,1.30813,1.31225
2003-11-11T00:00:00.000000000+0000,1.3121,1.31529,1.31047,1.31315
2003-11-12T00:00:00.000000000+0000,1.31311,1.31336,1.29764,1.30317
2003-11-13T00:00:00.000000000+0000,1.30306,1.30491,1.29485,1.29747
2003-11-14T00:00:00.000000000+0000,1.29741,1.30418,1.29573,1.30239
2003-11-15T00:00:00.000000000+0000,1.30239,1.30239,1.30239,1.30239
2003-11-16T00:00:00.000000000+0000,1.30222,1.3027,1.29986,1.30104
2003-11-17T00:00:00.000000000+0000,1.30096,1.31481,1.29889,1.31385
2003-11-18T00:00:00.000000000+0000,1.31392,1.31709,1.29627,1.29985
2003-11-19T00:00:00.000000000+0000,1.29974,1.30645,1.29719,1.30323
2003-11-20T00:00:00.000000000+0000,1.30295,1.3058,1.2986,1.3032
2003-11-21T00:00:00.000000000+0000,1.30315,1.30978,1.29982,1.3019
2003-11-22T00:00:00.000000000+0000,1.3019,1.3019,1.3019,1.3019
2003-11-23T00:00:00.000000000+0000,1.30195,1.30314,1.30145,1.30284
2003-11-24T00:00:00.000000000+0000,1.30276,1.32217,1.30083,1.31697
2003-11-25T00:00:00.000000000+0000,1.31713,1.31947,1.3085,1.31096
2003-11-26T00:00:00.000000000+0000,1.31096,1.31272,1.29992,1.3041
2003-11-27T00:00:00.000000000+0000,1.30415,1.30967,1.30363,1.30687
2003-11-28T00:00:00.000000000+0000,1.30681,1.30964,1.29278,1.30039
2003-11-29T00:00:00.000000000+0000,1.30039,1.30039,1.30039,1.30039
2003-11-30T00:00:00.000000000+0000,1.30008,1.30008,1.29717,1.2977
2003-12-01T00:00:00.000000000+0000,1.29771,1.30435,1.29668,1.30397
2003-12-02T00:00:00.000000000+0000,1.30388,1.30818,1.2953,1.29619
2003-12-03T00:00:00.000000000+0000,1.29616,1.30139,1.29416,1.3002
2003-12-04T00:00:00.000000000+0000,1.30044,1.31423,1.29965,1.31102
2003-12-05T00:00:00.000000000+0000,1.31089,1.31435,1.30179,1.30421
2003-12-06T00:00:00.000000000+0000,1.30421,1.30421,1.30421,1.30421
2003-12-07T00:00:00.000000000+0000,1.30418,1.30614,1.30385,1.3046
2003-12-08T00:00:00.000000000+0000,1.30458,1.30495,1.29502,1.2971
2003-12-09T00:00:00.000000000+0000,1.29718,1.31335,1.29589,1.30685
2003-12-10T00:00:00.000000000+0000,1.30694,1.31254,1.30451,1.30892
2003-12-11T00:00:00.000000000+0000,1.30888,1.32983,1.3078,1.31623
2003-12-12T00:00:00.000000000+0000,1.31615,1.32014,1.30902,1.31499
2003-12-13T00:00:00.000000000+0000,1.31499,1.31499,1.31499,1.31499
2003-12-14T00:00:00.000000000+0000,1.32232,1.32576,1.31956,1.32268
2003-12-15T00:00:00.000000000+0000,1.32263,1.32287,1.30985,1.31327
2003-12-16T00:00:00.000000000+0000,1.31277,1.32887,1.31197,1.32593
2003-12-17T00:00:00.000000000+0000,1.32585,1.33579,1.32299,1.32668
2003-12-18T00:00:00.000000000+0000,1.32638,1.33266,1.32211,1.33218
2003-12-19T00:00:00.000000000+0000,1.33204,1.34185,1.32942,1.33552
2003-12-20T00:00:00.000000000+0000,1.33552,1.33552,1.33552,1.33552
2003-12-21T00:00:00.000000000+0000,1.33475,1.33659,1.33379,1.33642
2003-12-22T00:00:00.000000000+0000,1.3364,1.338,1.32767,1.33064
2003-12-23T00:00:00.000000000+0000,1.33063,1.33152,1.31888,1.32098
2003-12-24T00:00:00.000000000+0000,1.32058,1.32255,1.30571,1.30688
2003-12-25T00:00:00.000000000+0000,1.3069,1.31213,1.30682,1.3098
2003-12-26T00:00:00.000000000+0000,1.30961,1.31051,1.30317,1.30623
2003-12-27T00:00:00.000000000+0000,1.30623,1.30623,1.30623,1.30623
2003-12-28T00:00:00.000000000+0000,1.3092,1.31149,1.307,1.31116
2003-12-29T00:00:00.000000000+0000,1.31121,1.31473,1.30473,1.30897
2003-12-30T00:00:00.000000000+0000,1.30894,1.31232,1.29037,1.29375
2003-12-31T00:00:00.000000000+0000,1.29381,1.29952,1.28362,1.2927
2004-01-01T00:00:00.000000000+0000,1.2927,1.29666,1.29054,1.29468
2004-01-02T00:00:00.000000000+0000,1.29471,1.29785,1.28609,1.28758
2004-01-03T00:00:00.000000000+0000,1.28758,1.28758,1.28758,1.28758
2004-01-04T00:00:00.000000000+0000,1.28741,1.28783,1.28563,1.28628
2004-01-05T00:00:00.000000000+0000,1.28623,1.28889,1.27722,1.28094
2004-01-06T00:00:00.000000000+0000,1.28081,1.28714,1.27653,1.28662
2004-01-07T00:00:00.000000000+0000,1.28662,1.29235,1.28385,1.28873
2004-01-08T00:00:00.000000000+0000,1.28892,1.29471,1.27486,1.27852
2004-01-09T00:00:00.000000000+0000,1.27833,1.28304,1.26768,1.27133
2004-01-10T00:00:00.000000000+0000,1.27133,1.27133,1.27133,1.27133
2004-01-11T00:00:00.000000000+0000,1.27076,1.27151,1.26964,1.27141
2004-01-12T00:00:00.000000000+0000,1.27143,1.2766,1.26835,1.27587
2004-01-13T00:00:00.000000000+0000,1.27594,1.27821,1.26869,1.27081
2004-01-14T00:00:00.000000000+0000,1.27055,1.29117,1.27055,1.28927
2004-01-15T00:00:00.000000000+0000,1.28905,1.29898,1.28668,1.29527
2004-01-16T00:00:00.000000000+0000,1.29512,1.30213,1.29295,1.29866
2004-01-17T00:00:00.000000000+0000,1.29866,1.29866,1.29866,1.29866
2004-01-18T00:00:00.000000000+0000,1.2981,1.29934,1.2981,1.29885
2004-01-19T00:00:00.000000000+0000,1.29906,1.30425,1.29835,1.30144
2004-01-20T00:00:00.000000000+0000,1.30133,1.30322,1.28475,1.29141
2004-01-21T00:00:00.000000000+0000,1.29149,1.30405,1.28627,1.29985
2004-01-22T00:00:00.000000000+0000,1.30005,1.30537,1.29259,1.29452
2004-01-23T00:00:00.000000000+0000,1.29444,1.31933,1.29373,1.31325
2004-01-24T00:00:00.000000000+0000,1.31325,1.31325,1.31325,1.31325
2004-01-25T00:00:00.000000000+0000,1.31331,1.31521,1.31277,1.31454
2004-01-26T00:00:00.000000000+0000,1.31452,1.316,1.30785,1.31194
2004-01-27T00:00:00.000000000+0000,1.31253,1.31637,1.30322,1.30634
2004-01-28T00:00:00.000000000+0000,1.30643,1.32849,1.30533,1.32628
2004-01-29T00:00:00.000000000+0000,1.32622,1.33586,1.32427,1.33013
2004-01-30T00:00:00.000000000+0000,1.33017,1.33522,1.32254,1.32487
2004-01-31T00:00:00.000000000+0000,1.32487,1.32487,1.32487,1.32487
2004-02-01T00:00:00.000000000+0000,1.32468,1.326,1.32385,1.32546
2004-02-02T00:00:00.000000000+0000,1.32543,1.34256,1.32398,1.33652
2004-02-03T00:00:00.000000000+0000,1.33642,1.3382,1.32732,1.33616
2004-02-04T00:00:00.000000000+0000,1.3366,1.34265,1.33097,1.3333
2004-02-05T00:00:00.000000000+0000,1.33321,1.33947,1.32832,1.33745
2004-02-06T00:00:00.000000000+0000,1.33716,1.34073,1.32302,1.3235
2004-02-07T00:00:00.000000000+0000,1.3235,1.3235,1.3235,1.3235
2004-02-08T00:00:00.000000000+0000,1.32481,1.33049,1.32439,1.32857
2004-02-09T00:00:00.000000000+0000,1.32854,1.33076,1.32141,1.32783
2004-02-10T00:00:00.000000000+0000,1.32775,1.33281,1.3214,1.3305
2004-02-11T00:00:00.000000000+0000,1.33054,1.33403,1.31183,1.31475
2004-02-12T00:00:00.000000000+0000,1.31487,1.32154,1.31376,1.3186
2004-02-13T00:00:00.000000000+0000,1.31863,1.32309,1.30659,1.31628
2004-02-14T00:00:00.000000000+0000,1.31628,1.31628,1.31628,1.31628
2004-02-15T00:00:00.000000000+0000,1.31619,1.31726,1.3146,1.31705
2004-02-16T00:00:00.000000000+0000,1.31649,1.31923,1.31368,1.31697
2004-02-17T00:00:00.000000000+0000,1.31697,1.31714,1.30738,1.31001
2004-02-18T00:00:00.000000000+0000,1.31001,1.32679,1.30805,1.32247
2004-02-19T00:00:00.000000000+0000,1.32238,1.33449,1.32174,1.32775
2004-02-20T00:00:00.000000000+0000,1.32824,1.3507,1.32699,1.33432
2004-02-21T00:00:00.000000000+0000,1.33432,1.33432,1.33432,1.33432
2004-02-22T00:00:00.000000000+0000,1.33476,1.33778,1.3346,1.33706
2004-02-23T00:00:00.000000000+0000,1.33698,1.34306,1.33273,1.33495
2004-02-24T00:00:00.000000000+0000,1.33493,1.33959,1.3257,1.32835
2004-02-25T00:00:00.000000000+0000,1.32859,1.34024,1.32581,1.33514
2004-02-26T00:00:00.000000000+0000,1.33508,1.34765,1.33409,1.34322
2004-02-27T00:00:00.000000000+0000,1.34317,1.34998,1.33333,1.33333
2004-02-28T00:00:00.000000000+0000,1.33333,1.33333,1.33333,1.33333
2004-02-29T00:00:00.000000000+0000,1.33411,1.33706,1.33399,1.3343
2004-03-01T00:00:00.000000000+0000,1.33426,1.34037,1.33264,1.33721
2004-03-02T00:00:00.000000000+0000,1.33716,1.34524,1.33687,1.3434
2004-03-03T00:00:00.000000000+0000,1.34343,1.35818,1.33683,1.34073
2004-03-04T00:00:00.000000000+0000,1.3406,1.34276,1.33052,1.33324
2004-03-05T00:00:00.000000000+0000,1.33316,1.33616,1.31525,1.32117
2004-03-06T00:00:00.000000000+0000,1.32117,1.32117,1.32117,1.32117
2004-03-07T00:00:00.000000000+0000,1.32053,1.32207,1.31989,1.32105
2004-03-08T00:00:00.000000000+0000,1.3213,1.32686,1.31695,1.31789
2004-03-09T00:00:00.000000000+0000,1.31778,1.32632,1.31699,1.32447
2004-03-10T00:00:00.000000000+0000,1.32439,1.33027,1.3191,1.32432
2004-03-11T00:00:00.000000000+0000,1.3243,1.32938,1.31607,1.31683
2004-03-12T00:00:00.000000000+0000,1.31676,1.33843,1.31589,1.33347
2004-03-13T00:00:00.000000000+0000,1.33347,1.33347,1.33347,1.33347
2004-03-14T00:00:00.000000000+0000,1.33316,1.3354,1.33316,1.33439
2004-03-15T00:00:00.000000000+0000,1.33438,1.33528,1.32715,1.33331
2004-03-16T00:00:00.000000000+0000,1.33325,1.33485,1.32461,1.33292
2004-03-17T00:00:00.000000000+0000,1.3329,1.34375,1.32997,1.33891
2004-03-18T00:00:00.000000000+0000,1.33896,1.34152,1.32397,1.32679
2004-03-19T00:00:00.000000000+0000,1.32625,1.33428,1.32529,1.33341
2004-03-20T00:00:00.000000000+0000,1.33341,1.33341,1.33341,1.33341
2004-03-21T00:00:00.000000000+0000,1.33309,1.33403,1.33254,1.33358
2004-03-22T00:00:00.000000000+0000,1.33364,1.33516,1.32392,1.33301
2004-03-23T00:00:00.000000000+0000,1.33305,1.33491,1.32869,1.33163
2004-03-24T00:00:00.000000000+0000,1.33173,1.34294,1.32966,1.33816
2004-03-25T00:00:00.000000000+0000,1.33816,1.34283,1.326,1.33022
2004-03-26T00:00:00.000000000+0000,1.33001,1.33141,1.31626,1.31778
2004-03-27T00:00:00.000000000+0000,1.31778,1.31778,1.31778,1.31778
2004-03-28T00:00:00.000000000+0000,1.3178,1.31981,1.31655,1.31921
2004-03-29T00:00:00.000000000+0000,1.31912,1.32119,1.30537,1.30884
2004-03-30T00:00:00.000000000+0000,1.30869,1.30968,1.30443,1.30693
2004-03-31T00:00:00.000000000+0000,1.30685,1.31532,1.30073,1.31169
2004-04-01T00:00:00.000000000+0000,1.31114,1.31895,1.30521,1.30733
2004-04-02T00:00:00.000000000+0000,1.30719,1.31869,1.30393,1.31395
2004-04-03T00:00:00.000000000+0000,1.31395,1.31395,1.31395,1.31395
2004-04-04T00:00:00.000000000+0000,1.31349,1.31569,1.31286,1.31543
2004-04-05T00:00:00.000000000+0000,1.31528,1.31763,1.30989,1.31312
2004-04-06T00:00:00.000000000+0000,1.31332,1.31803,1.30342,1.31108
2004-04-07T00:00:00.000000000+0000,1.31093,1.31681,1.30561,1.31003
2004-04-08T00:00:00.000000000+0000,1.31012,1.32925,1.30822,1.32694
2004-04-09T00:00:00.000000000+0000,1.32692,1.32957,1.32537,1.32753
2004-04-10T00:00:00.000000000+0000,1.32753,1.32753,1.32753,1.32753
2004-04-11T00:00:00.000000000+0000,1.32738,1.3292,1.32727,1.32794
2004-04-12T00:00:00.000000000+0000,1.32808,1.34028,1.32576,1.33571
2004-04-13T00:00:00.000000000+0000,1.33565,1.3412,1.33188,1.33574
2004-04-14T00:00:00.000000000+0000,1.33572,1.34947,1.33265,1.34445
2004-04-15T00:00:00.000000000+0000,1.34431,1.34907,1.34023,1.34433
2004-04-16T00:00:00.000000000+0000,1.34425,1.34835,1.33996,1.34417
2004-04-17T00:00:00.000000000+0000,1.34417,1.34417,1.34417,1.34417
2004-04-18T00:00:00.000000000+0000,1.34434,1.34563,1.34394,1.34413
2004-04-19T00:00:00.000000000+0000,1.34408,1.34801,1.34175,1.34572
2004-04-20T00:00:00.000000000+0000,1.34545,1.35783,1.34472,1.35648
2004-04-21T00:00:00.000000000+0000,1.35651,1.36329,1.35243,1.35958
2004-04-22T00:00:00.000000000+0000,1.35956,1.36488,1.35361,1.35544
2004-04-23T00:00:00.000000000+0000,1.35525,1.363,1.35101,1.36106
2004-04-24T00:00:00.000000000+0000,1.36106,1.36106,1.36106,1.36106
2004-04-25T00:00:00.000000000+0000,1.35989,1.36222,1.35964,1.36078
2004-04-26T00:00:00.000000000+0000,1.36051,1.36242,1.34711,1.35131
2004-04-27T00:00:00.000000000+0000,1.35128,1.35462,1.34613,1.35203
2004-04-28T00:00:00.000000000+0000,1.35205,1.37596,1.34907,1.37477
2004-04-29T00:00:00.000000000+0000,1.37482,1.37602,1.36661,1.3738
2004-04-30T00:00:00.000000000+0000,1.3739,1.37893,1.36815,1.37183
2004-05-01T00:00:00.000000000+0000,1.37183,1.37183,1.37183,1.37183
2004-05-02T00:00:00.000000000+0000,1.37142,1.37224,1.36955,1.37048
2004-05-03T00:00:00.000000000+0000,1.37027,1.37652,1.36971,1.3719
2004-05-04T00:00:00.000000000+0000,1.37175,1.3724,1.36282,1.3716
2004-05-05T00:00:00.000000000+0000,1.37166,1.37864,1.36731,1.37231
2004-05-06T00:00:00.000000000+0000,1.37221,1.38045,1.3696,1.37597
2004-05-07T00:00:00.000000000+0000,1.37612,1.38651,1.37477,1.38393
2004-05-08T00:00:00.000000000+0000,1.38393,1.38393,1.38393,1.38393
2004-05-09T00:00:00.000000000+0000,1.38333,1.38602,1.38295,1.38592
2004-05-10T00:00:00.000000000+0000,1.38586,1.39593,1.38569,1.39042
2004-05-11T00:00:00.000000000+0000,1.39066,1.39158,1.38443,1.3848
2004-05-12T00:00:00.000000000+0000,1.38511,1.39053,1.38249,1.38652
2004-05-13T00:00:00.000000000+0000,1.38664,1.39857,1.38625,1.39434
2004-05-14T00:00:00.000000000+0000,1.39432,1.39679,1.38746,1.38963
2004-05-15T00:00:00.000000000+0000,1.38963,1.38963,1.38963,1.38963
2004-05-16T00:00:00.000000000+0000,1.38773,1.39274,1.3877,1.39263
2004-05-17T00:00:00.000000000+0000,1.39251,1.39934,1.37432,1.39375
2004-05-18T00:00:00.000000000+0000,1.39378,1.40003,1.38836,1.39122
2004-05-19T00:00:00.000000000+0000,1.39126,1.3917,1.37388,1.37699
2004-05-20T00:00:00.000000000+0000,1.377,1.38139,1.366,1.36909
2004-05-21T00:00:00.000000000+0000,1.36913,1.37488,1.36614,1.37325
2004-05-22T00:00:00.000000000+0000,1.37325,1.37325,1.37325,1.37325
2004-05-23T00:00:00.000000000+0000,1.37233,1.37293,1.37045,1.37265
2004-05-24T00:00:00.000000000+0000,1.37252,1.37701,1.36468,1.37126
2004-05-25T00:00:00.000000000+0000,1.37129,1.37756,1.36411,1.37098
2004-05-26T00:00:00.000000000+0000,1.37111,1.3725,1.36345,1.37097
2004-05-27T00:00:00.000000000+0000,1.37031,1.37139,1.35514,1.35777
2004-05-28T00:00:00.000000000+0000,1.35771,1.36668,1.35534,1.36185
2004-05-29T00:00:00.000000000+0000,1.36185,1.36185,1.36185,1.36185
2004-05-30T00:00:00.000000000+0000,1.36172,1.36245,1.36069,1.36225
2004-05-31T00:00:00.000000000+0000,1.36225,1.36416,1.35871,1.36348
2004-06-01T00:00:00.000000000+0000,1.36325,1.37198,1.36018,1.36615
2004-06-02T00:00:00.000000000+0000,1.36607,1.36827,1.35857,1.36143
2004-06-03T00:00:00.000000000+0000,1.36147,1.3648,1.35661,1.36137
2004-06-04T00:00:00.000000000+0000,1.36106,1.36484,1.34759,1.34965
2004-06-05T00:00:00.000000000+0000,1.34965,1.34965,1.34965,1.34965
2004-06-06T00:00:00.000000000+0000,1.3497,1.3513,1.34864,1.35054
2004-06-07T00:00:00.000000000+0000,1.35034,1.3509,1.3431,1.34468
2004-06-08T00:00:00.000000000+0000,1.34485,1.3502,1.33926,1.34754
2004-06-09T00:00:00.000000000+0000,1.34743,1.36035,1.34529,1.35967
2004-06-10T00:00:00.000000000+0000,1.35955,1.36226,1.35518,1.35924
2004-06-11T00:00:00.000000000+0000,1.35918,1.36887,1.35867,1.36292
2004-06-12T00:00:00.000000000+0000,1.36292,1.36292,1.36292,1.36292
2004-06-13T00:00:00.000000000+0000,1.36305,1.36705,1.36305,1.3661
2004-06-14T00:00:00.000000000+0000,1.36598,1.37869,1.36247,1.37717
2004-06-15T00:00:00.000000000+0000,1.37715,1.38138,1.3666,1.3697
2004-06-16T00:00:00.000000000+0000,1.36968,1.37803,1.36576,1.37368
2004-06-17T00:00:00.000000000+0000,1.37349,1.37837,1.36786,1.37388
2004-06-18T00:00:00.000000000+0000,1.37385,1.37657,1.36152,1.36282
2004-06-19T00:00:00.000000000+0000,1.36282,1.36282,1.36282,1.36282
2004-06-20T00:00:00.000000000+0000,1.36301,1.36355,1.35983,1.36109
2004-06-21T00:00:00.000000000+0000,1.36084,1.36769,1.36004,1.36416
2004-06-22T00:00:00.000000000+0000,1.36397,1.36662,1.35553,1.35778
2004-06-23T00:00:00.000000000+0000,1.35774,1.36281,1.35364,1.3601
2004-06-24T00:00:00.000000000+0000,1.36002,1.36156,1.34049,1.34619
2004-06-25T00:00:00.000000000+0000,1.34624,1.35078,1.34422,1.34982
2004-06-26T00:00:00.000000000+0000,1.34982,1.34982,1.34982,1.34982
2004-06-27T00:00:00.000000000+0000,1.34953,1.3503,1.34874,1.34947
2004-06-28T00:00:00.000000000+0000,1.3495,1.35305,1.34208,1.34735
2004-06-29T00:00:00.000000000+0000,1.34768,1.34909,1.33879,1.34613
2004-06-30T00:00:00.000000000+0000,1.34608,1.34984,1.33134,1.33284
2004-07-01T00:00:00.000000000+0000,1.33283,1.33612,1.32527,1.33083
2004-07-02T00:00:00.000000000+0000,1.33095,1.33574,1.32206,1.32288
2004-07-03T00:00:00.000000000+0000,1.32288,1.32288,1.32288,1.32288
2004-07-04T00:00:00.000000000+0000,1.32275,1.32383,1.31999,1.32084
2004-07-05T00:00:00.000000000+0000,1.32078,1.32692,1.32025,1.32385
2004-07-06T00:00:00.000000000+0000,1.32351,1.32839,1.31894,1.32578
2004-07-07T00:00:00.000000000+0000,1.32572,1.32765,1.31718,1.31987
2004-07-08T00:00:00.000000000+0000,1.31986,1.32692,1.3153,1.31672
2004-07-09T00:00:00.000000000+0000,1.31664,1.32239,1.31321,1.31753
2004-07-10T00:00:00.000000000+0000,1.31753,1.31753,1.31753,1.31753
2004-07-11T00:00:00.000000000+0000,1.31676,1.31778,1.31566,1.31614
2004-07-12T00:00:00.000000000+0000,1.31603,1.32079,1.31442,1.31977
2004-07-13T00:00:00.000000000+0000,1.31959,1.32985,1.31591,1.31715
2004-07-14T00:00:00.000000000+0000,1.31711,1.32339,1.31635,1.32257
2004-07-15T00:00:00.000000000+0000,1.32256,1.32709,1.3218,1.32342
2004-07-16T00:00:00.000000000+0000,1.32327,1.32468,1.30544,1.3117
2004-07-17T00:00:00.000000000+0000,1.3117,1.3117,1.3117,1.3117
2004-07-18T00:00:00.000000000+0000,1.31028,1.31028,1.30561,1.30621
2004-07-19T00:00:00.000000000+0000,1.30598,1.31137,1.30522,1.30785
2004-07-20T00:00:00.000000000+0000,1.3082,1.31675,1.30651,1.31315
2004-07-21T00:00:00.000000000+0000,1.3131,1.32678,1.31147,1.32326
2004-07-22T00:00:00.000000000+0000,1.32305,1.32539,1.31157,1.31567
2004-07-23T00:00:00.000000000+0000,1.31543,1.32285,1.31525,1.32153
2004-07-24T00:00:00.000000000+0000,1.32153,1.32153,1.32153,1.32153
2004-07-25T00:00:00.000000000+0000,1.32127,1.32188,1.32047,1.32146
2004-07-26T00:00:00.000000000+0000,1.32128,1.33422,1.31509,1.33095
2004-07-27T00:00:00.000000000+0000,1.33103,1.3381,1.32661,1.33341
2004-07-28T00:00:00.000000000+0000,1.33333,1.33775,1.32576,1.3295
2004-07-29T00:00:00.000000000+0000,1.32935,1.33655,1.3232,1.3257
2004-07-30T00:00:00.000000000+0000,1.3256,1.33217,1.31821,1.33095
2004-07-31T00:00:00.000000000+0000,1.33095,1.33095,1.33095,1.33095
2004-08-01T00:00:00.000000000+0000,1.3309,1.3309,1.32622,1.32912
2004-08-02T00:00:00.000000000+0000,1.32912,1.3327,1.32497,1.3307
2004-08-03T00:00:00.000000000+0000,1.33133,1.3344,1.31558,1.31752
2004-08-04T00:00:00.000000000+0000,1.31748,1.32277,1.31208,1.3152
2004-08-05T00:00:00.000000000+0000,1.31526,1.3211,1.31298,1.31787
2004-08-06T00:00:00.000000000+0000,1.31782,1.32248,1.30776,1.31342
2004-08-07T00:00:00.000000000+0000,1.31342,1.31342,1.31342,1.31342
2004-08-08T00:00:00.000000000+0000,1.3119,1.31243,1.31007,1.31139
2004-08-09T00:00:00.000000000+0000,1.31141,1.31859,1.31026,1.31744
2004-08-10T00:00:00.000000000+0000,1.31751,1.32221,1.31276,1.32011
2004-08-11T00:00:00.000000000+0000,1.31977,1.32606,1.31884,1.32476
2004-08-12T00:00:00.000000000+0000,1.32432,1.33328,1.32109,1.33148
2004-08-13T00:00:00.000000000+0000,1.33143,1.33248,1.30722,1.30902
2004-08-14T00:00:00.000000000+0000,1.30902,1.30902,1.30902,1.30902
2004-08-15T00:00:00.000000000+0000,1.30869,1.31085,1.30823,1.31041
2004-08-16T00:00:00.000000000+0000,1.31018,1.31248,1.3039,1.30594
2004-08-17T00:00:00.000000000+0000,1.30599,1.30914,1.30142,1.30667
2004-08-18T00:00:00.000000000+0000,1.3068,1.31094,1.30102,1.30417
2004-08-19T00:00:00.000000000+0000,1.30434,1.30483,1.29494,1.29616
2004-08-20T00:00:00.000000000+0000,1.29596,1.30046,1.29516,1.29708
2004-08-21T00:00:00.000000000+0000,1.29708,1.29708,1.29708,1.29708
2004-08-22T00:00:00.000000000+0000,1.29695,1.2981,1.2966,1.29723
2004-08-23T00:00:00.000000000+0000,1.29716,1.30849,1.29689,1.30681
2004-08-24T00:00:00.000000000+0000,1.3068,1.3092,1.30037,1.30575
2004-08-25T00:00:00.000000000+0000,1.30551,1.3133,1.30201,1.30589
2004-08-26T00:00:00.000000000+0000,1.30597,1.31492,1.30437,1.30733
2004-08-27T00:00:00.000000000+0000,1.3071,1.31474,1.30431,1.31309
2004-08-28T00:00:00.000000000+0000,1.31309,1.31309,1.31309,1.31309
2004-08-29T00:00:00.000000000+0000,1.31261,1.31395,1.3122,1.3134
2004-08-30T00:00:00.000000000+0000,1.31317,1.31956,1.31283,1.31776
2004-08-31T00:00:00.000000000+0000,1.31769,1.32446,1.30958,1.31262
2004-09-01T00:00:00.000000000+0000,1.31243,1.31642,1.30375,1.30535
2004-09-02T00:00:00.000000000+0000,1.3054,1.30876,1.29809,1.30066
2004-09-03T00:00:00.000000000+0000,1.30053,1.30302,1.29644,1.29961
2004-09-04T00:00:00.000000000+0000,1.29961,1.29961,1.29961,1.29961
2004-09-05T00:00:00.000000000+0000,1.29937,1.3011,1.29875,1.29892
2004-09-06T00:00:00.000000000+0000,1.29888,1.2999,1.29657,1.29805
2004-09-07T00:00:00.000000000+0000,1.29808,1.30065,1.28534,1.28817
2004-09-08T00:00:00.000000000+0000,1.28804,1.29393,1.28741,1.29112
2004-09-09T00:00:00.000000000+0000,1.2912,1.2928,1.28488,1.2876
2004-09-10T00:00:00.000000000+0000,1.28718,1.29308,1.28471,1.28965
2004-09-11T00:00:00.000000000+0000,1.28965,1.28965,1.28965,1.28965
2004-09-12T00:00:00.000000000+0000,1.29017,1.29131,1.28946,1.29003
2004-09-13T00:00:00.000000000+0000,1.28993,1.30174,1.28802,1.30112
2004-09-14T00:00:00.000000000+0000,1.30103,1.30148,1.29073,1.29306
2004-09-15T00:00:00.000000000+0000,1.29318,1.3032,1.2925,1.296
2004-09-16T00:00:00.000000000+0000,1.29597,1.29746,1.28784,1.28932
2004-09-17T00:00:00.000000000+0000,1.28935,1.30519,1.28837,1.29623
2004-09-18T00:00:00.000000000+0000,1.29623,1.29623,1.29623,1.29623
2004-09-19T00:00:00.000000000+0000,1.2968,1.29962,1.2968,1.29868
2004-09-20T00:00:00.000000000+0000,1.29893,1.30212,1.29204,1.29403
2004-09-21T00:00:00.000000000+0000,1.29371,1.29579,1.28538,1.28779
2004-09-22T00:00:00.000000000+0000,1.28768,1.28912,1.28102,1.28302
2004-09-23T00:00:00.000000000+0000,1.28305,1.28421,1.27588,1.27945
2004-09-24T00:00:00.000000000+0000,1.27952,1.2813,1.27201,1.27395
2004-09-25T00:00:00.000000000+0000,1.27395,1.27395,1.27395,1.27395
2004-09-26T00:00:00.000000000+0000,1.27377,1.27545,1.27377,1.27452
2004-09-27T00:00:00.000000000+0000,1.27443,1.27735,1.27052,1.27162
2004-09-28T00:00:00.000000000+0000,1.27126,1.27649,1.26891,1.27145
2004-09-29T00:00:00.000000000+0000,1.2713,1.2726,1.26743,1.26851
2004-09-30T00:00:00.000000000+0000,1.26881,1.2736,1.25886,1.26127
2004-10-01T00:00:00.000000000+0000,1.26128,1.26434,1.25951,1.26097
2004-10-02T00:00:00.000000000+0000,1.26097,1.26097,1.26097,1.26097
2004-10-03T00:00:00.000000000+0000,1.26117,1.26321,1.26117,1.26242
2004-10-04T00:00:00.000000000+0000,1.26218,1.27508,1.26186,1.27185
2004-10-05T00:00:00.000000000+0000,1.27176,1.2742,1.25959,1.2616
2004-10-06T00:00:00.000000000+0000,1.2616,1.26592,1.25718,1.26058
2004-10-07T00:00:00.000000000+0000,1.26035,1.26187,1.25319,1.26087
2004-10-08T00:00:00.000000000+0000,1.26088,1.26246,1.24953,1.25146
2004-10-09T00:00:00.000000000+0000,1.25146,1.25146,1.25146,1.25146
2004-10-10T00:00:00.000000000+0000,1.25095,1.25337,1.24977,1.25272
2004-10-11T00:00:00.000000000+0000,1.25242,1.25587,1.25095,1.2543
2004-10-12T00:00:00.000000000+0000,1.254,1.25972,1.25308,1.25545
2004-10-13T00:00:00.000000000+0000,1.25518,1.26859,1.25497,1.25825
2004-10-14T00:00:00.000000000+0000,1.25816,1.25912,1.25065,1.25503
2004-10-15T00:00:00.000000000+0000,1.2552,1.26175,1.25053,1.25395
2004-10-16T00:00:00.000000000+0000,1.25395,1.25395,1.25395,1.25395
2004-10-17T00:00:00.000000000+0000,1.2528,1.25469,1.25245,1.25324
2004-10-18T00:00:00.000000000+0000,1.25333,1.25823,1.25106,1.25748
2004-10-19T00:00:00.000000000+0000,1.25741,1.26127,1.25265,1.25749
2004-10-20T00:00:00.000000000+0000,1.25744,1.25882,1.24154,1.24517
2004-10-21T00:00:00.000000000+0000,1.24508,1.24822,1.24063,1.24395
2004-10-22T00:00:00.000000000+0000,1.24368,1.24449,1.23253,1.23457
2004-10-23T00:00:00.000000000+0000,1.23457,1.23457,1.23457,1.23457
2004-10-24T00:00:00.000000000+0000,1.23354,1.23354,1.22702,1.22731
2004-10-25T00:00:00.000000000+0000,1.22757,1.228,1.21713,1.22102
2004-10-26T00:00:00.000000000+0000,1.22087,1.22747,1.21801,1.22473
2004-10-27T00:00:00.000000000+0000,1.2249,1.22849,1.21688,1.22597
2004-10-28T00:00:00.000000000+0000,1.22605,1.23425,1.21574,1.22267
2004-10-29T00:00:00.000000000+0000,1.22237,1.22488,1.21684,1.21738
2004-10-30T00:00:00.000000000+0000,1.21738,1.21738,1.21738,1.21738
2004-10-31T00:00:00.000000000+0000,1.21697,1.21898,1.21696,1.21774
2004-11-01T00:00:00.000000000+0000,1.21769,1.22512,1.21704,1.22245
2004-11-02T00:00:00.000000000+0000,1.22255,1.22722,1.22105,1.22586
2004-11-03T00:00:00.000000000+0000,1.22568,1.22819,1.20538,1.20674
2004-11-04T00:00:00.000000000+0000,1.20655,1.20926,1.20302,1.20673
2004-11-05T00:00:00.000000000+0000,1.20711,1.21171,1.19586,1.19705
2004-11-06T00:00:00.000000000+0000,1.19705,1.19705,1.19705,1.19705
2004-11-07T00:00:00.000000000+0000,1.19686,1.19693,1.19379,1.19625
2004-11-08T00:00:00.000000000+0000,1.19578,1.197,1.19011,1.19445
2004-11-09T00:00:00.000000000+0000,1.19376,1.20048,1.19156,1.19939
2004-11-10T00:00:00.000000000+0000,1.1996,1.20298,1.1926,1.19555
2004-11-11T00:00:00.000000000+0000,1.19563,1.1993,1.19477,1.19575
2004-11-12T00:00:00.000000000+0000,1.1956,1.19802,1.19066,1.19242
2004-11-13T00:00:00.000000000+0000,1.19242,1.19242,1.19242,1.19242
2004-11-14T00:00:00.000000000+0000,1.19302,1.19362,1.19217,1.19294
2004-11-15T00:00:00.000000000+0000,1.19312,1.20446,1.19187,1.20118
2004-11-16T00:00:00.000000000+0000,1.2013,1.20243,1.19075,1.19489
2004-11-17T00:00:00.000000000+0000,1.19486,1.19555,1.18709,1.19343
2004-11-18T00:00:00.000000000+0000,1.19351,1.20847,1.1902,1.20583
2004-11-19T00:00:00.000000000+0000,1.20606,1.20668,1.19045,1.1934
2004-11-20T00:00:00.000000000+0000,1.1934,1.1934,1.1934,1.1934
2004-11-21T00:00:00.000000000+0000,1.193,1.19371,1.19247,1.19329
2004-11-22T00:00:00.000000000+0000,1.19328,1.19687,1.18218,1.18529
2004-11-23T00:00:00.000000000+0000,1.18508,1.19084,1.1833,1.18596
2004-11-24T00:00:00.000000000+0000,1.18571,1.18655,1.17667,1.18001
2004-11-25T00:00:00.000000000+0000,1.17966,1.18125,1.17475,1.17655
2004-11-26T00:00:00.000000000+0000,1.17655,1.1813,1.17156,1.17726
2004-11-27T00:00:00.000000000+0000,1.17726,1.17726,1.17726,1.17726
2004-11-28T00:00:00.000000000+0000,1.17741,1.17905,1.1768,1.17774
2004-11-29T00:00:00.000000000+0000,1.17772,1.18672,1.1751,1.18569
2004-11-30T00:00:00.000000000+0000,1.18523,1.19189,1.18356,1.18727
2004-12-01T00:00:00.000000000+0000,1.18749,1.19186,1.18025,1.18311
2004-12-02T00:00:00.000000000+0000,1.18293,1.19625,1.17929,1.19444
2004-12-03T00:00:00.000000000+0000,1.19423,1.20054,1.18881,1.19046
2004-12-04T00:00:00.000000000+0000,1.19046,1.19046,1.19046,1.19046
2004-12-05T00:00:00.000000000+0000,1.19037,1.1918,1.18971,1.1911
2004-12-06T00:00:00.000000000+0000,1.1911,1.20318,1.18834,1.2004
2004-12-07T00:00:00.000000000+0000,1.20033,1.21099,1.19257,1.20772
2004-12-08T00:00:00.000000000+0000,1.20764,1.23376,1.20698,1.21661
2004-12-09T00:00:00.000000000+0000,1.21633,1.22746,1.21334,1.2221
2004-12-10T00:00:00.000000000+0000,1.22222,1.23303,1.22094,1.2253
2004-12-11T00:00:00.000000000+0000,1.2253,1.2253,1.2253,1.2253
2004-12-12T00:00:00.000000000+0000,1.22518,1.22671,1.22285,1.22591
2004-12-13T00:00:00.000000000+0000,1.22578,1.23293,1.21832,1.2276
2004-12-14T00:00:00.000000000+0000,1.22753,1.24035,1.2258,1.2374
2004-12-15T00:00:00.000000000+0000,1.2374,1.23813,1.22156,1.2254
2004-12-16T00:00:00.000000000+0000,1.22533,1.23848,1.22272,1.23414
2004-12-17T00:00:00.000000000+0000,1.23373,1.23597,1.22304,1.22817
2004-12-18T00:00:00.000000000+0000,1.22817,1.22817,1.22817,1.22817
2004-12-19T00:00:00.000000000+0000,1.2271,1.2285,1.22586,1.22809
2004-12-20T00:00:00.000000000+0000,1.2279,1.2314,1.22357,1.2288
2004-12-21T00:00:00.000000000+0000,1.22876,1.23142,1.2218,1.22762
2004-12-22T00:00:00.000000000+0000,1.22755,1.24638,1.22646,1.23929
2004-12-23T00:00:00.000000000+0000,1.23928,1.24207,1.23049,1.23333
2004-12-24T00:00:00.000000000+0000,1.23303,1.23414,1.22707,1.23048
2004-12-25T00:00:00.000000000+0000,1.23048,1.23048,1.23048,1.23048
2004-12-26T00:00:00.000000000+0000,1.23007,1.23306,1.22946,1.23153
2004-12-27T00:00:00.000000000+0000,1.23135,1.23245,1.21345,1.21756
2004-12-28T00:00:00.000000000+0000,1.21813,1.22177,1.21256,1.21624
2004-12-29T00:00:00.000000000+0000,1.21623,1.22066,1.20891,1.20898
2004-12-30T00:00:00.000000000+0000,1.20886,1.21266,1.2008,1.20382
2004-12-31T00:00:00.000000000+0000,1.20376,1.20773,1.19625,1.20128
2005-01-01T00:00:00.000000000+0000,1.20079,1.20079,1.20079,1.20079
2005-01-02T00:00:00.000000000+0000,1.20113,1.2024,1.19995,1.20079
2005-01-03T00:00:00.000000000+0000,1.20021,1.2121,1.1989,1.20772
2005-01-04T00:00:00.000000000+0000,1.20769,1.22665,1.20531,1.22126
2005-01-05T00:00:00.000000000+0000,1.22111,1.23256,1.22051,1.22429
2005-01-06T00:00:00.000000000+0000,1.22445,1.23914,1.22343,1.23503
2005-01-07T00:00:00.000000000+0000,1.23479,1.23791,1.22294,1.23121
2005-01-08T00:00:00.000000000+0000,1.23121,1.23121,1.23121,1.23121
2005-01-09T00:00:00.000000000+0000,1.23167,1.23378,1.23038,1.2314
2005-01-10T00:00:00.000000000+0000,1.23142,1.2319,1.21788,1.22088
2005-01-11T00:00:00.000000000+0000,1.22077,1.22327,1.21371,1.2185
2005-01-12T00:00:00.000000000+0000,1.21843,1.22138,1.1943,1.20124
2005-01-13T00:00:00.000000000+0000,1.20116,1.20544,1.19892,1.20221
2005-01-14T00:00:00.000000000+0000,1.20246,1.22085,1.20188,1.21725
2005-01-15T00:00:00.000000000+0000,1.21725,1.21725,1.21725,1.21725
2005-01-16T00:00:00.000000000+0000,1.21698,1.21774,1.21581,1.2172
2005-01-17T00:00:00.000000000+0000,1.21713,1.21946,1.21178,1.21837
2005-01-18T00:00:00.000000000+0000,1.21823,1.22585,1.21747,1.22396
2005-01-19T00:00:00.000000000+0000,1.22393,1.23047,1.21654,1.22843
2005-01-20T00:00:00.000000000+0000,1.22781,1.23616,1.22683,1.23331
2005-01-21T00:00:00.000000000+0000,1.23346,1.23498,1.2181,1.22199
2005-01-22T00:00:00.000000000+0000,1.22199,1.22199,1.22199,1.22199
2005-01-23T00:00:00.000000000+0000,1.22166,1.22188,1.22083,1.2212
2005-01-24T00:00:00.000000000+0000,1.22113,1.22656,1.21394,1.22367
2005-01-25T00:00:00.000000000+0000,1.22353,1.24037,1.22126,1.23484
2005-01-26T00:00:00.000000000+0000,1.23493,1.238,1.22742,1.23265
2005-01-27T00:00:00.000000000+0000,1.23258,1.2425,1.23088,1.23736
2005-01-28T00:00:00.000000000+0000,1.23733,1.24609,1.23704,1.23851
2005-01-29T00:00:00.000000000+0000,1.23851,1.23851,1.23851,1.23851
2005-01-30T00:00:00.000000000+0000,1.23868,1.24084,1.23843,1.23985
2005-01-31T00:00:00.000000000+0000,1.24007,1.24445,1.22924,1.2402
2005-02-01T00:00:00.000000000+0000,1.24013,1.24347,1.23142,1.23148
2005-02-02T00:00:00.000000000+0000,1.23151,1.24126,1.23066,1.23761
2005-02-03T00:00:00.000000000+0000,1.23733,1.24543,1.23705,1.2403
2005-02-04T00:00:00.000000000+0000,1.24046,1.24988,1.23686,1.24884
2005-02-05T00:00:00.000000000+0000,1.24884,1.24884,1.24884,1.24884
2005-02-06T00:00:00.000000000+0000,1.24856,1.24959,1.24822,1.2492
2005-02-07T00:00:00.000000000+0000,1.24913,1.25783,1.24802,1.2551
2005-02-08T00:00:00.000000000+0000,1.2551,1.25707,1.24499,1.24916
2005-02-09T00:00:00.000000000+0000,1.2489,1.25183,1.24536,1.2476
2005-02-10T00:00:00.000000000+0000,1.24753,1.25547,1.23829,1.2418
2005-02-11T00:00:00.000000000+0000,1.2418,1.24327,1.23553,1.23611
2005-02-12T00:00:00.000000000+0000,1.23611,1.23611,1.23611,1.23611
2005-02-13T00:00:00.000000000+0000,1.2358,1.23757,1.23401,1.23637
2005-02-14T00:00:00.000000000+0000,1.23627,1.23823,1.22862,1.2336
2005-02-15T00:00:00.000000000+0000,1.23388,1.2367,1.22826,1.23072
2005-02-16T00:00:00.000000000+0000,1.23085,1.24476,1.22882,1.23646
2005-02-17T00:00:00.000000000+0000,1.23655,1.2372,1.226,1.22811
2005-02-18T00:00:00.000000000+0000,1.22805,1.23306,1.22514,1.23119
2005-02-19T00:00:00.000000000+0000,1.23119,1.23119,1.23119,1.23119
2005-02-20T00:00:00.000000000+0000,1.23089,1.23192,1.23058,1.2308
2005-02-21T00:00:00.000000000+0000,1.23124,1.23549,1.22775,1.23392
2005-02-22T00:00:00.000000000+0000,1.23391,1.23489,1.22321,1.2258
2005-02-23T00:00:00.000000000+0000,1.2258,1.2492,1.22563,1.24794
2005-02-24T00:00:00.000000000+0000,1.248,1.24884,1.23756,1.23995
2005-02-25T00:00:00.000000000+0000,1.24024,1.24472,1.2376,1.23819
2005-02-26T00:00:00.000000000+0000,1.23819,1.23819,1.23819,1.23819
2005-02-27T00:00:00.000000000+0000,1.23789,1.23933,1.23757,1.23771
2005-02-28T00:00:00.000000000+0000,1.2377,1.23825,1.22674,1.23453
2005-03-01T00:00:00.000000000+0000,1.23446,1.24455,1.23191,1.24059
2005-03-02T00:00:00.000000000+0000,1.24038,1.2457,1.23733,1.238
2005-03-03T00:00:00.000000000+0000,1.23846,1.24886,1.23761,1.24356
2005-03-04T00:00:00.000000000+0000,1.2436,1.24491,1.22854,1.2312
2005-03-05T00:00:00.000000000+0000,1.2312,1.2312,1.2312,1.2312
2005-03-06T00:00:00.000000000+0000,1.23099,1.23212,1.23032,1.23087
2005-03-07T00:00:00.000000000+0000,1.23088,1.23459,1.22661,1.22854
2005-03-08T00:00:00.000000000+0000,1.22843,1.22983,1.21192,1.21232
2005-03-09T00:00:00.000000000+0000,1.2125,1.21364,1.19929,1.20614
2005-03-10T00:00:00.000000000+0000,1.20617,1.20664,1.19835,1.20245
2005-03-11T00:00:00.000000000+0000,1.20234,1.21068,1.19976,1.20605
2005-03-12T00:00:00.000000000+0000,1.20605,1.20605,1.20605,1.20605
2005-03-13T00:00:00.000000000+0000,1.20571,1.20618,1.20286,1.20329
2005-03-14T00:00:00.000000000+0000,1.20324,1.20926,1.20263,1.20741
2005-03-15T00:00:00.000000000+0000,1.20725,1.20859,1.19762,1.20714
2005-03-16T00:00:00.000000000+0000,1.20703,1.20775,1.1999,1.20344
2005-03-17T00:00:00.000000000+0000,1.20335,1.20902,1.19758,1.2011
2005-03-18T00:00:00.000000000+0000,1.20102,1.20737,1.19927,1.20181
2005-03-19T00:00:00.000000000+0000,1.20181,1.20181,1.20181,1.20181
2005-03-20T00:00:00.000000000+0000,1.20164,1.20368,1.20107,1.20288
2005-03-21T00:00:00.000000000+0000,1.20281,1.21355,1.2017,1.21086
2005-03-22T00:00:00.000000000+0000,1.2109,1.21235,1.19814,1.20891
2005-03-23T00:00:00.000000000+0000,1.20871,1.21753,1.20653,1.21586
2005-03-24T00:00:00.000000000+0000,1.21586,1.21938,1.21161,1.21553
2005-03-25T00:00:00.000000000+0000,1.2154,1.21872,1.21243,1.21788
2005-03-26T00:00:00.000000000+0000,1.21788,1.21788,1.21788,1.21788
2005-03-27T00:00:00.000000000+0000,1.21758,1.21817,1.21565,1.21766
2005-03-28T00:00:00.000000000+0000,1.21768,1.22614,1.2149,1.21677
2005-03-29T00:00:00.000000000+0000,1.2167,1.21826,1.20745,1.2102
2005-03-30T00:00:00.000000000+0000,1.21018,1.21806,1.20516,1.21662
2005-03-31T00:00:00.000000000+0000,1.21641,1.21694,1.20804,1.20973
2005-04-01T00:00:00.000000000+0000,1.20964,1.21817,1.20619,1.21397
2005-04-02T00:00:00.000000000+0000,1.21397,1.21397,1.21397,1.21397
2005-04-03T00:00:00.000000000+0000,1.214,1.21673,1.21398,1.21542
2005-04-04T00:00:00.000000000+0000,1.21545,1.22287,1.2149,1.22154
2005-04-05T00:00:00.000000000+0000,1.22154,1.2251,1.21616,1.2189
2005-04-06T00:00:00.000000000+0000,1.21899,1.22461,1.21579,1.22272
2005-04-07T00:00:00.000000000+0000,1.22277,1.22332,1.21743,1.22313
2005-04-08T00:00:00.000000000+0000,1.2233,1.23124,1.22202,1.22856
2005-04-09T00:00:00.000000000+0000,1.22856,1.22856,1.22856,1.22856
2005-04-10T00:00:00.000000000+0000,1.22858,1.22901,1.22747,1.22763
2005-04-11T00:00:00.000000000+0000,1.2276,1.23594,1.22344,1.23302
2005-04-12T00:00:00.000000000+0000,1.23333,1.24169,1.21705,1.2372
2005-04-13T00:00:00.000000000+0000,1.23733,1.2384,1.23299,1.23774
2005-04-14T00:00:00.000000000+0000,1.23772,1.24524,1.23715,1.24252
2005-04-15T00:00:00.000000000+0000,1.24253,1.24746,1.23948,1.24649
2005-04-16T00:00:00.000000000+0000,1.24649,1.24649,1.24649,1.24649
2005-04-17T00:00:00.000000000+0000,1.24553,1.2457,1.2447,1.24485
2005-04-18T00:00:00.000000000+0000,1.24503,1.24952,1.24214,1.24708
2005-04-19T00:00:00.000000000+0000,1.24703,1.24872,1.23534,1.2375
2005-04-20T00:00:00.000000000+0000,1.2375,1.24489,1.23578,1.2388
2005-04-21T00:00:00.000000000+0000,1.23878,1.24232,1.23533,1.23783
2005-04-22T00:00:00.000000000+0000,1.23788,1.24007,1.23124,1.23512
2005-04-23T00:00:00.000000000+0000,1.23512,1.23512,1.23512,1.23512
2005-04-24T00:00:00.000000000+0000,1.23368,1.23529,1.23231,1.23493
2005-04-25T00:00:00.000000000+0000,1.23493,1.24096,1.23473,1.2379
2005-04-26T00:00:00.000000000+0000,1.23776,1.24862,1.2371,1.2444
2005-04-27T00:00:00.000000000+0000,1.24436,1.25118,1.24187,1.2504
2005-04-28T00:00:00.000000000+0000,1.25019,1.25328,1.24801,1.25261
2005-04-29T00:00:00.000000000+0000,1.25233,1.26153,1.24587,1.25838
2005-04-30T00:00:00.000000000+0000,1.25838,1.25838,1.25838,1.25838
2005-05-01T00:00:00.000000000+0000,1.25844,1.26289,1.25812,1.26242
2005-05-02T00:00:00.000000000+0000,1.26234,1.26276,1.25315,1.255
2005-05-03T00:00:00.000000000+0000,1.25498,1.25741,1.25088,1.2534
2005-05-04T00:00:00.000000000+0000,1.25333,1.25383,1.24463,1.247
2005-05-05T00:00:00.000000000+0000,1.24678,1.24835,1.24266,1.246
2005-05-06T00:00:00.000000000+0000,1.24594,1.2474,1.23827,1.24125
2005-05-07T00:00:00.000000000+0000,1.24125,1.24125,1.24125,1.24125
2005-05-08T00:00:00.000000000+0000,1.24138,1.24267,1.2409,1.242
2005-05-09T00:00:00.000000000+0000,1.24193,1.24371,1.23636,1.2379
2005-05-10T00:00:00.000000000+0000,1.23808,1.23984,1.23551,1.23876
2005-05-11T00:00:00.000000000+0000,1.2388,1.24947,1.23872,1.24743
2005-05-12T00:00:00.000000000+0000,1.24736,1.25195,1.24677,1.25162
2005-05-13T00:00:00.000000000+0000,1.2513,1.26562,1.24961,1.26518
2005-05-14T00:00:00.000000000+0000,1.26518,1.26518,1.26518,1.26518
2005-05-15T00:00:00.000000000+0000,1.26517,1.26577,1.2639,1.26576
2005-05-16T00:00:00.000000000+0000,1.26573,1.27292,1.26495,1.269
2005-05-17T00:00:00.000000000+0000,1.26883,1.27264,1.26279,1.2657
2005-05-18T00:00:00.000000000+0000,1.26563,1.26629,1.25859,1.2601
2005-05-19T00:00:00.000000000+0000,1.2601,1.26443,1.25613,1.259
2005-05-20T00:00:00.000000000+0000,1.25893,1.26715,1.2552,1.265
2005-05-21T00:00:00.000000000+0000,1.265,1.265,1.265,1.265
2005-05-22T00:00:00.000000000+0000,1.26494,1.26675,1.26455,1.26594
2005-05-23T00:00:00.000000000+0000,1.26581,1.26603,1.25591,1.2585
2005-05-24T00:00:00.000000000+0000,1.25847,1.26352,1.25702,1.2621
2005-05-25T00:00:00.000000000+0000,1.26203,1.26575,1.25756,1.26397
2005-05-26T00:00:00.000000000+0000,1.26378,1.26905,1.263,1.26583
2005-05-27T00:00:00.000000000+0000,1.26573,1.267,1.25122,1.25429
2005-05-28T00:00:00.000000000+0000,1.25429,1.25429,1.25429,1.25429
2005-05-29T00:00:00.000000000+0000,1.25486,1.2577,1.25486,1.2567
2005-05-30T00:00:00.000000000+0000,1.25659,1.25956,1.25437,1.25586
2005-05-31T00:00:00.000000000+0000,1.25583,1.2627,1.2503,1.2543
2005-06-01T00:00:00.000000000+0000,1.25421,1.25704,1.24454,1.24755
2005-06-02T00:00:00.000000000+0000,1.24726,1.25127,1.2453,1.24771
2005-06-03T00:00:00.000000000+0000,1.24733,1.25043,1.24235,1.24698
2005-06-04T00:00:00.000000000+0000,1.24698,1.24698,1.24698,1.24698
2005-06-05T00:00:00.000000000+0000,1.24641,1.2477,1.2463,1.24739
2005-06-06T00:00:00.000000000+0000,1.2473,1.24845,1.24309,1.24412
2005-06-07T00:00:00.000000000+0000,1.24377,1.25066,1.24234,1.24616
2005-06-08T00:00:00.000000000+0000,1.24608,1.2532,1.24272,1.25122
2005-06-09T00:00:00.000000000+0000,1.25102,1.25752,1.24955,1.2569
2005-06-10T00:00:00.000000000+0000,1.25698,1.2582,1.24514,1.25175
2005-06-11T00:00:00.000000000+0000,1.25175,1.25175,1.25175,1.25175
2005-06-12T00:00:00.000000000+0000,1.25071,1.25169,1.24942,1.2513
2005-06-13T00:00:00.000000000+0000,1.25123,1.25869,1.24964,1.2556
2005-06-14T00:00:00.000000000+0000,1.25553,1.25865,1.25101,1.25185
2005-06-15T00:00:00.000000000+0000,1.25163,1.25361,1.23463,1.23578
2005-06-16T00:00:00.000000000+0000,1.23588,1.24167,1.2348,1.2359
2005-06-17T00:00:00.000000000+0000,1.2359,1.23879,1.22809,1.22857
2005-06-18T00:00:00.000000000+0000,1.22857,1.22857,1.22857,1.22857
2005-06-19T00:00:00.000000000+0000,1.23082,1.23198,1.22867,1.2289
2005-06-20T00:00:00.000000000+0000,1.22883,1.23801,1.22777,1.23785
2005-06-21T00:00:00.000000000+0000,1.23783,1.24231,1.2289,1.23186
2005-06-22T00:00:00.000000000+0000,1.23183,1.23825,1.23136,1.23451
2005-06-23T00:00:00.000000000+0000,1.23443,1.23767,1.22943,1.233
2005-06-24T00:00:00.000000000+0000,1.23294,1.23444,1.22694,1.23365
2005-06-25T00:00:00.000000000+0000,1.23365,1.23365,1.23365,1.23365
2005-06-26T00:00:00.000000000+0000,1.23366,1.23541,1.22931,1.23436
2005-06-27T00:00:00.000000000+0000,1.23433,1.2373,1.22733,1.2307
2005-06-28T00:00:00.000000000+0000,1.2306,1.23544,1.22815,1.2311
2005-06-29T00:00:00.000000000+0000,1.23103,1.23465,1.22311,1.22728
2005-06-30T00:00:00.000000000+0000,1.22705,1.23362,1.22347,1.2254
2005-07-01T00:00:00.000000000+0000,1.22546,1.24283,1.22476,1.24227
2005-07-02T00:00:00.000000000+0000,1.24227,1.24227,1.24227,1.24227
2005-07-03T00:00:00.000000000+0000,1.24204,1.24685,1.24093,1.2454
2005-07-04T00:00:00.000000000+0000,1.24533,1.24745,1.23766,1.23866
2005-07-05T00:00:00.000000000+0000,1.23866,1.24594,1.23866,1.243
2005-07-06T00:00:00.000000000+0000,1.243,1.24408,1.23181,1.23636
2005-07-07T00:00:00.000000000+0000,1.2363,1.23729,1.226,1.22823
2005-07-08T00:00:00.000000000+0000,1.22803,1.23035,1.21722,1.2192
2005-07-09T00:00:00.000000000+0000,1.2192,1.2192,1.2192,1.2192
2005-07-10T00:00:00.000000000+0000,1.21807,1.21987,1.21807,1.2186
2005-07-11T00:00:00.000000000+0000,1.21853,1.2191,1.21041,1.2156
2005-07-12T00:00:00.000000000+0000,1.21555,1.21585,1.20195,1.20429
2005-07-13T00:00:00.000000000+0000,1.20441,1.21107,1.20215,1.2074
2005-07-14T00:00:00.000000000+0000,1.20747,1.21334,1.20221,1.2106
2005-07-15T00:00:00.000000000+0000,1.21065,1.22139,1.20816,1.22017
2005-07-16T00:00:00.000000000+0000,1.22017,1.22017,1.22017,1.22017
2005-07-17T00:00:00.000000000+0000,1.22048,1.22123,1.21912,1.2198
2005-07-18T00:00:00.000000000+0000,1.21973,1.22217,1.21201,1.2176
2005-07-19T00:00:00.000000000+0000,1.21752,1.22336,1.21697,1.2191
2005-07-20T00:00:00.000000000+0000,1.21903,1.22432,1.21378,1.2228
2005-07-21T00:00:00.000000000+0000,1.22254,1.22275,1.20965,1.21592
2005-07-22T00:00:00.000000000+0000,1.21598,1.22258,1.21231,1.21902
2005-07-23T00:00:00.000000000+0000,1.21902,1.21902,1.21902,1.21902
2005-07-24T00:00:00.000000000+0000,1.21847,1.22046,1.21821,1.22
2005-07-25T00:00:00.000000000+0000,1.21986,1.22097,1.21525,1.218
2005-07-26T00:00:00.000000000+0000,1.218,1.23096,1.21651,1.23004
2005-07-27T00:00:00.000000000+0000,1.23004,1.2424,1.22927,1.236
2005-07-28T00:00:00.000000000+0000,1.23584,1.23792,1.22867,1.2298
2005-07-29T00:00:00.000000000+0000,1.22985,1.23119,1.22158,1.22291
2005-07-30T00:00:00.000000000+0000,1.22291,1.22291,1.22291,1.22291
2005-07-31T00:00:00.000000000+0000,1.22288,1.22518,1.22142,1.22386
2005-08-01T00:00:00.000000000+0000,1.22383,1.22424,1.2085,1.2116
2005-08-02T00:00:00.000000000+0000,1.2116,1.21898,1.20642,1.21642
2005-08-03T00:00:00.000000000+0000,1.21647,1.21791,1.20915,1.21548
2005-08-04T00:00:00.000000000+0000,1.2155,1.21771,1.21003,1.2133
2005-08-05T00:00:00.000000000+0000,1.21338,1.22395,1.21265,1.21594
2005-08-06T00:00:00.000000000+0000,1.21594,1.21594,1.21594,1.21594
2005-08-07T00:00:00.000000000+0000,1.21595,1.21737,1.21583,1.2168
2005-08-08T00:00:00.000000000+0000,1.21673,1.21896,1.21018,1.21358
2005-08-09T00:00:00.000000000+0000,1.21323,1.21785,1.21118,1.21306
2005-08-10T00:00:00.000000000+0000,1.21307,1.2165,1.209,1.21086
2005-08-11T00:00:00.000000000+0000,1.21083,1.2116,1.19935,1.20317
2005-08-12T00:00:00.000000000+0000,1.2031,1.20435,1.19222,1.19693
2005-08-13T00:00:00.000000000+0000,1.19693,1.19693,1.19693,1.19693
2005-08-14T00:00:00.000000000+0000,1.1965,1.19669,1.19368,1.1939
2005-08-15T00:00:00.000000000+0000,1.19393,1.20119,1.19392,1.2002
2005-08-16T00:00:00.000000000+0000,1.2002,1.20421,1.19688,1.19886
2005-08-17T00:00:00.000000000+0000,1.19882,1.21429,1.19815,1.2138
2005-08-18T00:00:00.000000000+0000,1.21376,1.2216,1.21042,1.21844
2005-08-19T00:00:00.000000000+0000,1.21836,1.2213,1.20922,1.21095
2005-08-20T00:00:00.000000000+0000,1.21095,1.21095,1.21095,1.21095
2005-08-21T00:00:00.000000000+0000,1.21022,1.21226,1.20873,1.21208
2005-08-22T00:00:00.000000000+0000,1.21197,1.2128,1.20095,1.20224
2005-08-23T00:00:00.000000000+0000,1.20219,1.20444,1.19622,1.1974
2005-08-24T00:00:00.000000000+0000,1.1974,1.20206,1.18882,1.19024
2005-08-25T00:00:00.000000000+0000,1.1902,1.19299,1.186,1.1915
2005-08-26T00:00:00.000000000+0000,1.19122,1.20014,1.19045,1.19924
2005-08-27T00:00:00.000000000+0000,1.19924,1.19924,1.19924,1.19924
2005-08-28T00:00:00.000000000+0000,1.19823,1.19851,1.19087,1.19101
2005-08-29T00:00:00.000000000+0000,1.19091,1.20014,1.18905,1.1968
2005-08-30T00:00:00.000000000+0000,1.19676,1.20261,1.18959,1.1915
2005-08-31T00:00:00.000000000+0000,1.19141,1.19335,1.18328,1.18846
2005-09-01T00:00:00.000000000+0000,1.18845,1.19057,1.18049,1.18256
2005-09-02T00:00:00.000000000+0000,1.18253,1.19123,1.18174,1.18846
2005-09-03T00:00:00.000000000+0000,1.18846,1.18846,1.18846,1.18846
2005-09-04T00:00:00.000000000+0000,1.1876,1.1885,1.18693,1.1879
2005-09-05T00:00:00.000000000+0000,1.1878,1.19119,1.18327,1.191
2005-09-06T00:00:00.000000000+0000,1.19093,1.19337,1.18514,1.18884
2005-09-07T00:00:00.000000000+0000,1.18874,1.19325,1.18386,1.1875
2005-09-08T00:00:00.000000000+0000,1.18743,1.18837,1.17776,1.18071
2005-09-09T00:00:00.000000000+0000,1.18055,1.18249,1.17243,1.17768
2005-09-10T00:00:00.000000000+0000,1.17768,1.17768,1.17768,1.17768
2005-09-11T00:00:00.000000000+0000,1.17685,1.17685,1.17551,1.1759
2005-09-12T00:00:00.000000000+0000,1.17592,1.1876,1.17581,1.18561
2005-09-13T00:00:00.000000000+0000,1.1858,1.18799,1.17766,1.1824
2005-09-14T00:00:00.000000000+0000,1.1824,1.18341,1.1779,1.18116
2005-09-15T00:00:00.000000000+0000,1.1812,1.18942,1.18079,1.1849
2005-09-16T00:00:00.000000000+0000,1.18483,1.18587,1.17797,1.17861
2005-09-17T00:00:00.000000000+0000,1.17861,1.17861,1.17861,1.17861
2005-09-18T00:00:00.000000000+0000,1.1798,1.18194,1.1786,1.1795
2005-09-19T00:00:00.000000000+0000,1.17943,1.18268,1.16592,1.16733
2005-09-20T00:00:00.000000000+0000,1.16733,1.17107,1.1653,1.1691
2005-09-21T00:00:00.000000000+0000,1.16903,1.17215,1.16449,1.1654
2005-09-22T00:00:00.000000000+0000,1.1654,1.17314,1.16202,1.1718
2005-09-23T00:00:00.000000000+0000,1.1718,1.17543,1.16802,1.17029
2005-09-24T00:00:00.000000000+0000,1.17029,1.17029,1.17029,1.17029
2005-09-25T00:00:00.000000000+0000,1.17112,1.17391,1.17062,1.17364
2005-09-26T00:00:00.000000000+0000,1.17353,1.17947,1.16911,1.17014
2005-09-27T00:00:00.000000000+0000,1.17003,1.18084,1.16884,1.17779
2005-09-28T00:00:00.000000000+0000,1.17771,1.18155,1.17197,1.1735
2005-09-29T00:00:00.000000000+0000,1.17343,1.17747,1.16909,1.17142
2005-09-30T00:00:00.000000000+0000,1.17146,1.1736,1.1587,1.16741
2005-10-01T00:00:00.000000000+0000,1.16741,1.16741,1.16741,1.16741
2005-10-02T00:00:00.000000000+0000,1.16521,1.16521,1.16134,1.1629
2005-10-03T00:00:00.000000000+0000,1.16286,1.16703,1.16196,1.1662
2005-10-04T00:00:00.000000000+0000,1.16613,1.17324,1.16317,1.1723
2005-10-05T00:00:00.000000000+0000,1.17223,1.18397,1.17064,1.1795
2005-10-06T00:00:00.000000000+0000,1.17943,1.18635,1.17691,1.1802
2005-10-07T00:00:00.000000000+0000,1.1801,1.18205,1.17286,1.17408
2005-10-08T00:00:00.000000000+0000,1.17408,1.17408,1.17408,1.17408
2005-10-09T00:00:00.000000000+0000,1.17393,1.17533,1.17367,1.17507
2005-10-10T00:00:00.000000000+0000,1.17463,1.177,1.17237,1.17524
2005-10-11T00:00:00.000000000+0000,1.17514,1.18163,1.1738,1.1764
2005-10-12T00:00:00.000000000+0000,1.17633,1.17776,1.16822,1.1709
2005-10-13T00:00:00.000000000+0000,1.17087,1.18467,1.16992,1.18172
2005-10-14T00:00:00.000000000+0000,1.18174,1.18901,1.17917,1.18689
2005-10-15T00:00:00.000000000+0000,1.18689,1.18689,1.18689,1.18689
2005-10-16T00:00:00.000000000+0000,1.18629,1.18641,1.18345,1.18507
2005-10-17T00:00:00.000000000+0000,1.18468,1.18536,1.17728,1.18
2005-10-18T00:00:00.000000000+0000,1.17996,1.18756,1.17582,1.17793
2005-10-19T00:00:00.000000000+0000,1.17822,1.18152,1.17344,1.17598
2005-10-20T00:00:00.000000000+0000,1.17598,1.17905,1.17078,1.17666
2005-10-21T00:00:00.000000000+0000,1.17663,1.18839,1.1744,1.18606
2005-10-22T00:00:00.000000000+0000,1.18606,1.18606,1.18606,1.18606
2005-10-23T00:00:00.000000000+0000,1.18682,1.18876,1.18542,1.18562
2005-10-24T00:00:00.000000000+0000,1.18563,1.19209,1.18443,1.18695
2005-10-25T00:00:00.000000000+0000,1.1866,1.18784,1.17355,1.17637
2005-10-26T00:00:00.000000000+0000,1.17621,1.17834,1.16832,1.17031
2005-10-27T00:00:00.000000000+0000,1.17044,1.17273,1.16402,1.17098
2005-10-28T00:00:00.000000000+0000,1.17081,1.17913,1.16875,1.17652
2005-10-29T00:00:00.000000000+0000,1.17652,1.17652,1.17652,1.17652
2005-10-30T00:00:00.000000000+0000,1.17658,1.17814,1.17621,1.178
2005-10-31T00:00:00.000000000+0000,1.17792,1.18333,1.17267,1.18214
2005-11-01T00:00:00.000000000+0000,1.18211,1.18446,1.1732,1.17646
2005-11-02T00:00:00.000000000+0000,1.17639,1.18213,1.17466,1.17964
2005-11-03T00:00:00.000000000+0000,1.1797,1.18273,1.17498,1.18137
2005-11-04T00:00:00.000000000+0000,1.18103,1.1863,1.17171,1.18278
2005-11-05T00:00:00.000000000+0000,1.18278,1.18278,1.18278,1.18278
2005-11-06T00:00:00.000000000+0000,1.18288,1.18535,1.18288,1.18458
2005-11-07T00:00:00.000000000+0000,1.1847,1.19094,1.182,1.18645
2005-11-08T00:00:00.000000000+0000,1.18673,1.19713,1.18372,1.1865
2005-11-09T00:00:00.000000000+0000,1.18643,1.19055,1.18243,1.18617
2005-11-10T00:00:00.000000000+0000,1.18613,1.19145,1.18001,1.19048
2005-11-11T00:00:00.000000000+0000,1.19049,1.19252,1.18718,1.18908
2005-11-12T00:00:00.000000000+0000,1.18908,1.18908,1.18908,1.18908
2005-11-13T00:00:00.000000000+0000,1.18878,1.19137,1.18878,1.19003
2005-11-14T00:00:00.000000000+0000,1.19003,1.19687,1.18796,1.19386
2005-11-15T00:00:00.000000000+0000,1.19383,1.19734,1.18995,1.19209
2005-11-16T00:00:00.000000000+0000,1.19226,1.19689,1.18967,1.19298
2005-11-17T00:00:00.000000000+0000,1.19282,1.1942,1.18515,1.18806
2005-11-18T00:00:00.000000000+0000,1.188,1.19264,1.18612,1.1884
2005-11-19T00:00:00.000000000+0000,1.1884,1.1884,1.1884,1.1884
2005-11-20T00:00:00.000000000+0000,1.18787,1.18858,1.18746,1.1885
2005-11-21T00:00:00.000000000+0000,1.1885,1.19055,1.18101,1.1822
2005-11-22T00:00:00.000000000+0000,1.18226,1.18551,1.17231,1.1737
2005-11-23T00:00:00.000000000+0000,1.17363,1.17462,1.17035,1.1716
2005-11-24T00:00:00.000000000+0000,1.17153,1.17328,1.1698,1.1713
2005-11-25T00:00:00.000000000+0000,1.17123,1.17338,1.16749,1.1684
2005-11-26T00:00:00.000000000+0000,1.1684,1.1684,1.1684,1.1684
2005-11-27T00:00:00.000000000+0000,1.16938,1.1697,1.16772,1.1679
2005-11-28T00:00:00.000000000+0000,1.16783,1.17173,1.16429,1.16743
2005-11-29T00:00:00.000000000+0000,1.16743,1.17073,1.16604,1.169
2005-11-30T00:00:00.000000000+0000,1.16893,1.1693,1.1639,1.16641
2005-12-01T00:00:00.000000000+0000,1.16628,1.17326,1.1622,1.1647
2005-12-02T00:00:00.000000000+0000,1.16465,1.16692,1.16022,1.1623
2005-12-03T00:00:00.000000000+0000,1.1623,1.1623,1.1623,1.1623
2005-12-04T00:00:00.000000000+0000,1.16135,1.16224,1.16036,1.1606
2005-12-05T00:00:00.000000000+0000,1.16053,1.16236,1.15494,1.1569
2005-12-06T00:00:00.000000000+0000,1.1569,1.15881,1.15321,1.15686
2005-12-07T00:00:00.000000000+0000,1.15683,1.16388,1.1562,1.15935
2005-12-08T00:00:00.000000000+0000,1.15929,1.16257,1.157,1.15859
2005-12-09T00:00:00.000000000+0000,1.15856,1.16098,1.15595,1.1564
2005-12-10T00:00:00.000000000+0000,1.1564,1.1564,1.1564,1.1564
2005-12-11T00:00:00.000000000+0000,1.15687,1.15865,1.1567,1.15774
2005-12-12T00:00:00.000000000+0000,1.1576,1.15803,1.14994,1.1503
2005-12-13T00:00:00.000000000+0000,1.15023,1.15342,1.14875,1.14944
2005-12-14T00:00:00.000000000+0000,1.14933,1.15299,1.14234,1.1512
2005-12-15T00:00:00.000000000+0000,1.15113,1.16114,1.1504,1.1577
2005-12-16T00:00:00.000000000+0000,1.15774,1.15936,1.15417,1.1584
2005-12-17T00:00:00.000000000+0000,1.1584,1.1584,1.1584,1.1584
2005-12-18T00:00:00.000000000+0000,1.15827,1.16014,1.15065,1.16
2005-12-19T00:00:00.000000000+0000,1.15993,1.16975,1.15772,1.1695
2005-12-20T00:00:00.000000000+0000,1.16943,1.17517,1.16597,1.17226
2005-12-21T00:00:00.000000000+0000,1.17225,1.17435,1.16482,1.16624
2005-12-22T00:00:00.000000000+0000,1.16616,1.16955,1.1632,1.1668
2005-12-23T00:00:00.000000000+0000,1.16673,1.16969,1.16335,1.1656
2005-12-24T00:00:00.000000000+0000,1.1656,1.1656,1.1656,1.1656
2005-12-25T00:00:00.000000000+0000,1.16467,1.16836,1.16467,1.16817
2005-12-26T00:00:00.000000000+0000,1.16808,1.17186,1.16282,1.16676
2005-12-27T00:00:00.000000000+0000,1.16678,1.17462,1.16557,1.17376
2005-12-28T00:00:00.000000000+0000,1.1737,1.17392,1.16145,1.165
2005-12-29T00:00:00.000000000+0000,1.16493,1.16747,1.16243,1.1642
2005-12-30T00:00:00.000000000+0000,1.1641,1.16969,1.16036,1.1616
2006-01-01T00:00:00.000000000+0000,1.16211,1.16256,1.1621,1.16226
2006-01-02T00:00:00.000000000+0000,1.16235,1.16472,1.16183,1.16464
2006-01-03T00:00:00.000000000+0000,1.16459,1.16643,1.15307,1.15596
2006-01-04T00:00:00.000000000+0000,1.15591,1.15749,1.14521,1.1489
2006-01-05T00:00:00.000000000+0000,1.14883,1.16495,1.146,1.16207
2006-01-06T00:00:00.000000000+0000,1.16185,1.17244,1.16127,1.1649
2006-01-07T00:00:00.000000000+0000,1.1649,1.1649,1.1649,1.1649
2006-01-08T00:00:00.000000000+0000,1.16467,1.16691,1.16467,1.16554
2006-01-09T00:00:00.000000000+0000,1.16543,1.17438,1.16348,1.1674
2006-01-10T00:00:00.000000000+0000,1.16733,1.17036,1.16159,1.16316
2006-01-11T00:00:00.000000000+0000,1.1631,1.16852,1.15694,1.1584
2006-01-12T00:00:00.000000000+0000,1.15833,1.16511,1.15576,1.1607
2006-01-13T00:00:00.000000000+0000,1.16062,1.1637,1.1579,1.1599
2006-01-14T00:00:00.000000000+0000,1.1599,1.1599,1.1599,1.1599
2006-01-15T00:00:00.000000000+0000,1.16,1.16183,1.15815,1.1591
2006-01-16T00:00:00.000000000+0000,1.15903,1.16087,1.15639,1.1573
2006-01-17T00:00:00.000000000+0000,1.15723,1.16516,1.15584,1.1616
2006-01-18T00:00:00.000000000+0000,1.16153,1.17363,1.16095,1.17256
2006-01-19T00:00:00.000000000+0000,1.17258,1.1795,1.16169,1.16283
2006-01-20T00:00:00.000000000+0000,1.16287,1.16598,1.15147,1.1518
2006-01-21T00:00:00.000000000+0000,1.1518,1.1518,1.1518,1.1518
2006-01-22T00:00:00.000000000+0000,1.15168,1.15482,1.15168,1.15363
2006-01-23T00:00:00.000000000+0000,1.15351,1.15387,1.14701,1.1494
2006-01-24T00:00:00.000000000+0000,1.14933,1.15786,1.14852,1.1526
2006-01-25T00:00:00.000000000+0000,1.15253,1.15333,1.14761,1.1511
2006-01-26T00:00:00.000000000+0000,1.15113,1.15592,1.14844,1.1489
2006-01-27T00:00:00.000000000+0000,1.1489,1.1511,1.14534,1.1491
2006-01-28T00:00:00.000000000+0000,1.1491,1.1491,1.1491,1.1491
2006-01-29T00:00:00.000000000+0000,1.14855,1.1489,1.14752,1.1489
2006-01-30T00:00:00.000000000+0000,1.14893,1.14987,1.14259,1.1459
2006-01-31T00:00:00.000000000+0000,1.14583,1.14695,1.13748,1.13853
2006-02-01T00:00:00.000000000+0000,1.13853,1.14292,1.13827,1.1411
2006-02-02T00:00:00.000000000+0000,1.1411,1.14604,1.13992,1.1444
2006-02-03T00:00:00.000000000+0000,1.14433,1.14998,1.14367,1.1438
2006-02-04T00:00:00.000000000+0000,1.1438,1.1438,1.1438,1.1438
2006-02-05T00:00:00.000000000+0000,1.14408,1.14453,1.14113,1.1426
2006-02-06T00:00:00.000000000+0000,1.14253,1.14738,1.1421,1.1461
2006-02-07T00:00:00.000000000+0000,1.14603,1.15435,1.14519,1.153
2006-02-08T00:00:00.000000000+0000,1.153,1.15581,1.14824,1.15028
2006-02-09T00:00:00.000000000+0000,1.15012,1.15024,1.14379,1.14656
2006-02-10T00:00:00.000000000+0000,1.14652,1.15562,1.14403,1.1521
2006-02-11T00:00:00.000000000+0000,1.1521,1.1521,1.1521,1.1521
2006-02-12T00:00:00.000000000+0000,1.15228,1.15385,1.15197,1.1535
2006-02-13T00:00:00.000000000+0000,1.15343,1.15698,1.15255,1.1549
2006-02-14T00:00:00.000000000+0000,1.1549,1.16106,1.15131,1.15396
2006-02-15T00:00:00.000000000+0000,1.15394,1.15911,1.15103,1.15759
2006-02-16T00:00:00.000000000+0000,1.15763,1.16042,1.15647,1.15683
2006-02-17T00:00:00.000000000+0000,1.15689,1.15905,1.14961,1.15
2006-02-18T00:00:00.000000000+0000,1.15,1.15,1.15,1.15
2006-02-19T00:00:00.000000000+0000,1.1498,1.15118,1.14962,1.1502
2006-02-20T00:00:00.000000000+0000,1.15013,1.15121,1.146,1.1472
2006-02-21T00:00:00.000000000+0000,1.1471,1.1489,1.145,1.1472
2006-02-22T00:00:00.000000000+0000,1.14713,1.15093,1.1464,1.1483
2006-02-23T00:00:00.000000000+0000,1.14821,1.15374,1.14629,1.15249
2006-02-24T00:00:00.000000000+0000,1.15248,1.15541,1.14738,1.1481
2006-02-25T00:00:00.000000000+0000,1.1481,1.1481,1.1481,1.1481
2006-02-26T00:00:00.000000000+0000,1.14768,1.15045,1.14768,1.14976
2006-02-27T00:00:00.000000000+0000,1.14974,1.15056,1.13938,1.13962
2006-02-28T00:00:00.000000000+0000,1.13954,1.14192,1.13502,1.1368
2006-03-01T00:00:00.000000000+0000,1.13672,1.13912,1.13339,1.13514
2006-03-02T00:00:00.000000000+0000,1.13503,1.1368,1.12979,1.1319
2006-03-03T00:00:00.000000000+0000,1.13183,1.13632,1.13049,1.134
2006-03-04T00:00:00.000000000+0000,1.134,1.134,1.134,1.134
2006-03-05T00:00:00.000000000+0000,1.13397,1.13522,1.1331,1.1343
2006-03-06T00:00:00.000000000+0000,1.13426,1.14117,1.13367,1.1396
2006-03-07T00:00:00.000000000+0000,1.13953,1.15125,1.13888,1.1492
2006-03-08T00:00:00.000000000+0000,1.1492,1.15844,1.14708,1.15653
2006-03-09T00:00:00.000000000+0000,1.15653,1.16248,1.15255,1.161
2006-03-10T00:00:00.000000000+0000,1.16089,1.16467,1.15829,1.1599
2006-03-11T00:00:00.000000000+0000,1.1599,1.1599,1.1599,1.1599
2006-03-12T00:00:00.000000000+0000,1.15983,1.16078,1.15882,1.16073
2006-03-13T00:00:00.000000000+0000,1.16071,1.1634,1.15653,1.1574
2006-03-14T00:00:00.000000000+0000,1.15735,1.16123,1.15421,1.1569
2006-03-15T00:00:00.000000000+0000,1.15683,1.15715,1.1524,1.1544
2006-03-16T00:00:00.000000000+0000,1.15433,1.15959,1.15116,1.1529
2006-03-17T00:00:00.000000000+0000,1.1529,1.16143,1.1524,1.1581
2006-03-18T00:00:00.000000000+0000,1.1581,1.1581,1.1581,1.1581
2006-03-19T00:00:00.000000000+0000,1.15816,1.15955,1.15799,1.15934
2006-03-20T00:00:00.000000000+0000,1.1592,1.16807,1.15705,1.1599
2006-03-21T00:00:00.000000000+0000,1.15988,1.16621,1.1596,1.16266
2006-03-22T00:00:00.000000000+0000,1.16263,1.17203,1.16262,1.1656
2006-03-23T00:00:00.000000000+0000,1.16553,1.16976,1.16398,1.16534
2006-03-24T00:00:00.000000000+0000,1.16534,1.17075,1.16529,1.1672
2006-03-25T00:00:00.000000000+0000,1.1672,1.1672,1.1672,1.1672
2006-03-26T00:00:00.000000000+0000,1.16703,1.16806,1.16625,1.16673
2006-03-27T00:00:00.000000000+0000,1.16663,1.17273,1.16625,1.1687
2006-03-28T00:00:00.000000000+0000,1.16863,1.17185,1.16446,1.1698
2006-03-29T00:00:00.000000000+0000,1.16973,1.17438,1.1693,1.17154
2006-03-30T00:00:00.000000000+0000,1.17149,1.17201,1.1573,1.1588
2006-03-31T00:00:00.000000000+0000,1.15873,1.16948,1.1587,1.1681
2006-04-01T00:00:00.000000000+0000,1.1681,1.1681,1.1681,1.1681
2006-04-02T00:00:00.000000000+0000,1.16778,1.16914,1.16737,1.1688
2006-04-03T00:00:00.000000000+0000,1.16882,1.17685,1.16783,1.1712
2006-04-04T00:00:00.000000000+0000,1.17113,1.17543,1.16182,1.16336
2006-04-05T00:00:00.000000000+0000,1.16333,1.16469,1.15954,1.16174
2006-04-06T00:00:00.000000000+0000,1.16165,1.16208,1.15182,1.15405
2006-04-07T00:00:00.000000000+0000,1.15403,1.15605,1.144,1.14925
2006-04-08T00:00:00.000000000+0000,1.14925,1.14925,1.14925,1.14925
2006-04-09T00:00:00.000000000+0000,1.14855,1.14938,1.14722,1.1478
2006-04-10T00:00:00.000000000+0000,1.14772,1.14943,1.14497,1.1482
2006-04-11T00:00:00.000000000+0000,1.14813,1.1495,1.1422,1.14399
2006-04-12T00:00:00.000000000+0000,1.14384,1.1491,1.14263,1.14879
2006-04-13T00:00:00.000000000+0000,1.14882,1.1533,1.14486,1.1511
2006-04-14T00:00:00.000000000+0000,1.15097,1.15198,1.14866,1.15019
2006-04-15T00:00:00.000000000+0000,1.15019,1.15019,1.15019,1.15019
2006-04-16T00:00:00.000000000+0000,1.15038,1.15305,1.14952,1.1496
2006-04-17T00:00:00.000000000+0000,1.14956,1.14999,1.14327,1.14584
2006-04-18T00:00:00.000000000+0000,1.14578,1.14621,1.13964,1.14038
2006-04-19T00:00:00.000000000+0000,1.1404,1.1414,1.1347,1.1355
2006-04-20T00:00:00.000000000+0000,1.13546,1.14214,1.13533,1.13994
2006-04-21T00:00:00.000000000+0000,1.13983,1.1412,1.1355,1.13677
2006-04-22T00:00:00.000000000+0000,1.13677,1.13677,1.13677,1.13677
2006-04-23T00:00:00.000000000+0000,1.13559,1.13668,1.13436,1.1356
2006-04-24T00:00:00.000000000+0000,1.13558,1.1397,1.13384,1.13734
2006-04-25T00:00:00.000000000+0000,1.13724,1.13875,1.13018,1.13075
2006-04-26T00:00:00.000000000+0000,1.13053,1.13331,1.12511,1.1273
2006-04-27T00:00:00.000000000+0000,1.12723,1.1313,1.12144,1.12294
2006-04-28T00:00:00.000000000+0000,1.1229,1.12506,1.116,1.11641
2006-04-29T00:00:00.000000000+0000,1.11641,1.11641,1.11641,1.11641
2006-04-30T00:00:00.000000000+0000,1.11662,1.11775,1.11605,1.1175
2006-05-01T00:00:00.000000000+0000,1.11739,1.11861,1.11127,1.11416
2006-05-02T00:00:00.000000000+0000,1.11413,1.11643,1.10489,1.10516
2006-05-03T00:00:00.000000000+0000,1.1051,1.10962,1.10119,1.1088
2006-05-04T00:00:00.000000000+0000,1.10873,1.11394,1.10514,1.10854
2006-05-05T00:00:00.000000000+0000,1.10853,1.11058,1.10419,1.10562
2006-05-06T00:00:00.000000000+0000,1.10562,1.10562,1.10562,1.10562
2006-05-07T00:00:00.000000000+0000,1.10562,1.10648,1.1049,1.10521
2006-05-08T00:00:00.000000000+0000,1.10503,1.11328,1.1023,1.1123
2006-05-09T00:00:00.000000000+0000,1.11223,1.11636,1.09743,1.0993
2006-05-10T00:00:00.000000000+0000,1.09926,1.10499,1.09796,1.1043
2006-05-11T00:00:00.000000000+0000,1.10423,1.10775,1.09754,1.10116
2006-05-12T00:00:00.000000000+0000,1.10116,1.1097,1.09929,1.10865
2006-05-13T00:00:00.000000000+0000,1.10865,1.10865,1.10865,1.10865
2006-05-14T00:00:00.000000000+0000,1.1095,1.10958,1.10754,1.108
2006-05-15T00:00:00.000000000+0000,1.10797,1.11737,1.10783,1.11465
2006-05-16T00:00:00.000000000+0000,1.1145,1.11725,1.10591,1.1069
2006-05-17T00:00:00.000000000+0000,1.10683,1.11622,1.10122,1.11553
2006-05-18T00:00:00.000000000+0000,1.11543,1.1222,1.10938,1.11747
2006-05-19T00:00:00.000000000+0000,1.11747,1.12718,1.11664,1.11885
2006-05-20T00:00:00.000000000+0000,1.11885,1.11885,1.11885,1.11885
2006-05-21T00:00:00.000000000+0000,1.11735,1.12147,1.11705,1.12136
2006-05-22T00:00:00.000000000+0000,1.12134,1.12658,1.11226,1.11536
2006-05-23T00:00:00.000000000+0000,1.11538,1.12605,1.11204,1.12364
2006-05-24T00:00:00.000000000+0000,1.12362,1.12554,1.11819,1.1214
2006-05-25T00:00:00.000000000+0000,1.12132,1.12265,1.1053,1.108
2006-05-26T00:00:00.000000000+0000,1.10791,1.11078,1.10363,1.10655
2006-05-27T00:00:00.000000000+0000,1.10655,1.10655,1.10655,1.10655
2006-05-28T00:00:00.000000000+0000,1.10665,1.10678,1.10312,1.10516
2006-05-29T00:00:00.000000000+0000,1.10513,1.1072,1.1028,1.1043
2006-05-30T00:00:00.000000000+0000,1.10424,1.10564,1.09738,1.0999
2006-05-31T00:00:00.000000000+0000,1.09983,1.10337,1.09287,1.1008
2006-06-01T00:00:00.000000000+0000,1.10067,1.10978,1.10005,1.1021
2006-06-02T00:00:00.000000000+0000,1.1021,1.10523,1.09728,1.10056
2006-06-03T00:00:00.000000000+0000,1.10056,1.10056,1.10056,1.10056
2006-06-04T00:00:00.000000000+0000,1.10075,1.10304,1.10045,1.1024
2006-06-05T00:00:00.000000000+0000,1.1023,1.10805,1.09761,1.1059
2006-06-06T00:00:00.000000000+0000,1.10583,1.11746,1.10482,1.1125
2006-06-07T00:00:00.000000000+0000,1.11243,1.11609,1.10955,1.1112
2006-06-08T00:00:00.000000000+0000,1.11112,1.12428,1.11093,1.12107
2006-06-09T00:00:00.000000000+0000,1.121,1.12137,1.10497,1.10656
2006-06-10T00:00:00.000000000+0000,1.10656,1.10656,1.10656,1.10656
2006-06-11T00:00:00.000000000+0000,1.10535,1.10679,1.10505,1.10636
2006-06-12T00:00:00.000000000+0000,1.10631,1.1071,1.09599,1.09742
2006-06-13T00:00:00.000000000+0000,1.09749,1.11417,1.0968,1.1129
2006-06-14T00:00:00.000000000+0000,1.11278,1.11737,1.10815,1.1133
2006-06-15T00:00:00.000000000+0000,1.1132,1.11867,1.11068,1.1115
2006-06-16T00:00:00.000000000+0000,1.11146,1.12485,1.11068,1.1226
2006-06-17T00:00:00.000000000+0000,1.1226,1.1226,1.1226,1.1226
2006-06-18T00:00:00.000000000+0000,1.12225,1.12305,1.12143,1.1229
2006-06-19T00:00:00.000000000+0000,1.1229,1.12516,1.11826,1.1212
2006-06-20T00:00:00.000000000+0000,1.12113,1.12446,1.11507,1.1165
2006-06-21T00:00:00.000000000+0000,1.11643,1.11653,1.10311,1.10717
2006-06-22T00:00:00.000000000+0000,1.10713,1.12003,1.10705,1.11885
2006-06-23T00:00:00.000000000+0000,1.11873,1.12857,1.11775,1.12264
2006-06-24T00:00:00.000000000+0000,1.12264,1.12264,1.12264,1.12264
2006-06-25T00:00:00.000000000+0000,1.1225,1.12258,1.11934,1.1216
2006-06-26T00:00:00.000000000+0000,1.12153,1.12478,1.11703,1.1219
2006-06-27T00:00:00.000000000+0000,1.1219,1.12475,1.119,1.1232
2006-06-28T00:00:00.000000000+0000,1.12316,1.12641,1.12052,1.1235
2006-06-29T00:00:00.000000000+0000,1.12343,1.12365,1.10883,1.1095
2006-06-30T00:00:00.000000000+0000,1.10943,1.1175,1.10797,1.11611
2006-07-01T00:00:00.000000000+0000,1.11611,1.11611,1.11611,1.11611
2006-07-02T00:00:00.000000000+0000,1.1156,1.11855,1.11414,1.11533
2006-07-03T00:00:00.000000000+0000,1.11533,1.11743,1.10847,1.11183
2006-07-04T00:00:00.000000000+0000,1.1118,1.11262,1.10542,1.10948
2006-07-05T00:00:00.000000000+0000,1.10942,1.11383,1.10397,1.11207
2006-07-06T00:00:00.000000000+0000,1.11203,1.11502,1.10847,1.11185
2006-07-07T00:00:00.000000000+0000,1.11173,1.11492,1.10654,1.11259
2006-07-08T00:00:00.000000000+0000,1.11259,1.11259,1.11259,1.11259
2006-07-09T00:00:00.000000000+0000,1.11242,1.11525,1.11242,1.115
2006-07-10T00:00:00.000000000+0000,1.11496,1.12601,1.11307,1.1234
2006-07-11T00:00:00.000000000+0000,1.1234,1.13418,1.12203,1.1314
2006-07-12T00:00:00.000000000+0000,1.13133,1.13974,1.12832,1.13386
2006-07-13T00:00:00.000000000+0000,1.13384,1.13488,1.12862,1.1311
2006-07-14T00:00:00.000000000+0000,1.13103,1.13257,1.12561,1.12684
2006-07-15T00:00:00.000000000+0000,1.12684,1.12684,1.12684,1.12684
2006-07-16T00:00:00.000000000+0000,1.12695,1.12855,1.12676,1.1284
2006-07-17T00:00:00.000000000+0000,1.1284,1.13676,1.1262,1.13542
2006-07-18T00:00:00.000000000+0000,1.13533,1.13747,1.13058,1.1357
2006-07-19T00:00:00.000000000+0000,1.13563,1.14045,1.13141,1.1337
2006-07-20T00:00:00.000000000+0000,1.13362,1.13513,1.12816,1.1333
2006-07-21T00:00:00.000000000+0000,1.1332,1.13934,1.12616,1.13618
2006-07-22T00:00:00.000000000+0000,1.13618,1.13618,1.13618,1.13618
2006-07-23T00:00:00.000000000+0000,1.13588,1.13835,1.13542,1.1377
2006-07-24T00:00:00.000000000+0000,1.13763,1.14563,1.1376,1.142
2006-07-25T00:00:00.000000000+0000,1.14193,1.14332,1.13762,1.14109
2006-07-26T00:00:00.000000000+0000,1.1412,1.14279,1.13371,1.136
2006-07-27T00:00:00.000000000+0000,1.136,1.13841,1.12576,1.1355
2006-07-28T00:00:00.000000000+0000,1.13543,1.13694,1.12825,1.13065
2006-07-29T00:00:00.000000000+0000,1.13065,1.13065,1.13065,1.13065
2006-07-30T00:00:00.000000000+0000,1.13038,1.13092,1.12882,1.12987
2006-07-31T00:00:00.000000000+0000,1.1298,1.13185,1.12196,1.13099
2006-08-01T00:00:00.000000000+0000,1.13115,1.13706,1.12837,1.1315
2006-08-02T00:00:00.000000000+0000,1.13144,1.13163,1.12435,1.1262
2006-08-03T00:00:00.000000000+0000,1.1261,1.12748,1.12062,1.12394
2006-08-04T00:00:00.000000000+0000,1.12392,1.13432,1.12303,1.12608
2006-08-05T00:00:00.000000000+0000,1.12608,1.12608,1.12608,1.12608
2006-08-06T00:00:00.000000000+0000,1.12648,1.12719,1.12544,1.1259
2006-08-07T00:00:00.000000000+0000,1.12593,1.12637,1.11736,1.11932
2006-08-08T00:00:00.000000000+0000,1.11934,1.12498,1.11655,1.1245
2006-08-09T00:00:00.000000000+0000,1.1245,1.12507,1.11723,1.12
2006-08-10T00:00:00.000000000+0000,1.11993,1.12798,1.11507,1.12595
2006-08-11T00:00:00.000000000+0000,1.12593,1.12801,1.11708,1.12432
2006-08-12T00:00:00.000000000+0000,1.12432,1.12432,1.12432,1.12432
2006-08-13T00:00:00.000000000+0000,1.12409,1.12566,1.12335,1.1238
2006-08-14T00:00:00.000000000+0000,1.12369,1.1277,1.12051,1.12724
2006-08-15T00:00:00.000000000+0000,1.1272,1.13165,1.12067,1.12259
2006-08-16T00:00:00.000000000+0000,1.12253,1.12376,1.11432,1.11904
2006-08-17T00:00:00.000000000+0000,1.119,1.12345,1.11538,1.1228
2006-08-18T00:00:00.000000000+0000,1.1228,1.12706,1.11982,1.12407
2006-08-19T00:00:00.000000000+0000,1.12407,1.12407,1.12407,1.12407
2006-08-20T00:00:00.000000000+0000,1.12505,1.12533,1.12315,1.12519
2006-08-21T00:00:00.000000000+0000,1.12513,1.12525,1.11647,1.11873
2006-08-22T00:00:00.000000000+0000,1.1188,1.11995,1.11452,1.11549
2006-08-23T00:00:00.000000000+0000,1.11555,1.11577,1.10487,1.11167
2006-08-24T00:00:00.000000000+0000,1.11154,1.11306,1.10733,1.1095
2006-08-25T00:00:00.000000000+0000,1.1095,1.11015,1.10525,1.10875
2006-08-26T00:00:00.000000000+0000,1.10875,1.10875,1.10875,1.10875
2006-08-27T00:00:00.000000000+0000,1.1083,1.10935,1.10794,1.1084
2006-08-28T00:00:00.000000000+0000,1.1084,1.11244,1.10602,1.112
2006-08-29T00:00:00.000000000+0000,1.1119,1.11244,1.10566,1.1078
2006-08-30T00:00:00.000000000+0000,1.1078,1.11114,1.10535,1.10942
2006-08-31T00:00:00.000000000+0000,1.10938,1.11125,1.10272,1.1043
2006-09-01T00:00:00.000000000+0000,1.10423,1.10713,1.10285,1.10394
2006-09-02T00:00:00.000000000+0000,1.10394,1.10394,1.10394,1.10394
2006-09-03T00:00:00.000000000+0000,1.10359,1.1053,1.10346,1.1047
2006-09-04T00:00:00.000000000+0000,1.10457,1.10744,1.10412,1.1066
2006-09-05T00:00:00.000000000+0000,1.10656,1.11373,1.10625,1.11124
2006-09-06T00:00:00.000000000+0000,1.11113,1.1136,1.10429,1.1057
2006-09-07T00:00:00.000000000+0000,1.10568,1.1105,1.10404,1.11007
2006-09-08T00:00:00.000000000+0000,1.10997,1.12085,1.10912,1.1198
2006-09-09T00:00:00.000000000+0000,1.1198,1.1198,1.1198,1.1198
2006-09-10T00:00:00.000000000+0000,1.11958,1.12149,1.11958,1.12018
2006-09-11T00:00:00.000000000+0000,1.12055,1.12248,1.11714,1.12112
2006-09-12T00:00:00.000000000+0000,1.12129,1.12177,1.11542,1.11946
2006-09-13T00:00:00.000000000+0000,1.11945,1.12332,1.11712,1.11904
2006-09-14T00:00:00.000000000+0000,1.11896,1.11974,1.11202,1.11829
2006-09-15T00:00:00.000000000+0000,1.11803,1.12194,1.11685,1.11924
2006-09-16T00:00:00.000000000+0000,1.11924,1.11924,1.11924,1.11924
2006-09-17T00:00:00.000000000+0000,1.1189,1.11977,1.11819,1.11871
2006-09-18T00:00:00.000000000+0000,1.11871,1.12195,1.11593,1.11738
2006-09-19T00:00:00.000000000+0000,1.11739,1.12849,1.11703,1.12773
2006-09-20T00:00:00.000000000+0000,1.12767,1.12936,1.12537,1.12803
2006-09-21T00:00:00.000000000+0000,1.12803,1.12845,1.11624,1.1199
2006-09-22T00:00:00.000000000+0000,1.11992,1.12039,1.11187,1.11728
2006-09-23T00:00:00.000000000+0000,1.11728,1.11728,1.11728,1.11728
2006-09-24T00:00:00.000000000+0000,1.11696,1.11773,1.11665,1.11698
2006-09-25T00:00:00.000000000+0000,1.117,1.1189,1.11405,1.11635
2006-09-26T00:00:00.000000000+0000,1.11623,1.11811,1.11235,1.11354
2006-09-27T00:00:00.000000000+0000,1.11343,1.11637,1.10888,1.1115
2006-09-28T00:00:00.000000000+0000,1.11136,1.1124,1.1085,1.11036
2006-09-29T00:00:00.000000000+0000,1.11033,1.11885,1.10983,1.11655
2006-09-30T00:00:00.000000000+0000,1.11655,1.11655,1.11655,1.11655
2006-10-01T00:00:00.000000000+0000,1.11626,1.11859,1.11626,1.1174
2006-10-02T00:00:00.000000000+0000,1.11733,1.1218,1.11443,1.11564
2006-10-03T00:00:00.000000000+0000,1.11553,1.1226,1.11451,1.1219
2006-10-04T00:00:00.000000000+0000,1.12178,1.13029,1.12142,1.12405
2006-10-05T00:00:00.000000000+0000,1.12404,1.1286,1.12366,1.12685
2006-10-06T00:00:00.000000000+0000,1.12678,1.12815,1.11988,1.126
2006-10-07T00:00:00.000000000+0000,1.126,1.126,1.126,1.126
2006-10-08T00:00:00.000000000+0000,1.12545,1.12652,1.1252,1.12605
2006-10-09T00:00:00.000000000+0000,1.12615,1.12629,1.12105,1.12354
2006-10-10T00:00:00.000000000+0000,1.12346,1.13401,1.12337,1.13322
2006-10-11T00:00:00.000000000+0000,1.13324,1.13839,1.13276,1.13821
2006-10-12T00:00:00.000000000+0000,1.13813,1.13825,1.1326,1.13414
2006-10-13T00:00:00.000000000+0000,1.13414,1.13812,1.13203,1.13691
2006-10-14T00:00:00.000000000+0000,1.13691,1.13691,1.13691,1.13691
2006-10-15T00:00:00.000000000+0000,1.13665,1.13741,1.13609,1.1365
2006-10-16T00:00:00.000000000+0000,1.13642,1.13905,1.13461,1.1373
2006-10-17T00:00:00.000000000+0000,1.13723,1.14122,1.13475,1.14
2006-10-18T00:00:00.000000000+0000,1.13997,1.14108,1.13505,1.13545
2006-10-19T00:00:00.000000000+0000,1.13541,1.13698,1.12602,1.12824
2006-10-20T00:00:00.000000000+0000,1.12813,1.12869,1.12026,1.12428
2006-10-21T00:00:00.000000000+0000,1.12428,1.12428,1.12428,1.12428
2006-10-22T00:00:00.000000000+0000,1.12398,1.12539,1.1236,1.12506
2006-10-23T00:00:00.000000000+0000,1.12506,1.12867,1.12407,1.12836
2006-10-24T00:00:00.000000000+0000,1.1284,1.13191,1.1246,1.1272
2006-10-25T00:00:00.000000000+0000,1.12714,1.12855,1.12297,1.1234
2006-10-26T00:00:00.000000000+0000,1.1233,1.13056,1.12113,1.1229
2006-10-27T00:00:00.000000000+0000,1.12238,1.12592,1.11746,1.11895
2006-10-28T00:00:00.000000000+0000,1.11895,1.11895,1.11895,1.11895
2006-10-29T00:00:00.000000000+0000,1.11856,1.1199,1.11844,1.1189
2006-10-30T00:00:00.000000000+0000,1.11893,1.12639,1.11768,1.12534
2006-10-31T00:00:00.000000000+0000,1.12532,1.12871,1.12,1.12141
2006-11-01T00:00:00.000000000+0000,1.12143,1.13502,1.12083,1.13216
2006-11-02T00:00:00.000000000+0000,1.13213,1.13717,1.13001,1.13305
2006-11-03T00:00:00.000000000+0000,1.13293,1.13532,1.12757,1.1297
2006-11-04T00:00:00.000000000+0000,1.1297,1.1297,1.1297,1.1297
2006-11-05T00:00:00.000000000+0000,1.12923,1.12971,1.12852,1.12898
2006-11-06T00:00:00.000000000+0000,1.12893,1.13616,1.12841,1.12963
2006-11-07T00:00:00.000000000+0000,1.12959,1.13061,1.1256,1.12982
2006-11-08T00:00:00.000000000+0000,1.12973,1.1325,1.1265,1.12892
2006-11-09T00:00:00.000000000+0000,1.12885,1.13322,1.12782,1.1283
2006-11-10T00:00:00.000000000+0000,1.1283,1.13223,1.12624,1.1318
2006-11-11T00:00:00.000000000+0000,1.1318,1.1318,1.1318,1.1318
2006-11-12T00:00:00.000000000+0000,1.13125,1.13176,1.13008,1.1307
2006-11-13T00:00:00.000000000+0000,1.13063,1.13965,1.13023,1.13664
2006-11-14T00:00:00.000000000+0000,1.13647,1.14024,1.13443,1.13731
2006-11-15T00:00:00.000000000+0000,1.1375,1.14266,1.13589,1.13876
2006-11-16T00:00:00.000000000+0000,1.13863,1.14253,1.13647,1.142
2006-11-17T00:00:00.000000000+0000,1.14193,1.14745,1.14042,1.14566
2006-11-18T00:00:00.000000000+0000,1.14566,1.14566,1.14566,1.14566
2006-11-19T00:00:00.000000000+0000,1.14612,1.14673,1.14546,1.1461
2006-11-20T00:00:00.000000000+0000,1.14584,1.14829,1.14214,1.1458
2006-11-21T00:00:00.000000000+0000,1.14588,1.14926,1.14434,1.14584
2006-11-22T00:00:00.000000000+0000,1.14588,1.14617,1.13799,1.14194
2006-11-23T00:00:00.000000000+0000,1.14195,1.14255,1.13933,1.14186
2006-11-24T00:00:00.000000000+0000,1.14183,1.14261,1.13049,1.13482
2006-11-25T00:00:00.000000000+0000,1.13482,1.13482,1.13482,1.13482
2006-11-26T00:00:00.000000000+0000,1.13414,1.13414,1.13086,1.1328
2006-11-27T00:00:00.000000000+0000,1.13273,1.13488,1.13028,1.13273
2006-11-28T00:00:00.000000000+0000,1.13264,1.13339,1.12857,1.12966
2006-11-29T00:00:00.000000000+0000,1.12968,1.13945,1.12968,1.13856
2006-11-30T00:00:00.000000000+0000,1.13876,1.14347,1.13639,1.14148
2006-12-01T00:00:00.000000000+0000,1.14143,1.14653,1.137,1.14459
2006-12-02T00:00:00.000000000+0000,1.14459,1.14459,1.14459,1.14459
2006-12-03T00:00:00.000000000+0000,1.14412,1.14472,1.14262,1.1429
2006-12-04T00:00:00.000000000+0000,1.14264,1.14753,1.13963,1.14038
2006-12-05T00:00:00.000000000+0000,1.1404,1.14324,1.13791,1.1424
2006-12-06T00:00:00.000000000+0000,1.14233,1.14861,1.13948,1.14753
2006-12-07T00:00:00.000000000+0000,1.1475,1.14995,1.1458,1.14968
2006-12-08T00:00:00.000000000+0000,1.14958,1.15152,1.14465,1.14907
2006-12-09T00:00:00.000000000+0000,1.14907,1.14907,1.14907,1.14907
2006-12-10T00:00:00.000000000+0000,1.149,1.14939,1.14797,1.14876
2006-12-11T00:00:00.000000000+0000,1.14873,1.15034,1.14648,1.1475
2006-12-12T00:00:00.000000000+0000,1.14746,1.1554,1.14529,1.152
2006-12-13T00:00:00.000000000+0000,1.15191,1.15713,1.14975,1.15571
2006-12-14T00:00:00.000000000+0000,1.15563,1.15771,1.15353,1.15652
2006-12-15T00:00:00.000000000+0000,1.15628,1.15877,1.15263,1.15748
2006-12-16T00:00:00.000000000+0000,1.15748,1.15748,1.15748,1.15748
2006-12-17T00:00:00.000000000+0000,1.15732,1.1578,1.15684,1.15758
2006-12-18T00:00:00.000000000+0000,1.15753,1.15833,1.15309,1.15624
2006-12-19T00:00:00.000000000+0000,1.15621,1.15774,1.15064,1.15134
2006-12-20T00:00:00.000000000+0000,1.15123,1.15339,1.14297,1.14734
2006-12-21T00:00:00.000000000+0000,1.14738,1.1562,1.14537,1.15493
2006-12-22T00:00:00.000000000+0000,1.15489,1.15858,1.15198,1.1578
2006-12-23T00:00:00.000000000+0000,1.1578,1.1578,1.1578,1.1578
2006-12-24T00:00:00.000000000+0000,1.15768,1.15889,1.15647,1.15767
2006-12-25T00:00:00.000000000+0000,1.15763,1.15887,1.15594,1.15737
2006-12-26T00:00:00.000000000+0000,1.1577,1.16231,1.15674,1.16137
2006-12-27T00:00:00.000000000+0000,1.16124,1.16357,1.15974,1.1614
2006-12-28T00:00:00.000000000+0000,1.16143,1.16177,1.15778,1.15989
2006-12-29T00:00:00.000000000+0000,1.15982,1.16662,1.15819,1.16492
2006-12-30T00:00:00.000000000+0000,1.16492,1.16492,1.16492,1.16492
2006-12-31T00:00:00.000000000+0000,1.16528,1.16578,1.16425,1.16455
2007-01-01T00:00:00.000000000+0000,1.16475,1.1663,1.16334,1.164
2007-01-02T00:00:00.000000000+0000,1.16407,1.16581,1.16218,1.1647
2007-01-03T00:00:00.000000000+0000,1.1646,1.17338,1.16366,1.17247
2007-01-04T00:00:00.000000000+0000,1.17235,1.17768,1.17114,1.17736
2007-01-05T00:00:00.000000000+0000,1.17734,1.17827,1.17173,1.17269
2007-01-06T00:00:00.000000000+0000,1.17269,1.17269,1.17269,1.17269
2007-01-07T00:00:00.000000000+0000,1.17242,1.17337,1.1719,1.17313
2007-01-08T00:00:00.000000000+0000,1.17307,1.17823,1.17205,1.17404
2007-01-09T00:00:00.000000000+0000,1.17395,1.17946,1.17268,1.17622
2007-01-10T00:00:00.000000000+0000,1.17613,1.17919,1.17322,1.17397
2007-01-11T00:00:00.000000000+0000,1.17383,1.18002,1.16933,1.17787
2007-01-12T00:00:00.000000000+0000,1.1778,1.17794,1.16806,1.1701
2007-01-13T00:00:00.000000000+0000,1.1701,1.1701,1.1701,1.1701
2007-01-14T00:00:00.000000000+0000,1.18575,1.21518,1.16786,1.16868
2007-01-15T00:00:00.000000000+0000,1.16862,1.17038,1.16576,1.1677
2007-01-16T00:00:00.000000000+0000,1.16813,1.17733,1.16439,1.17601
2007-01-17T00:00:00.000000000+0000,1.17593,1.17686,1.17163,1.17212
2007-01-18T00:00:00.000000000+0000,1.17208,1.17718,1.1713,1.1736
2007-01-19T00:00:00.000000000+0000,1.17351,1.17531,1.16981,1.17202
2007-01-20T00:00:00.000000000+0000,1.17202,1.17202,1.17202,1.17202
2007-01-21T00:00:00.000000000+0000,1.17178,1.17276,1.17156,1.17249
2007-01-22T00:00:00.000000000+0000,1.17251,1.18344,1.1712,1.18094
2007-01-23T00:00:00.000000000+0000,1.18078,1.185,1.17872,1.1807
2007-01-24T00:00:00.000000000+0000,1.18063,1.18343,1.17642,1.17858
2007-01-25T00:00:00.000000000+0000,1.17856,1.18337,1.17298,1.18329
2007-01-26T00:00:00.000000000+0000,1.18323,1.18414,1.178,1.17955
2007-01-27T00:00:00.000000000+0000,1.17955,1.17955,1.17955,1.17955
2007-01-28T00:00:00.000000000+0000,1.17909,1.17965,1.17834,1.17946
2007-01-29T00:00:00.000000000+0000,1.17943,1.18453,1.17882,1.18217
2007-01-30T00:00:00.000000000+0000,1.18207,1.18407,1.17855,1.17904
2007-01-31T00:00:00.000000000+0000,1.17895,1.18429,1.17447,1.17519
2007-02-01T00:00:00.000000000+0000,1.17511,1.18015,1.17354,1.17905
2007-02-02T00:00:00.000000000+0000,1.17902,1.18685,1.17754,1.18392
2007-02-03T00:00:00.000000000+0000,1.18392,1.18392,1.18392,1.18392
2007-02-04T00:00:00.000000000+0000,1.18424,1.18464,1.1825,1.18421
2007-02-05T00:00:00.000000000+0000,1.18403,1.1863,1.18062,1.18108
2007-02-06T00:00:00.000000000+0000,1.18107,1.18429,1.18084,1.18191
2007-02-07T00:00:00.000000000+0000,1.18168,1.18585,1.1811,1.18476
2007-02-08T00:00:00.000000000+0000,1.18453,1.18751,1.1817,1.18287
2007-02-09T00:00:00.000000000+0000,1.18253,1.18495,1.17124,1.17188
2007-02-10T00:00:00.000000000+0000,1.17188,1.17188,1.17188,1.17188
2007-02-11T00:00:00.000000000+0000,1.17217,1.17433,1.17217,1.1734
2007-02-12T00:00:00.000000000+0000,1.17337,1.17649,1.1705,1.17547
2007-02-13T00:00:00.000000000+0000,1.17533,1.17636,1.16566,1.16746
2007-02-14T00:00:00.000000000+0000,1.16747,1.16876,1.16435,1.16582
2007-02-15T00:00:00.000000000+0000,1.16571,1.16697,1.16172,1.1629
2007-02-16T00:00:00.000000000+0000,1.16291,1.16534,1.16196,1.16295
2007-02-17T00:00:00.000000000+0000,1.16295,1.16295,1.16295,1.16295
2007-02-18T00:00:00.000000000+0000,1.16248,1.16428,1.16248,1.16367
2007-02-19T00:00:00.000000000+0000,1.16358,1.1658,1.16267,1.16449
2007-02-20T00:00:00.000000000+0000,1.16436,1.17154,1.16315,1.16991
2007-02-21T00:00:00.000000000+0000,1.16984,1.17103,1.1592,1.1602
2007-02-22T00:00:00.000000000+0000,1.16005,1.16315,1.15895,1.16185
2007-02-23T00:00:00.000000000+0000,1.16161,1.16261,1.15636,1.15935
2007-02-24T00:00:00.000000000+0000,1.15935,1.15935,1.15935,1.15935
2007-02-25T00:00:00.000000000+0000,1.15911,1.15981,1.15772,1.15793
2007-02-26T00:00:00.000000000+0000,1.1579,1.1611,1.15752,1.16
2007-02-27T00:00:00.000000000+0000,1.16003,1.16755,1.15868,1.16699
2007-02-28T00:00:00.000000000+0000,1.16693,1.17359,1.16558,1.17004
2007-03-01T00:00:00.000000000+0000,1.16999,1.17465,1.16693,1.1727
2007-03-02T00:00:00.000000000+0000,1.17263,1.17737,1.17055,1.17707
2007-03-03T00:00:00.000000000+0000,1.17707,1.17707,1.17707,1.17707
2007-03-04T00:00:00.000000000+0000,1.17652,1.19775,1.17544,1.17719
2007-03-05T00:00:00.000000000+0000,1.17713,1.18232,1.17538,1.18038
2007-03-06T00:00:00.000000000+0000,1.1804,1.18115,1.17295,1.17559
2007-03-07T00:00:00.000000000+0000,1.17544,1.1796,1.1743,1.17772
2007-03-08T00:00:00.000000000+0000,1.17765,1.18145,1.17639,1.17957
2007-03-09T00:00:00.000000000+0000,1.17953,1.18084,1.1701,1.17216
2007-03-10T00:00:00.000000000+0000,1.17216,1.17216,1.17216,1.17216
2007-03-11T00:00:00.000000000+0000,1.17203,1.17309,1.17131,1.1718
2007-03-12T00:00:00.000000000+0000,1.17173,1.17313,1.16819,1.17069
2007-03-13T00:00:00.000000000+0000,1.17075,1.17512,1.16789,1.1735
2007-03-14T00:00:00.000000000+0000,1.17343,1.17758,1.17211,1.17575
2007-03-15T00:00:00.000000000+0000,1.17566,1.17786,1.17314,1.17557
2007-03-16T00:00:00.000000000+0000,1.17558,1.17717,1.1713,1.17587
2007-03-17T00:00:00.000000000+0000,1.17587,1.17587,1.17587,1.17587
2007-03-18T00:00:00.000000000+0000,1.1762,1.17726,1.17428,1.176
2007-03-19T00:00:00.000000000+0000,1.17605,1.17807,1.17407,1.17663
2007-03-20T00:00:00.000000000+0000,1.17662,1.17862,1.15982,1.16003
2007-03-21T00:00:00.000000000+0000,1.15976,1.16313,1.15323,1.15633
2007-03-22T00:00:00.000000000+0000,1.15633,1.15915,1.15545,1.1575
2007-03-23T00:00:00.000000000+0000,1.1576,1.16101,1.15554,1.1604
2007-03-24T00:00:00.000000000+0000,1.1604,1.1604,1.1604,1.1604
2007-03-25T00:00:00.000000000+0000,1.16045,1.16142,1.15878,1.16062
2007-03-26T00:00:00.000000000+0000,1.16083,1.16356,1.15946,1.16092
2007-03-27T00:00:00.000000000+0000,1.16085,1.16156,1.15531,1.15592
2007-03-28T00:00:00.000000000+0000,1.156,1.16076,1.15525,1.15883
2007-03-29T00:00:00.000000000+0000,1.15912,1.16119,1.15678,1.15818
2007-03-30T00:00:00.000000000+0000,1.15821,1.15907,1.14977,1.15315
2007-03-31T00:00:00.000000000+0000,1.15315,1.15315,1.15315,1.15315
2007-04-01T00:00:00.000000000+0000,1.15315,1.15429,1.15077,1.1519
2007-04-02T00:00:00.000000000+0000,1.1519,1.15705,1.15093,1.1556
2007-04-03T00:00:00.000000000+0000,1.15555,1.1599,1.15485,1.15845
2007-04-04T00:00:00.000000000+0000,1.1583,1.1594,1.15445,1.1587
2007-04-05T00:00:00.000000000+0000,1.15851,1.1594,1.1486,1.15103
2007-04-06T00:00:00.000000000+0000,1.1509,1.15335,1.14947,1.15029
2007-04-07T00:00:00.000000000+0000,1.15029,1.15029,1.15029,1.15029
2007-04-08T00:00:00.000000000+0000,1.15046,1.151,1.14981,1.1508
2007-04-09T00:00:00.000000000+0000,1.1508,1.1531,1.14949,1.153
2007-04-10T00:00:00.000000000+0000,1.15272,1.153,1.1457,1.14673
2007-04-11T00:00:00.000000000+0000,1.1471,1.14784,1.1379,1.1401
2007-04-12T00:00:00.000000000+0000,1.1401,1.1411,1.1336,1.13445
2007-04-13T00:00:00.000000000+0000,1.13418,1.13945,1.13275,1.13799
2007-04-14T00:00:00.000000000+0000,1.13799,1.13799,1.13799,1.13799
2007-04-15T00:00:00.000000000+0000,1.1376,1.1382,1.13525,1.13806
2007-04-16T00:00:00.000000000+0000,1.1358,1.1364,1.13005,1.13184
2007-04-17T00:00:00.000000000+0000,1.1321,1.1342,1.1287,1.1312
2007-04-18T00:00:00.000000000+0000,1.1312,1.134,1.1264,1.1283
2007-04-19T00:00:00.000000000+0000,1.1283,1.1308,1.123,1.1287
2007-04-20T00:00:00.000000000+0000,1.1287,1.1301,1.12108,1.1235
2007-04-21T00:00:00.000000000+0000,1.1235,1.1235,1.1235,1.1235
2007-04-22T00:00:00.000000000+0000,1.1229,1.12338,1.1217,1.12265
2007-04-23T00:00:00.000000000+0000,1.1227,1.12445,1.12114,1.12215
2007-04-24T00:00:00.000000000+0000,1.12195,1.1247,1.11915,1.12165
2007-04-25T00:00:00.000000000+0000,1.1216,1.1228,1.1135,1.11515
2007-04-26T00:00:00.000000000+0000,1.11515,1.1223,1.11409,1.122
2007-04-27T00:00:00.000000000+0000,1.12205,1.1227,1.11285,1.11506
2007-04-28T00:00:00.000000000+0000,1.11506,1.11506,1.11506,1.11506
2007-04-29T00:00:00.000000000+0000,1.11618,1.11718,1.11477,1.11645
2007-04-30T00:00:00.000000000+0000,1.1166,1.11965,1.1048,1.1092
2007-05-01T00:00:00.000000000+0000,1.10915,1.1119,1.10475,1.1115
2007-05-02T00:00:00.000000000+0000,1.1115,1.1142,1.1062,1.1085
2007-05-03T00:00:00.000000000+0000,1.1087,1.10895,1.1053,1.1075
2007-05-04T00:00:00.000000000+0000,1.10725,1.10835,1.10315,1.10646
2007-05-05T00:00:00.000000000+0000,1.10646,1.10646,1.10646,1.10646
2007-05-06T00:00:00.000000000+0000,1.10475,1.1073,1.1047,1.1062
2007-05-07T00:00:00.000000000+0000,1.10655,1.10735,1.10055,1.10208
2007-05-08T00:00:00.000000000+0000,1.1022,1.1067,1.1003,1.1053
2007-05-09T00:00:00.000000000+0000,1.1053,1.1093,1.10395,1.10521
2007-05-10T00:00:00.000000000+0000,1.10525,1.113,1.10484,1.1116
2007-05-11T00:00:00.000000000+0000,1.1116,1.1168,1.10877,1.11075
2007-05-12T00:00:00.000000000+0000,1.11075,1.11075,1.11075,1.11075
2007-05-13T00:00:00.000000000+0000,1.1105,1.1116,1.10985,1.1109
2007-05-14T00:00:00.000000000+0000,1.1109,1.1125,1.1052,1.1064
2007-05-15T00:00:00.000000000+0000,1.1064,1.10715,1.09635,1.09895
2007-05-16T00:00:00.000000000+0000,1.09895,1.1063,1.0968,1.1026
2007-05-17T00:00:00.000000000+0000,1.1026,1.1055,1.09669,1.09956
2007-05-18T00:00:00.000000000+0000,1.0998,1.1,1.0871,1.0881
2007-05-19T00:00:00.000000000+0000,1.0881,1.0881,1.0881,1.0881
2007-05-20T00:00:00.000000000+0000,1.08847,1.09,1.08776,1.08985
2007-05-21T00:00:00.000000000+0000,1.08985,1.08985,1.0825,1.0848
2007-05-22T00:00:00.000000000+0000,1.0848,1.0879,1.08285,1.08701
2007-05-23T00:00:00.000000000+0000,1.08703,1.0889,1.08125,1.083
2007-05-24T00:00:00.000000000+0000,1.08284,1.0853,1.0805,1.0848
2007-05-25T00:00:00.000000000+0000,1.085,1.087,1.0775,1.08024
2007-05-26T00:00:00.000000000+0000,1.08024,1.08024,1.08024,1.08024
2007-05-27T00:00:00.000000000+0000,1.0804,1.08072,1.07852,1.07985
2007-05-28T00:00:00.000000000+0000,1.07985,1.0812,1.07883,1.07952
2007-05-29T00:00:00.000000000+0000,1.07933,1.0835,1.07105,1.07385
2007-05-30T00:00:00.000000000+0000,1.0739,1.07585,1.06865,1.0733
2007-05-31T00:00:00.000000000+0000,1.0733,1.0746,1.06655,1.0696
2007-06-01T00:00:00.000000000+0000,1.06939,1.071,1.05948,1.06019
2007-06-02T00:00:00.000000000+0000,1.06019,1.06019,1.06019,1.06019
2007-06-03T00:00:00.000000000+0000,1.0608,1.0616,1.06025,1.0613
2007-06-04T00:00:00.000000000+0000,1.0612,1.062,1.0548,1.05825
2007-06-05T00:00:00.000000000+0000,1.0584,1.0637,1.0562,1.06222
2007-06-06T00:00:00.000000000+0000,1.0621,1.06335,1.0561,1.0588
2007-06-07T00:00:00.000000000+0000,1.0588,1.0665,1.0562,1.06125
2007-06-08T00:00:00.000000000+0000,1.06115,1.0713,1.05945,1.06033
2007-06-09T00:00:00.000000000+0000,1.06033,1.06033,1.06033,1.06033
2007-06-10T00:00:00.000000000+0000,1.06075,1.0625,1.05967,1.0623
2007-06-11T00:00:00.000000000+0000,1.0623,1.0635,1.05874,1.0595
2007-06-12T00:00:00.000000000+0000,1.05916,1.068,1.05882,1.06715
2007-06-13T00:00:00.000000000+0000,1.06725,1.0739,1.0647,1.0676
2007-06-14T00:00:00.000000000+0000,1.06721,1.069,1.06465,1.0678
2007-06-15T00:00:00.000000000+0000,1.0679,1.06895,1.0603,1.06772
2007-06-16T00:00:00.000000000+0000,1.06772,1.06772,1.06772,1.06772
2007-06-17T00:00:00.000000000+0000,1.06725,1.0687,1.06625,1.0668
2007-06-18T00:00:00.000000000+0000,1.0668,1.0752,1.06491,1.0709
2007-06-19T00:00:00.000000000+0000,1.0709,1.0721,1.0614,1.0625
2007-06-20T00:00:00.000000000+0000,1.0625,1.0687,1.0616,1.06685
2007-06-21T00:00:00.000000000+0000,1.0668,1.0759,1.06445,1.07352
2007-06-22T00:00:00.000000000+0000,1.0737,1.0751,1.0665,1.06905
2007-06-23T00:00:00.000000000+0000,1.06905,1.06905,1.06905,1.06905
2007-06-24T00:00:00.000000000+0000,1.06887,1.0704,1.06783,1.06845
2007-06-25T00:00:00.000000000+0000,1.06845,1.0732,1.06778,1.0706
2007-06-26T00:00:00.000000000+0000,1.0706,1.07255,1.06705,1.0706
2007-06-27T00:00:00.000000000+0000,1.0706,1.07335,1.06905,1.0701
2007-06-28T00:00:00.000000000+0000,1.0701,1.0703,1.0574,1.0595
2007-06-29T00:00:00.000000000+0000,1.05965,1.0659,1.0468,1.06442
2007-06-30T00:00:00.000000000+0000,1.06442,1.06442,1.06442,1.06442
2007-07-01T00:00:00.000000000+0000,1.06498,1.06535,1.06199,1.063
2007-07-02T00:00:00.000000000+0000,1.063,1.0633,1.0526,1.0565
2007-07-03T00:00:00.000000000+0000,1.0565,1.06345,1.05406,1.061
2007-07-04T00:00:00.000000000+0000,1.061,1.06115,1.0557,1.05733
2007-07-05T00:00:00.000000000+0000,1.0576,1.0592,1.0554,1.0567
2007-07-06T00:00:00.000000000+0000,1.0567,1.0567,1.0461,1.04802
2007-07-07T00:00:00.000000000+0000,1.04802,1.04802,1.04802,1.04802
2007-07-08T00:00:00.000000000+0000,1.04963,1.04963,1.0479,1.04825
2007-07-09T00:00:00.000000000+0000,1.0483,1.0502,1.0443,1.0496
2007-07-10T00:00:00.000000000+0000,1.0496,1.0563,1.0476,1.054
2007-07-11T00:00:00.000000000+0000,1.054,1.0612,1.0535,1.0547
2007-07-12T00:00:00.000000000+0000,1.0546,1.055,1.04477,1.0455
2007-07-13T00:00:00.000000000+0000,1.0455,1.0498,1.04455,1.04897
2007-07-14T00:00:00.000000000+0000,1.04897,1.04897,1.04897,1.04897
2007-07-15T00:00:00.000000000+0000,1.0475,1.04855,1.04695,1.04747
2007-07-16T00:00:00.000000000+0000,1.0477,1.0483,1.0415,1.0436
2007-07-17T00:00:00.000000000+0000,1.0436,1.0453,1.0418,1.0432
2007-07-18T00:00:00.000000000+0000,1.0432,1.04785,1.03995,1.0441
2007-07-19T00:00:00.000000000+0000,1.0441,1.0465,1.0412,1.04325
2007-07-20T00:00:00.000000000+0000,1.0432,1.04975,1.0413,1.04696
2007-07-21T00:00:00.000000000+0000,1.04696,1.04696,1.04696,1.04696
2007-07-22T00:00:00.000000000+0000,1.04675,1.04926,1.04655,1.0477
2007-07-23T00:00:00.000000000+0000,1.0477,1.0479,1.0425,1.0465
2007-07-24T00:00:00.000000000+0000,1.0466,1.04735,1.03405,1.037
2007-07-25T00:00:00.000000000+0000,1.037,1.0448,1.034,1.0412
2007-07-26T00:00:00.000000000+0000,1.0412,1.0571,1.04029,1.0532
2007-07-27T00:00:00.000000000+0000,1.0532,1.0649,1.0524,1.06433
2007-07-28T00:00:00.000000000+0000,1.06433,1.06433,1.06433,1.06433
2007-07-29T00:00:00.000000000+0000,1.0632,1.065,1.06313,1.06466
2007-07-30T00:00:00.000000000+0000,1.06475,1.0701,1.06413,1.065
2007-07-31T00:00:00.000000000+0000,1.065,1.0683,1.0584,1.0669
2007-08-01T00:00:00.000000000+0000,1.0669,1.0696,1.0551,1.0575
2007-08-02T00:00:00.000000000+0000,1.0575,1.0599,1.0508,1.0537
2007-08-03T00:00:00.000000000+0000,1.0538,1.0576,1.05,1.05661
2007-08-04T00:00:00.000000000+0000,1.05661,1.05661,1.05661,1.05661
2007-08-05T00:00:00.000000000+0000,1.05687,1.0579,1.05526,1.0569
2007-08-06T00:00:00.000000000+0000,1.0568,1.05885,1.0488,1.05165
2007-08-07T00:00:00.000000000+0000,1.05165,1.05745,1.05129,1.0538
2007-08-08T00:00:00.000000000+0000,1.05375,1.05655,1.0461,1.048
2007-08-09T00:00:00.000000000+0000,1.048,1.0642,1.04695,1.0577
2007-08-10T00:00:00.000000000+0000,1.0577,1.0617,1.05145,1.05202
2007-08-11T00:00:00.000000000+0000,1.05202,1.05202,1.05202,1.05202
2007-08-12T00:00:00.000000000+0000,1.05327,1.0545,1.05218,1.0538
2007-08-13T00:00:00.000000000+0000,1.0538,1.0564,1.0484,1.0559
2007-08-14T00:00:00.000000000+0000,1.0559,1.069,1.0544,1.0689
2007-08-15T00:00:00.000000000+0000,1.0689,1.0811,1.0685,1.0805
2007-08-16T00:00:00.000000000+0000,1.0805,1.0865,1.0675,1.0769
2007-08-17T00:00:00.000000000+0000,1.0769,1.0794,1.0557,1.06075
2007-08-18T00:00:00.000000000+0000,1.06075,1.06075,1.06075,1.06075
2007-08-19T00:00:00.000000000+0000,1.05995,1.06469,1.05928,1.0621
2007-08-20T00:00:00.000000000+0000,1.0621,1.0624,1.0531,1.0556
2007-08-21T00:00:00.000000000+0000,1.0556,1.0656,1.05544,1.0647
2007-08-22T00:00:00.000000000+0000,1.0647,1.0665,1.0572,1.0594
2007-08-23T00:00:00.000000000+0000,1.0595,1.0612,1.04725,1.0543
2007-08-24T00:00:00.000000000+0000,1.0541,1.0567,1.0491,1.05135
2007-08-25T00:00:00.000000000+0000,1.05135,1.05135,1.05135,1.05135
2007-08-26T00:00:00.000000000+0000,1.05205,1.05313,1.0496,1.0497
2007-08-27T00:00:00.000000000+0000,1.0497,1.0556,1.047,1.0555
2007-08-28T00:00:00.000000000+0000,1.0555,1.0666,1.0534,1.0665
2007-08-29T00:00:00.000000000+0000,1.0665,1.0677,1.0564,1.0611
2007-08-30T00:00:00.000000000+0000,1.06085,1.0661,1.0543,1.05555
2007-08-31T00:00:00.000000000+0000,1.0559,1.0593,1.0506,1.05517
2007-09-01T00:00:00.000000000+0000,1.05517,1.05517,1.05517,1.05517
2007-09-02T00:00:00.000000000+0000,1.05565,1.05622,1.05397,1.05448
2007-09-03T00:00:00.000000000+0000,1.0547,1.0551,1.0512,1.05262
2007-09-04T00:00:00.000000000+0000,1.0529,1.0569,1.048,1.049
2007-09-05T00:00:00.000000000+0000,1.049,1.0566,1.04802,1.05347
2007-09-06T00:00:00.000000000+0000,1.0536,1.0582,1.05065,1.0521
2007-09-07T00:00:00.000000000+0000,1.0521,1.0576,1.0478,1.05502
2007-09-08T00:00:00.000000000+0000,1.05502,1.05502,1.05502,1.05502
2007-09-09T00:00:00.000000000+0000,1.05505,1.0573,1.05378,1.0563
2007-09-10T00:00:00.000000000+0000,1.0563,1.0591,1.0504,1.05245
2007-09-11T00:00:00.000000000+0000,1.05245,1.05305,1.0409,1.04238
2007-09-12T00:00:00.000000000+0000,1.0425,1.0445,1.0353,1.03723
2007-09-13T00:00:00.000000000+0000,1.03755,1.03805,1.0311,1.03505
2007-09-14T00:00:00.000000000+0000,1.03506,1.03545,1.0277,1.03038
2007-09-15T00:00:00.000000000+0000,1.03038,1.03038,1.03038,1.03038
2007-09-16T00:00:00.000000000+0000,1.03045,1.031,1.02915,1.0309
2007-09-17T00:00:00.000000000+0000,1.0309,1.0311,1.02395,1.028
2007-09-18T00:00:00.000000000+0000,1.028,1.0287,1.01205,1.0142
2007-09-19T00:00:00.000000000+0000,1.01415,1.01765,1.0081,1.0133
2007-09-20T00:00:00.000000000+0000,1.0133,1.0144,0.99915,1.0003
2007-09-21T00:00:00.000000000+0000,1.0003,1.00575,0.99315,1.00075
2007-09-22T00:00:00.000000000+0000,1.00075,1.00075,1.00075,1.00075
2007-09-23T00:00:00.000000000+0000,1.00085,1.00097,0.99606,0.99821
2007-09-24T00:00:00.000000000+0000,0.9986,1.0034,0.99659,1.00278
2007-09-25T00:00:00.000000000+0000,1.0029,1.00645,0.9997,1.0039
2007-09-26T00:00:00.000000000+0000,1.0039,1.00945,1.0025,1.0049
2007-09-27T00:00:00.000000000+0000,1.005,1.0053,0.9976,1.00108
2007-09-28T00:00:00.000000000+0000,1.0016,1.0019,0.9913,0.99321
2007-09-29T00:00:00.000000000+0000,0.99321,0.99321,0.99321,0.99321
2007-09-30T00:00:00.000000000+0000,0.99117,0.99413,0.99105,0.9923
2007-10-01T00:00:00.000000000+0000,0.9924,0.9957,0.99084,0.9921
2007-10-02T00:00:00.000000000+0000,0.9921,1.0012,0.9915,0.99844
2007-10-03T00:00:00.000000000+0000,0.9984,0.9997,0.9935,0.99845
2007-10-04T00:00:00.000000000+0000,0.99875,1.00155,0.9959,0.99643
2007-10-05T00:00:00.000000000+0000,0.99685,0.9983,0.9786,0.98025
2007-10-06T00:00:00.000000000+0000,0.98025,0.98025,0.98025,0.98025
2007-10-07T00:00:00.000000000+0000,0.98035,0.98275,0.97966,0.9814
2007-10-08T00:00:00.000000000+0000,0.9816,0.9876,0.98045,0.98636
2007-10-09T00:00:00.000000000+0000,0.98643,0.9895,0.979,0.9821
2007-10-10T00:00:00.000000000+0000,0.9821,0.9835,0.9791,0.9816
2007-10-11T00:00:00.000000000+0000,0.9816,0.9826,0.9728,0.9757
2007-10-12T00:00:00.000000000+0000,0.9757,0.9798,0.96989,0.97021
2007-10-13T00:00:00.000000000+0000,0.97021,0.97021,0.97021,0.97021
2007-10-14T00:00:00.000000000+0000,0.97045,0.9735,0.97033,0.9728
2007-10-15T00:00:00.000000000+0000,0.9728,0.9778,0.9706,0.976
2007-10-16T00:00:00.000000000+0000,0.976,0.9815,0.97435,0.97825
2007-10-17T00:00:00.000000000+0000,0.97825,0.9821,0.9726,0.9753
2007-10-18T00:00:00.000000000+0000,0.9753,0.97775,0.97185,0.97385
2007-10-19T00:00:00.000000000+0000,0.97385,0.9755,0.9632,0.96688
2007-10-20T00:00:00.000000000+0000,0.96688,0.96688,0.96688,0.96688
2007-10-21T00:00:00.000000000+0000,0.96635,0.9692,0.9649,0.9681
2007-10-22T00:00:00.000000000+0000,0.9681,0.98245,0.96605,0.9782
2007-10-23T00:00:00.000000000+0000,0.97815,0.9782,0.96255,0.96615
2007-10-24T00:00:00.000000000+0000,0.96625,0.9734,0.96435,0.96935
2007-10-25T00:00:00.000000000+0000,0.9693,0.9699,0.96145,0.96615
2007-10-26T00:00:00.000000000+0000,0.96615,0.96675,0.959,0.96146
2007-10-27T00:00:00.000000000+0000,0.96146,0.96146,0.96146,0.96146
2007-10-28T00:00:00.000000000+0000,0.96208,0.96255,0.96006,0.961
2007-10-29T00:00:00.000000000+0000,0.961,0.96275,0.9514,0.9535
2007-10-30T00:00:00.000000000+0000,0.9535,0.9576,0.95135,0.95345
2007-10-31T00:00:00.000000000+0000,0.9534,0.9565,0.94175,0.94685
2007-11-01T00:00:00.000000000+0000,0.94685,0.9522,0.9423,0.95065
2007-11-02T00:00:00.000000000+0000,0.95065,0.95175,0.93227,0.93385
2007-11-03T00:00:00.000000000+0000,0.93385,0.93385,0.93385,0.93385
2007-11-04T00:00:00.000000000+0000,0.93415,0.93625,0.93297,0.9359
2007-11-05T00:00:00.000000000+0000,0.9359,0.937,0.9304,0.933
2007-11-06T00:00:00.000000000+0000,0.933,0.9333,0.91595,0.91865
2007-11-07T00:00:00.000000000+0000,0.91865,0.94035,0.9057,0.93345
2007-11-08T00:00:00.000000000+0000,0.93345,0.93925,0.9236,0.93465
2007-11-09T00:00:00.000000000+0000,0.9345,0.94485,0.92505,0.9424
2007-11-10T00:00:00.000000000+0000,0.9424,0.9424,0.9424,0.9424
2007-11-11T00:00:00.000000000+0000,0.94373,0.9487,0.94203,0.9447
2007-11-12T00:00:00.000000000+0000,0.9447,0.9723,0.9433,0.97
2007-11-13T00:00:00.000000000+0000,0.9699,0.97015,0.9522,0.9576
2007-11-14T00:00:00.000000000+0000,0.9576,0.96765,0.95125,0.9656
2007-11-15T00:00:00.000000000+0000,0.9656,0.9887,0.96035,0.9853
2007-11-16T00:00:00.000000000+0000,0.9853,0.9883,0.97045,0.97188
2007-11-17T00:00:00.000000000+0000,0.97188,0.97188,0.97188,0.97188
2007-11-18T00:00:00.000000000+0000,0.97271,0.97837,0.9727,0.97505
2007-11-19T00:00:00.000000000+0000,0.97505,0.9853,0.97035,0.984
2007-11-20T00:00:00.000000000+0000,0.984,0.9864,0.9743,0.9813
2007-11-21T00:00:00.000000000+0000,0.9813,0.9924,0.97885,0.9872
2007-11-22T00:00:00.000000000+0000,0.98725,0.98805,0.97875,0.9848
2007-11-23T00:00:00.000000000+0000,0.98485,0.9898,0.97955,0.98777
2007-11-24T00:00:00.000000000+0000,0.98777,0.98777,0.98777,0.98777
2007-11-25T00:00:00.000000000+0000,0.98775,0.98928,0.98405,0.98555
2007-11-26T00:00:00.000000000+0000,0.98555,0.99135,0.9799,0.9887
2007-11-27T00:00:00.000000000+0000,0.9887,1.00005,0.982,0.99575
2007-11-28T00:00:00.000000000+0000,0.99575,0.99985,0.98385,0.98685
2007-11-29T00:00:00.000000000+0000,0.98685,0.99935,0.98345,0.99675
2007-11-30T00:00:00.000000000+0000,0.99675,1.00185,0.9921,0.9989
2007-12-01T00:00:00.000000000+0000,0.9989,0.9989,0.9989,0.9989
2007-12-02T00:00:00.000000000+0000,0.99895,0.99984,0.9975,0.99855
2007-12-03T00:00:00.000000000+0000,0.9985,1.0042,0.9975,0.9998
2007-12-04T00:00:00.000000000+0000,0.99975,1.01525,0.9992,1.0119
2007-12-05T00:00:00.000000000+0000,1.012,1.0215,1.00965,1.0114
2007-12-06T00:00:00.000000000+0000,1.01145,1.01935,1.0074,1.0086
2007-12-07T00:00:00.000000000+0000,1.00835,1.01495,1.0007,1.0065
2007-12-08T00:00:00.000000000+0000,1.0065,1.0065,1.0065,1.0065
2007-12-09T00:00:00.000000000+0000,1.00433,1.0062,1.00303,1.00565
2007-12-10T00:00:00.000000000+0000,1.00565,1.01175,1.0005,1.006
2007-12-11T00:00:00.000000000+0000,1.006,1.01655,1.00385,1.01195
2007-12-12T00:00:00.000000000+0000,1.01195,1.01755,1.0055,1.0115
2007-12-13T00:00:00.000000000+0000,1.01155,1.02325,1.0094,1.0195
2007-12-14T00:00:00.000000000+0000,1.0195,1.02485,1.01268,1.01345
2007-12-15T00:00:00.000000000+0000,1.01345,1.01345,1.01345,1.01345
2007-12-16T00:00:00.000000000+0000,1.01641,1.019,1.01545,1.01805
2007-12-17T00:00:00.000000000+0000,1.0182,1.02275,1.00265,1.0057
2007-12-18T00:00:00.000000000+0000,1.0057,1.01435,1.00125,1.0054
2007-12-19T00:00:00.000000000+0000,1.0053,1.00915,1.00076,1.00215
2007-12-20T00:00:00.000000000+0000,1.00215,1.00475,0.9952,1.00015
2007-12-21T00:00:00.000000000+0000,1.0002,1.001,0.99076,0.99193
2007-12-22T00:00:00.000000000+0000,0.99193,0.99193,0.99193,0.99193
2007-12-23T00:00:00.000000000+0000,0.9921,0.99285,0.9907,0.9921
2007-12-24T00:00:00.000000000+0000,0.9922,0.9934,0.98261,0.98475
2007-12-25T00:00:00.000000000+0000,0.9848,0.98652,0.98342,0.9851
2007-12-26T00:00:00.000000000+0000,0.98522,0.98649,0.9797,0.97995
2007-12-27T00:00:00.000000000+0000,0.9799,0.98535,0.9784,0.9806
2007-12-28T00:00:00.000000000+0000,0.9802,0.9848,0.97555,0.98118
2007-12-29T00:00:00.000000000+0000,0.98118,0.98118,0.98118,0.98118
2007-12-30T00:00:00.000000000+0000,0.98118,0.98132,0.9785,0.9804
2007-12-31T00:00:00.000000000+0000,0.9804,0.99867,0.97569,0.99771
2008-01-01T00:00:00.000000000+0000,0.9976,0.99797,0.99083,0.9927
2008-01-02T00:00:00.000000000+0000,0.9927,0.9971,0.98605,0.9943
2008-01-03T00:00:00.000000000+0000,0.9943,0.99655,0.987,0.9888
2008-01-04T00:00:00.000000000+0000,0.9888,1.00408,0.98415,1.00172
2008-01-05T00:00:00.000000000+0000,1.00172,1.00172,1.00172,1.00172
2008-01-06T00:00:00.000000000+0000,1.00182,1.00272,0.99995,1.0
2008-01-07T00:00:00.000000000+0000,1.0,1.00795,0.99675,1.00555
2008-01-08T00:00:00.000000000+0000,1.00555,1.00765,0.9966,1.0046
2008-01-09T00:00:00.000000000+0000,1.0046,1.01235,1.00185,1.00965
2008-01-10T00:00:00.000000000+0000,1.00965,1.0151,1.0051,1.0089
2008-01-11T00:00:00.000000000+0000,1.0088,1.02215,1.0067,1.0185
2008-01-12T00:00:00.000000000+0000,1.0185,1.0185,1.0185,1.0185
2008-01-13T00:00:00.000000000+0000,1.0188,1.0204,1.01765,1.0189
2008-01-14T00:00:00.000000000+0000,1.0189,1.0211,1.01465,1.0174
2008-01-15T00:00:00.000000000+0000,1.0174,1.0199,1.0124,1.0181
2008-01-16T00:00:00.000000000+0000,1.0181,1.02825,1.01525,1.0227
2008-01-17T00:00:00.000000000+0000,1.0227,1.03075,1.0182,1.0293
2008-01-18T00:00:00.000000000+0000,1.0293,1.0308,1.02155,1.0243
2008-01-19T00:00:00.000000000+0000,1.0243,1.0243,1.0243,1.0243
2008-01-20T00:00:00.000000000+0000,1.02622,1.02735,1.02499,1.0273
2008-01-21T00:00:00.000000000+0000,1.0272,1.0359,1.02674,1.0359
2008-01-22T00:00:00.000000000+0000,1.0359,1.0379,1.02055,1.0274
2008-01-23T00:00:00.000000000+0000,1.0274,1.0317,1.0221,1.0234
2008-01-24T00:00:00.000000000+0000,1.0233,1.0255,1.00125,1.0043
2008-01-25T00:00:00.000000000+0000,1.0043,1.011,1.00225,1.00782
2008-01-26T00:00:00.000000000+0000,1.00782,1.00782,1.00782,1.00782
2008-01-27T00:00:00.000000000+0000,1.00725,1.01022,1.0062,1.00865
2008-01-28T00:00:00.000000000+0000,1.0087,1.0118,1.0022,1.0047
2008-01-29T00:00:00.000000000+0000,1.0045,1.0071,0.9944,0.99835
2008-01-30T00:00:00.000000000+0000,0.9982,1.0001,0.987,0.9953
2008-01-31T00:00:00.000000000+0000,0.9953,1.0086,0.99255,1.0012
2008-02-01T00:00:00.000000000+0000,1.0013,1.00355,0.99149,0.99455
2008-02-02T00:00:00.000000000+0000,0.99455,0.99455,0.99455,0.99455
2008-02-03T00:00:00.000000000+0000,0.99326,0.99565,0.99319,0.99515
2008-02-04T00:00:00.000000000+0000,0.99515,1.00145,0.99215,0.9939
2008-02-05T00:00:00.000000000+0000,0.9939,1.0082,0.9935,1.0079
2008-02-06T00:00:00.000000000+0000,1.0079,1.0102,1.0006,1.00695
2008-02-07T00:00:00.000000000+0000,1.00695,1.0128,1.0044,1.0091
2008-02-08T00:00:00.000000000+0000,1.0091,1.0101,0.9947,0.999
2008-02-09T00:00:00.000000000+0000,0.999,0.999,0.999,0.999
2008-02-10T00:00:00.000000000+0000,0.99892,1.00155,0.99844,0.9996
2008-02-11T00:00:00.000000000+0000,0.9996,1.00345,0.99555,1.0023
2008-02-12T00:00:00.000000000+0000,1.0023,1.0043,0.99385,1.0007
2008-02-13T00:00:00.000000000+0000,1.0007,1.00285,0.9964,0.99795
2008-02-14T00:00:00.000000000+0000,0.998,1.0016,0.9937,1.00015
2008-02-15T00:00:00.000000000+0000,1.00015,1.0112,0.99195,1.00718
2008-02-16T00:00:00.000000000+0000,1.00718,1.00718,1.00718,1.00718
2008-02-17T00:00:00.000000000+0000,1.00681,1.00957,1.00612,1.00835
2008-02-18T00:00:00.000000000+0000,1.00835,1.0098,1.0048,1.00765
2008-02-19T00:00:00.000000000+0000,1.00765,1.0176,1.0018,1.0155
2008-02-20T00:00:00.000000000+0000,1.0155,1.0197,1.0106,1.0125
2008-02-21T00:00:00.000000000+0000,1.0125,1.0142,1.00675,1.0114
2008-02-22T00:00:00.000000000+0000,1.0114,1.01665,1.00715,1.01378
2008-02-23T00:00:00.000000000+0000,1.01378,1.01378,1.01378,1.01378
2008-02-24T00:00:00.000000000+0000,1.01238,1.0129,1.01019,1.01185
2008-02-25T00:00:00.000000000+0000,1.01185,1.01215,0.9947,0.9954
2008-02-26T00:00:00.000000000+0000,0.9954,0.9984,0.9783,0.9818
2008-02-27T00:00:00.000000000+0000,0.9818,0.9831,0.97582,0.9814
2008-02-28T00:00:00.000000000+0000,0.9814,0.9821,0.9711,0.97605
2008-02-29T00:00:00.000000000+0000,0.97605,0.98894,0.9753,0.98695
2008-03-01T00:00:00.000000000+0000,0.98695,0.98695,0.98695,0.98695
2008-03-02T00:00:00.000000000+0000,0.98578,0.9866,0.9834,0.984
2008-03-03T00:00:00.000000000+0000,0.984,0.9933,0.9827,0.9889
2008-03-04T00:00:00.000000000+0000,0.9889,0.99765,0.9853,0.99405
2008-03-05T00:00:00.000000000+0000,0.99405,0.9953,0.98345,0.9849
2008-03-06T00:00:00.000000000+0000,0.9849,0.9884,0.9818,0.98465
2008-03-07T00:00:00.000000000+0000,0.98465,0.9923,0.97365,0.99021
2008-03-08T00:00:00.000000000+0000,0.99021,0.99021,0.99021,0.99021
2008-03-09T00:00:00.000000000+0000,0.98952,0.9901,0.98794,0.9895
2008-03-10T00:00:00.000000000+0000,0.9895,0.99825,0.98555,0.9959
2008-03-11T00:00:00.000000000+0000,0.9959,0.9971,0.98905,0.99155
2008-03-12T00:00:00.000000000+0000,0.99155,0.9935,0.98365,0.99015
2008-03-13T00:00:00.000000000+0000,0.99015,0.9916,0.9796,0.98435
2008-03-14T00:00:00.000000000+0000,0.98435,0.9965,0.9815,0.98818
2008-03-15T00:00:00.000000000+0000,0.98818,0.98818,0.98818,0.98818
2008-03-16T00:00:00.000000000+0000,0.9891,0.9912,0.9857,0.9888
2008-03-17T00:00:00.000000000+0000,0.9888,1.0013,0.9862,0.99475
2008-03-18T00:00:00.000000000+0000,0.99445,0.99825,0.9885,0.98955
2008-03-19T00:00:00.000000000+0000,0.98955,1.0173,0.9875,1.0117
2008-03-20T00:00:00.000000000+0000,1.0117,1.0294,1.0117,1.0224
2008-03-21T00:00:00.000000000+0000,1.0225,1.0264,1.02181,1.02235
2008-03-22T00:00:00.000000000+0000,1.02235,1.02235,1.02235,1.02235
2008-03-23T00:00:00.000000000+0000,1.0226,1.02655,1.02241,1.0254
2008-03-24T00:00:00.000000000+0000,1.0254,1.03085,1.0156,1.0187
2008-03-25T00:00:00.000000000+0000,1.0187,1.02225,1.0126,1.0182
2008-03-26T00:00:00.000000000+0000,1.0182,1.0206,1.0094,1.01835
2008-03-27T00:00:00.000000000+0000,1.01835,1.02335,1.0126,1.0162
2008-03-28T00:00:00.000000000+0000,1.0162,1.0228,1.0143,1.02223
2008-03-29T00:00:00.000000000+0000,1.02223,1.02223,1.02223,1.02223
2008-03-30T00:00:00.000000000+0000,1.02217,1.02305,1.021,1.02275
2008-03-31T00:00:00.000000000+0000,1.02275,1.02925,1.01905,1.02605
2008-04-01T00:00:00.000000000+0000,1.02605,1.0326,1.02055,1.0231
2008-04-02T00:00:00.000000000+0000,1.0231,1.0243,1.013,1.0139
2008-04-03T00:00:00.000000000+0000,1.0139,1.0166,1.00265,1.0044
2008-04-04T00:00:00.000000000+0000,1.0044,1.01025,1.00185,1.00796
2008-04-05T00:00:00.000000000+0000,1.00796,1.00796,1.00796,1.00796
2008-04-06T00:00:00.000000000+0000,1.00901,1.0095,1.0065,1.0074
2008-04-07T00:00:00.000000000+0000,1.0074,1.0152,1.00395,1.0127
2008-04-08T00:00:00.000000000+0000,1.0127,1.0173,1.0106,1.01495
2008-04-09T00:00:00.000000000+0000,1.01495,1.02185,1.01255,1.01905
2008-04-10T00:00:00.000000000+0000,1.01905,1.0225,1.0155,1.0178
2008-04-11T00:00:00.000000000+0000,1.0178,1.0248,1.01325,1.02303
2008-04-12T00:00:00.000000000+0000,1.02303,1.02303,1.02303,1.02303
2008-04-13T00:00:00.000000000+0000,1.02273,1.02718,1.02272,1.0242
2008-04-14T00:00:00.000000000+0000,1.0242,1.0273,1.0176,1.0197
2008-04-15T00:00:00.000000000+0000,1.0197,1.0238,1.0163,1.0177
2008-04-16T00:00:00.000000000+0000,1.0177,1.0185,1.0,1.001
2008-04-17T00:00:00.000000000+0000,1.001,1.0142,0.99875,1.0104
2008-04-18T00:00:00.000000000+0000,1.0104,1.0144,1.0025,1.00391
2008-04-19T00:00:00.000000000+0000,1.00391,1.00391,1.00391,1.00391
2008-04-20T00:00:00.000000000+0000,1.004,1.0066,1.0039,1.0059
2008-04-21T00:00:00.000000000+0000,1.0059,1.0093,0.9997,1.0058
2008-04-22T00:00:00.000000000+0000,1.0058,1.01535,1.00245,1.0081
2008-04-23T00:00:00.000000000+0000,1.0081,1.02145,1.00595,1.017
2008-04-24T00:00:00.000000000+0000,1.017,1.02105,1.01205,1.0146
2008-04-25T00:00:00.000000000+0000,1.0146,1.02035,1.0122,1.01322
2008-04-26T00:00:00.000000000+0000,1.01322,1.01322,1.01322,1.01322
2008-04-27T00:00:00.000000000+0000,1.01368,1.01505,1.01,1.0101
2008-04-28T00:00:00.000000000+0000,1.0101,1.01835,1.00665,1.0125
2008-04-29T00:00:00.000000000+0000,1.0125,1.0164,1.0109,1.0122
2008-04-30T00:00:00.000000000+0000,1.0122,1.0143,1.0037,1.0073
2008-05-01T00:00:00.000000000+0000,1.0073,1.02365,1.00623,1.01771
2008-05-02T00:00:00.000000000+0000,1.01776,1.0243,1.01475,1.01895
2008-05-03T00:00:00.000000000+0000,1.01895,1.01895,1.01895,1.01895
2008-05-04T00:00:00.000000000+0000,1.01907,1.02,1.01805,1.0192
2008-05-05T00:00:00.000000000+0000,1.0193,1.0194,1.0112,1.0113
2008-05-06T00:00:00.000000000+0000,1.0112,1.01455,0.9998,1.0019
2008-05-07T00:00:00.000000000+0000,1.0019,1.0128,1.00055,1.0123
2008-05-08T00:00:00.000000000+0000,1.0125,1.0176,1.0084,1.0172
2008-05-09T00:00:00.000000000+0000,1.0172,1.0172,1.0046,1.00475
2008-05-10T00:00:00.000000000+0000,1.00475,1.00475,1.00475,1.00475
2008-05-11T00:00:00.000000000+0000,1.0051,1.0065,1.0048,1.00615
2008-05-12T00:00:00.000000000+0000,1.00615,1.0107,1.0025,1.00527
2008-05-13T00:00:00.000000000+0000,1.0053,1.0094,0.99845,1.00344
2008-05-14T00:00:00.000000000+0000,1.00365,1.00675,0.99635,1.0044
2008-05-15T00:00:00.000000000+0000,1.0044,1.0062,0.99875,1.0002
2008-05-16T00:00:00.000000000+0000,1.0002,1.002,0.9943,0.99878
2008-05-17T00:00:00.000000000+0000,0.99878,0.99878,0.99878,0.99878
2008-05-18T00:00:00.000000000+0000,0.9989,0.99983,0.99865,0.9996
2008-05-19T00:00:00.000000000+0000,0.9996,1.0,0.9898,0.9921
2008-05-20T00:00:00.000000000+0000,0.9921,0.9957,0.9874,0.9917
2008-05-21T00:00:00.000000000+0000,0.9917,0.9919,0.9819,0.9836
2008-05-22T00:00:00.000000000+0000,0.9836,0.98755,0.98265,0.9849
2008-05-23T00:00:00.000000000+0000,0.985,0.9898,0.9833,0.98918
2008-05-24T00:00:00.000000000+0000,0.98918,0.98918,0.98918,0.98918
2008-05-25T00:00:00.000000000+0000,0.98925,0.98927,0.9868,0.98713
2008-05-26T00:00:00.000000000+0000,0.9873,0.99335,0.98596,0.99085
2008-05-27T00:00:00.000000000+0000,0.99085,0.9948,0.9868,0.99363
2008-05-28T00:00:00.000000000+0000,0.99385,0.9958,0.98795,0.9887
2008-05-29T00:00:00.000000000+0000,0.9887,0.9921,0.9824,0.9898
2008-05-30T00:00:00.000000000+0000,0.9899,0.99785,0.9873,0.99405
2008-05-31T00:00:00.000000000+0000,0.99405,0.99405,0.99405,0.99405
2008-06-01T00:00:00.000000000+0000,0.99375,0.9955,0.9929,0.995
2008-06-02T00:00:00.000000000+0000,0.995,1.0028,0.99275,1.0007
2008-06-03T00:00:00.000000000+0000,1.0007,1.0096,0.99675,1.0088
2008-06-04T00:00:00.000000000+0000,1.0088,1.0191,1.00795,1.0161
2008-06-05T00:00:00.000000000+0000,1.0161,1.0219,1.014,1.0175
2008-06-06T00:00:00.000000000+0000,1.0175,1.0215,1.01595,1.01828
2008-06-07T00:00:00.000000000+0000,1.01828,1.01828,1.01828,1.01828
2008-06-08T00:00:00.000000000+0000,1.01896,1.01925,1.0171,1.0176
2008-06-09T00:00:00.000000000+0000,1.0174,1.02415,1.015,1.02232
2008-06-10T00:00:00.000000000+0000,1.02229,1.0323,1.0195,1.0225
2008-06-11T00:00:00.000000000+0000,1.0225,1.0245,1.0152,1.0201
2008-06-12T00:00:00.000000000+0000,1.0199,1.02775,1.01956,1.02157
2008-06-13T00:00:00.000000000+0000,1.0218,1.0297,1.02159,1.02877
2008-06-14T00:00:00.000000000+0000,1.02877,1.02877,1.02877,1.02877
2008-06-15T00:00:00.000000000+0000,1.02905,1.0293,1.0268,1.0291
2008-06-16T00:00:00.000000000+0000,1.0291,1.0298,1.0196,1.0236
2008-06-17T00:00:00.000000000+0000,1.0236,1.0247,1.0167,1.0177
2008-06-18T00:00:00.000000000+0000,1.0177,1.0211,1.01643,1.01725
2008-06-19T00:00:00.000000000+0000,1.01707,1.0187,1.0109,1.01575
2008-06-20T00:00:00.000000000+0000,1.01575,1.0195,1.01,1.01673
2008-06-21T00:00:00.000000000+0000,1.01673,1.01673,1.01673,1.01673
2008-06-22T00:00:00.000000000+0000,1.01692,1.01695,1.0128,1.0137
2008-06-23T00:00:00.000000000+0000,1.0137,1.01915,1.01335,1.01535
2008-06-24T00:00:00.000000000+0000,1.01532,1.0172,1.0109,1.0122
2008-06-25T00:00:00.000000000+0000,1.0122,1.0143,1.00866,1.00965
2008-06-26T00:00:00.000000000+0000,1.00965,1.0142,1.0081,1.01294
2008-06-27T00:00:00.000000000+0000,1.0132,1.01336,1.0048,1.01077
2008-06-28T00:00:00.000000000+0000,1.01077,1.01077,1.01077,1.01077
2008-06-29T00:00:00.000000000+0000,1.01032,1.0115,1.00875,1.00962
2008-06-30T00:00:00.000000000+0000,1.00931,1.0217,1.00615,1.0202
2008-07-01T00:00:00.000000000+0000,1.0202,1.024,1.0142,1.02185
2008-07-02T00:00:00.000000000+0000,1.02185,1.0226,1.00875,1.0122
2008-07-03T00:00:00.000000000+0000,1.0122,1.0218,1.012,1.01853
2008-07-04T00:00:00.000000000+0000,1.0187,1.0203,1.01395,1.01938
2008-07-05T00:00:00.000000000+0000,1.01938,1.01938,1.01938,1.01938
2008-07-06T00:00:00.000000000+0000,1.0195,1.0196,1.01722,1.0179
2008-07-07T00:00:00.000000000+0000,1.0179,1.0232,1.01495,1.01789
2008-07-08T00:00:00.000000000+0000,1.018,1.0231,1.0156,1.0193
2008-07-09T00:00:00.000000000+0000,1.0193,1.0194,1.0097,1.0108
2008-07-10T00:00:00.000000000+0000,1.0108,1.01355,1.00755,1.009
2008-07-11T00:00:00.000000000+0000,1.0087,1.01785,1.0068,1.00776
2008-07-12T00:00:00.000000000+0000,1.00776,1.00776,1.00776,1.00776
2008-07-13T00:00:00.000000000+0000,1.00925,1.00978,1.00654,1.00861
2008-07-14T00:00:00.000000000+0000,1.0085,1.0139,1.0042,1.0065
2008-07-15T00:00:00.000000000+0000,1.00645,1.00667,0.9974,1.0012
2008-07-16T00:00:00.000000000+0000,1.0012,1.0048,0.99955,1.00065
2008-07-17T00:00:00.000000000+0000,1.0007,1.008,0.99785,1.0046
2008-07-18T00:00:00.000000000+0000,1.0046,1.00785,1.00215,1.00551
2008-07-19T00:00:00.000000000+0000,1.00551,1.00551,1.00551,1.00551
2008-07-20T00:00:00.000000000+0000,1.00528,1.00715,1.00436,1.0064
2008-07-21T00:00:00.000000000+0000,1.0064,1.0069,0.9991,1.0009
2008-07-22T00:00:00.000000000+0000,1.0009,1.0115,0.9999,1.0075
2008-07-23T00:00:00.000000000+0000,1.00755,1.0117,1.0056,1.011
2008-07-24T00:00:00.000000000+0000,1.011,1.0167,1.0076,1.0145
2008-07-25T00:00:00.000000000+0000,1.0145,1.0207,1.0127,1.01918
2008-07-26T00:00:00.000000000+0000,1.01918,1.01918,1.01918,1.01918
2008-07-27T00:00:00.000000000+0000,1.0195,1.0198,1.01808,1.01925
2008-07-28T00:00:00.000000000+0000,1.0195,1.02445,1.0173,1.0221
2008-07-29T00:00:00.000000000+0000,1.0221,1.0273,1.02019,1.0239
2008-07-30T00:00:00.000000000+0000,1.02395,1.027,1.02156,1.0235
2008-07-31T00:00:00.000000000+0000,1.0234,1.0264,1.0213,1.0235
2008-08-01T00:00:00.000000000+0000,1.0235,1.0297,1.0229,1.02483
2008-08-02T00:00:00.000000000+0000,1.02483,1.02483,1.02483,1.02483
2008-08-03T00:00:00.000000000+0000,1.02677,1.0286,1.02578,1.0281
2008-08-04T00:00:00.000000000+0000,1.0281,1.03695,1.02601,1.0365
2008-08-05T00:00:00.000000000+0000,1.0365,1.04525,1.0365,1.0427
2008-08-06T00:00:00.000000000+0000,1.0427,1.0494,1.04005,1.0475
2008-08-07T00:00:00.000000000+0000,1.04755,1.0537,1.0448,1.052
2008-08-08T00:00:00.000000000+0000,1.052,1.06955,1.052,1.06696
2008-08-09T00:00:00.000000000+0000,1.06696,1.06696,1.06696,1.06696
2008-08-10T00:00:00.000000000+0000,1.06693,1.0681,1.06525,1.06715
2008-08-11T00:00:00.000000000+0000,1.0671,1.0716,1.06105,1.0691
2008-08-12T00:00:00.000000000+0000,1.06915,1.0728,1.0615,1.0668
2008-08-13T00:00:00.000000000+0000,1.0669,1.0716,1.0584,1.06225
2008-08-14T00:00:00.000000000+0000,1.0623,1.0656,1.05625,1.0656
2008-08-15T00:00:00.000000000+0000,1.0656,1.06935,1.0581,1.059
2008-08-16T00:00:00.000000000+0000,1.059,1.059,1.059,1.059
2008-08-17T00:00:00.000000000+0000,1.05882,1.06013,1.05837,1.05893
2008-08-18T00:00:00.000000000+0000,1.0589,1.06475,1.05425,1.064
2008-08-19T00:00:00.000000000+0000,1.06405,1.0668,1.05915,1.0602
2008-08-20T00:00:00.000000000+0000,1.0602,1.0652,1.05695,1.0597
2008-08-21T00:00:00.000000000+0000,1.0597,1.0598,1.0421,1.04445
2008-08-22T00:00:00.000000000+0000,1.0445,1.0488,1.0419,1.04618
2008-08-23T00:00:00.000000000+0000,1.04618,1.04618,1.04618,1.04618
2008-08-24T00:00:00.000000000+0000,1.04678,1.0501,1.04581,1.0467
2008-08-25T00:00:00.000000000+0000,1.0467,1.0525,1.044,1.0511
2008-08-26T00:00:00.000000000+0000,1.0511,1.0561,1.0411,1.0486
2008-08-27T00:00:00.000000000+0000,1.0486,1.0495,1.0426,1.0461
2008-08-28T00:00:00.000000000+0000,1.0462,1.05385,1.04298,1.05099
2008-08-29T00:00:00.000000000+0000,1.0509,1.06495,1.047,1.06328
2008-08-30T00:00:00.000000000+0000,1.06328,1.06328,1.06328,1.06328
2008-08-31T00:00:00.000000000+0000,1.06335,1.06378,1.05917,1.062
2008-09-01T00:00:00.000000000+0000,1.062,1.0695,1.0613,1.06762
2008-09-02T00:00:00.000000000+0000,1.06805,1.0747,1.06605,1.0688
2008-09-03T00:00:00.000000000+0000,1.0688,1.0776,1.0577,1.0611
2008-09-04T00:00:00.000000000+0000,1.0611,1.0729,1.0542,1.0685
2008-09-05T00:00:00.000000000+0000,1.0685,1.07095,1.0601,1.06192
2008-09-06T00:00:00.000000000+0000,1.06192,1.06192,1.06192,1.06192
2008-09-07T00:00:00.000000000+0000,1.06203,1.06409,1.05549,1.059
2008-09-08T00:00:00.000000000+0000,1.059,1.07125,1.05492,1.0652
2008-09-09T00:00:00.000000000+0000,1.0653,1.0726,1.0603,1.0707
2008-09-10T00:00:00.000000000+0000,1.0707,1.07455,1.0656,1.074
2008-09-11T00:00:00.000000000+0000,1.074,1.08205,1.0699,1.0744
2008-09-12T00:00:00.000000000+0000,1.0744,1.0752,1.0587,1.05962
2008-09-13T00:00:00.000000000+0000,1.05962,1.05962,1.05962,1.05962
2008-09-14T00:00:00.000000000+0000,1.05967,1.06535,1.05848,1.0624
2008-09-15T00:00:00.000000000+0000,1.0624,1.075,1.05695,1.06895
2008-09-16T00:00:00.000000000+0000,1.0691,1.0748,1.06695,1.0672
2008-09-17T00:00:00.000000000+0000,1.0672,1.0808,1.06145,1.07075
2008-09-18T00:00:00.000000000+0000,1.0707,1.07255,1.0575,1.0617
2008-09-19T00:00:00.000000000+0000,1.0617,1.0667,1.043,1.04621
2008-09-20T00:00:00.000000000+0000,1.04621,1.04621,1.04621,1.04621
2008-09-21T00:00:00.000000000+0000,1.04628,1.0506,1.04432,1.0477
2008-09-22T00:00:00.000000000+0000,1.04775,1.0514,1.0314,1.03285
2008-09-23T00:00:00.000000000+0000,1.03285,1.03985,1.03035,1.03495
2008-09-24T00:00:00.000000000+0000,1.0351,1.0392,1.0312,1.03659
2008-09-25T00:00:00.000000000+0000,1.03699,1.0373,1.02965,1.03255
2008-09-26T00:00:00.000000000+0000,1.03255,1.03725,1.03087,1.03139
2008-09-27T00:00:00.000000000+0000,1.03139,1.03139,1.03139,1.03139
2008-09-28T00:00:00.000000000+0000,1.03313,1.03613,1.0317,1.0342
2008-09-29T00:00:00.000000000+0000,1.0343,1.04865,1.03345,1.04711
2008-09-30T00:00:00.000000000+0000,1.0474,1.0661,1.0439,1.06155
2008-10-01T00:00:00.000000000+0000,1.0618,1.0657,1.05465,1.0635
2008-10-02T00:00:00.000000000+0000,1.0635,1.0807,1.06191,1.0795
2008-10-03T00:00:00.000000000+0000,1.0795,1.08425,1.0725,1.08183
2008-10-04T00:00:00.000000000+0000,1.08183,1.08183,1.08183,1.08183
2008-10-05T00:00:00.000000000+0000,1.08245,1.0852,1.08095,1.0849
2008-10-06T00:00:00.000000000+0000,1.0849,1.1088,1.08305,1.1001
2008-10-07T00:00:00.000000000+0000,1.10015,1.1086,1.09494,1.1064
2008-10-08T00:00:00.000000000+0000,1.1064,1.1285,1.0994,1.1266
2008-10-09T00:00:00.000000000+0000,1.1266,1.1552,1.11865,1.1535
2008-10-10T00:00:00.000000000+0000,1.1535,1.21205,1.152,1.17482
2008-10-11T00:00:00.000000000+0000,1.17482,1.17482,1.17482,1.17482
2008-10-12T00:00:00.000000000+0000,1.17292,1.17692,1.15676,1.16835
2008-10-13T00:00:00.000000000+0000,1.16855,1.17925,1.14115,1.1416
2008-10-14T00:00:00.000000000+0000,1.1416,1.1649,1.1294,1.1644
2008-10-15T00:00:00.000000000+0000,1.1645,1.1929,1.1533,1.1921
2008-10-16T00:00:00.000000000+0000,1.1922,1.1994,1.175,1.1829
2008-10-17T00:00:00.000000000+0000,1.1829,1.1929,1.1772,1.181
2008-10-18T00:00:00.000000000+0000,1.181,1.181,1.181,1.181
2008-10-19T00:00:00.000000000+0000,1.18207,1.18565,1.18,1.1832
2008-10-20T00:00:00.000000000+0000,1.1832,1.19795,1.174,1.1917
2008-10-21T00:00:00.000000000+0000,1.19175,1.2206,1.1903,1.21405
2008-10-22T00:00:00.000000000+0000,1.2141,1.25975,1.21351,1.2571
2008-10-23T00:00:00.000000000+0000,1.2572,1.2739,1.24285,1.24785
2008-10-24T00:00:00.000000000+0000,1.2476,1.2839,1.2474,1.27702
2008-10-25T00:00:00.000000000+0000,1.27702,1.27702,1.27702,1.27702
2008-10-26T00:00:00.000000000+0000,1.27705,1.2805,1.2717,1.2726
2008-10-27T00:00:00.000000000+0000,1.2726,1.2982,1.2699,1.2976
2008-10-28T00:00:00.000000000+0000,1.2976,1.3014,1.26755,1.26795
2008-10-29T00:00:00.000000000+0000,1.26795,1.28665,1.2123,1.22175
2008-10-30T00:00:00.000000000+0000,1.22185,1.2241,1.1897,1.20465
2008-10-31T00:00:00.000000000+0000,1.20425,1.2377,1.19405,1.2124
2008-11-01T00:00:00.000000000+0000,1.2124,1.2124,1.2124,1.2124
2008-11-02T00:00:00.000000000+0000,1.21177,1.21177,1.20616,1.2097
2008-11-03T00:00:00.000000000+0000,1.20935,1.21065,1.1784,1.1794
2008-11-04T00:00:00.000000000+0000,1.1794,1.1892,1.14685,1.15175
2008-11-05T00:00:00.000000000+0000,1.15175,1.1695,1.1462,1.16765
2008-11-06T00:00:00.000000000+0000,1.1677,1.1987,1.16125,1.1972
2008-11-07T00:00:00.000000000+0000,1.19666,1.202,1.16685,1.18867
2008-11-08T00:00:00.000000000+0000,1.18867,1.18867,1.18867,1.18867
2008-11-09T00:00:00.000000000+0000,1.18828,1.18893,1.17615,1.18165
2008-11-10T00:00:00.000000000+0000,1.18235,1.19895,1.16555,1.19276
2008-11-11T00:00:00.000000000+0000,1.1933,1.2096,1.18885,1.2082
2008-11-12T00:00:00.000000000+0000,1.2082,1.24165,1.1982,1.2374
2008-11-13T00:00:00.000000000+0000,1.23725,1.2445,1.2081,1.2119
2008-11-14T00:00:00.000000000+0000,1.21205,1.2365,1.2101,1.23493
2008-11-15T00:00:00.000000000+0000,1.23493,1.23493,1.23493,1.23493
2008-11-16T00:00:00.000000000+0000,1.23483,1.24175,1.23252,1.2417
2008-11-17T00:00:00.000000000+0000,1.2417,1.2419,1.21085,1.2277
2008-11-18T00:00:00.000000000+0000,1.2277,1.23835,1.21765,1.23065
2008-11-19T00:00:00.000000000+0000,1.23055,1.2551,1.2284,1.25315
2008-11-20T00:00:00.000000000+0000,1.2532,1.29755,1.25224,1.2951
2008-11-21T00:00:00.000000000+0000,1.29515,1.2982,1.26615,1.26998
2008-11-22T00:00:00.000000000+0000,1.26998,1.26998,1.26998,1.26998
2008-11-23T00:00:00.000000000+0000,1.26987,1.26987,1.26535,1.26685
2008-11-24T00:00:00.000000000+0000,1.2669,1.27709,1.22395,1.23375
2008-11-25T00:00:00.000000000+0000,1.2341,1.2477,1.2124,1.2252
2008-11-26T00:00:00.000000000+0000,1.2254,1.2411,1.2158,1.2292
2008-11-27T00:00:00.000000000+0000,1.2292,1.237,1.2234,1.2337
2008-11-28T00:00:00.000000000+0000,1.2337,1.2465,1.2308,1.2387
2008-11-29T00:00:00.000000000+0000,1.2387,1.2387,1.2387,1.2387
2008-11-30T00:00:00.000000000+0000,1.23513,1.2419,1.23347,1.2415
2008-12-01T00:00:00.000000000+0000,1.2416,1.25245,1.23005,1.24635
2008-12-02T00:00:00.000000000+0000,1.24615,1.25815,1.238,1.2495
2008-12-03T00:00:00.000000000+0000,1.2496,1.2667,1.24635,1.25385
2008-12-04T00:00:00.000000000+0000,1.2537,1.2804,1.25105,1.2751
2008-12-05T00:00:00.000000000+0000,1.2751,1.30055,1.26515,1.27015
2008-12-06T00:00:00.000000000+0000,1.27015,1.27015,1.27015,1.27015
2008-12-07T00:00:00.000000000+0000,1.26657,1.2752,1.26657,1.2735
2008-12-08T00:00:00.000000000+0000,1.2735,1.27395,1.2446,1.2529
2008-12-09T00:00:00.000000000+0000,1.253,1.27435,1.2506,1.25995
2008-12-10T00:00:00.000000000+0000,1.25985,1.26645,1.24855,1.25645
2008-12-11T00:00:00.000000000+0000,1.25655,1.25895,1.21555,1.2361
2008-12-12T00:00:00.000000000+0000,1.23625,1.25115,1.22865,1.24647
2008-12-13T00:00:00.000000000+0000,1.24647,1.24647,1.24647,1.24647
2008-12-14T00:00:00.000000000+0000,1.2471,1.24795,1.2421,1.243
2008-12-15T00:00:00.000000000+0000,1.243,1.24385,1.2229,1.2347
2008-12-16T00:00:00.000000000+0000,1.23475,1.2376,1.1983,1.20495
2008-12-17T00:00:00.000000000+0000,1.205,1.21195,1.18945,1.19215
2008-12-18T00:00:00.000000000+0000,1.19215,1.2117,1.18175,1.2034
2008-12-19T00:00:00.000000000+0000,1.2034,1.2394,1.20261,1.21252
2008-12-20T00:00:00.000000000+0000,1.21252,1.21252,1.21252,1.21252
2008-12-21T00:00:00.000000000+0000,1.21408,1.21775,1.21355,1.2153
2008-12-22T00:00:00.000000000+0000,1.2157,1.2219,1.1984,1.21911
2008-12-23T00:00:00.000000000+0000,1.21859,1.2251,1.2045,1.2181
2008-12-24T00:00:00.000000000+0000,1.2181,1.22085,1.2076,1.21451
2008-12-25T00:00:00.000000000+0000,1.21443,1.21952,1.21255,1.21473
2008-12-26T00:00:00.000000000+0000,1.214,1.22215,1.21155,1.22023
2008-12-27T00:00:00.000000000+0000,1.22023,1.22023,1.22023,1.22023
2008-12-28T00:00:00.000000000+0000,1.22152,1.22205,1.21371,1.21485
2008-12-29T00:00:00.000000000+0000,1.2149,1.22245,1.20705,1.2186
2008-12-30T00:00:00.000000000+0000,1.21835,1.2338,1.21035,1.214
2008-12-31T00:00:00.000000000+0000,1.21165,1.2368,1.21067,1.22341
2009-01-01T00:00:00.000000000+0000,1.22305,1.22382,1.21547,1.2219
2009-01-02T00:00:00.000000000+0000,1.2219,1.227,1.20396,1.20625
2009-01-03T00:00:00.000000000+0000,1.20625,1.20625,1.20625,1.20625
2009-01-04T00:00:00.000000000+0000,1.21435,1.21473,1.20334,1.2078
2009-01-05T00:00:00.000000000+0000,1.2078,1.22255,1.1865,1.1875
2009-01-06T00:00:00.000000000+0000,1.18755,1.19995,1.1759,1.18383
2009-01-07T00:00:00.000000000+0000,1.18405,1.19995,1.17725,1.19615
2009-01-08T00:00:00.000000000+0000,1.19615,1.207,1.17685,1.18082
2009-01-09T00:00:00.000000000+0000,1.181,1.19675,1.18015,1.18728
2009-01-10T00:00:00.000000000+0000,1.18728,1.18728,1.18728,1.18728
2009-01-11T00:00:00.000000000+0000,1.18675,1.1919,1.18625,1.1901
2009-01-12T00:00:00.000000000+0000,1.19025,1.21945,1.18759,1.2167
2009-01-13T00:00:00.000000000+0000,1.21585,1.234,1.21577,1.22365
2009-01-14T00:00:00.000000000+0000,1.22365,1.2494,1.2103,1.2457
2009-01-15T00:00:00.000000000+0000,1.2457,1.2672,1.24115,1.25155
2009-01-16T00:00:00.000000000+0000,1.25155,1.2576,1.2313,1.24257
2009-01-17T00:00:00.000000000+0000,1.24257,1.24257,1.24257,1.24257
2009-01-18T00:00:00.000000000+0000,1.24697,1.2473,1.23692,1.23835
2009-01-19T00:00:00.000000000+0000,1.2384,1.25725,1.23739,1.25315
2009-01-20T00:00:00.000000000+0000,1.25315,1.2697,1.2529,1.2655
2009-01-21T00:00:00.000000000+0000,1.2654,1.27645,1.25395,1.2597
2009-01-22T00:00:00.000000000+0000,1.2595,1.27395,1.25115,1.252
2009-01-23T00:00:00.000000000+0000,1.2525,1.2649,1.22645,1.22933
2009-01-24T00:00:00.000000000+0000,1.22933,1.22933,1.22933,1.22933
2009-01-25T00:00:00.000000000+0000,1.23047,1.23785,1.23009,1.23725
2009-01-26T00:00:00.000000000+0000,1.23725,1.2386,1.21385,1.22295
2009-01-27T00:00:00.000000000+0000,1.22295,1.2331,1.215,1.22485
2009-01-28T00:00:00.000000000+0000,1.225,1.23005,1.2024,1.21305
2009-01-29T00:00:00.000000000+0000,1.21305,1.22645,1.21233,1.2245
2009-01-30T00:00:00.000000000+0000,1.2244,1.24155,1.22085,1.22625
2009-01-31T00:00:00.000000000+0000,1.22625,1.22625,1.22625,1.22625
2009-02-01T00:00:00.000000000+0000,1.22693,1.22925,1.22474,1.22775
2009-02-02T00:00:00.000000000+0000,1.22795,1.24665,1.22765,1.2456
2009-02-03T00:00:00.000000000+0000,1.24545,1.25215,1.22842,1.2323
2009-02-04T00:00:00.000000000+0000,1.2322,1.2436,1.2224,1.23055
2009-02-05T00:00:00.000000000+0000,1.23055,1.2381,1.2227,1.23035
2009-02-06T00:00:00.000000000+0000,1.2304,1.25385,1.21793,1.21833
2009-02-07T00:00:00.000000000+0000,1.21833,1.21833,1.21833,1.21833
2009-02-08T00:00:00.000000000+0000,1.21975,1.22218,1.21765,1.22215
2009-02-09T00:00:00.000000000+0000,1.22205,1.2298,1.21235,1.21915
2009-02-10T00:00:00.000000000+0000,1.21935,1.24925,1.2178,1.24125
2009-02-11T00:00:00.000000000+0000,1.2413,1.2531,1.23795,1.2406
2009-02-12T00:00:00.000000000+0000,1.24055,1.2547,1.23893,1.24275
2009-02-13T00:00:00.000000000+0000,1.243,1.24635,1.22785,1.234
2009-02-14T00:00:00.000000000+0000,1.234,1.234,1.234,1.234
2009-02-15T00:00:00.000000000+0000,1.23403,1.243,1.23393,1.24126
2009-02-16T00:00:00.000000000+0000,1.2418,1.24875,1.2395,1.24195
2009-02-17T00:00:00.000000000+0000,1.2419,1.26715,1.2412,1.2644
2009-02-18T00:00:00.000000000+0000,1.26445,1.2653,1.253,1.2597
2009-02-19T00:00:00.000000000+0000,1.2597,1.2607,1.24655,1.25645
2009-02-20T00:00:00.000000000+0000,1.25645,1.26505,1.242,1.25171
2009-02-21T00:00:00.000000000+0000,1.25171,1.25171,1.25171,1.25171
2009-02-22T00:00:00.000000000+0000,1.25083,1.25209,1.24875,1.25195
2009-02-23T00:00:00.000000000+0000,1.25175,1.25555,1.23495,1.25045
2009-02-24T00:00:00.000000000+0000,1.25095,1.254,1.23955,1.2401
2009-02-25T00:00:00.000000000+0000,1.2402,1.2612,1.23965,1.255
2009-02-26T00:00:00.000000000+0000,1.255,1.2575,1.23945,1.2526
2009-02-27T00:00:00.000000000+0000,1.25265,1.2757,1.2516,1.2753
2009-02-28T00:00:00.000000000+0000,1.2753,1.2753,1.2753,1.2753
2009-03-01T00:00:00.000000000+0000,1.27322,1.27925,1.27282,1.27895
2009-03-02T00:00:00.000000000+0000,1.27905,1.29323,1.27205,1.29025
2009-03-03T00:00:00.000000000+0000,1.29025,1.29735,1.2804,1.29375
2009-03-04T00:00:00.000000000+0000,1.29375,1.2967,1.27105,1.27625
2009-03-05T00:00:00.000000000+0000,1.27625,1.2911,1.27455,1.2875
2009-03-06T00:00:00.000000000+0000,1.2875,1.28965,1.27645,1.28648
2009-03-07T00:00:00.000000000+0000,1.28648,1.28648,1.28648,1.28648
2009-03-08T00:00:00.000000000+0000,1.28563,1.28745,1.2818,1.28215
2009-03-09T00:00:00.000000000+0000,1.28225,1.30635,1.28121,1.2983
2009-03-10T00:00:00.000000000+0000,1.2983,1.2988,1.27245,1.2807
2009-03-11T00:00:00.000000000+0000,1.28065,1.2902,1.27505,1.2892
2009-03-12T00:00:00.000000000+0000,1.28925,1.29565,1.2766,1.27915
2009-03-13T00:00:00.000000000+0000,1.27915,1.28425,1.26245,1.27147
2009-03-14T00:00:00.000000000+0000,1.27147,1.27147,1.27147,1.27147
2009-03-15T00:00:00.000000000+0000,1.2717,1.27925,1.27098,1.27635
2009-03-16T00:00:00.000000000+0000,1.2763,1.2769,1.26325,1.27082
2009-03-17T00:00:00.000000000+0000,1.27064,1.27665,1.2675,1.26895
2009-03-18T00:00:00.000000000+0000,1.269,1.2751,1.24255,1.24695
2009-03-19T00:00:00.000000000+0000,1.24695,1.25025,1.219,1.2405
2009-03-20T00:00:00.000000000+0000,1.2405,1.2446,1.2289,1.24078
2009-03-21T00:00:00.000000000+0000,1.24078,1.24078,1.24078,1.24078
2009-03-22T00:00:00.000000000+0000,1.24058,1.24091,1.23591,1.2376
2009-03-23T00:00:00.000000000+0000,1.23765,1.23915,1.2203,1.22375
2009-03-24T00:00:00.000000000+0000,1.22375,1.23225,1.21958,1.22805
2009-03-25T00:00:00.000000000+0000,1.22805,1.2355,1.2219,1.22935
2009-03-26T00:00:00.000000000+0000,1.2294,1.2336,1.22395,1.2298
2009-03-27T00:00:00.000000000+0000,1.22965,1.2445,1.2258,1.23892
2009-03-28T00:00:00.000000000+0000,1.23892,1.23892,1.23892,1.23892
2009-03-29T00:00:00.000000000+0000,1.24147,1.24245,1.2376,1.23995
2009-03-30T00:00:00.000000000+0000,1.23995,1.26485,1.23795,1.2613
2009-03-31T00:00:00.000000000+0000,1.26135,1.26515,1.2501,1.26085
2009-04-01T00:00:00.000000000+0000,1.2608,1.27135,1.25735,1.25877
2009-04-02T00:00:00.000000000+0000,1.25905,1.26045,1.2336,1.2362
2009-04-03T00:00:00.000000000+0000,1.2362,1.2456,1.22827,1.22927
2009-04-04T00:00:00.000000000+0000,1.22927,1.22927,1.22927,1.22927
2009-04-05T00:00:00.000000000+0000,1.22942,1.23036,1.22603,1.22625
2009-04-06T00:00:00.000000000+0000,1.2264,1.24505,1.2224,1.24505
2009-04-07T00:00:00.000000000+0000,1.24495,1.2484,1.2329,1.23675
2009-04-08T00:00:00.000000000+0000,1.23675,1.24655,1.2307,1.23805
2009-04-09T00:00:00.000000000+0000,1.23835,1.2401,1.221,1.225
2009-04-10T00:00:00.000000000+0000,1.22495,1.22975,1.22384,1.22533
2009-04-11T00:00:00.000000000+0000,1.22533,1.22533,1.22533,1.22533
2009-04-12T00:00:00.000000000+0000,1.22582,1.2275,1.22421,1.22681
2009-04-13T00:00:00.000000000+0000,1.2268,1.22995,1.21645,1.21885
2009-04-14T00:00:00.000000000+0000,1.21885,1.2239,1.20605,1.214
2009-04-15T00:00:00.000000000+0000,1.214,1.21855,1.20125,1.2042
2009-04-16T00:00:00.000000000+0000,1.2042,1.2147,1.19815,1.20815
2009-04-17T00:00:00.000000000+0000,1.2082,1.2178,1.20695,1.2126
2009-04-18T00:00:00.000000000+0000,1.2126,1.2126,1.2126,1.2126
2009-04-19T00:00:00.000000000+0000,1.21335,1.21535,1.212,1.21535
2009-04-20T00:00:00.000000000+0000,1.21535,1.24055,1.21365,1.24055
2009-04-21T00:00:00.000000000+0000,1.24055,1.2506,1.2325,1.2375
2009-04-22T00:00:00.000000000+0000,1.2375,1.24745,1.23275,1.23915
2009-04-23T00:00:00.000000000+0000,1.2392,1.24145,1.22205,1.2257
2009-04-24T00:00:00.000000000+0000,1.2257,1.2269,1.2072,1.20885
2009-04-25T00:00:00.000000000+0000,1.20885,1.20885,1.20885,1.20885
2009-04-26T00:00:00.000000000+0000,1.2088,1.2133,1.20867,1.2128
2009-04-27T00:00:00.000000000+0000,1.2129,1.2217,1.2075,1.2183
2009-04-28T00:00:00.000000000+0000,1.2183,1.22655,1.21625,1.2205
2009-04-29T00:00:00.000000000+0000,1.22045,1.221,1.19905,1.202
2009-04-30T00:00:00.000000000+0000,1.20205,1.20275,1.18605,1.19305
2009-05-01T00:00:00.000000000+0000,1.1931,1.1952,1.183,1.18423
2009-05-02T00:00:00.000000000+0000,1.18423,1.18423,1.18423,1.18423
2009-05-03T00:00:00.000000000+0000,1.18512,1.18774,1.18307,1.18423
2009-05-04T00:00:00.000000000+0000,1.18397,1.19,1.17155,1.17244
2009-05-05T00:00:00.000000000+0000,1.1725,1.1791,1.16765,1.1765
2009-05-06T00:00:00.000000000+0000,1.1765,1.18255,1.16505,1.1666
2009-05-07T00:00:00.000000000+0000,1.16665,1.1763,1.1629,1.17013
2009-05-08T00:00:00.000000000+0000,1.1705,1.1733,1.14863,1.14874
2009-05-09T00:00:00.000000000+0000,1.14874,1.14874,1.14874,1.14874
2009-05-10T00:00:00.000000000+0000,1.14965,1.15126,1.1487,1.1496
2009-05-11T00:00:00.000000000+0000,1.14995,1.16725,1.14732,1.16505
2009-05-12T00:00:00.000000000+0000,1.16505,1.16975,1.154,1.15855
2009-05-13T00:00:00.000000000+0000,1.15855,1.1778,1.15535,1.1741
2009-05-14T00:00:00.000000000+0000,1.1742,1.1789,1.1683,1.171
2009-05-15T00:00:00.000000000+0000,1.171,1.18065,1.1648,1.17698
2009-05-16T00:00:00.000000000+0000,1.17698,1.17698,1.17698,1.17698
2009-05-17T00:00:00.000000000+0000,1.17683,1.17955,1.17575,1.1793
2009-05-18T00:00:00.000000000+0000,1.1793,1.1813,1.1607,1.1633
2009-05-19T00:00:00.000000000+0000,1.16385,1.16585,1.1522,1.15364
2009-05-20T00:00:00.000000000+0000,1.15375,1.1583,1.1362,1.1409
2009-05-21T00:00:00.000000000+0000,1.14085,1.14825,1.13371,1.13395
2009-05-22T00:00:00.000000000+0000,1.13395,1.1358,1.11797,1.11886
2009-05-23T00:00:00.000000000+0000,1.11886,1.11886,1.11886,1.11886
2009-05-24T00:00:00.000000000+0000,1.11915,1.1215,1.11855,1.12075
2009-05-25T00:00:00.000000000+0000,1.12075,1.1279,1.12065,1.1248
2009-05-26T00:00:00.000000000+0000,1.1248,1.13555,1.1148,1.1152
2009-05-27T00:00:00.000000000+0000,1.1152,1.12398,1.1098,1.1213
2009-05-28T00:00:00.000000000+0000,1.12125,1.1257,1.11065,1.11344
2009-05-29T00:00:00.000000000+0000,1.1138,1.1143,1.08905,1.09065
2009-05-30T00:00:00.000000000+0000,1.09065,1.09065,1.09065,1.09065
2009-05-31T00:00:00.000000000+0000,1.0904,1.0928,1.08856,1.0923
2009-06-01T00:00:00.000000000+0000,1.0923,1.0945,1.0784,1.08955
2009-06-02T00:00:00.000000000+0000,1.0896,1.09725,1.07905,1.0835
2009-06-03T00:00:00.000000000+0000,1.0835,1.11445,1.0793,1.11025
2009-06-04T00:00:00.000000000+0000,1.11005,1.11595,1.0926,1.09905
2009-06-05T00:00:00.000000000+0000,1.09925,1.12085,1.096,1.11898
2009-06-06T00:00:00.000000000+0000,1.11898,1.11898,1.11898,1.11898
2009-06-07T00:00:00.000000000+0000,1.11898,1.12045,1.11755,1.1182
2009-06-08T00:00:00.000000000+0000,1.1182,1.12905,1.11395,1.114
2009-06-09T00:00:00.000000000+0000,1.114,1.1196,1.09805,1.105
2009-06-10T00:00:00.000000000+0000,1.105,1.11635,1.0939,1.108
2009-06-11T00:00:00.000000000+0000,1.1081,1.1083,1.0949,1.10105
2009-06-12T00:00:00.000000000+0000,1.10105,1.1248,1.10094,1.11818
2009-06-13T00:00:00.000000000+0000,1.11818,1.11818,1.11818,1.11818
2009-06-14T00:00:00.000000000+0000,1.11872,1.12065,1.11758,1.12035
2009-06-15T00:00:00.000000000+0000,1.12024,1.13738,1.11826,1.13362
2009-06-16T00:00:00.000000000+0000,1.13357,1.13719,1.1217,1.13663
2009-06-17T00:00:00.000000000+0000,1.13649,1.14462,1.1268,1.12935
2009-06-18T00:00:00.000000000+0000,1.12939,1.13623,1.1231,1.13216
2009-06-19T00:00:00.000000000+0000,1.13202,1.1364,1.12447,1.13425
2009-06-20T00:00:00.000000000+0000,1.13425,1.13425,1.13425,1.13425
2009-06-21T00:00:00.000000000+0000,1.1352,1.13769,1.1319,1.135
2009-06-22T00:00:00.000000000+0000,1.135,1.15555,1.13475,1.1547
2009-06-23T00:00:00.000000000+0000,1.1547,1.15825,1.1464,1.14965
2009-06-24T00:00:00.000000000+0000,1.14965,1.1583,1.14175,1.15513
2009-06-25T00:00:00.000000000+0000,1.1552,1.16365,1.1524,1.15368
2009-06-26T00:00:00.000000000+0000,1.15342,1.1564,1.14445,1.15279
2009-06-27T00:00:00.000000000+0000,1.15279,1.15279,1.15279,1.15279
2009-06-28T00:00:00.000000000+0000,1.15225,1.15425,1.15122,1.153
2009-06-29T00:00:00.000000000+0000,1.15295,1.15995,1.1508,1.1557
2009-06-30T00:00:00.000000000+0000,1.1557,1.164,1.1509,1.1621
2009-07-01T00:00:00.000000000+0000,1.1621,1.16535,1.1437,1.1489
2009-07-02T00:00:00.000000000+0000,1.1489,1.16375,1.14705,1.16275
2009-07-03T00:00:00.000000000+0000,1.16275,1.16335,1.15615,1.16048
2009-07-04T00:00:00.000000000+0000,1.16048,1.16048,1.16048,1.16048
2009-07-05T00:00:00.000000000+0000,1.16047,1.1628,1.15793,1.16115
2009-07-06T00:00:00.000000000+0000,1.16095,1.1679,1.15855,1.1588
2009-07-07T00:00:00.000000000+0000,1.15865,1.1675,1.15425,1.167
2009-07-08T00:00:00.000000000+0000,1.167,1.1724,1.15865,1.1639
2009-07-09T00:00:00.000000000+0000,1.164,1.1644,1.1547,1.1614
2009-07-10T00:00:00.000000000+0000,1.1615,1.1676,1.15935,1.1638
2009-07-11T00:00:00.000000000+0000,1.1638,1.1638,1.1638,1.1638
2009-07-12T00:00:00.000000000+0000,1.16387,1.16397,1.1604,1.1605
2009-07-13T00:00:00.000000000+0000,1.1605,1.16705,1.1495,1.1504
2009-07-14T00:00:00.000000000+0000,1.1504,1.153,1.13215,1.13345
2009-07-15T00:00:00.000000000+0000,1.1335,1.13485,1.11155,1.1162
2009-07-16T00:00:00.000000000+0000,1.11595,1.12245,1.1124,1.1181
2009-07-17T00:00:00.000000000+0000,1.1182,1.11995,1.11277,1.11415
2009-07-18T00:00:00.000000000+0000,1.11415,1.11415,1.11415,1.11415
2009-07-19T00:00:00.000000000+0000,1.11312,1.11648,1.1129,1.113
2009-07-20T00:00:00.000000000+0000,1.113,1.1134,1.1018,1.1072
2009-07-21T00:00:00.000000000+0000,1.1071,1.11145,1.09635,1.1063
2009-07-22T00:00:00.000000000+0000,1.1063,1.1089,1.095,1.1005
2009-07-23T00:00:00.000000000+0000,1.1005,1.1011,1.084,1.0893
2009-07-24T00:00:00.000000000+0000,1.0893,1.0923,1.07935,1.08608
2009-07-25T00:00:00.000000000+0000,1.08608,1.08608,1.08608,1.08608
2009-07-26T00:00:00.000000000+0000,1.08658,1.0876,1.08355,1.0873
2009-07-27T00:00:00.000000000+0000,1.0873,1.088,1.0777,1.08045
2009-07-28T00:00:00.000000000+0000,1.07995,1.09065,1.07495,1.08275
2009-07-29T00:00:00.000000000+0000,1.08275,1.09335,1.07965,1.091
2009-07-30T00:00:00.000000000+0000,1.091,1.091,1.08035,1.08295
2009-07-31T00:00:00.000000000+0000,1.0829,1.0857,1.0764,1.0775
2009-08-01T00:00:00.000000000+0000,1.0775,1.0775,1.0775,1.0775
2009-08-02T00:00:00.000000000+0000,1.07768,1.0784,1.07505,1.07575
2009-08-03T00:00:00.000000000+0000,1.0758,1.07915,1.0643,1.06595
2009-08-04T00:00:00.000000000+0000,1.06595,1.0765,1.0631,1.07015
2009-08-05T00:00:00.000000000+0000,1.07015,1.0784,1.06785,1.07055
2009-08-06T00:00:00.000000000+0000,1.07055,1.0799,1.0677,1.07695
2009-08-07T00:00:00.000000000+0000,1.0768,1.08665,1.07535,1.08097
2009-08-08T00:00:00.000000000+0000,1.08097,1.08097,1.08097,1.08097
2009-08-09T00:00:00.000000000+0000,1.08108,1.0847,1.08085,1.084
2009-08-10T00:00:00.000000000+0000,1.084,1.0928,1.0795,1.0884
2009-08-11T00:00:00.000000000+0000,1.0884,1.10465,1.08628,1.1
2009-08-12T00:00:00.000000000+0000,1.09995,1.10755,1.08485,1.0894
2009-08-13T00:00:00.000000000+0000,1.0894,1.0909,1.0793,1.08735
2009-08-14T00:00:00.000000000+0000,1.08735,1.1022,1.0813,1.09793
2009-08-15T00:00:00.000000000+0000,1.09793,1.09793,1.09793,1.09793
2009-08-16T00:00:00.000000000+0000,1.09803,1.1005,1.09767,1.1004
2009-08-17T00:00:00.000000000+0000,1.10055,1.1125,1.10039,1.1063
2009-08-18T00:00:00.000000000+0000,1.1063,1.1107,1.10015,1.1004
2009-08-19T00:00:00.000000000+0000,1.1004,1.1113,1.0935,1.0941
2009-08-20T00:00:00.000000000+0000,1.09425,1.0995,1.08635,1.08805
2009-08-21T00:00:00.000000000+0000,1.0882,1.0943,1.07615,1.08161
2009-08-22T00:00:00.000000000+0000,1.08161,1.08161,1.08161,1.08161
2009-08-23T00:00:00.000000000+0000,1.08098,1.08179,1.0784,1.0804
2009-08-24T00:00:00.000000000+0000,1.0804,1.08245,1.0725,1.0775
2009-08-25T00:00:00.000000000+0000,1.07755,1.08755,1.07185,1.08745
2009-08-26T00:00:00.000000000+0000,1.08755,1.1,1.08295,1.0977
2009-08-27T00:00:00.000000000+0000,1.0977,1.10205,1.083,1.08695
2009-08-28T00:00:00.000000000+0000,1.08695,1.0936,1.079,1.09092
2009-08-29T00:00:00.000000000+0000,1.09092,1.09092,1.09092,1.09092
2009-08-30T00:00:00.000000000+0000,1.09157,1.09545,1.0892,1.0916
2009-08-31T00:00:00.000000000+0000,1.09155,1.1092,1.0902,1.094
2009-09-01T00:00:00.000000000+0000,1.094,1.1067,1.08705,1.1038
2009-09-02T00:00:00.000000000+0000,1.1038,1.1102,1.10065,1.10445
2009-09-03T00:00:00.000000000+0000,1.10445,1.10745,1.09665,1.10245
2009-09-04T00:00:00.000000000+0000,1.10245,1.10365,1.0823,1.08599
2009-09-05T00:00:00.000000000+0000,1.08599,1.08599,1.08599,1.08599
2009-09-06T00:00:00.000000000+0000,1.08808,1.0887,1.08329,1.08465
2009-09-07T00:00:00.000000000+0000,1.08465,1.08585,1.074,1.07845
2009-09-08T00:00:00.000000000+0000,1.07845,1.0822,1.0674,1.0779
2009-09-09T00:00:00.000000000+0000,1.0778,1.0835,1.0745,1.07925
2009-09-10T00:00:00.000000000+0000,1.07915,1.08795,1.07675,1.0778
2009-09-11T00:00:00.000000000+0000,1.0779,1.0793,1.0715,1.07629
2009-09-12T00:00:00.000000000+0000,1.07629,1.07629,1.07629,1.07629
2009-09-13T00:00:00.000000000+0000,1.07652,1.0796,1.07614,1.07865
2009-09-14T00:00:00.000000000+0000,1.07865,1.09265,1.07865,1.0823
2009-09-15T00:00:00.000000000+0000,1.0823,1.08705,1.071,1.07275
2009-09-16T00:00:00.000000000+0000,1.07275,1.0736,1.06425,1.0668
2009-09-17T00:00:00.000000000+0000,1.06685,1.06755,1.059,1.0658
2009-09-18T00:00:00.000000000+0000,1.0658,1.0768,1.06526,1.0688
2009-09-19T00:00:00.000000000+0000,1.0688,1.0688,1.0688,1.0688
2009-09-20T00:00:00.000000000+0000,1.06875,1.07135,1.0682,1.06905
2009-09-21T00:00:00.000000000+0000,1.069,1.0853,1.06745,1.07795
2009-09-22T00:00:00.000000000+0000,1.07795,1.07805,1.06595,1.06805
2009-09-23T00:00:00.000000000+0000,1.068,1.0776,1.06588,1.0752
2009-09-24T00:00:00.000000000+0000,1.07515,1.09475,1.07065,1.09065
2009-09-25T00:00:00.000000000+0000,1.09065,1.09825,1.08595,1.09032
2009-09-26T00:00:00.000000000+0000,1.09032,1.09032,1.09032,1.09032
2009-09-27T00:00:00.000000000+0000,1.09095,1.0939,1.08939,1.09325
2009-09-28T00:00:00.000000000+0000,1.09315,1.0991,1.08315,1.08535
2009-09-29T00:00:00.000000000+0000,1.0855,1.09235,1.07935,1.08395
2009-09-30T00:00:00.000000000+0000,1.08395,1.0845,1.06715,1.0685
2009-10-01T00:00:00.000000000+0000,1.0686,1.08465,1.0671,1.0845
2009-10-02T00:00:00.000000000+0000,1.08445,1.0959,1.07875,1.07905
2009-10-03T00:00:00.000000000+0000,1.07905,1.07905,1.07905,1.07905
2009-10-04T00:00:00.000000000+0000,1.07947,1.08245,1.07866,1.0796
2009-10-05T00:00:00.000000000+0000,1.0796,1.07975,1.0692,1.06975
2009-10-06T00:00:00.000000000+0000,1.06975,1.07125,1.0546,1.05925
2009-10-07T00:00:00.000000000+0000,1.05925,1.0648,1.05275,1.0592
2009-10-08T00:00:00.000000000+0000,1.05925,1.06305,1.05055,1.05265
2009-10-09T00:00:00.000000000+0000,1.0528,1.0551,1.04105,1.04224
2009-10-10T00:00:00.000000000+0000,1.04224,1.04224,1.04224,1.04224
2009-10-11T00:00:00.000000000+0000,1.04225,1.04355,1.04028,1.0418
2009-10-12T00:00:00.000000000+0000,1.0418,1.0451,1.0317,1.0326
2009-10-13T00:00:00.000000000+0000,1.0326,1.0372,1.02655,1.0317
2009-10-14T00:00:00.000000000+0000,1.0317,1.03235,1.0228,1.0228
2009-10-15T00:00:00.000000000+0000,1.02285,1.03705,1.02009,1.03105
2009-10-16T00:00:00.000000000+0000,1.03105,1.04345,1.0287,1.03645
2009-10-17T00:00:00.000000000+0000,1.03645,1.03645,1.03645,1.03645
2009-10-18T00:00:00.000000000+0000,1.03647,1.03985,1.03498,1.03825
2009-10-19T00:00:00.000000000+0000,1.0382,1.04225,1.02695,1.0286
2009-10-20T00:00:00.000000000+0000,1.02865,1.0526,1.0265,1.04895
2009-10-21T00:00:00.000000000+0000,1.0488,1.05825,1.0378,1.04375
2009-10-22T00:00:00.000000000+0000,1.04375,1.0544,1.04165,1.04565
2009-10-23T00:00:00.000000000+0000,1.04565,1.0544,1.0448,1.05355
2009-10-24T00:00:00.000000000+0000,1.05355,1.05355,1.05355,1.05355
2009-10-25T00:00:00.000000000+0000,1.05335,1.05348,1.04987,1.05325
2009-10-26T00:00:00.000000000+0000,1.05325,1.06965,1.05005,1.06895
2009-10-27T00:00:00.000000000+0000,1.069,1.07165,1.0626,1.0642
2009-10-28T00:00:00.000000000+0000,1.0642,1.08115,1.06385,1.0805
2009-10-29T00:00:00.000000000+0000,1.0805,1.08205,1.06545,1.06755
2009-10-30T00:00:00.000000000+0000,1.06755,1.0848,1.0652,1.08448
2009-10-31T00:00:00.000000000+0000,1.08448,1.08448,1.08448,1.08448
2009-11-01T00:00:00.000000000+0000,1.08448,1.08675,1.08262,1.08285
2009-11-02T00:00:00.000000000+0000,1.08285,1.08365,1.0713,1.07755
2009-11-03T00:00:00.000000000+0000,1.07765,1.08525,1.0649,1.0665
2009-11-04T00:00:00.000000000+0000,1.0665,1.06845,1.0594,1.06285
2009-11-05T00:00:00.000000000+0000,1.06285,1.06805,1.0605,1.06505
2009-11-06T00:00:00.000000000+0000,1.06505,1.078,1.06075,1.07477
2009-11-07T00:00:00.000000000+0000,1.07477,1.07477,1.07477,1.07477
2009-11-08T00:00:00.000000000+0000,1.07462,1.07699,1.07095,1.0741
2009-11-09T00:00:00.000000000+0000,1.0741,1.07465,1.0542,1.05535
2009-11-10T00:00:00.000000000+0000,1.05535,1.06065,1.04805,1.04995
2009-11-11T00:00:00.000000000+0000,1.04995,1.05025,1.04315,1.0446
2009-11-12T00:00:00.000000000+0000,1.0446,1.05755,1.04145,1.05505
2009-11-13T00:00:00.000000000+0000,1.0551,1.0566,1.0472,1.05142
2009-11-14T00:00:00.000000000+0000,1.05142,1.05142,1.05142,1.05142
2009-11-15T00:00:00.000000000+0000,1.0514,1.05385,1.04885,1.04905
2009-11-16T00:00:00.000000000+0000,1.04885,1.05225,1.04255,1.04695
2009-11-17T00:00:00.000000000+0000,1.04695,1.0619,1.04616,1.05094
2009-11-18T00:00:00.000000000+0000,1.05072,1.05825,1.0449,1.05525
2009-11-19T00:00:00.000000000+0000,1.05525,1.0689,1.05495,1.06265
2009-11-20T00:00:00.000000000+0000,1.06255,1.07325,1.06135,1.07023
2009-11-21T00:00:00.000000000+0000,1.07023,1.07023,1.07023,1.07023
2009-11-22T00:00:00.000000000+0000,1.07013,1.07095,1.06905,1.06925
2009-11-23T00:00:00.000000000+0000,1.0693,1.0693,1.05395,1.0568
2009-11-24T00:00:00.000000000+0000,1.0568,1.0643,1.0562,1.058
2009-11-25T00:00:00.000000000+0000,1.058,1.05825,1.04463,1.0461
2009-11-26T00:00:00.000000000+0000,1.0462,1.06195,1.0455,1.06145
2009-11-27T00:00:00.000000000+0000,1.06145,1.0749,1.05865,1.06232
2009-11-28T00:00:00.000000000+0000,1.06232,1.06232,1.06232,1.06232
2009-11-29T00:00:00.000000000+0000,1.0624,1.0624,1.05644,1.05955
2009-11-30T00:00:00.000000000+0000,1.05935,1.06135,1.0532,1.05395
2009-12-01T00:00:00.000000000+0000,1.05395,1.0578,1.04055,1.0463
2009-12-02T00:00:00.000000000+0000,1.04625,1.0515,1.04315,1.04915
2009-12-03T00:00:00.000000000+0000,1.04915,1.0584,1.04615,1.05585
2009-12-04T00:00:00.000000000+0000,1.05595,1.05955,1.0433,1.0572
2009-12-05T00:00:00.000000000+0000,1.0572,1.0572,1.0572,1.0572
2009-12-06T00:00:00.000000000+0000,1.05745,1.05805,1.0536,1.05625
2009-12-07T00:00:00.000000000+0000,1.05625,1.06505,1.0482,1.04985
2009-12-08T00:00:00.000000000+0000,1.04975,1.067,1.04847,1.0646
2009-12-09T00:00:00.000000000+0000,1.0646,1.06495,1.0515,1.05415
2009-12-10T00:00:00.000000000+0000,1.0541,1.05825,1.0478,1.05135
2009-12-11T00:00:00.000000000+0000,1.05135,1.06225,1.04808,1.0594
2009-12-12T00:00:00.000000000+0000,1.0594,1.0594,1.0594,1.0594
2009-12-13T00:00:00.000000000+0000,1.0605,1.06105,1.05725,1.0587
2009-12-14T00:00:00.000000000+0000,1.0587,1.06615,1.05636,1.05895
2009-12-15T00:00:00.000000000+0000,1.05895,1.06515,1.0552,1.06055
2009-12-16T00:00:00.000000000+0000,1.0605,1.06425,1.05705,1.06195
2009-12-17T00:00:00.000000000+0000,1.06195,1.0746,1.06095,1.0702
2009-12-18T00:00:00.000000000+0000,1.0702,1.07165,1.0628,1.06608
2009-12-19T00:00:00.000000000+0000,1.06608,1.06608,1.06608,1.06608
2009-12-20T00:00:00.000000000+0000,1.06588,1.068,1.06436,1.067
2009-12-21T00:00:00.000000000+0000,1.067,1.06985,1.05355,1.06165
2009-12-22T00:00:00.000000000+0000,1.06165,1.0634,1.0541,1.0571
2009-12-23T00:00:00.000000000+0000,1.0571,1.0577,1.047,1.04875
2009-12-24T00:00:00.000000000+0000,1.04875,1.05065,1.04475,1.05003
2009-12-25T00:00:00.000000000+0000,1.05002,1.05032,1.04707,1.0498
2009-12-26T00:00:00.000000000+0000,1.0498,1.0498,1.0498,1.0498
2009-12-27T00:00:00.000000000+0000,1.04975,1.04988,1.04728,1.04815
2009-12-28T00:00:00.000000000+0000,1.04835,1.04995,1.0418,1.04295
2009-12-29T00:00:00.000000000+0000,1.04295,1.04445,1.0365,1.04425
2009-12-30T00:00:00.000000000+0000,1.04435,1.05775,1.04395,1.05475
2009-12-31T00:00:00.000000000+0000,1.05475,1.05485,1.0455,1.05148
2010-01-01T00:00:00.000000000+0000,1.0515,1.05168,1.05127,1.05158
2010-01-02T00:00:00.000000000+0000,1.05158,1.05158,1.05158,1.05158
2010-01-03T00:00:00.000000000+0000,1.05155,1.05183,1.04585,1.04715
2010-01-04T00:00:00.000000000+0000,1.04715,1.05165,1.0351,1.04105
2010-01-05T00:00:00.000000000+0000,1.04105,1.04105,1.03345,1.03945
2010-01-06T00:00:00.000000000+0000,1.03945,1.04085,1.0312,1.03185
2010-01-07T00:00:00.000000000+0000,1.0318,1.0373,1.0291,1.03415
2010-01-08T00:00:00.000000000+0000,1.03415,1.03835,1.02892,1.02925
2010-01-09T00:00:00.000000000+0000,1.02925,1.02925,1.02925,1.02925
2010-01-10T00:00:00.000000000+0000,1.02997,1.03127,1.0264,1.02795
2010-01-11T00:00:00.000000000+0000,1.02795,1.03435,1.02515,1.03385
2010-01-12T00:00:00.000000000+0000,1.03385,1.04135,1.03125,1.03925
2010-01-13T00:00:00.000000000+0000,1.03925,1.0411,1.0289,1.03095
2010-01-14T00:00:00.000000000+0000,1.03095,1.03215,1.02235,1.0236
2010-01-15T00:00:00.000000000+0000,1.02365,1.03135,1.02316,1.03068
2010-01-16T00:00:00.000000000+0000,1.03068,1.03068,1.03068,1.03068
2010-01-17T00:00:00.000000000+0000,1.02911,1.03055,1.02792,1.0293
2010-01-18T00:00:00.000000000+0000,1.0293,1.0314,1.02453,1.02495
2010-01-19T00:00:00.000000000+0000,1.02505,1.03475,1.02482,1.03165
2010-01-20T00:00:00.000000000+0000,1.03165,1.0488,1.0312,1.04505
2010-01-21T00:00:00.000000000+0000,1.04505,1.0524,1.0437,1.05045
2010-01-22T00:00:00.000000000+0000,1.0505,1.0602,1.04604,1.05635
2010-01-23T00:00:00.000000000+0000,1.05635,1.05635,1.05635,1.05635
2010-01-24T00:00:00.000000000+0000,1.05755,1.05953,1.0553,1.05655
2010-01-25T00:00:00.000000000+0000,1.05635,1.0612,1.05325,1.05695
2010-01-26T00:00:00.000000000+0000,1.0569,1.06915,1.05426,1.06205
2010-01-27T00:00:00.000000000+0000,1.06205,1.06875,1.0608,1.06365
2010-01-28T00:00:00.000000000+0000,1.06375,1.0678,1.0556,1.0661
2010-01-29T00:00:00.000000000+0000,1.0661,1.07045,1.06225,1.0693
2010-01-30T00:00:00.000000000+0000,1.0693,1.0693,1.0693,1.0693
2010-01-31T00:00:00.000000000+0000,1.0698,1.07166,1.068,1.06805
2010-02-01T00:00:00.000000000+0000,1.06805,1.0721,1.06006,1.0619
2010-02-02T00:00:00.000000000+0000,1.0619,1.0639,1.0564,1.05725
2010-02-03T00:00:00.000000000+0000,1.05725,1.06345,1.05445,1.0617
2010-02-04T00:00:00.000000000+0000,1.0617,1.0752,1.05955,1.072
2010-02-05T00:00:00.000000000+0000,1.072,1.078,1.06435,1.0704
2010-02-06T00:00:00.000000000+0000,1.0704,1.0704,1.0704,1.0704
2010-02-07T00:00:00.000000000+0000,1.07005,1.0717,1.06662,1.0714
2010-02-08T00:00:00.000000000+0000,1.07145,1.0773,1.0656,1.07465
2010-02-09T00:00:00.000000000+0000,1.07465,1.07565,1.0644,1.06735
2010-02-10T00:00:00.000000000+0000,1.06735,1.07075,1.0597,1.06205
2010-02-11T00:00:00.000000000+0000,1.06205,1.06205,1.04785,1.05025
2010-02-12T00:00:00.000000000+0000,1.05025,1.0578,1.048,1.04992
2010-02-13T00:00:00.000000000+0000,1.04992,1.04992,1.04992,1.04992
2010-02-14T00:00:00.000000000+0000,1.04997,1.0518,1.0497,1.05075
2010-02-15T00:00:00.000000000+0000,1.0507,1.0532,1.0462,1.0494
2010-02-16T00:00:00.000000000+0000,1.0494,1.0498,1.04095,1.0435
2010-02-17T00:00:00.000000000+0000,1.0434,1.04705,1.04115,1.04605
2010-02-18T00:00:00.000000000+0000,1.04595,1.05175,1.03965,1.04995
2010-02-19T00:00:00.000000000+0000,1.0499,1.05295,1.0382,1.0382
2010-02-20T00:00:00.000000000+0000,1.0382,1.0382,1.0382,1.0382
2010-02-21T00:00:00.000000000+0000,1.03917,1.03975,1.03722,1.03885
2010-02-22T00:00:00.000000000+0000,1.03885,1.04405,1.03688,1.04195
2010-02-23T00:00:00.000000000+0000,1.04195,1.0579,1.03805,1.0548
2010-02-24T00:00:00.000000000+0000,1.0548,1.05935,1.05095,1.05265
2010-02-25T00:00:00.000000000+0000,1.05265,1.068,1.05125,1.06115
2010-02-26T00:00:00.000000000+0000,1.0613,1.06175,1.05077,1.05143
2010-02-27T00:00:00.000000000+0000,1.05143,1.05143,1.05143,1.05143
2010-02-28T00:00:00.000000000+0000,1.0513,1.0551,1.05035,1.0512
2010-03-01T00:00:00.000000000+0000,1.05125,1.05725,1.04062,1.04185
2010-03-02T00:00:00.000000000+0000,1.04185,1.0442,1.0308,1.03485
2010-03-03T00:00:00.000000000+0000,1.0348,1.03605,1.0274,1.03205
2010-03-04T00:00:00.000000000+0000,1.03205,1.0339,1.02695,1.0313
2010-03-05T00:00:00.000000000+0000,1.0313,1.03305,1.02605,1.02818
2010-03-06T00:00:00.000000000+0000,1.02818,1.02818,1.02818,1.02818
2010-03-07T00:00:00.000000000+0000,1.02955,1.02968,1.02623,1.02675
2010-03-08T00:00:00.000000000+0000,1.02675,1.02935,1.025,1.0278
2010-03-09T00:00:00.000000000+0000,1.0278,1.0319,1.02345,1.0267
2010-03-10T00:00:00.000000000+0000,1.0267,1.02905,1.0216,1.0255
2010-03-11T00:00:00.000000000+0000,1.02545,1.0321,1.02285,1.0235
2010-03-12T00:00:00.000000000+0000,1.02355,1.02465,1.0154,1.01887
2010-03-13T00:00:00.000000000+0000,1.01887,1.01887,1.01887,1.01887
2010-03-14T00:00:00.000000000+0000,1.0188,1.01927,1.01618,1.01655
2010-03-15T00:00:00.000000000+0000,1.0166,1.02315,1.01644,1.01895
2010-03-16T00:00:00.000000000+0000,1.01895,1.0202,1.01301,1.01335
2010-03-17T00:00:00.000000000+0000,1.01345,1.01425,1.00705,1.01013
2010-03-18T00:00:00.000000000+0000,1.01035,1.01505,1.0089,1.0135
2010-03-19T00:00:00.000000000+0000,1.0135,1.0188,1.00615,1.01697
2010-03-20T00:00:00.000000000+0000,1.01697,1.01697,1.01697,1.01697
2010-03-21T00:00:00.000000000+0000,1.01748,1.01755,1.01462,1.01675
2010-03-22T00:00:00.000000000+0000,1.01675,1.02435,1.01455,1.01685
2010-03-23T00:00:00.000000000+0000,1.0169,1.0228,1.0151,1.0163
2010-03-24T00:00:00.000000000+0000,1.0164,1.02815,1.0157,1.02355
2010-03-25T00:00:00.000000000+0000,1.02355,1.02485,1.017,1.0234
2010-03-26T00:00:00.000000000+0000,1.02325,1.03025,1.0204,1.0263
2010-03-27T00:00:00.000000000+0000,1.0263,1.0263,1.0263,1.0263
2010-03-28T00:00:00.000000000+0000,1.0269,1.0274,1.02406,1.02625
2010-03-29T00:00:00.000000000+0000,1.02625,1.02695,1.0176,1.0213
2010-03-30T00:00:00.000000000+0000,1.02135,1.02225,1.0157,1.0175
2010-03-31T00:00:00.000000000+0000,1.01755,1.0198,1.01275,1.01385
2010-04-01T00:00:00.000000000+0000,1.01385,1.0146,1.0066,1.00945
2010-04-02T00:00:00.000000000+0000,1.00945,1.0129,1.00845,1.01037
2010-04-03T00:00:00.000000000+0000,1.01037,1.01037,1.01037,1.01037
2010-04-04T00:00:00.000000000+0000,1.01107,1.01118,1.007,1.00855
2010-04-05T00:00:00.000000000+0000,1.00865,1.00865,1.00093,1.00195
2010-04-06T00:00:00.000000000+0000,1.0019,1.0047,0.9987,1.0017
2010-04-07T00:00:00.000000000+0000,1.0017,1.00615,0.9977,1.0054
2010-04-08T00:00:00.000000000+0000,1.0054,1.01045,1.00079,1.00085
2010-04-09T00:00:00.000000000+0000,1.00085,1.00825,0.9991,1.0023
2010-04-10T00:00:00.000000000+0000,1.0023,1.0023,1.0023,1.0023
2010-04-11T00:00:00.000000000+0000,1.0023,1.00535,1.00065,1.00335
2010-04-12T00:00:00.000000000+0000,1.0034,1.00875,1.0011,1.00278
2010-04-13T00:00:00.000000000+0000,1.00295,1.0065,1.0003,1.0013
2010-04-14T00:00:00.000000000+0000,1.0013,1.00155,0.9952,0.9981
2010-04-15T00:00:00.000000000+0000,0.9981,1.0035,0.99582,1.0019
2010-04-16T00:00:00.000000000+0000,1.0021,1.0163,1.0003,1.0127
2010-04-17T00:00:00.000000000+0000,1.0127,1.0127,1.0127,1.0127
2010-04-18T00:00:00.000000000+0000,1.0128,1.0157,1.01263,1.0151
2010-04-19T00:00:00.000000000+0000,1.0151,1.0215,1.01355,1.0147
2010-04-20T00:00:00.000000000+0000,1.0147,1.0163,0.99705,0.99825
2010-04-21T00:00:00.000000000+0000,0.99825,1.0013,0.993,0.9991
2010-04-22T00:00:00.000000000+0000,0.9991,1.0039,0.996,1.00265
2010-04-23T00:00:00.000000000+0000,1.00265,1.00645,0.99675,0.99938
2010-04-24T00:00:00.000000000+0000,0.99938,0.99938,0.99938,0.99938
2010-04-25T00:00:00.000000000+0000,0.99938,0.99995,0.99835,0.9997
2010-04-26T00:00:00.000000000+0000,0.9997,1.0023,0.99705,1.00025
2010-04-27T00:00:00.000000000+0000,1.00025,1.01805,0.99977,1.0149
2010-04-28T00:00:00.000000000+0000,1.0149,1.01965,1.0073,1.0107
2010-04-29T00:00:00.000000000+0000,1.0107,1.01125,1.00125,1.0044
2010-04-30T00:00:00.000000000+0000,1.0044,1.01861,1.00155,1.01768
2010-05-01T00:00:00.000000000+0000,1.01768,1.01768,1.01768,1.01768
2010-05-02T00:00:00.000000000+0000,1.01713,1.01798,1.01411,1.01595
2010-05-03T00:00:00.000000000+0000,1.01595,1.01855,1.01003,1.0116
2010-05-04T00:00:00.000000000+0000,1.0116,1.0256,1.01075,1.024
2010-05-05T00:00:00.000000000+0000,1.024,1.03535,1.02315,1.03085
2010-05-06T00:00:00.000000000+0000,1.03085,1.074,1.02815,1.0484
2010-05-07T00:00:00.000000000+0000,1.0486,1.05705,1.0337,1.04383
2010-05-08T00:00:00.000000000+0000,1.04383,1.04383,1.04383,1.04383
2010-05-09T00:00:00.000000000+0000,1.0428,1.0439,1.03075,1.03705
2010-05-10T00:00:00.000000000+0000,1.03715,1.03755,1.02095,1.02455
2010-05-11T00:00:00.000000000+0000,1.02445,1.02875,1.0148,1.0205
2010-05-12T00:00:00.000000000+0000,1.0205,1.0246,1.0153,1.0181
2010-05-13T00:00:00.000000000+0000,1.0182,1.02255,1.011,1.02135
2010-05-14T00:00:00.000000000+0000,1.0213,1.03775,1.0211,1.034
2010-05-15T00:00:00.000000000+0000,1.034,1.034,1.034,1.034
2010-05-16T00:00:00.000000000+0000,1.03503,1.03665,1.03274,1.03535
2010-05-17T00:00:00.000000000+0000,1.0353,1.0438,1.03065,1.03315
2010-05-18T00:00:00.000000000+0000,1.03315,1.04245,1.02455,1.04245
2010-05-19T00:00:00.000000000+0000,1.04245,1.05365,1.0385,1.04475
2010-05-20T00:00:00.000000000+0000,1.0447,1.07455,1.04305,1.0695
2010-05-21T00:00:00.000000000+0000,1.0694,1.07495,1.05505,1.05888
2010-05-22T00:00:00.000000000+0000,1.05888,1.05888,1.05888,1.05888
2010-05-23T00:00:00.000000000+0000,1.059,1.06405,1.05785,1.0627
2010-05-24T00:00:00.000000000+0000,1.0627,1.06595,1.05335,1.06365
2010-05-25T00:00:00.000000000+0000,1.0636,1.08525,1.063,1.06825
2010-05-26T00:00:00.000000000+0000,1.0684,1.0744,1.0579,1.0689
2010-05-27T00:00:00.000000000+0000,1.0689,1.0705,1.0479,1.0493
2010-05-28T00:00:00.000000000+0000,1.0493,1.0558,1.0444,1.0538
2010-05-29T00:00:00.000000000+0000,1.0538,1.0538,1.0538,1.0538
2010-05-30T00:00:00.000000000+0000,1.05438,1.05515,1.0513,1.05435
2010-05-31T00:00:00.000000000+0000,1.05435,1.0546,1.04125,1.0425
2010-06-01T00:00:00.000000000+0000,1.04265,1.0562,1.042,1.05375
2010-06-02T00:00:00.000000000+0000,1.05375,1.05715,1.03715,1.03905
2010-06-03T00:00:00.000000000+0000,1.03905,1.04625,1.03335,1.0401
2010-06-04T00:00:00.000000000+0000,1.0401,1.0628,1.0354,1.06258
2010-06-05T00:00:00.000000000+0000,1.06258,1.06258,1.06258,1.06258
2010-06-06T00:00:00.000000000+0000,1.0623,1.0643,1.05955,1.06375
2010-06-07T00:00:00.000000000+0000,1.06375,1.0679,1.0515,1.05935
2010-06-08T00:00:00.000000000+0000,1.05935,1.0595,1.04684,1.0486
2010-06-09T00:00:00.000000000+0000,1.0486,1.05165,1.03645,1.04315
2010-06-10T00:00:00.000000000+0000,1.04315,1.04485,1.0287,1.03005
2010-06-11T00:00:00.000000000+0000,1.03015,1.03885,1.0298,1.03233
2010-06-12T00:00:00.000000000+0000,1.03233,1.03233,1.03233,1.03233
2010-06-13T00:00:00.000000000+0000,1.0325,1.03485,1.02975,1.02975
2010-06-14T00:00:00.000000000+0000,1.02975,1.03485,1.0224,1.0332
2010-06-15T00:00:00.000000000+0000,1.0332,1.0361,1.0241,1.026
2010-06-16T00:00:00.000000000+0000,1.026,1.0323,1.0224,1.0258
2010-06-17T00:00:00.000000000+0000,1.0258,1.03375,1.02245,1.02865
2010-06-18T00:00:00.000000000+0000,1.02858,1.0312,1.02065,1.02118
2010-06-19T00:00:00.000000000+0000,1.02118,1.02118,1.02118,1.02118
2010-06-20T00:00:00.000000000+0000,1.02143,1.02254,1.01632,1.01745
2010-06-21T00:00:00.000000000+0000,1.01745,1.02605,1.0138,1.02315
2010-06-22T00:00:00.000000000+0000,1.02315,1.0296,1.0181,1.0284
2010-06-23T00:00:00.000000000+0000,1.02835,1.0459,1.02825,1.0397
2010-06-24T00:00:00.000000000+0000,1.03965,1.04685,1.0374,1.0426
2010-06-25T00:00:00.000000000+0000,1.0426,1.04415,1.034,1.0354
2010-06-26T00:00:00.000000000+0000,1.0354,1.0354,1.0354,1.0354
2010-06-27T00:00:00.000000000+0000,1.0354,1.037,1.03277,1.03535
2010-06-28T00:00:00.000000000+0000,1.0354,1.03715,1.03205,1.03515
2010-06-29T00:00:00.000000000+0000,1.03515,1.0576,1.03396,1.0543
2010-06-30T00:00:00.000000000+0000,1.0544,1.06475,1.04665,1.06305
2010-07-01T00:00:00.000000000+0000,1.06315,1.06735,1.0577,1.05865
2010-07-02T00:00:00.000000000+0000,1.05865,1.06675,1.05565,1.0624
2010-07-03T00:00:00.000000000+0000,1.0624,1.0624,1.0624,1.0624
2010-07-04T00:00:00.000000000+0000,1.0625,1.06455,1.06025,1.064
2010-07-05T00:00:00.000000000+0000,1.06405,1.0676,1.0576,1.0658
2010-07-06T00:00:00.000000000+0000,1.06585,1.0676,1.0485,1.0528
2010-07-07T00:00:00.000000000+0000,1.05275,1.06055,1.0462,1.04795
2010-07-08T00:00:00.000000000+0000,1.0479,1.048,1.0379,1.04335
2010-07-09T00:00:00.000000000+0000,1.04335,1.04545,1.02955,1.0331
2010-07-10T00:00:00.000000000+0000,1.0331,1.0331,1.0331,1.0331
2010-07-11T00:00:00.000000000+0000,1.0333,1.03341,1.03115,1.03225
2010-07-12T00:00:00.000000000+0000,1.03225,1.0386,1.02995,1.03485
2010-07-13T00:00:00.000000000+0000,1.03485,1.0385,1.0275,1.03085
2010-07-14T00:00:00.000000000+0000,1.03085,1.03705,1.0285,1.03315
2010-07-15T00:00:00.000000000+0000,1.03315,1.04425,1.0283,1.03875
2010-07-16T00:00:00.000000000+0000,1.03875,1.05798,1.03805,1.05538
2010-07-17T00:00:00.000000000+0000,1.05538,1.05538,1.05538,1.05538
2010-07-18T00:00:00.000000000+0000,1.05755,1.0578,1.05492,1.0577
2010-07-19T00:00:00.000000000+0000,1.0577,1.058,1.0499,1.0543
2010-07-20T00:00:00.000000000+0000,1.0543,1.0586,1.0421,1.04265
2010-07-21T00:00:00.000000000+0000,1.04265,1.0501,1.0351,1.04715
2010-07-22T00:00:00.000000000+0000,1.04715,1.05035,1.03555,1.0364
2010-07-23T00:00:00.000000000+0000,1.0364,1.0437,1.03455,1.03563
2010-07-24T00:00:00.000000000+0000,1.03563,1.03563,1.03563,1.03563
2010-07-25T00:00:00.000000000+0000,1.0356,1.03868,1.03525,1.0369
2010-07-26T00:00:00.000000000+0000,1.03685,1.0377,1.0303,1.0322
2010-07-27T00:00:00.000000000+0000,1.03215,1.03955,1.02555,1.0356
2010-07-28T00:00:00.000000000+0000,1.0356,1.039,1.0298,1.0375
2010-07-29T00:00:00.000000000+0000,1.0375,1.0391,1.0303,1.0356
2010-07-30T00:00:00.000000000+0000,1.03565,1.03755,1.02635,1.02838
2010-07-31T00:00:00.000000000+0000,1.02838,1.02838,1.02838,1.02838
2010-08-01T00:00:00.000000000+0000,1.0295,1.02982,1.0278,1.029
2010-08-02T00:00:00.000000000+0000,1.02895,1.02895,1.0204,1.02265
2010-08-03T00:00:00.000000000+0000,1.0227,1.0273,1.0219,1.02355
2010-08-04T00:00:00.000000000+0000,1.02355,1.0271,1.0163,1.0181
2010-08-05T00:00:00.000000000+0000,1.01805,1.01805,1.01065,1.01725
2010-08-06T00:00:00.000000000+0000,1.01725,1.03065,1.01465,1.02623
2010-08-07T00:00:00.000000000+0000,1.02623,1.02623,1.02623,1.02623
2010-08-08T00:00:00.000000000+0000,1.02682,1.0287,1.02565,1.02835
2010-08-09T00:00:00.000000000+0000,1.0284,1.02995,1.02565,1.02775
2010-08-10T00:00:00.000000000+0000,1.02775,1.03885,1.0275,1.03075
2010-08-11T00:00:00.000000000+0000,1.03075,1.048,1.03045,1.0469
2010-08-12T00:00:00.000000000+0000,1.0469,1.04945,1.0417,1.0423
2010-08-13T00:00:00.000000000+0000,1.04235,1.04385,1.035,1.0413
2010-08-14T00:00:00.000000000+0000,1.0413,1.0413,1.0413,1.0413
2010-08-15T00:00:00.000000000+0000,1.04133,1.04198,1.03985,1.0417
2010-08-16T00:00:00.000000000+0000,1.04175,1.04645,1.037,1.0429
2010-08-17T00:00:00.000000000+0000,1.0429,1.04355,1.03085,1.03255
2010-08-18T00:00:00.000000000+0000,1.03255,1.0341,1.0265,1.0293
2010-08-19T00:00:00.000000000+0000,1.0293,1.04155,1.02475,1.0395
2010-08-20T00:00:00.000000000+0000,1.0395,1.0514,1.03825,1.04583
2010-08-21T00:00:00.000000000+0000,1.04583,1.04583,1.04583,1.04583
2010-08-22T00:00:00.000000000+0000,1.04753,1.05,1.04743,1.04935
2010-08-23T00:00:00.000000000+0000,1.0494,1.0544,1.0444,1.0539
2010-08-24T00:00:00.000000000+0000,1.0539,1.0664,1.0536,1.05995
2010-08-25T00:00:00.000000000+0000,1.05995,1.06675,1.0573,1.05935
2010-08-26T00:00:00.000000000+0000,1.05935,1.06015,1.0521,1.05805
2010-08-27T00:00:00.000000000+0000,1.05805,1.0648,1.05025,1.0504
2010-08-28T00:00:00.000000000+0000,1.0504,1.0504,1.0504,1.0504
2010-08-29T00:00:00.000000000+0000,1.05072,1.05165,1.0479,1.04925
2010-08-30T00:00:00.000000000+0000,1.04925,1.0604,1.0472,1.05995
2010-08-31T00:00:00.000000000+0000,1.05995,1.06725,1.0575,1.0647
2010-09-01T00:00:00.000000000+0000,1.0647,1.0651,1.0484,1.0513
2010-09-02T00:00:00.000000000+0000,1.0513,1.0555,1.04715,1.0538
2010-09-03T00:00:00.000000000+0000,1.0538,1.05685,1.038,1.03897
2010-09-04T00:00:00.000000000+0000,1.03897,1.03897,1.03897,1.03897
2010-09-05T00:00:00.000000000+0000,1.039,1.04132,1.03837,1.0388
2010-09-06T00:00:00.000000000+0000,1.03885,1.0404,1.03361,1.0378
2010-09-07T00:00:00.000000000+0000,1.0378,1.0485,1.0352,1.04765
2010-09-08T00:00:00.000000000+0000,1.04765,1.0509,1.03455,1.03715
2010-09-09T00:00:00.000000000+0000,1.0371,1.03935,1.03005,1.03375
2010-09-10T00:00:00.000000000+0000,1.03375,1.03735,1.0287,1.037
2010-09-11T00:00:00.000000000+0000,1.037,1.037,1.037,1.037
2010-09-12T00:00:00.000000000+0000,1.03702,1.03707,1.03175,1.032
2010-09-13T00:00:00.000000000+0000,1.032,1.03455,1.02655,1.0285
2010-09-14T00:00:00.000000000+0000,1.0285,1.0304,1.02155,1.0265
2010-09-15T00:00:00.000000000+0000,1.02655,1.03195,1.02491,1.026
2010-09-16T00:00:00.000000000+0000,1.026,1.02895,1.0238,1.0271
2010-09-17T00:00:00.000000000+0000,1.0271,1.035,1.02155,1.03255
2010-09-18T00:00:00.000000000+0000,1.03255,1.03255,1.03255,1.03255
2010-09-19T00:00:00.000000000+0000,1.03335,1.0346,1.02938,1.03425
2010-09-20T00:00:00.000000000+0000,1.0342,1.03445,1.02615,1.03055
2010-09-21T00:00:00.000000000+0000,1.03055,1.033,1.02165,1.0241
2010-09-22T00:00:00.000000000+0000,1.0241,1.03585,1.0191,1.02985
2010-09-23T00:00:00.000000000+0000,1.02985,1.0379,1.0284,1.03515
2010-09-24T00:00:00.000000000+0000,1.03515,1.03545,1.0225,1.0238
2010-09-25T00:00:00.000000000+0000,1.0238,1.0238,1.0238,1.0238
2010-09-26T00:00:00.000000000+0000,1.0242,1.0251,1.02354,1.0243
2010-09-27T00:00:00.000000000+0000,1.0243,1.03075,1.02225,1.03045
2010-09-28T00:00:00.000000000+0000,1.0304,1.03615,1.02845,1.03025
2010-09-29T00:00:00.000000000+0000,1.03025,1.03405,1.02385,1.03285
2010-09-30T00:00:00.000000000+0000,1.03275,1.03445,1.02305,1.0305
2010-10-01T00:00:00.000000000+0000,1.03045,1.0313,1.01875,1.01947
2010-10-02T00:00:00.000000000+0000,1.01947,1.01947,1.01947,1.01947
2010-10-03T00:00:00.000000000+0000,1.0204,1.02048,1.01846,1.01945
2010-10-04T00:00:00.000000000+0000,1.01945,1.02445,1.018,1.02345
2010-10-05T00:00:00.000000000+0000,1.02345,1.02725,1.01523,1.0156
2010-10-06T00:00:00.000000000+0000,1.0156,1.01655,1.00615,1.0113
2010-10-07T00:00:00.000000000+0000,1.0113,1.02105,1.0077,1.0177
2010-10-08T00:00:00.000000000+0000,1.01775,1.023,1.00905,1.01023
2010-10-09T00:00:00.000000000+0000,1.01023,1.01023,1.01023,1.01023
2010-10-10T00:00:00.000000000+0000,1.01038,1.01182,1.00913,1.0093
2010-10-11T00:00:00.000000000+0000,1.0093,1.01495,1.0093,1.01375
2010-10-12T00:00:00.000000000+0000,1.01375,1.0182,1.00895,1.0097
2010-10-13T00:00:00.000000000+0000,1.0097,1.01045,1.0011,1.0026
2010-10-14T00:00:00.000000000+0000,1.0026,1.00735,0.998,1.00575
2010-10-15T00:00:00.000000000+0000,1.00585,1.01385,1.0012,1.01
2010-10-16T00:00:00.000000000+0000,1.01,1.01,1.01,1.01
2010-10-17T00:00:00.000000000+0000,1.00972,1.01395,1.0088,1.01365
2010-10-18T00:00:00.000000000+0000,1.01365,1.02275,1.01345,1.01715
2010-10-19T00:00:00.000000000+0000,1.0171,1.03735,1.0161,1.03465
2010-10-20T00:00:00.000000000+0000,1.03465,1.03465,1.02055,1.02275
2010-10-21T00:00:00.000000000+0000,1.02275,1.03015,1.01675,1.0266
2010-10-22T00:00:00.000000000+0000,1.0266,1.03015,1.02225,1.02523
2010-10-23T00:00:00.000000000+0000,1.02523,1.02523,1.02523,1.02523
2010-10-24T00:00:00.000000000+0000,1.0257,1.02677,1.02395,1.02542
2010-10-25T00:00:00.000000000+0000,1.02542,1.02569,1.01539,1.02004
2010-10-26T00:00:00.000000000+0000,1.02004,1.02663,1.01813,1.02384
2010-10-27T00:00:00.000000000+0000,1.02399,1.03385,1.02251,1.02701
2010-10-28T00:00:00.000000000+0000,1.02703,1.02854,1.01803,1.01917
2010-10-29T00:00:00.000000000+0000,1.01916,1.02476,1.01688,1.01913
2010-10-30T00:00:00.000000000+0000,1.01913,1.01913,1.01913,1.01913
2010-10-31T00:00:00.000000000+0000,1.01862,1.02183,1.01789,1.01814
2010-11-01T00:00:00.000000000+0000,1.01823,1.02021,1.01253,1.01271
2010-11-02T00:00:00.000000000+0000,1.01271,1.01348,1.00783,1.00883
2010-11-03T00:00:00.000000000+0000,1.00886,1.01548,1.00454,1.00864
2010-11-04T00:00:00.000000000+0000,1.00855,1.00967,1.00103,1.00272
2010-11-05T00:00:00.000000000+0000,1.00272,1.00824,0.99912,1.00002
2010-11-06T00:00:00.000000000+0000,1.00002,1.00002,1.00002,1.00002
2010-11-07T00:00:00.000000000+0000,0.99984,1.00126,0.99967,0.99989
2010-11-08T00:00:00.000000000+0000,0.99989,1.00546,0.99933,1.00432
2010-11-09T00:00:00.000000000+0000,1.00439,1.0094,0.99801,1.00687
2010-11-10T00:00:00.000000000+0000,1.00689,1.00797,0.99934,1.00039
2010-11-11T00:00:00.000000000+0000,1.00029,1.00719,0.99776,1.00408
2010-11-12T00:00:00.000000000+0000,1.00408,1.01454,1.00263,1.01209
2010-11-13T00:00:00.000000000+0000,1.01209,1.01209,1.01209,1.01209
2010-11-14T00:00:00.000000000+0000,1.0113,1.01253,1.00994,1.01055
2010-11-15T00:00:00.000000000+0000,1.01055,1.01385,1.00567,1.00987
2010-11-16T00:00:00.000000000+0000,1.00987,1.02536,1.00694,1.02192
2010-11-17T00:00:00.000000000+0000,1.02195,1.02597,1.01809,1.02312
2010-11-18T00:00:00.000000000+0000,1.02312,1.02362,1.01551,1.01846
2010-11-19T00:00:00.000000000+0000,1.01846,1.02328,1.01611,1.0165
2010-11-20T00:00:00.000000000+0000,1.0165,1.0165,1.0165,1.0165
2010-11-21T00:00:00.000000000+0000,1.01771,1.01779,1.01543,1.0159
2010-11-22T00:00:00.000000000+0000,1.01592,1.02167,1.01208,1.01905
2010-11-23T00:00:00.000000000+0000,1.01908,1.02631,1.01613,1.02158
2010-11-24T00:00:00.000000000+0000,1.0216,1.02234,1.00916,1.00974
2010-11-25T00:00:00.000000000+0000,1.00971,1.01233,1.00754,1.00869
2010-11-26T00:00:00.000000000+0000,1.00872,1.02459,1.00834,1.02132
2010-11-27T00:00:00.000000000+0000,1.02132,1.02132,1.02132,1.02132
2010-11-28T00:00:00.000000000+0000,1.01992,1.02082,1.0142,1.01884
2010-11-29T00:00:00.000000000+0000,1.01883,1.02571,1.01675,1.01925
2010-11-30T00:00:00.000000000+0000,1.01923,1.02855,1.01704,1.0257
2010-12-01T00:00:00.000000000+0000,1.0257,1.02709,1.01411,1.01802
2010-12-02T00:00:00.000000000+0000,1.01802,1.01887,1.00237,1.0035
2010-12-03T00:00:00.000000000+0000,1.0035,1.00796,1.00022,1.00371
2010-12-04T00:00:00.000000000+0000,1.00371,1.00371,1.00371,1.00371
2010-12-05T00:00:00.000000000+0000,1.0036,1.00399,1.00162,1.00269
2010-12-06T00:00:00.000000000+0000,1.00278,1.00827,1.00212,1.00576
2010-12-07T00:00:00.000000000+0000,1.00576,1.0125,1.00113,1.01096
2010-12-08T00:00:00.000000000+0000,1.01087,1.01402,1.00628,1.01077
2010-12-09T00:00:00.000000000+0000,1.01076,1.0125,1.00659,1.01023
2010-12-10T00:00:00.000000000+0000,1.01026,1.01153,1.00833,1.00889
2010-12-11T00:00:00.000000000+0000,1.00889,1.00889,1.00889,1.00889
2010-12-12T00:00:00.000000000+0000,1.00897,1.01068,1.00828,1.01068
2010-12-13T00:00:00.000000000+0000,1.01069,1.01069,1.0027,1.00758
2010-12-14T00:00:00.000000000+0000,1.00764,1.01105,1.00278,1.00613
2010-12-15T00:00:00.000000000+0000,1.00613,1.00939,1.00003,1.00401
2010-12-16T00:00:00.000000000+0000,1.004,1.00744,1.00319,1.00571
2010-12-17T00:00:00.000000000+0000,1.00573,1.01462,1.00376,1.0114
2010-12-18T00:00:00.000000000+0000,1.0114,1.0114,1.0114,1.0114
2010-12-19T00:00:00.000000000+0000,1.01359,1.0136,1.01133,1.01223
2010-12-20T00:00:00.000000000+0000,1.01223,1.02078,1.01018,1.01777
2010-12-21T00:00:00.000000000+0000,1.01777,1.02056,1.01507,1.01765
2010-12-22T00:00:00.000000000+0000,1.01764,1.01772,1.01104,1.01259
2010-12-23T00:00:00.000000000+0000,1.01259,1.01646,1.00704,1.00931
2010-12-24T00:00:00.000000000+0000,1.00931,1.01145,1.00481,1.00789
2010-12-25T00:00:00.000000000+0000,1.00789,1.00789,1.00789,1.00789
2010-12-26T00:00:00.000000000+0000,1.00821,1.01063,1.00686,1.01043
2010-12-27T00:00:00.000000000+0000,1.01043,1.011,1.00564,1.00583
2010-12-28T00:00:00.000000000+0000,1.00581,1.00714,0.99747,1.00218
2010-12-29T00:00:00.000000000+0000,1.00219,1.00555,0.99741,0.9998
2010-12-30T00:00:00.000000000+0000,0.9998,1.00213,0.99885,0.99972
2010-12-31T00:00:00.000000000+0000,0.99972,1.00067,0.99253,0.99768
2011-01-01T00:00:00.000000000+0000,0.99289,0.99289,0.99289,0.99289
2011-01-02T00:00:00.000000000+0000,0.99734,0.9983,0.99284,0.99289
2011-01-03T00:00:00.000000000+0000,0.99289,0.99481,0.9888,0.99246
2011-01-04T00:00:00.000000000+0000,0.99246,1.00335,0.99157,0.99711
2011-01-05T00:00:00.000000000+0000,0.9971,1.00222,0.99327,0.99652
2011-01-06T00:00:00.000000000+0000,0.99651,0.99934,0.99251,0.99752
2011-01-07T00:00:00.000000000+0000,0.99752,1.00034,0.98983,0.99327
2011-01-08T00:00:00.000000000+0000,0.99327,0.99327,0.99327,0.99327
2011-01-09T00:00:00.000000000+0000,0.99281,0.99408,0.9911,0.99196
2011-01-10T00:00:00.000000000+0000,0.99196,0.99833,0.99121,0.99264
2011-01-11T00:00:00.000000000+0000,0.99264,0.99494,0.98904,0.98929
2011-01-12T00:00:00.000000000+0000,0.98933,0.98951,0.98482,0.98648
2011-01-13T00:00:00.000000000+0000,0.98645,0.99083,0.9854,0.98918
2011-01-14T00:00:00.000000000+0000,0.98918,0.9976,0.98852,0.98992
2011-01-15T00:00:00.000000000+0000,0.98992,0.98992,0.98992,0.98992
2011-01-16T00:00:00.000000000+0000,0.9896,0.99062,0.98701,0.98749
2011-01-17T00:00:00.000000000+0000,0.98756,0.99011,0.98558,0.9872
2011-01-18T00:00:00.000000000+0000,0.98722,0.9934,0.98371,0.99218
2011-01-19T00:00:00.000000000+0000,0.99218,0.99658,0.98882,0.99546
2011-01-20T00:00:00.000000000+0000,0.99543,1.00301,0.99519,0.99684
2011-01-21T00:00:00.000000000+0000,0.99684,0.99873,0.9908,0.99301
2011-01-22T00:00:00.000000000+0000,0.99301,0.99301,0.99301,0.99301
2011-01-23T00:00:00.000000000+0000,0.99265,0.99388,0.99246,0.99339
2011-01-24T00:00:00.000000000+0000,0.99349,0.99813,0.9918,0.99352
2011-01-25T00:00:00.000000000+0000,0.99352,1.00035,0.99114,0.99701
2011-01-26T00:00:00.000000000+0000,0.99702,0.99801,0.99362,0.99456
2011-01-27T00:00:00.000000000+0000,0.99459,0.99857,0.9926,0.99526
2011-01-28T00:00:00.000000000+0000,0.99527,1.00162,0.99373,1.00047
2011-01-29T00:00:00.000000000+0000,1.00047,1.00047,1.00047,1.00047
2011-01-30T00:00:00.000000000+0000,1.00044,1.00253,0.99969,1.00228
2011-01-31T00:00:00.000000000+0000,1.00231,1.00577,0.9962,1.00016
2011-02-01T00:00:00.000000000+0000,1.00016,1.00027,0.98994,0.9904
2011-02-02T00:00:00.000000000+0000,0.9904,0.99149,0.98599,0.98774
2011-02-03T00:00:00.000000000+0000,0.98774,0.99376,0.98652,0.99096
2011-02-04T00:00:00.000000000+0000,0.99096,0.99143,0.98313,0.9863
2011-02-05T00:00:00.000000000+0000,0.9863,0.9863,0.9863,0.9863
2011-02-06T00:00:00.000000000+0000,0.9874,0.98925,0.98627,0.98771
2011-02-07T00:00:00.000000000+0000,0.98771,0.99112,0.98575,0.99026
2011-02-08T00:00:00.000000000+0000,0.99026,0.99769,0.98679,0.99495
2011-02-09T00:00:00.000000000+0000,0.99495,0.99555,0.99149,0.99405
2011-02-10T00:00:00.000000000+0000,0.99405,0.99866,0.99364,0.99576
2011-02-11T00:00:00.000000000+0000,0.99572,0.99857,0.98617,0.98757
2011-02-12T00:00:00.000000000+0000,0.98757,0.98757,0.98757,0.98757
2011-02-13T00:00:00.000000000+0000,0.98816,0.98932,0.98668,0.98714
2011-02-14T00:00:00.000000000+0000,0.98714,0.99011,0.98448,0.98959
2011-02-15T00:00:00.000000000+0000,0.98958,0.99022,0.98508,0.98941
2011-02-16T00:00:00.000000000+0000,0.98941,0.98956,0.98422,0.98449
2011-02-17T00:00:00.000000000+0000,0.98449,0.98586,0.98155,0.98393
2011-02-18T00:00:00.000000000+0000,0.98393,0.98736,0.9818,0.98652
2011-02-19T00:00:00.000000000+0000,0.98652,0.98652,0.98652,0.98652
2011-02-20T00:00:00.000000000+0000,0.98598,0.9865,0.98435,0.98519
2011-02-21T00:00:00.000000000+0000,0.9852,0.98715,0.98212,0.98261
2011-02-22T00:00:00.000000000+0000,0.98261,0.9919,0.98226,0.98971
2011-02-23T00:00:00.000000000+0000,0.98974,0.99589,0.98579,0.98847
2011-02-24T00:00:00.000000000+0000,0.98847,0.99008,0.98166,0.98212
2011-02-25T00:00:00.000000000+0000,0.98211,0.98273,0.97699,0.97711
2011-02-26T00:00:00.000000000+0000,0.97711,0.97711,0.97711,0.97711
2011-02-27T00:00:00.000000000+0000,0.9773,0.97976,0.97709,0.97768
2011-02-28T00:00:00.000000000+0000,0.97769,0.97886,0.97096,0.97124
2011-03-01T00:00:00.000000000+0000,0.97124,0.97545,0.96831,0.97454
