timestamp,open,high,low,close
2000-01-01T00:00:00.000000000+0000,101.48,101.48,101.48,101.48
2000-01-02T00:00:00.000000000+0000,101.48,101.48,101.48,101.48
2000-01-03T00:00:00.000000000+0000,102.15,102.21,101.36,101.48
2000-01-04T00:00:00.000000000+0000,101.45,103.32,101.45,103.25
2000-01-05T00:00:00.000000000+0000,103.25,104.48,102.83,104.3
2000-01-06T00:00:00.000000000+0000,104.19,105.56,103.92,105.26
2000-01-07T00:00:00.000000000+0000,105.17,105.89,104.9,105.31
2000-01-08T00:00:00.000000000+0000,105.31,105.31,105.31,105.31
2000-01-09T00:00:00.000000000+0000,105.31,105.31,105.31,105.31
2000-01-10T00:00:00.000000000+0000,105.12,105.55,104.37,105.06
2000-01-11T00:00:00.000000000+0000,105.01,106.31,105.01,105.93
2000-01-12T00:00:00.000000000+0000,105.95,106.36,105.55,105.9
2000-01-13T00:00:00.000000000+0000,105.82,106.23,105.45,106.06
2000-01-14T00:00:00.000000000+0000,106.1,106.59,105.49,105.85
2000-01-15T00:00:00.000000000+0000,105.85,105.85,105.85,105.85
2000-01-16T00:00:00.000000000+0000,105.85,105.85,105.85,105.85
2000-01-17T00:00:00.000000000+0000,105.83,105.88,104.64,104.87
2000-01-18T00:00:00.000000000+0000,104.83,105.74,104.29,105.69
2000-01-19T00:00:00.000000000+0000,105.67,106.09,105.18,105.28
2000-01-20T00:00:00.000000000+0000,105.27,105.71,105.16,105.39
2000-01-21T00:00:00.000000000+0000,105.41,105.52,104.45,104.76
2000-01-22T00:00:00.000000000+0000,104.76,104.76,104.76,104.76
2000-01-23T00:00:00.000000000+0000,104.76,104.76,104.76,104.76
2000-01-24T00:00:00.000000000+0000,105.24,105.85,104.53,105.57
2000-01-25T00:00:00.000000000+0000,105.58,106.04,105.53,106.0
2000-01-26T00:00:00.000000000+0000,106.02,106.3,105.3,105.62
2000-01-27T00:00:00.000000000+0000,105.61,105.9,104.69,105.11
2000-01-28T00:00:00.000000000+0000,105.01,107.25,104.58,107.07
2000-01-29T00:00:00.000000000+0000,107.07,107.07,107.07,107.07
2000-01-30T00:00:00.000000000+0000,107.07,107.07,107.07,107.07
2000-01-31T00:00:00.000000000+0000,107.06,107.52,106.62,107.33
2000-02-01T00:00:00.000000000+0000,107.35,107.92,107.06,107.86
2000-02-02T00:00:00.000000000+0000,107.87,109.05,107.61,108.12
2000-02-03T00:00:00.000000000+0000,108.07,108.77,107.15,107.5
2000-02-04T00:00:00.000000000+0000,107.57,108.03,107.07,107.16
2000-02-05T00:00:00.000000000+0000,107.16,107.16,107.16,107.16
2000-02-06T00:00:00.000000000+0000,107.16,107.16,107.16,107.16
2000-02-07T00:00:00.000000000+0000,107.34,108.82,107.23,108.61
2000-02-08T00:00:00.000000000+0000,108.59,109.68,108.59,109.47
2000-02-09T00:00:00.000000000+0000,109.45,109.75,108.56,108.82
2000-02-10T00:00:00.000000000+0000,108.75,109.26,108.3,109.17
2000-02-11T00:00:00.000000000+0000,109.16,109.75,108.69,108.79
2000-02-12T00:00:00.000000000+0000,108.79,108.79,108.79,108.79
2000-02-13T00:00:00.000000000+0000,108.79,108.79,108.79,108.79
2000-02-14T00:00:00.000000000+0000,109.04,109.05,108.07,108.9
2000-02-15T00:00:00.000000000+0000,108.93,109.32,108.48,109.15
2000-02-16T00:00:00.000000000+0000,109.2,109.65,108.91,109.44
2000-02-17T00:00:00.000000000+0000,109.44,110.66,109.2,110.5
2000-02-18T00:00:00.000000000+0000,110.52,111.25,110.3,110.89
2000-02-19T00:00:00.000000000+0000,110.89,110.89,110.89,110.89
2000-02-20T00:00:00.000000000+0000,110.89,110.89,110.89,110.89
2000-02-21T00:00:00.000000000+0000,110.89,110.89,110.89,110.89
2000-02-22T00:00:00.000000000+0000,111.22,111.73,110.58,110.82
2000-02-23T00:00:00.000000000+0000,110.77,111.34,110.12,111.13
2000-02-24T00:00:00.000000000+0000,111.11,111.54,110.58,111.32
2000-02-25T00:00:00.000000000+0000,111.27,111.46,110.14,110.15
2000-02-26T00:00:00.000000000+0000,110.15,110.15,110.15,110.15
2000-02-27T00:00:00.000000000+0000,110.15,110.15,110.15,110.15
2000-02-28T00:00:00.000000000+0000,108.92,110.4,108.35,109.5
2000-02-29T00:00:00.000000000+0000,109.5,110.42,109.34,110.16
2000-03-01T00:00:00.000000000+0000,110.23,110.31,106.58,107.21
2000-03-02T00:00:00.000000000+0000,107.2,107.95,106.59,107.76
2000-03-03T00:00:00.000000000+0000,107.87,108.04,107.34,107.72
2000-03-04T00:00:00.000000000+0000,107.72,107.72,107.72,107.72
2000-03-05T00:00:00.000000000+0000,107.72,107.72,107.72,107.72
2000-03-06T00:00:00.000000000+0000,107.86,107.92,106.75,107.54
2000-03-07T00:00:00.000000000+0000,107.53,108.13,105.81,106.17
2000-03-08T00:00:00.000000000+0000,106.2,107.48,106.03,107.17
2000-03-09T00:00:00.000000000+0000,107.15,107.55,106.19,106.6
2000-03-10T00:00:00.000000000+0000,106.58,106.74,106.08,106.34
2000-03-11T00:00:00.000000000+0000,106.34,106.34,106.34,106.34
2000-03-12T00:00:00.000000000+0000,106.34,106.34,106.34,106.34
2000-03-13T00:00:00.000000000+0000,106.3,106.59,104.82,105.5
2000-03-14T00:00:00.000000000+0000,105.53,105.91,104.63,105.2
2000-03-15T00:00:00.000000000+0000,105.17,106.2,104.77,105.66
2000-03-16T00:00:00.000000000+0000,105.64,105.79,105.12,105.46
2000-03-17T00:00:00.000000000+0000,105.45,106.79,105.35,106.69
2000-03-18T00:00:00.000000000+0000,106.69,106.69,106.69,106.69
2000-03-19T00:00:00.000000000+0000,106.69,106.69,106.69,106.69
2000-03-20T00:00:00.000000000+0000,106.85,107.08,106.28,106.37
2000-03-21T00:00:00.000000000+0000,106.33,107.2,106.19,106.74
2000-03-22T00:00:00.000000000+0000,106.76,107.15,106.4,107.06
2000-03-23T00:00:00.000000000+0000,107.08,107.8,106.96,107.22
2000-03-24T00:00:00.000000000+0000,107.3,107.66,106.72,106.84
2000-03-25T00:00:00.000000000+0000,106.84,106.84,106.84,106.84
2000-03-26T00:00:00.000000000+0000,106.84,106.84,106.84,106.84
2000-03-27T00:00:00.000000000+0000,106.86,107.15,106.62,106.78
2000-03-28T00:00:00.000000000+0000,106.74,106.79,105.68,106.0
2000-03-29T00:00:00.000000000+0000,105.8,106.47,105.01,105.73
2000-03-30T00:00:00.000000000+0000,105.72,105.89,104.85,105.44
2000-03-31T00:00:00.000000000+0000,105.45,106.07,102.05,102.64
2000-04-01T00:00:00.000000000+0000,102.64,102.64,102.64,102.64
2000-04-02T00:00:00.000000000+0000,102.64,102.64,102.64,102.64
2000-04-03T00:00:00.000000000+0000,103.34,105.61,102.85,104.9
2000-04-04T00:00:00.000000000+0000,104.9,105.76,104.17,105.2
2000-04-05T00:00:00.000000000+0000,105.26,105.55,104.76,104.8
2000-04-06T00:00:00.000000000+0000,104.82,105.12,104.3,104.75
2000-04-07T00:00:00.000000000+0000,104.77,105.5,104.7,105.41
2000-04-08T00:00:00.000000000+0000,105.41,105.41,105.41,105.41
2000-04-09T00:00:00.000000000+0000,105.41,105.41,105.41,105.41
2000-04-10T00:00:00.000000000+0000,105.37,106.84,105.31,106.48
2000-04-11T00:00:00.000000000+0000,106.47,107.14,106.27,106.9
2000-04-12T00:00:00.000000000+0000,106.87,106.97,105.28,105.8
2000-04-13T00:00:00.000000000+0000,105.78,106.1,105.62,105.86
2000-04-14T00:00:00.000000000+0000,105.8,106.55,104.74,104.78
2000-04-15T00:00:00.000000000+0000,104.78,104.78,104.78,104.78
2000-04-16T00:00:00.000000000+0000,104.78,104.78,104.78,104.78
2000-04-17T00:00:00.000000000+0000,104.27,105.3,103.24,104.47
2000-04-18T00:00:00.000000000+0000,104.48,104.85,103.47,104.66
2000-04-19T00:00:00.000000000+0000,104.67,105.03,104.24,104.87
2000-04-20T00:00:00.000000000+0000,104.87,105.88,104.48,105.68
2000-04-21T00:00:00.000000000+0000,105.68,105.68,105.68,105.68
2000-04-22T00:00:00.000000000+0000,105.68,105.68,105.68,105.68
2000-04-23T00:00:00.000000000+0000,105.68,105.68,105.68,105.68
2000-04-24T00:00:00.000000000+0000,105.8,106.0,105.11,105.68
2000-04-25T00:00:00.000000000+0000,105.69,106.33,105.22,106.27
2000-04-26T00:00:00.000000000+0000,106.29,106.75,105.52,106.22
2000-04-27T00:00:00.000000000+0000,106.25,106.6,105.87,106.38
2000-04-28T00:00:00.000000000+0000,106.36,108.31,106.36,108.07
2000-04-29T00:00:00.000000000+0000,108.07,108.07,108.07,108.07
2000-04-30T00:00:00.000000000+0000,108.07,108.07,108.07,108.07
2000-05-01T00:00:00.000000000+0000,107.82,109.06,107.72,108.76
2000-05-02T00:00:00.000000000+0000,108.75,108.94,108.26,108.46
2000-05-03T00:00:00.000000000+0000,108.45,109.47,108.36,109.12
2000-05-04T00:00:00.000000000+0000,109.08,109.62,107.69,107.96
2000-05-05T00:00:00.000000000+0000,108.01,108.72,107.26,108.47
2000-05-06T00:00:00.000000000+0000,108.47,108.47,108.47,108.47
2000-05-07T00:00:00.000000000+0000,108.47,108.47,108.47,108.47
2000-05-08T00:00:00.000000000+0000,108.75,109.2,108.3,108.9
2000-05-09T00:00:00.000000000+0000,108.92,109.65,108.6,109.21
2000-05-10T00:00:00.000000000+0000,109.25,109.61,108.52,109.47
2000-05-11T00:00:00.000000000+0000,109.38,110.03,108.08,108.48
2000-05-12T00:00:00.000000000+0000,108.4,109.05,107.7,108.19
2000-05-13T00:00:00.000000000+0000,108.19,108.19,108.19,108.19
2000-05-14T00:00:00.000000000+0000,108.19,108.19,108.19,108.19
2000-05-15T00:00:00.000000000+0000,108.65,109.58,108.6,109.25
2000-05-16T00:00:00.000000000+0000,109.07,109.9,108.79,109.67
2000-05-17T00:00:00.000000000+0000,109.67,110.02,109.04,109.23
2000-05-18T00:00:00.000000000+0000,109.2,109.45,108.46,108.54
2000-05-19T00:00:00.000000000+0000,108.47,108.85,106.35,106.97
2000-05-20T00:00:00.000000000+0000,106.97,106.97,106.97,106.97
2000-05-21T00:00:00.000000000+0000,106.97,106.97,106.97,106.97
2000-05-22T00:00:00.000000000+0000,107.11,107.45,106.57,107.12
2000-05-23T00:00:00.000000000+0000,107.14,107.65,106.42,106.43
2000-05-24T00:00:00.000000000+0000,106.41,107.95,106.41,107.72
2000-05-25T00:00:00.000000000+0000,107.72,107.97,107.28,107.35
2000-05-26T00:00:00.000000000+0000,107.33,107.82,106.58,107.1
2000-05-27T00:00:00.000000000+0000,107.1,107.1,107.1,107.1
2000-05-28T00:00:00.000000000+0000,107.1,107.1,107.1,107.1
2000-05-29T00:00:00.000000000+0000,107.1,107.1,107.1,107.1
2000-05-30T00:00:00.000000000+0000,106.97,107.01,106.07,106.57
2000-05-31T00:00:00.000000000+0000,106.58,107.92,106.2,107.61
2000-06-01T00:00:00.000000000+0000,107.65,109.05,107.63,108.55
2000-06-02T00:00:00.000000000+0000,108.53,109.02,107.67,108.36
2000-06-03T00:00:00.000000000+0000,108.36,108.36,108.36,108.36
2000-06-04T00:00:00.000000000+0000,108.36,108.36,108.36,108.36
2000-06-05T00:00:00.000000000+0000,108.01,108.27,107.28,107.33
2000-06-06T00:00:00.000000000+0000,107.32,107.6,105.23,105.81
2000-06-07T00:00:00.000000000+0000,105.81,106.2,105.05,105.39
2000-06-08T00:00:00.000000000+0000,105.43,106.25,105.16,105.85
2000-06-09T00:00:00.000000000+0000,105.87,107.18,105.87,107.07
2000-06-10T00:00:00.000000000+0000,107.07,107.07,107.07,107.07
2000-06-11T00:00:00.000000000+0000,107.07,107.07,107.07,107.07
2000-06-12T00:00:00.000000000+0000,106.78,107.18,106.37,106.88
2000-06-13T00:00:00.000000000+0000,106.87,107.0,106.22,106.93
2000-06-14T00:00:00.000000000+0000,106.93,107.11,106.32,106.64
2000-06-15T00:00:00.000000000+0000,106.65,106.73,105.9,106.42
2000-06-16T00:00:00.000000000+0000,106.44,106.62,106.05,106.35
2000-06-17T00:00:00.000000000+0000,106.35,106.35,106.35,106.35
2000-06-18T00:00:00.000000000+0000,106.35,106.35,106.35,106.35
2000-06-19T00:00:00.000000000+0000,106.4,106.49,105.62,105.85
2000-06-20T00:00:00.000000000+0000,105.84,105.89,105.23,105.43
2000-06-21T00:00:00.000000000+0000,105.44,105.64,105.18,105.48
2000-06-22T00:00:00.000000000+0000,105.54,105.65,104.14,104.53
2000-06-23T00:00:00.000000000+0000,104.52,105.7,103.93,104.74
2000-06-24T00:00:00.000000000+0000,104.74,104.74,104.74,104.74
2000-06-25T00:00:00.000000000+0000,104.74,104.74,104.74,104.74
2000-06-26T00:00:00.000000000+0000,104.59,105.76,104.29,105.6
2000-06-27T00:00:00.000000000+0000,105.59,105.9,105.25,105.25
2000-06-28T00:00:00.000000000+0000,105.24,105.9,105.2,105.52
2000-06-29T00:00:00.000000000+0000,105.5,105.51,104.41,105.27
2000-06-30T00:00:00.000000000+0000,105.3,106.37,104.76,106.07
2000-07-01T00:00:00.000000000+0000,106.07,106.07,106.07,106.07
2000-07-02T00:00:00.000000000+0000,106.07,106.07,106.07,106.07
2000-07-03T00:00:00.000000000+0000,106.02,106.45,105.62,105.65
2000-07-04T00:00:00.000000000+0000,105.65,105.65,105.65,105.65
2000-07-05T00:00:00.000000000+0000,106.13,107.18,105.73,106.97
2000-07-06T00:00:00.000000000+0000,106.96,107.5,106.83,107.4
2000-07-07T00:00:00.000000000+0000,107.42,107.94,107.05,107.89
2000-07-08T00:00:00.000000000+0000,107.89,107.89,107.89,107.89
2000-07-09T00:00:00.000000000+0000,107.89,107.89,107.89,107.89
2000-07-10T00:00:00.000000000+0000,107.83,107.89,106.59,107.02
2000-07-11T00:00:00.000000000+0000,107.01,107.48,106.62,107.12
2000-07-12T00:00:00.000000000+0000,107.09,108.45,107.05,108.1
2000-07-13T00:00:00.000000000+0000,108.1,108.4,106.99,108.12
2000-07-14T00:00:00.000000000+0000,108.02,108.43,107.57,108.07
2000-07-15T00:00:00.000000000+0000,108.07,108.07,108.07,108.07
2000-07-16T00:00:00.000000000+0000,108.07,108.07,108.07,108.07
2000-07-17T00:00:00.000000000+0000,107.7,108.8,107.33,107.98
2000-07-18T00:00:00.000000000+0000,107.99,108.52,107.64,108.16
2000-07-19T00:00:00.000000000+0000,108.16,108.52,107.74,108.22
2000-07-20T00:00:00.000000000+0000,108.23,108.3,107.33,107.54
2000-07-21T00:00:00.000000000+0000,107.49,109.18,107.42,108.99
2000-07-22T00:00:00.000000000+0000,108.99,108.99,108.99,108.99
2000-07-23T00:00:00.000000000+0000,108.99,108.99,108.99,108.99
2000-07-24T00:00:00.000000000+0000,108.72,109.13,108.49,108.76
2000-07-25T00:00:00.000000000+0000,108.75,109.3,108.3,109.08
2000-07-26T00:00:00.000000000+0000,109.1,109.6,108.8,109.14
2000-07-27T00:00:00.000000000+0000,109.1,109.45,108.74,109.11
2000-07-28T00:00:00.000000000+0000,109.15,109.78,108.55,109.68
2000-07-29T00:00:00.000000000+0000,109.68,109.68,109.68,109.68
2000-07-30T00:00:00.000000000+0000,109.68,109.68,109.68,109.68
2000-07-31T00:00:00.000000000+0000,109.58,109.78,109.19,109.32
2000-08-01T00:00:00.000000000+0000,109.3,109.77,108.96,109.25
2000-08-02T00:00:00.000000000+0000,109.25,109.78,108.33,108.85
2000-08-03T00:00:00.000000000+0000,108.86,109.58,107.95,108.33
2000-08-04T00:00:00.000000000+0000,108.35,108.64,108.07,108.56
2000-08-05T00:00:00.000000000+0000,108.56,108.56,108.56,108.56
2000-08-06T00:00:00.000000000+0000,108.56,108.56,108.56,108.56
2000-08-07T00:00:00.000000000+0000,108.55,109.15,108.5,109.04
2000-08-08T00:00:00.000000000+0000,109.03,109.25,108.34,108.56
2000-08-09T00:00:00.000000000+0000,108.53,108.68,107.78,107.87
2000-08-10T00:00:00.000000000+0000,107.86,109.1,107.2,108.65
2000-08-11T00:00:00.000000000+0000,108.61,108.9,108.32,108.41
2000-08-12T00:00:00.000000000+0000,108.41,108.41,108.41,108.41
2000-08-13T00:00:00.000000000+0000,108.41,108.41,108.41,108.41
2000-08-14T00:00:00.000000000+0000,108.63,109.65,108.3,109.4
2000-08-15T00:00:00.000000000+0000,109.4,109.62,108.62,108.99
2000-08-16T00:00:00.000000000+0000,108.98,109.45,108.34,108.51
2000-08-17T00:00:00.000000000+0000,108.54,108.64,108.26,108.55
2000-08-18T00:00:00.000000000+0000,108.55,109.11,108.09,108.3
2000-08-19T00:00:00.000000000+0000,108.3,108.3,108.3,108.3
2000-08-20T00:00:00.000000000+0000,108.3,108.3,108.3,108.3
2000-08-21T00:00:00.000000000+0000,108.26,108.75,107.83,108.66
2000-08-22T00:00:00.000000000+0000,108.67,108.71,108.15,108.29
2000-08-23T00:00:00.000000000+0000,107.0,108.35,106.85,107.03
2000-08-24T00:00:00.000000000+0000,107.04,107.37,106.59,106.86
2000-08-25T00:00:00.000000000+0000,106.86,107.28,106.6,106.82
2000-08-26T00:00:00.000000000+0000,106.82,106.82,106.82,106.82
2000-08-27T00:00:00.000000000+0000,106.82,106.82,106.82,106.82
2000-08-28T00:00:00.000000000+0000,106.75,106.86,106.08,106.5
2000-08-29T00:00:00.000000000+0000,106.7,106.7,106.02,106.07
2000-08-30T00:00:00.000000000+0000,106.03,106.7,105.95,106.44
2000-08-31T00:00:00.000000000+0000,106.44,106.8,106.16,106.67
2000-09-01T00:00:00.000000000+0000,106.66,106.72,105.58,105.87
2000-09-02T00:00:00.000000000+0000,105.87,105.87,105.87,105.87
2000-09-03T00:00:00.000000000+0000,105.87,105.87,105.87,105.87
2000-09-04T00:00:00.000000000+0000,105.87,105.87,105.87,105.87
2000-09-05T00:00:00.000000000+0000,105.9,106.52,105.78,105.82
2000-09-06T00:00:00.000000000+0000,105.82,106.11,105.58,105.85
2000-09-07T00:00:00.000000000+0000,105.9,106.45,104.79,105.15
2000-09-08T00:00:00.000000000+0000,105.13,106.26,105.09,106.11
2000-09-09T00:00:00.000000000+0000,106.11,106.11,106.11,106.11
2000-09-10T00:00:00.000000000+0000,106.11,106.11,106.11,106.11
2000-09-11T00:00:00.000000000+0000,106.25,106.55,105.87,106.0
2000-09-12T00:00:00.000000000+0000,106.14,107.03,106.05,106.79
2000-09-13T00:00:00.000000000+0000,106.81,107.33,106.81,107.1
2000-09-14T00:00:00.000000000+0000,107.05,107.73,106.93,107.52
2000-09-15T00:00:00.000000000+0000,107.53,107.73,107.1,107.09
2000-09-16T00:00:00.000000000+0000,107.09,107.09,107.09,107.09
2000-09-17T00:00:00.000000000+0000,107.09,107.09,107.09,107.09
2000-09-18T00:00:00.000000000+0000,107.11,107.45,106.69,106.9
2000-09-19T00:00:00.000000000+0000,106.85,107.13,106.71,106.97
2000-09-20T00:00:00.000000000+0000,106.95,107.38,106.41,106.54
2000-09-21T00:00:00.000000000+0000,106.53,106.8,106.23,106.61
2000-09-22T00:00:00.000000000+0000,106.63,108.13,106.42,107.9
2000-09-23T00:00:00.000000000+0000,107.9,107.9,107.9,107.9
2000-09-24T00:00:00.000000000+0000,107.9,107.9,107.9,107.9
2000-09-25T00:00:00.000000000+0000,107.88,108.2,107.35,107.69
2000-09-26T00:00:00.000000000+0000,107.74,107.95,107.16,107.56
2000-09-27T00:00:00.000000000+0000,107.55,107.9,107.2,107.3
2000-09-28T00:00:00.000000000+0000,107.29,107.79,107.22,107.63
2000-09-29T00:00:00.000000000+0000,107.62,108.47,107.42,108.06
2000-09-30T00:00:00.000000000+0000,108.06,108.06,108.06,108.06
2000-10-01T00:00:00.000000000+0000,108.06,108.06,108.06,108.06
2000-10-02T00:00:00.000000000+0000,108.13,108.94,108.08,108.75
2000-10-03T00:00:00.000000000+0000,108.76,108.98,108.44,108.82
2000-10-04T00:00:00.000000000+0000,108.8,109.45,108.55,109.27
2000-10-05T00:00:00.000000000+0000,109.28,109.6,109.05,109.14
2000-10-06T00:00:00.000000000+0000,109.13,109.15,108.38,108.76
2000-10-07T00:00:00.000000000+0000,108.76,108.76,108.76,108.76
2000-10-08T00:00:00.000000000+0000,108.76,108.76,108.76,108.76
2000-10-09T00:00:00.000000000+0000,108.88,109.12,108.55,108.8
2000-10-10T00:00:00.000000000+0000,108.77,108.87,107.65,107.81
2000-10-11T00:00:00.000000000+0000,107.81,108.14,107.49,107.75
2000-10-12T00:00:00.000000000+0000,107.74,108.16,107.36,107.66
2000-10-13T00:00:00.000000000+0000,107.67,107.97,107.45,107.83
2000-10-14T00:00:00.000000000+0000,107.83,107.83,107.83,107.83
2000-10-15T00:00:00.000000000+0000,107.83,107.83,107.83,107.83
2000-10-16T00:00:00.000000000+0000,107.67,108.35,107.53,108.05
2000-10-17T00:00:00.000000000+0000,108.04,108.3,107.73,107.99
2000-10-18T00:00:00.000000000+0000,107.97,108.31,107.43,107.7
2000-10-19T00:00:00.000000000+0000,107.6,108.61,107.55,108.36
2000-10-20T00:00:00.000000000+0000,108.35,109.17,108.25,108.88
2000-10-21T00:00:00.000000000+0000,108.88,108.88,108.88,108.88
2000-10-22T00:00:00.000000000+0000,108.88,108.88,108.88,108.88
2000-10-23T00:00:00.000000000+0000,108.9,109.04,108.2,108.22
2000-10-24T00:00:00.000000000+0000,108.22,108.89,107.71,107.7
2000-10-25T00:00:00.000000000+0000,108.77,108.27,107.63,108.19
2000-10-26T00:00:00.000000000+0000,108.23,108.62,107.94,108.25
2000-10-27T00:00:00.000000000+0000,108.26,108.82,108.24,108.6
2000-10-28T00:00:00.000000000+0000,108.6,108.6,108.6,108.6
2000-10-29T00:00:00.000000000+0000,108.6,108.6,108.6,108.6
2000-10-30T00:00:00.000000000+0000,108.64,108.99,108.44,108.93
2000-10-31T00:00:00.000000000+0000,109.0,109.3,108.74,108.97
2000-11-01T00:00:00.000000000+0000,108.85,109.14,108.15,108.17
2000-11-02T00:00:00.000000000+0000,108.19,108.78,108.0,108.12
2000-11-03T00:00:00.000000000+0000,108.23,108.35,106.83,106.95
2000-11-04T00:00:00.000000000+0000,106.95,106.95,106.95,106.95
2000-11-05T00:00:00.000000000+0000,106.95,106.95,106.95,106.95
2000-11-06T00:00:00.000000000+0000,107.21,107.6,106.9,107.45
2000-11-07T00:00:00.000000000+0000,107.41,107.5,106.95,107.05
2000-11-08T00:00:00.000000000+0000,107.04,107.83,106.95,107.23
2000-11-09T00:00:00.000000000+0000,107.22,107.81,107.12,107.33
2000-11-10T00:00:00.000000000+0000,107.37,107.98,107.37,107.86
2000-11-11T00:00:00.000000000+0000,107.86,107.86,107.86,107.86
2000-11-12T00:00:00.000000000+0000,107.86,107.86,107.86,107.86
2000-11-13T00:00:00.000000000+0000,107.94,108.07,107.41,107.67
2000-11-14T00:00:00.000000000+0000,107.58,108.2,107.5,108.17
2000-11-15T00:00:00.000000000+0000,108.22,108.92,107.99,108.81
2000-11-16T00:00:00.000000000+0000,108.76,109.12,108.63,108.87
2000-11-17T00:00:00.000000000+0000,108.84,108.95,108.56,108.79
2000-11-18T00:00:00.000000000+0000,108.79,108.79,108.79,108.79
2000-11-19T00:00:00.000000000+0000,108.79,108.79,108.79,108.79
2000-11-20T00:00:00.000000000+0000,108.8,110.35,108.72,109.85
2000-11-21T00:00:00.000000000+0000,109.84,110.43,109.6,110.02
2000-11-22T00:00:00.000000000+0000,110.05,110.28,109.45,110.17
2000-11-23T00:00:00.000000000+0000,110.17,110.17,110.17,110.17
2000-11-24T00:00:00.000000000+0000,110.16,111.43,110.16,111.25
2000-11-25T00:00:00.000000000+0000,111.25,111.25,111.25,111.25
2000-11-26T00:00:00.000000000+0000,111.25,111.25,111.25,111.25
2000-11-27T00:00:00.000000000+0000,111.16,111.5,110.51,110.69
2000-11-28T00:00:00.000000000+0000,110.37,110.81,110.05,110.15
2000-11-29T00:00:00.000000000+0000,110.15,111.33,109.82,111.24
2000-11-30T00:00:00.000000000+0000,111.21,111.37,110.33,110.38
2000-12-01T00:00:00.000000000+0000,110.37,112.03,110.33,111.17
2000-12-02T00:00:00.000000000+0000,111.17,111.17,111.17,111.17
2000-12-03T00:00:00.000000000+0000,111.17,111.17,111.17,111.17
2000-12-04T00:00:00.000000000+0000,111.36,111.4,110.42,110.94
2000-12-05T00:00:00.000000000+0000,111.14,111.37,110.43,111.13
2000-12-06T00:00:00.000000000+0000,111.0,111.15,110.21,110.31
2000-12-07T00:00:00.000000000+0000,110.22,110.85,110.17,110.47
2000-12-08T00:00:00.000000000+0000,110.49,111.45,110.28,110.97
2000-12-09T00:00:00.000000000+0000,110.97,110.97,110.97,110.97
2000-12-10T00:00:00.000000000+0000,110.97,110.97,110.97,110.97
2000-12-11T00:00:00.000000000+0000,111.37,111.4,110.55,110.77
2000-12-12T00:00:00.000000000+0000,110.74,111.75,110.7,111.41
2000-12-13T00:00:00.000000000+0000,111.39,112.73,111.33,112.32
2000-12-14T00:00:00.000000000+0000,111.39,112.83,112.04,112.04
2000-12-15T00:00:00.000000000+0000,111.88,112.74,111.88,112.57
2000-12-16T00:00:00.000000000+0000,112.57,112.57,112.57,112.57
2000-12-17T00:00:00.000000000+0000,112.57,112.57,112.57,112.57
2000-12-18T00:00:00.000000000+0000,112.52,112.73,111.91,112.26
2000-12-19T00:00:00.000000000+0000,112.19,112.57,111.82,112.39
2000-12-20T00:00:00.000000000+0000,112.42,113.04,112.42,112.76
2000-12-21T00:00:00.000000000+0000,112.78,113.15,111.89,112.15
2000-12-22T00:00:00.000000000+0000,112.21,112.99,112.05,112.84
2000-12-23T00:00:00.000000000+0000,112.84,112.84,112.84,112.84
2000-12-24T00:00:00.000000000+0000,112.84,112.84,112.84,112.84
2000-12-25T00:00:00.000000000+0000,112.84,112.84,112.84,112.84
2000-12-26T00:00:00.000000000+0000,112.93,113.67,112.91,113.55
2000-12-27T00:00:00.000000000+0000,113.6,114.45,113.6,114.11
2000-12-28T00:00:00.000000000+0000,114.16,114.92,114.14,114.41
2000-12-29T00:00:00.000000000+0000,114.41,115.08,114.19,114.32
2001-01-01T00:00:00.000000000+0000,114.36,114.36,114.36,114.36
2001-01-02T00:00:00.000000000+0000,114.41,115.05,114.17,114.36
2001-01-03T00:00:00.000000000+0000,114.44,114.67,113.6,113.6
2001-01-04T00:00:00.000000000+0000,113.72,115.79,113.69,115.62
2001-01-05T00:00:00.000000000+0000,115.62,116.88,115.6,116.52
2001-01-06T00:00:00.000000000+0000,116.52,116.52,116.52,116.52
2001-01-07T00:00:00.000000000+0000,116.52,116.52,116.52,116.52
2001-01-08T00:00:00.000000000+0000,116.56,116.62,115.67,115.92
2001-01-09T00:00:00.000000000+0000,116.24,116.86,115.65,116.81
2001-01-10T00:00:00.000000000+0000,116.81,117.15,115.79,116.5
2001-01-11T00:00:00.000000000+0000,116.28,117.79,116.28,117.6
2001-01-12T00:00:00.000000000+0000,117.92,118.54,117.42,118.43
2001-01-13T00:00:00.000000000+0000,118.43,118.43,118.43,118.43
2001-01-14T00:00:00.000000000+0000,118.43,118.43,118.43,118.43
2001-01-15T00:00:00.000000000+0000,118.43,118.43,118.43,118.43
2001-01-16T00:00:00.000000000+0000,118.92,119.14,117.1,117.63
2001-01-17T00:00:00.000000000+0000,117.76,118.94,116.93,118.89
2001-01-18T00:00:00.000000000+0000,118.92,119.87,117.64,118.05
2001-01-19T00:00:00.000000000+0000,118.04,118.29,116.98,117.13
2001-01-20T00:00:00.000000000+0000,117.13,117.13,117.13,117.13
2001-01-21T00:00:00.000000000+0000,117.13,117.13,117.13,117.13
2001-01-22T00:00:00.000000000+0000,117.05,117.06,116.16,116.27
2001-01-23T00:00:00.000000000+0000,116.48,117.4,116.44,116.86
2001-01-24T00:00:00.000000000+0000,116.66,118.45,116.53,117.82
2001-01-25T00:00:00.000000000+0000,117.82,118.12,116.39,116.86
2001-01-26T00:00:00.000000000+0000,116.77,117.58,116.33,117.25
2001-01-27T00:00:00.000000000+0000,117.25,117.25,117.25,117.25
2001-01-28T00:00:00.000000000+0000,117.25,117.25,117.25,117.25
2001-01-29T00:00:00.000000000+0000,117.5,117.74,116.17,116.69
2001-01-30T00:00:00.000000000+0000,116.73,116.92,115.55,115.79
2001-01-31T00:00:00.000000000+0000,115.84,116.67,115.65,116.5
2001-02-01T00:00:00.000000000+0000,116.48,116.75,115.27,115.57
2001-02-02T00:00:00.000000000+0000,115.6,115.95,114.95,115.63
2001-02-03T00:00:00.000000000+0000,115.63,115.63,115.63,115.63
2001-02-04T00:00:00.000000000+0000,115.63,115.63,115.63,115.63
2001-02-05T00:00:00.000000000+0000,115.64,116.04,114.63,114.69
2001-02-06T00:00:00.000000000+0000,114.68,115.26,114.36,114.79
2001-02-07T00:00:00.000000000+0000,114.75,116.4,114.67,116.29
2001-02-08T00:00:00.000000000+0000,116.22,116.75,115.86,116.64
2001-02-09T00:00:00.000000000+0000,116.7,117.75,116.34,117.48
2001-02-10T00:00:00.000000000+0000,117.48,117.48,117.48,117.48
2001-02-11T00:00:00.000000000+0000,117.48,117.48,117.48,117.48
2001-02-12T00:00:00.000000000+0000,117.54,117.94,117.37,117.4
2001-02-13T00:00:00.000000000+0000,117.42,117.68,116.56,116.82
2001-02-14T00:00:00.000000000+0000,116.81,116.89,116.08,116.35
2001-02-15T00:00:00.000000000+0000,116.38,116.55,115.37,115.37
2001-02-16T00:00:00.000000000+0000,115.38,115.9,114.56,115.7
2001-02-17T00:00:00.000000000+0000,115.7,115.7,115.7,115.7
2001-02-18T00:00:00.000000000+0000,115.7,115.7,115.7,115.7
2001-02-19T00:00:00.000000000+0000,115.83,116.18,115.56,116.03
2001-02-20T00:00:00.000000000+0000,116.01,116.2,115.24,115.68
2001-02-21T00:00:00.000000000+0000,115.63,116.85,115.34,116.57
2001-02-22T00:00:00.000000000+0000,116.51,117.18,115.56,116.91
2001-02-23T00:00:00.000000000+0000,116.89,117.17,115.64,115.78
2001-02-24T00:00:00.000000000+0000,115.78,115.78,115.78,115.78
2001-02-25T00:00:00.000000000+0000,115.78,115.78,115.78,115.78
2001-02-26T00:00:00.000000000+0000,115.8,116.77,115.76,116.4
2001-02-27T00:00:00.000000000+0000,115.8,116.65,115.95,116.02
2001-02-28T00:00:00.000000000+0000,116.0,117.52,115.89,117.3
2001-03-01T00:00:00.000000000+0000,117.28,117.56,117.02,117.35
2001-03-02T00:00:00.000000000+0000,117.38,119.29,117.31,118.97
2001-03-03T00:00:00.000000000+0000,118.97,118.97,118.97,118.97
2001-03-04T00:00:00.000000000+0000,118.97,118.97,118.97,118.97
2001-03-05T00:00:00.000000000+0000,119.17,119.75,118.66,119.2
2001-03-06T00:00:00.000000000+0000,118.65,119.22,118.25,118.8
2001-03-07T00:00:00.000000000+0000,119.23,120.24,118.59,119.91
2001-03-08T00:00:00.000000000+0000,119.94,120.4,119.18,119.72
2001-03-09T00:00:00.000000000+0000,119.72,119.85,119.09,119.46
2001-03-10T00:00:00.000000000+0000,119.46,119.46,119.46,119.46
2001-03-11T00:00:00.000000000+0000,119.46,119.46,119.46,119.46
2001-03-12T00:00:00.000000000+0000,119.48,120.7,119.45,120.41
2001-03-13T00:00:00.000000000+0000,120.43,120.58,119.63,119.65
2001-03-14T00:00:00.000000000+0000,119.6,121.19,119.32,120.96
2001-03-15T00:00:00.000000000+0000,120.98,122.58,120.52,122.37
2001-03-16T00:00:00.000000000+0000,122.38,123.17,121.89,122.98
2001-03-17T00:00:00.000000000+0000,122.98,122.98,122.98,122.98
2001-03-18T00:00:00.000000000+0000,122.98,122.98,122.98,122.98
2001-03-19T00:00:00.000000000+0000,123.0,123.61,122.04,122.92
2001-03-20T00:00:00.000000000+0000,122.83,122.99,122.05,122.19
2001-03-21T00:00:00.000000000+0000,122.1,123.92,122.0,123.41
2001-03-22T00:00:00.000000000+0000,123.37,124.35,123.04,123.46
2001-03-23T00:00:00.000000000+0000,123.51,123.77,122.52,122.75
2001-03-24T00:00:00.000000000+0000,122.75,122.75,122.75,122.75
2001-03-25T00:00:00.000000000+0000,122.75,122.75,122.75,122.75
2001-03-26T00:00:00.000000000+0000,122.65,123.81,122.55,122.59
2001-03-27T00:00:00.000000000+0000,122.59,123.35,121.65,122.19
2001-03-28T00:00:00.000000000+0000,122.19,122.74,121.42,122.26
2001-03-29T00:00:00.000000000+0000,122.25,123.76,122.15,123.68
2001-03-30T00:00:00.000000000+0000,123.71,126.31,123.25,126.16
2001-03-31T00:00:00.000000000+0000,126.16,126.16,126.16,126.16
2001-04-01T00:00:00.000000000+0000,126.16,126.16,126.16,126.16
2001-04-02T00:00:00.000000000+0000,126.36,126.82,125.68,126.75
2001-04-03T00:00:00.000000000+0000,126.64,126.76,125.22,125.51
2001-04-04T00:00:00.000000000+0000,125.48,126.27,124.84,125.26
2001-04-05T00:00:00.000000000+0000,125.23,125.5,123.53,123.98
2001-04-06T00:00:00.000000000+0000,123.98,125.52,123.73,123.75
2001-04-07T00:00:00.000000000+0000,123.75,123.75,123.75,123.75
2001-04-08T00:00:00.000000000+0000,123.75,123.75,123.75,123.75
2001-04-09T00:00:00.000000000+0000,124.08,125.46,123.85,125.13
2001-04-10T00:00:00.000000000+0000,125.13,125.38,124.18,124.43
2001-04-11T00:00:00.000000000+0000,124.46,124.99,123.85,124.73
2001-04-12T00:00:00.000000000+0000,124.74,124.95,122.97,123.63
2001-04-13T00:00:00.000000000+0000,123.63,123.63,123.63,123.63
2001-04-14T00:00:00.000000000+0000,123.63,123.63,123.63,123.63
2001-04-15T00:00:00.000000000+0000,123.63,123.63,123.63,123.63
2001-04-16T00:00:00.000000000+0000,124.14,124.93,124.14,124.33
2001-04-17T00:00:00.000000000+0000,124.32,124.7,123.1,123.27
2001-04-18T00:00:00.000000000+0000,123.26,123.59,122.05,122.03
2001-04-19T00:00:00.000000000+0000,122.08,122.37,120.92,121.02
2001-04-20T00:00:00.000000000+0000,121.04,122.7,121.04,122.33
2001-04-21T00:00:00.000000000+0000,122.33,122.33,122.33,122.33
2001-04-22T00:00:00.000000000+0000,122.33,122.33,122.33,122.33
2001-04-23T00:00:00.000000000+0000,121.9,122.53,121.15,121.25
2001-04-24T00:00:00.000000000+0000,121.25,122.37,121.11,122.26
2001-04-25T00:00:00.000000000+0000,122.22,122.67,121.95,122.07
2001-04-26T00:00:00.000000000+0000,122.1,123.55,121.82,123.2
2001-04-27T00:00:00.000000000+0000,123.19,124.34,123.15,123.99
2001-04-28T00:00:00.000000000+0000,123.99,123.99,123.99,123.99
2001-04-29T00:00:00.000000000+0000,123.99,123.99,123.99,123.99
2001-04-30T00:00:00.000000000+0000,124.02,124.2,123.21,123.6
2001-05-01T00:00:00.000000000+0000,123.55,123.66,121.88,122.12
2001-05-02T00:00:00.000000000+0000,122.05,122.53,121.31,121.41
2001-05-03T00:00:00.000000000+0000,121.44,121.81,120.7,121.29
2001-05-04T00:00:00.000000000+0000,121.28,121.5,120.58,121.26
2001-05-05T00:00:00.000000000+0000,121.26,121.26,121.26,121.26
2001-05-06T00:00:00.000000000+0000,121.26,121.26,121.26,121.26
2001-05-07T00:00:00.000000000+0000,121.32,121.81,120.95,121.05
2001-05-08T00:00:00.000000000+0000,121.03,122.12,120.83,121.26
2001-05-09T00:00:00.000000000+0000,121.27,122.41,121.23,122.26
2001-05-10T00:00:00.000000000+0000,122.26,122.74,122.04,122.52
2001-05-11T00:00:00.000000000+0000,122.56,122.82,121.86,122.5
2001-05-12T00:00:00.000000000+0000,122.5,122.5,122.5,122.5
2001-05-13T00:00:00.000000000+0000,122.5,122.5,122.5,122.5
2001-05-14T00:00:00.000000000+0000,122.49,123.36,122.44,123.2
2001-05-15T00:00:00.000000000+0000,123.28,123.65,123.07,123.27
2001-05-16T00:00:00.000000000+0000,123.29,124.04,123.1,123.37
2001-05-17T00:00:00.000000000+0000,123.35,123.44,122.44,122.55
2001-05-18T00:00:00.000000000+0000,122.59,123.78,122.55,123.53
2001-05-19T00:00:00.000000000+0000,123.53,123.53,123.53,123.53
2001-05-20T00:00:00.000000000+0000,123.53,123.53,123.53,123.53
2001-05-21T00:00:00.000000000+0000,123.67,123.76,122.54,122.68
2001-05-22T00:00:00.000000000+0000,122.63,123.35,122.44,122.82
2001-05-23T00:00:00.000000000+0000,122.76,122.85,119.39,120.02
2001-05-24T00:00:00.000000000+0000,120.03,120.4,118.93,119.78
2001-05-25T00:00:00.000000000+0000,119.81,120.8,119.81,120.61
2001-05-26T00:00:00.000000000+0000,120.61,120.61,120.61,120.61
2001-05-27T00:00:00.000000000+0000,120.61,120.61,120.61,120.61
2001-05-28T00:00:00.000000000+0000,120.61,120.61,120.61,120.61
2001-05-29T00:00:00.000000000+0000,121.07,121.37,120.0,120.08
2001-05-30T00:00:00.000000000+0000,120.18,120.7,119.92,120.29
2001-05-31T00:00:00.000000000+0000,120.3,120.6,118.54,119.28
2001-06-01T00:00:00.000000000+0000,119.23,119.31,118.33,119.2
2001-06-02T00:00:00.000000000+0000,119.2,119.2,119.2,119.2
2001-06-03T00:00:00.000000000+0000,119.2,119.2,119.2,119.2
2001-06-04T00:00:00.000000000+0000,119.14,119.85,118.88,119.26
2001-06-05T00:00:00.000000000+0000,119.24,120.42,118.74,120.22
2001-06-06T00:00:00.000000000+0000,120.23,120.84,120.07,120.07
2001-06-07T00:00:00.000000000+0000,120.12,120.3,119.63,120.15
2001-06-08T00:00:00.000000000+0000,120.09,120.98,120.07,120.83
2001-06-09T00:00:00.000000000+0000,120.83,120.83,120.83,120.83
2001-06-10T00:00:00.000000000+0000,120.83,120.83,120.83,120.83
2001-06-11T00:00:00.000000000+0000,120.88,122.06,120.88,121.89
2001-06-12T00:00:00.000000000+0000,121.87,122.07,121.59,121.66
2001-06-13T00:00:00.000000000+0000,121.66,122.4,121.59,122.08
2001-06-14T00:00:00.000000000+0000,122.05,122.25,121.22,121.27
2001-06-15T00:00:00.000000000+0000,121.26,123.25,120.83,122.92
2001-06-16T00:00:00.000000000+0000,122.92,122.92,122.92,122.92
2001-06-17T00:00:00.000000000+0000,122.92,122.92,122.92,122.92
2001-06-18T00:00:00.000000000+0000,122.95,123.51,122.77,123.22
2001-06-19T00:00:00.000000000+0000,123.23,123.75,122.7,122.91
2001-06-20T00:00:00.000000000+0000,122.87,124.04,122.55,123.87
2001-06-21T00:00:00.000000000+0000,123.93,124.67,123.62,124.59
2001-06-22T00:00:00.000000000+0000,124.57,124.7,123.88,124.43
2001-06-23T00:00:00.000000000+0000,124.43,124.43,124.43,124.43
2001-06-24T00:00:00.000000000+0000,124.43,124.43,124.43,124.43
2001-06-25T00:00:00.000000000+0000,124.29,124.47,123.72,123.83
2001-06-26T00:00:00.000000000+0000,123.78,124.02,123.28,123.71
2001-06-27T00:00:00.000000000+0000,123.73,124.44,123.73,124.28
2001-06-28T00:00:00.000000000+0000,124.18,124.98,124.18,124.77
2001-06-29T00:00:00.000000000+0000,124.8,124.87,123.74,124.57
2001-06-30T00:00:00.000000000+0000,124.57,124.57,124.57,124.57
2001-07-01T00:00:00.000000000+0000,124.57,124.57,124.57,124.57
2001-07-02T00:00:00.000000000+0000,124.75,124.98,124.11,124.07
2001-07-03T00:00:00.000000000+0000,124.1,124.58,123.67,124.37
2001-07-04T00:00:00.000000000+0000,124.37,124.37,124.37,124.37
2001-07-05T00:00:00.000000000+0000,124.43,125.8,124.42,125.68
2001-07-06T00:00:00.000000000+0000,125.68,126.13,125.44,125.81
2001-07-07T00:00:00.000000000+0000,125.81,125.81,125.81,125.81
2001-07-08T00:00:00.000000000+0000,125.81,125.81,125.81,125.81
2001-07-09T00:00:00.000000000+0000,125.74,125.98,125.26,125.28
2001-07-10T00:00:00.000000000+0000,125.33,125.87,125.22,125.31
2001-07-11T00:00:00.000000000+0000,125.31,125.75,123.89,124.37
2001-07-12T00:00:00.000000000+0000,124.33,124.5,123.53,123.82
2001-07-13T00:00:00.000000000+0000,123.84,125.01,123.84,124.86
2001-07-14T00:00:00.000000000+0000,124.86,124.86,124.86,124.86
2001-07-15T00:00:00.000000000+0000,124.86,124.86,124.86,124.86
2001-07-16T00:00:00.000000000+0000,124.71,125.53,124.71,125.42
2001-07-17T00:00:00.000000000+0000,125.41,125.64,124.77,124.96
2001-07-18T00:00:00.000000000+0000,124.85,125.44,123.8,123.92
2001-07-19T00:00:00.000000000+0000,123.9,124.15,123.22,123.41
2001-07-20T00:00:00.000000000+0000,123.38,123.76,122.73,122.98
2001-07-21T00:00:00.000000000+0000,122.98,122.98,122.98,122.98
2001-07-22T00:00:00.000000000+0000,122.98,122.98,122.98,122.98
2001-07-23T00:00:00.000000000+0000,123.02,124.46,123.02,124.38
2001-07-24T00:00:00.000000000+0000,124.39,124.47,123.87,124.13
2001-07-25T00:00:00.000000000+0000,124.13,124.45,123.44,123.58
2001-07-26T00:00:00.000000000+0000,123.59,124.08,123.14,123.68
2001-07-27T00:00:00.000000000+0000,123.7,124.13,123.22,123.46
2001-07-28T00:00:00.000000000+0000,123.46,123.46,123.46,123.46
2001-07-29T00:00:00.000000000+0000,123.46,123.46,123.46,123.46
2001-07-30T00:00:00.000000000+0000,123.25,125.36,123.25,125.14
2001-07-31T00:00:00.000000000+0000,125.1,125.25,124.66,124.99
2001-08-01T00:00:00.000000000+0000,125.0,125.21,124.47,124.49
2001-08-02T00:00:00.000000000+0000,124.57,124.7,123.6,123.7
2001-08-03T00:00:00.000000000+0000,123.65,124.02,123.33,123.61
2001-08-04T00:00:00.000000000+0000,123.61,123.61,123.61,123.61
2001-08-05T00:00:00.000000000+0000,123.61,123.61,123.61,123.61
2001-08-06T00:00:00.000000000+0000,123.63,124.26,123.62,123.86
2001-08-07T00:00:00.000000000+0000,123.82,124.15,123.44,123.51
2001-08-08T00:00:00.000000000+0000,123.56,123.72,122.82,123.65
2001-08-09T00:00:00.000000000+0000,123.67,123.95,121.38,121.91
2001-08-10T00:00:00.000000000+0000,121.93,122.6,121.75,122.05
2001-08-11T00:00:00.000000000+0000,122.05,122.05,122.05,122.05
2001-08-12T00:00:00.000000000+0000,122.05,122.05,122.05,122.05
2001-08-13T00:00:00.000000000+0000,122.0,122.54,121.42,122.49
2001-08-14T00:00:00.000000000+0000,122.49,123.16,121.2,121.78
2001-08-15T00:00:00.000000000+0000,121.81,121.92,119.1,119.53
2001-08-16T00:00:00.000000000+0000,119.52,120.44,119.29,120.3
2001-08-17T00:00:00.000000000+0000,120.35,120.79,120.08,120.16
2001-08-18T00:00:00.000000000+0000,120.16,120.16,120.16,120.16
2001-08-19T00:00:00.000000000+0000,120.16,120.16,120.16,120.16
2001-08-20T00:00:00.000000000+0000,120.29,120.86,120.1,120.67
2001-08-21T00:00:00.000000000+0000,120.73,120.94,119.53,119.69
2001-08-22T00:00:00.000000000+0000,119.68,120.56,119.37,120.3
2001-08-23T00:00:00.000000000+0000,120.36,120.67,119.65,119.83
2001-08-24T00:00:00.000000000+0000,119.89,120.37,119.53,120.04
2001-08-25T00:00:00.000000000+0000,120.04,120.04,120.04,120.04
2001-08-26T00:00:00.000000000+0000,120.04,120.04,120.04,120.04
2001-08-27T00:00:00.000000000+0000,120.16,120.5,119.78,119.8
2001-08-28T00:00:00.000000000+0000,119.85,120.8,119.7,119.98
2001-08-29T00:00:00.000000000+0000,119.98,120.3,119.1,120.09
2001-08-30T00:00:00.000000000+0000,120.21,120.23,119.22,119.41
2001-08-31T00:00:00.000000000+0000,119.43,119.55,118.49,118.73
2001-09-01T00:00:00.000000000+0000,118.73,118.73,118.73,118.73
2001-09-02T00:00:00.000000000+0000,118.73,118.73,118.73,118.73
2001-09-03T00:00:00.000000000+0000,118.73,118.73,118.73,118.73
2001-09-04T00:00:00.000000000+0000,118.72,119.66,118.62,119.33
2001-09-05T00:00:00.000000000+0000,119.35,120.9,119.32,120.65
2001-09-06T00:00:00.000000000+0000,120.61,121.52,120.61,120.84
2001-09-07T00:00:00.000000000+0000,120.82,121.42,119.77,120.0
2001-09-08T00:00:00.000000000+0000,120.0,120.0,120.0,120.0
2001-09-09T00:00:00.000000000+0000,120.0,120.0,120.0,120.0
2001-09-10T00:00:00.000000000+0000,120.12,121.14,119.78,120.92
2001-09-11T00:00:00.000000000+0000,120.96,122.05,118.55,119.61
2001-09-12T00:00:00.000000000+0000,119.77,119.87,118.66,119.46
2001-09-13T00:00:00.000000000+0000,119.48,119.73,118.61,118.8
2001-09-14T00:00:00.000000000+0000,118.86,119.19,116.92,117.3
2001-09-15T00:00:00.000000000+0000,117.3,117.3,117.3,117.3
2001-09-16T00:00:00.000000000+0000,117.3,117.3,117.3,117.3
2001-09-17T00:00:00.000000000+0000,117.53,118.35,116.7,117.72
2001-09-18T00:00:00.000000000+0000,117.82,118.2,117.11,117.34
2001-09-19T00:00:00.000000000+0000,117.34,117.69,117.22,117.53
2001-09-20T00:00:00.000000000+0000,117.61,117.65,115.8,116.33
2001-09-21T00:00:00.000000000+0000,116.34,117.48,116.07,116.58
2001-09-22T00:00:00.000000000+0000,116.58,116.58,116.58,116.58
2001-09-23T00:00:00.000000000+0000,116.58,116.58,116.58,116.58
2001-09-24T00:00:00.000000000+0000,116.87,117.62,116.32,117.5
2001-09-25T00:00:00.000000000+0000,117.48,117.78,117.0,117.62
2001-09-26T00:00:00.000000000+0000,117.64,118.08,117.1,117.74
2001-09-27T00:00:00.000000000+0000,117.75,120.03,117.67,119.67
2001-09-28T00:00:00.000000000+0000,119.66,119.77,118.71,119.48
2001-09-29T00:00:00.000000000+0000,119.48,119.48,119.48,119.48
2001-09-30T00:00:00.000000000+0000,119.48,119.48,119.48,119.48
2001-10-01T00:00:00.000000000+0000,119.42,120.43,119.35,120.22
2001-10-02T00:00:00.000000000+0000,120.21,121.11,120.11,120.73
2001-10-03T00:00:00.000000000+0000,120.66,121.47,120.47,120.6
2001-10-04T00:00:00.000000000+0000,120.6,120.84,120.2,120.5
2001-10-05T00:00:00.000000000+0000,120.45,120.66,119.97,120.47
2001-10-06T00:00:00.000000000+0000,120.47,120.47,120.47,120.47
2001-10-07T00:00:00.000000000+0000,120.47,120.47,120.47,120.47
2001-10-08T00:00:00.000000000+0000,120.27,120.29,119.61,119.79
2001-10-09T00:00:00.000000000+0000,119.76,120.34,119.76,120.14
2001-10-10T00:00:00.000000000+0000,119.8,120.58,119.78,120.35
2001-10-11T00:00:00.000000000+0000,120.32,121.68,120.12,121.41
2001-10-12T00:00:00.000000000+0000,121.35,121.76,120.74,121.08
2001-10-13T00:00:00.000000000+0000,121.08,121.08,121.08,121.08
2001-10-14T00:00:00.000000000+0000,121.08,121.08,121.08,121.08
2001-10-15T00:00:00.000000000+0000,120.87,121.14,120.46,120.82
2001-10-16T00:00:00.000000000+0000,120.82,121.89,120.63,121.25
2001-10-17T00:00:00.000000000+0000,121.28,121.8,120.77,121.2
2001-10-18T00:00:00.000000000+0000,121.21,121.48,120.74,121.09
2001-10-19T00:00:00.000000000+0000,121.08,121.35,120.83,121.16
2001-10-20T00:00:00.000000000+0000,121.16,121.16,121.16,121.16
2001-10-21T00:00:00.000000000+0000,121.16,121.16,121.16,121.16
2001-10-22T00:00:00.000000000+0000,121.16,122.57,121.16,122.4
2001-10-23T00:00:00.000000000+0000,122.39,123.05,122.25,122.62
2001-10-24T00:00:00.000000000+0000,122.64,122.97,122.31,122.76
2001-10-25T00:00:00.000000000+0000,122.76,123.35,122.48,122.85
2001-10-26T00:00:00.000000000+0000,122.9,123.25,122.44,122.65
2001-10-27T00:00:00.000000000+0000,122.65,122.65,122.65,122.65
2001-10-28T00:00:00.000000000+0000,122.65,122.65,122.65,122.65
2001-10-29T00:00:00.000000000+0000,122.68,122.77,121.87,121.89
2001-10-30T00:00:00.000000000+0000,121.93,122.13,121.58,121.91
2001-10-31T00:00:00.000000000+0000,122.07,122.66,121.7,122.42
2001-11-01T00:00:00.000000000+0000,122.48,122.52,121.38,122.01
2001-11-02T00:00:00.000000000+0000,121.97,122.06,121.43,121.66
2001-11-03T00:00:00.000000000+0000,121.66,121.66,121.66,121.66
2001-11-04T00:00:00.000000000+0000,121.66,121.66,121.66,121.66
2001-11-05T00:00:00.000000000+0000,121.62,122.12,121.58,121.63
2001-11-06T00:00:00.000000000+0000,121.6,121.71,120.97,121.19
2001-11-07T00:00:00.000000000+0000,121.16,121.24,120.73,121.04
2001-11-08T00:00:00.000000000+0000,121.0,121.37,119.77,120.08
2001-11-09T00:00:00.000000000+0000,120.08,120.53,120.06,120.33
2001-11-10T00:00:00.000000000+0000,120.33,120.33,120.33,120.33
2001-11-11T00:00:00.000000000+0000,120.33,120.33,120.33,120.33
2001-11-12T00:00:00.000000000+0000,120.36,120.83,119.72,120.5
2001-11-13T00:00:00.000000000+0000,120.4,121.77,120.32,121.6
2001-11-14T00:00:00.000000000+0000,121.45,122.0,121.37,121.54
2001-11-15T00:00:00.000000000+0000,121.52,122.49,121.5,122.29
2001-11-16T00:00:00.000000000+0000,122.37,122.94,122.0,122.89
2001-11-17T00:00:00.000000000+0000,122.89,122.89,122.89,122.89
2001-11-18T00:00:00.000000000+0000,122.89,122.89,122.89,122.89
2001-11-19T00:00:00.000000000+0000,122.84,123.5,122.77,123.25
2001-11-20T00:00:00.000000000+0000,123.12,123.25,122.54,122.6
2001-11-21T00:00:00.000000000+0000,122.61,123.39,122.55,123.09
2001-11-22T00:00:00.000000000+0000,123.09,123.09,123.09,123.09
2001-11-23T00:00:00.000000000+0000,123.92,124.46,123.68,124.27
2001-11-24T00:00:00.000000000+0000,124.27,124.27,124.27,124.27
2001-11-25T00:00:00.000000000+0000,124.27,124.27,124.27,124.27
2001-11-26T00:00:00.000000000+0000,124.41,124.44,123.81,124.06
2001-11-27T00:00:00.000000000+0000,124.07,124.57,123.72,123.92
2001-11-28T00:00:00.000000000+0000,123.9,124.0,123.04,123.05
2001-11-29T00:00:00.000000000+0000,123.1,123.93,122.86,123.82
2001-11-30T00:00:00.000000000+0000,123.89,124.15,122.83,123.44
2001-12-01T00:00:00.000000000+0000,123.44,123.44,123.44,123.44
2001-12-02T00:00:00.000000000+0000,123.44,123.44,123.44,123.44
2001-12-03T00:00:00.000000000+0000,123.33,124.13,123.28,124.06
2001-12-04T00:00:00.000000000+0000,124.06,124.37,123.65,124.13
2001-12-05T00:00:00.000000000+0000,124.1,124.51,123.99,124.17
2001-12-06T00:00:00.000000000+0000,124.13,124.94,123.77,124.65
2001-12-07T00:00:00.000000000+0000,124.57,125.74,124.5,125.52
2001-12-08T00:00:00.000000000+0000,125.52,125.52,125.52,125.52
2001-12-09T00:00:00.000000000+0000,125.52,125.52,125.52,125.52
2001-12-10T00:00:00.000000000+0000,125.55,126.4,125.55,125.94
2001-12-11T00:00:00.000000000+0000,125.94,126.31,125.72,126.0
2001-12-12T00:00:00.000000000+0000,125.97,126.56,125.52,125.98
2001-12-13T00:00:00.000000000+0000,125.93,126.65,125.88,125.99
2001-12-14T00:00:00.000000000+0000,125.98,127.95,125.98,127.33
2001-12-15T00:00:00.000000000+0000,127.33,127.33,127.33,127.33
2001-12-16T00:00:00.000000000+0000,127.33,127.33,127.33,127.33
2001-12-17T00:00:00.000000000+0000,127.31,128.02,127.15,127.46
2001-12-18T00:00:00.000000000+0000,127.55,128.43,127.55,127.74
2001-12-19T00:00:00.000000000+0000,127.95,128.42,127.62,128.07
2001-12-20T00:00:00.000000000+0000,128.19,128.93,127.94,128.61
2001-12-21T00:00:00.000000000+0000,128.86,129.69,128.86,129.6
2001-12-22T00:00:00.000000000+0000,129.6,129.6,129.6,129.6
2001-12-23T00:00:00.000000000+0000,129.6,129.6,129.6,129.6
2001-12-24T00:00:00.000000000+0000,129.54,129.98,129.325,129.87
2001-12-25T00:00:00.000000000+0000,129.87,129.87,129.87,129.87
2001-12-26T00:00:00.000000000+0000,130.86,130.98,130.11,130.82
2001-12-27T00:00:00.000000000+0000,131.14,132.05,130.95,131.69
2001-12-28T00:00:00.000000000+0000,131.57,131.88,130.78,131.04
2001-12-29T00:00:00.000000000+0000,131.04,131.04,131.04,131.04
2001-12-30T00:00:00.000000000+0000,131.04,131.04,131.04,131.04
2001-12-31T00:00:00.000000000+0000,131.29,131.68,130.64,131.6
2003-01-01T00:00:00.000000000+0000,118.76,118.88,118.6,118.69
2003-01-02T00:00:00.000000000+0000,118.71,120.25,118.55,120.07
2003-01-03T00:00:00.000000000+0000,120.1,120.35,119.57,119.65
2003-01-04T00:00:00.000000000+0000,119.65,119.65,119.65,119.65
2003-01-05T00:00:00.000000000+0000,119.65,119.65,119.65,119.65
2003-01-06T00:00:00.000000000+0000,119.66,119.97,118.49,119.17
2003-01-07T00:00:00.000000000+0000,119.13,120.66,118.97,120.45
2003-01-08T00:00:00.000000000+0000,120.42,120.59,118.62,119.12
2003-01-09T00:00:00.000000000+0000,119.12,119.79,118.67,119.28
2003-01-10T00:00:00.000000000+0000,119.31,120.11,118.9,119.25
2003-01-11T00:00:00.000000000+0000,119.25,119.25,119.25,119.25
2003-01-12T00:00:00.000000000+0000,119.25,119.25,119.25,119.25
2003-01-13T00:00:00.000000000+0000,119.23,119.53,118.7,118.92
2003-01-14T00:00:00.000000000+0000,118.9,119.22,117.5,118.11
2003-01-15T00:00:00.000000000+0000,118.08,118.77,117.74,118.12
2003-01-16T00:00:00.000000000+0000,118.12,118.4,117.62,117.81
2003-01-17T00:00:00.000000000+0000,117.76,118.27,117.37,117.76
2003-01-18T00:00:00.000000000+0000,117.76,117.76,117.76,117.76
2003-01-19T00:00:00.000000000+0000,117.76,117.76,117.76,117.76
2003-01-20T00:00:00.000000000+0000,117.76,118.4,117.65,118.05
2003-01-21T00:00:00.000000000+0000,117.99,119.21,117.96,118.07
2003-01-22T00:00:00.000000000+0000,118.07,118.62,117.89,118.16
2003-01-23T00:00:00.000000000+0000,118.22,118.9,117.59,118.12
2003-01-24T00:00:00.000000000+0000,118.11,118.25,117.5,117.75
2003-01-25T00:00:00.000000000+0000,117.75,117.75,117.75,117.75
2003-01-26T00:00:00.000000000+0000,117.75,117.75,117.75,117.75
2003-01-27T00:00:00.000000000+0000,117.77,119.35,117.48,118.46
2003-01-28T00:00:00.000000000+0000,118.5,119.0,118.29,118.61
2003-01-29T00:00:00.000000000+0000,118.62,118.84,117.81,118.39
2003-01-30T00:00:00.000000000+0000,118.35,119.55,118.25,119.01
2003-01-31T00:00:00.000000000+0000,119.0,120.14,118.82,119.82
2003-02-01T00:00:00.000000000+0000,119.82,119.82,119.82,119.82
2003-02-02T00:00:00.000000000+0000,119.82,119.82,119.82,119.82
2003-02-03T00:00:00.000000000+0000,119.88,120.94,119.55,120.19
2003-02-04T00:00:00.000000000+0000,120.23,120.64,119.56,119.65
2003-02-05T00:00:00.000000000+0000,119.64,120.48,119.0,120.01
2003-02-06T00:00:00.000000000+0000,120.02,120.26,119.59,119.78
2003-02-07T00:00:00.000000000+0000,119.82,120.42,119.61,120.23
2003-02-08T00:00:00.000000000+0000,120.23,120.23,120.23,120.23
2003-02-09T00:00:00.000000000+0000,120.23,120.23,120.23,120.23
2003-02-10T00:00:00.000000000+0000,120.22,121.53,120.19,121.24
2003-02-11T00:00:00.000000000+0000,121.28,121.76,120.86,121.01
2003-02-12T00:00:00.000000000+0000,121.0,121.46,120.48,121.36
2003-02-13T00:00:00.000000000+0000,121.42,121.46,120.25,120.57
2003-02-14T00:00:00.000000000+0000,120.57,120.83,120.14,120.3
2003-02-15T00:00:00.000000000+0000,120.3,120.3,120.3,120.3
2003-02-16T00:00:00.000000000+0000,120.3,120.3,120.3,120.3
2003-02-17T00:00:00.000000000+0000,120.28,120.78,120.0,120.24
2003-02-18T00:00:00.000000000+0000,120.35,120.42,118.67,118.99
2003-02-19T00:00:00.000000000+0000,119.04,119.21,118.53,118.72
2003-02-20T00:00:00.000000000+0000,118.73,119.07,118.07,118.37
2003-02-21T00:00:00.000000000+0000,118.31,118.91,118.22,118.64
2003-02-22T00:00:00.000000000+0000,118.64,118.64,118.64,118.64
2003-02-23T00:00:00.000000000+0000,118.64,118.64,118.64,118.64
2003-02-24T00:00:00.000000000+0000,118.61,118.97,117.56,117.86
2003-02-25T00:00:00.000000000+0000,117.83,118.23,116.96,117.23
2003-02-26T00:00:00.000000000+0000,117.33,117.62,117.03,117.04
2003-02-27T00:00:00.000000000+0000,117.11,117.78,116.82,117.64
2003-02-28T00:00:00.000000000+0000,117.74,118.3,117.63,118.11
2003-03-01T00:00:00.000000000+0000,118.11,118.11,118.11,118.11
2003-03-02T00:00:00.000000000+0000,118.11,118.11,118.11,118.11
2003-03-03T00:00:00.000000000+0000,118.14,118.28,117.09,117.55
2003-03-04T00:00:00.000000000+0000,117.54,118.1,117.43,117.95
2003-03-05T00:00:00.000000000+0000,117.93,117.95,117.03,117.31
2003-03-06T00:00:00.000000000+0000,117.29,117.58,117.15,117.33
2003-03-07T00:00:00.000000000+0000,117.26,117.47,116.37,117.05
2003-03-08T00:00:00.000000000+0000,117.05,117.05,117.05,117.05
2003-03-09T00:00:00.000000000+0000,117.05,117.05,117.05,117.05
2003-03-10T00:00:00.000000000+0000,117.05,117.13,116.42,116.8
2003-03-11T00:00:00.000000000+0000,116.76,117.29,116.67,117.1
2003-03-12T00:00:00.000000000+0000,117.08,117.53,117.06,117.33
2003-03-13T00:00:00.000000000+0000,117.34,118.86,117.34,118.64
2003-03-14T00:00:00.000000000+0000,118.65,118.75,118.06,118.25
2003-03-15T00:00:00.000000000+0000,118.25,118.25,118.25,118.25
2003-03-16T00:00:00.000000000+0000,118.25,118.25,118.25,118.25
2003-03-17T00:00:00.000000000+0000,118.22,119.1,117.6,118.51
2003-03-18T00:00:00.000000000+0000,118.48,119.21,118.48,118.79
2003-03-19T00:00:00.000000000+0000,118.81,119.19,118.45,118.59
2003-03-20T00:00:00.000000000+0000,118.59,120.64,118.56,120.02
2003-03-21T00:00:00.000000000+0000,120.05,120.52,119.71,120.33
2003-03-22T00:00:00.000000000+0000,120.33,120.33,120.33,120.33
2003-03-23T00:00:00.000000000+0000,120.33,120.33,120.33,120.33
2003-03-24T00:00:00.000000000+0000,121.67,121.67,120.83,120.92
2003-03-25T00:00:00.000000000+0000,120.9,121.52,120.31,120.72
2003-03-26T00:00:00.000000000+0000,120.7,120.77,119.33,119.88
2003-03-27T00:00:00.000000000+0000,119.85,120.47,119.78,119.94
2003-03-28T00:00:00.000000000+0000,119.96,120.17,119.55,119.96
2003-03-29T00:00:00.000000000+0000,119.96,119.96,119.96,119.96
2003-03-30T00:00:00.000000000+0000,119.96,119.96,119.96,119.96
2003-03-31T00:00:00.000000000+0000,119.72,119.94,119.72,119.84
2003-04-01T00:00:00.000000000+0000,119.84,120.18,117.7,117.93
2003-04-02T00:00:00.000000000+0000,117.93,118.48,117.6,117.82
2003-04-03T00:00:00.000000000+0000,117.83,119.37,117.73,118.91
2003-04-04T00:00:00.000000000+0000,118.9,119.68,118.45,119.28
2003-04-05T00:00:00.000000000+0000,119.28,119.28,119.28,119.28
2003-04-06T00:00:00.000000000+0000,119.28,119.28,119.28,119.28
2003-04-07T00:00:00.000000000+0000,119.89,120.43,119.89,120.27
2003-04-08T00:00:00.000000000+0000,120.26,120.89,119.57,119.95
2003-04-09T00:00:00.000000000+0000,119.94,120.15,119.36,119.77
2003-04-10T00:00:00.000000000+0000,119.77,120.67,119.61,120.15
2003-04-11T00:00:00.000000000+0000,120.16,120.29,119.11,119.54
2003-04-12T00:00:00.000000000+0000,119.54,119.54,119.54,119.54
2003-04-13T00:00:00.000000000+0000,119.54,119.54,119.54,119.54
2003-04-14T00:00:00.000000000+0000,120.5,120.74,120.39,120.61
2003-04-15T00:00:00.000000000+0000,120.61,120.82,119.93,120.35
2003-04-16T00:00:00.000000000+0000,120.37,120.71,119.94,120.4
2003-04-17T00:00:00.000000000+0000,120.38,120.57,119.21,119.53
2003-04-18T00:00:00.000000000+0000,119.56,119.77,118.88,119.7
2003-04-19T00:00:00.000000000+0000,119.7,119.7,119.7,119.7
2003-04-20T00:00:00.000000000+0000,119.7,119.7,119.7,119.7
2003-04-21T00:00:00.000000000+0000,119.75,119.75,119.5,119.57
2003-04-22T00:00:00.000000000+0000,119.55,120.66,119.54,120.47
2003-04-23T00:00:00.000000000+0000,120.51,120.73,119.3,119.85
2003-04-24T00:00:00.000000000+0000,119.86,120.66,119.73,120.57
2003-04-25T00:00:00.000000000+0000,120.56,120.68,119.48,119.78
2003-04-26T00:00:00.000000000+0000,119.78,119.78,119.78,119.78
2003-04-27T00:00:00.000000000+0000,119.78,119.78,119.78,119.78
2003-04-28T00:00:00.000000000+0000,120.16,120.37,120.08,120.29
2003-04-29T00:00:00.000000000+0000,120.29,120.53,119.83,120.4
2003-04-30T00:00:00.000000000+0000,120.41,120.72,119.51,119.68
2003-05-01T00:00:00.000000000+0000,119.7,119.86,118.55,118.82
2003-05-02T00:00:00.000000000+0000,118.8,118.99,118.12,118.36
2003-05-03T00:00:00.000000000+0000,118.36,118.36,118.36,118.36
2003-05-04T00:00:00.000000000+0000,119.025,119.046,118.893,119.033
2003-05-05T00:00:00.000000000+0000,119.034,119.045,118.432,118.444
2003-05-06T00:00:00.000000000+0000,118.438,118.751,117.29,117.576
2003-05-07T00:00:00.000000000+0000,117.59,117.83,116.052,116.394
2003-05-08T00:00:00.000000000+0000,116.424,117.195,115.94,117.076
2003-05-09T00:00:00.000000000+0000,117.075,117.612,117.04,117.296
2003-05-10T00:00:00.000000000+0000,117.296,117.296,117.296,117.296
2003-05-11T00:00:00.000000000+0000,117.286,117.286,117.07,117.101
2003-05-12T00:00:00.000000000+0000,117.079,117.145,116.304,116.996
2003-05-13T00:00:00.000000000+0000,116.983,117.528,116.338,116.753
2003-05-14T00:00:00.000000000+0000,116.745,116.837,115.557,116.269
2003-05-15T00:00:00.000000000+0000,116.261,116.586,115.282,116.428
2003-05-16T00:00:00.000000000+0000,116.409,116.596,115.762,116.012
2003-05-17T00:00:00.000000000+0000,116.012,116.012,116.012,116.012
2003-05-18T00:00:00.000000000+0000,116.002,116.002,115.391,115.584
2003-05-19T00:00:00.000000000+0000,115.596,117.445,115.03,117.114
2003-05-20T00:00:00.000000000+0000,117.116,117.382,116.55,116.606
2003-05-21T00:00:00.000000000+0000,116.598,117.75,116.479,117.589
2003-05-22T00:00:00.000000000+0000,117.582,117.752,116.878,117.277
2003-05-23T00:00:00.000000000+0000,117.288,117.413,116.72,116.839
2003-05-24T00:00:00.000000000+0000,116.839,116.839,116.839,116.839
2003-05-25T00:00:00.000000000+0000,116.859,117.048,116.782,116.927
2003-05-26T00:00:00.000000000+0000,116.935,117.367,116.644,116.86
2003-05-27T00:00:00.000000000+0000,116.835,117.315,116.17,117.244
2003-05-28T00:00:00.000000000+0000,117.25,118.89,116.923,118.546
2003-05-29T00:00:00.000000000+0000,118.523,119.125,117.893,118.137
2003-05-30T00:00:00.000000000+0000,118.141,119.616,117.905,119.267
2003-05-31T00:00:00.000000000+0000,119.267,119.267,119.267,119.267
2003-06-01T00:00:00.000000000+0000,119.304,119.631,119.304,119.475
2003-06-02T00:00:00.000000000+0000,119.454,119.496,118.303,118.635
2003-06-03T00:00:00.000000000+0000,118.623,119.32,118.263,119.145
2003-06-04T00:00:00.000000000+0000,119.148,119.362,118.337,118.844
2003-06-05T00:00:00.000000000+0000,118.847,118.915,117.326,117.671
2003-06-06T00:00:00.000000000+0000,117.678,118.912,117.591,118.62
2003-06-07T00:00:00.000000000+0000,118.62,118.62,118.62,118.62
2003-06-08T00:00:00.000000000+0000,118.626,118.754,118.626,118.668
2003-06-09T00:00:00.000000000+0000,118.674,118.76,117.783,118.223
2003-06-10T00:00:00.000000000+0000,118.197,118.363,117.516,117.673
2003-06-11T00:00:00.000000000+0000,117.697,118.104,117.478,117.699
2003-06-12T00:00:00.000000000+0000,117.7,117.94,117.444,117.619
2003-06-13T00:00:00.000000000+0000,117.639,117.861,117.154,117.438
2003-06-14T00:00:00.000000000+0000,117.438,117.438,117.438,117.438
2003-06-15T00:00:00.000000000+0000,117.384,117.435,117.258,117.301
2003-06-16T00:00:00.000000000+0000,117.302,117.779,117.143,117.621
2003-06-17T00:00:00.000000000+0000,117.631,118.385,117.412,118.072
2003-06-18T00:00:00.000000000+0000,118.076,118.681,117.72,117.898
2003-06-19T00:00:00.000000000+0000,117.949,119.068,117.921,118.471
2003-06-20T00:00:00.000000000+0000,118.431,118.613,117.987,118.318
2003-06-21T00:00:00.000000000+0000,118.318,118.318,118.318,118.318
2003-06-22T00:00:00.000000000+0000,118.363,118.516,118.309,118.482
2003-06-23T00:00:00.000000000+0000,118.487,118.605,117.451,117.686
2003-06-24T00:00:00.000000000+0000,117.675,118.056,117.536,117.881
2003-06-25T00:00:00.000000000+0000,117.94,118.128,117.304,117.931
2003-06-26T00:00:00.000000000+0000,117.947,119.44,117.905,119.373
2003-06-27T00:00:00.000000000+0000,119.386,120.044,119.138,119.519
2003-06-28T00:00:00.000000000+0000,119.519,119.519,119.519,119.519
2003-06-29T00:00:00.000000000+0000,119.548,119.73,119.535,119.701
2003-06-30T00:00:00.000000000+0000,119.711,120.249,119.567,119.679
2003-07-01T00:00:00.000000000+0000,119.671,119.954,119.001,119.233
2003-07-02T00:00:00.000000000+0000,119.252,119.453,117.829,118.151
2003-07-03T00:00:00.000000000+0000,118.16,118.634,117.843,118.136
2003-07-04T00:00:00.000000000+0000,118.141,118.497,117.944,118.037
2003-07-05T00:00:00.000000000+0000,118.037,118.037,118.037,118.037
2003-07-06T00:00:00.000000000+0000,118.033,118.126,117.959,118.075
2003-07-07T00:00:00.000000000+0000,118.082,118.306,117.804,118.11
2003-07-08T00:00:00.000000000+0000,118.119,118.676,117.579,118.25
2003-07-09T00:00:00.000000000+0000,118.247,118.432,117.58,117.794
2003-07-10T00:00:00.000000000+0000,117.792,118.026,117.357,117.692
2003-07-11T00:00:00.000000000+0000,117.684,117.985,117.507,117.833
2003-07-12T00:00:00.000000000+0000,117.833,117.833,117.833,117.833
2003-07-13T00:00:00.000000000+0000,117.742,117.813,117.658,117.736
2003-07-14T00:00:00.000000000+0000,117.732,117.831,117.281,117.73
2003-07-15T00:00:00.000000000+0000,117.728,118.021,116.65,117.836
2003-07-16T00:00:00.000000000+0000,117.88,118.669,117.815,118.06
2003-07-17T00:00:00.000000000+0000,118.03,118.953,117.849,118.799
2003-07-18T00:00:00.000000000+0000,118.769,119.224,118.227,118.408
2003-07-19T00:00:00.000000000+0000,118.408,118.408,118.408,118.408
2003-07-20T00:00:00.000000000+0000,118.403,118.72,118.388,118.671
2003-07-21T00:00:00.000000000+0000,118.677,118.769,118.218,118.553
2003-07-22T00:00:00.000000000+0000,118.539,119.396,118.539,119.016
2003-07-23T00:00:00.000000000+0000,118.997,119.14,118.578,118.718
2003-07-24T00:00:00.000000000+0000,118.709,119.302,118.514,119.049
2003-07-25T00:00:00.000000000+0000,119.1,119.283,118.524,118.746
2003-07-26T00:00:00.000000000+0000,118.746,118.746,118.746,118.746
2003-07-27T00:00:00.000000000+0000,119.226,119.226,118.757,118.862
2003-07-28T00:00:00.000000000+0000,118.867,119.608,118.861,119.418
2003-07-29T00:00:00.000000000+0000,119.417,119.93,119.063,119.83
2003-07-30T00:00:00.000000000+0000,119.832,120.735,119.583,120.263
2003-07-31T00:00:00.000000000+0000,120.27,120.61,119.7,120.535
2003-08-01T00:00:00.000000000+0000,120.542,120.694,119.768,120.108
2003-08-02T00:00:00.000000000+0000,120.108,120.108,120.108,120.108
2003-08-03T00:00:00.000000000+0000,120.204,120.215,119.915,119.97
2003-08-04T00:00:00.000000000+0000,119.959,120.586,119.634,120.234
2003-08-05T00:00:00.000000000+0000,120.203,120.617,119.703,119.909
2003-08-06T00:00:00.000000000+0000,119.936,120.42,119.68,120.113
2003-08-07T00:00:00.000000000+0000,120.103,120.176,118.795,119.179
2003-08-08T00:00:00.000000000+0000,119.196,119.246,118.786,118.974
2003-08-09T00:00:00.000000000+0000,118.974,118.974,118.974,118.974
2003-08-10T00:00:00.000000000+0000,118.974,118.974,118.974,118.974
2003-08-11T00:00:00.000000000+0000,119.05,119.093,118.151,118.386
2003-08-12T00:00:00.000000000+0000,118.393,118.745,118.336,118.54
2003-08-13T00:00:00.000000000+0000,118.543,119.446,118.52,119.202
2003-08-14T00:00:00.000000000+0000,119.241,119.659,118.82,118.847
2003-08-15T00:00:00.000000000+0000,118.843,119.449,118.736,119.135
2003-08-16T00:00:00.000000000+0000,119.135,119.135,119.135,119.135
2003-08-17T00:00:00.000000000+0000,119.135,119.512,119.039,119.092
2003-08-18T00:00:00.000000000+0000,119.085,119.748,119.064,119.364
2003-08-19T00:00:00.000000000+0000,119.325,119.764,118.203,118.647
2003-08-20T00:00:00.000000000+0000,118.613,118.758,117.761,118.07
2003-08-21T00:00:00.000000000+0000,118.097,118.206,117.498,117.784
2003-08-22T00:00:00.000000000+0000,117.802,118.034,117.281,117.49
2003-08-23T00:00:00.000000000+0000,117.49,117.49,117.49,117.49
2003-08-24T00:00:00.000000000+0000,117.587,117.675,117.391,117.449
2003-08-25T00:00:00.000000000+0000,117.48,117.652,117.114,117.376
2003-08-26T00:00:00.000000000+0000,117.377,117.758,117.199,117.378
2003-08-27T00:00:00.000000000+0000,117.372,117.984,117.288,117.436
2003-08-28T00:00:00.000000000+0000,117.472,117.61,117.187,117.33
2003-08-29T00:00:00.000000000+0000,117.3,117.3,116.13,116.865
2003-08-30T00:00:00.000000000+0000,116.865,116.865,116.865,116.865
2003-08-31T00:00:00.000000000+0000,116.692,116.803,116.5,116.565
2003-09-01T00:00:00.000000000+0000,116.569,116.765,116.31,116.494
2003-09-02T00:00:00.000000000+0000,116.515,117.231,115.806,116.507
2003-09-03T00:00:00.000000000+0000,116.503,116.568,115.814,115.959
2003-09-04T00:00:00.000000000+0000,115.968,117.064,115.723,116.781
2003-09-05T00:00:00.000000000+0000,116.797,117.149,116.419,116.635
2003-09-06T00:00:00.000000000+0000,116.635,116.635,116.635,116.635
2003-09-07T00:00:00.000000000+0000,116.777,117.698,116.777,117.633
2003-09-08T00:00:00.000000000+0000,117.614,117.667,116.352,116.59
2003-09-09T00:00:00.000000000+0000,116.607,116.944,116.044,116.788
2003-09-10T00:00:00.000000000+0000,116.802,117.236,116.595,117.063
2003-09-11T00:00:00.000000000+0000,117.07,117.25,116.535,117.137
2003-09-12T00:00:00.000000000+0000,117.115,117.484,116.707,117.255
2003-09-13T00:00:00.000000000+0000,117.255,117.255,117.255,117.255
2003-09-14T00:00:00.000000000+0000,117.251,117.358,117.213,117.248
2003-09-15T00:00:00.000000000+0000,117.243,117.67,117.175,117.386
2003-09-16T00:00:00.000000000+0000,117.392,117.4,115.992,116.165
2003-09-17T00:00:00.000000000+0000,116.163,116.481,115.833,116.15
2003-09-18T00:00:00.000000000+0000,116.098,116.141,114.731,115.238
2003-09-19T00:00:00.000000000+0000,115.248,115.491,113.585,113.905
2003-09-20T00:00:00.000000000+0000,113.905,113.905,113.905,113.905
2003-09-21T00:00:00.000000000+0000,113.569,113.569,111.363,112.069
2003-09-22T00:00:00.000000000+0000,112.114,112.698,111.532,112.0
2003-09-23T00:00:00.000000000+0000,112.008,112.366,110.894,112.248
2003-09-24T00:00:00.000000000+0000,112.235,112.312,111.228,111.884
2003-09-25T00:00:00.000000000+0000,111.887,112.314,111.442,112.078
2003-09-26T00:00:00.000000000+0000,112.06,112.283,111.566,111.675
2003-09-27T00:00:00.000000000+0000,111.675,111.675,111.675,111.675
2003-09-28T00:00:00.000000000+0000,111.735,111.789,111.477,111.606
2003-09-29T00:00:00.000000000+0000,111.592,112.047,110.629,111.769
2003-09-30T00:00:00.000000000+0000,111.745,111.752,110.076,111.297
2003-10-01T00:00:00.000000000+0000,111.288,111.447,110.51,110.977
2003-10-02T00:00:00.000000000+0000,110.975,111.168,110.531,110.897
2003-10-03T00:00:00.000000000+0000,110.898,111.026,110.211,110.79
2003-10-04T00:00:00.000000000+0000,110.79,110.79,110.79,110.79
2003-10-05T00:00:00.000000000+0000,111.009,111.198,110.828,111.009
2003-10-06T00:00:00.000000000+0000,111.007,111.307,110.761,111.063
2003-10-07T00:00:00.000000000+0000,111.07,111.111,109.34,109.521
2003-10-08T00:00:00.000000000+0000,109.512,109.864,109.35,109.53
2003-10-09T00:00:00.000000000+0000,109.53,109.577,108.882,109.123
2003-10-10T00:00:00.000000000+0000,109.103,109.303,108.264,108.68
2003-10-11T00:00:00.000000000+0000,108.68,108.68,108.68,108.68
2003-10-12T00:00:00.000000000+0000,108.445,108.52,108.397,108.424
2003-10-13T00:00:00.000000000+0000,108.436,109.076,108.25,108.999
2003-10-14T00:00:00.000000000+0000,109.013,110.174,108.634,108.837
2003-10-15T00:00:00.000000000+0000,108.848,109.783,108.78,109.57
2003-10-16T00:00:00.000000000+0000,109.573,110.267,109.19,109.608
2003-10-17T00:00:00.000000000+0000,109.598,110.0,109.26,109.288
2003-10-18T00:00:00.000000000+0000,109.288,109.288,109.288,109.288
2003-10-19T00:00:00.000000000+0000,109.005,109.028,108.759,108.931
2003-10-20T00:00:00.000000000+0000,108.937,110.564,108.921,110.269
2003-10-21T00:00:00.000000000+0000,110.274,110.31,109.385,109.551
2003-10-22T00:00:00.000000000+0000,109.542,109.686,108.808,108.954
2003-10-23T00:00:00.000000000+0000,108.94,109.81,108.847,109.472
2003-10-24T00:00:00.000000000+0000,109.435,109.947,109.005,109.225
2003-10-25T00:00:00.000000000+0000,109.225,109.225,109.225,109.225
2003-10-26T00:00:00.000000000+0000,109.23,109.375,108.867,108.897
2003-10-27T00:00:00.000000000+0000,108.907,109.041,108.263,108.445
2003-10-28T00:00:00.000000000+0000,108.462,108.614,108.062,108.136
2003-10-29T00:00:00.000000000+0000,108.165,108.359,107.794,108.186
2003-10-30T00:00:00.000000000+0000,108.187,108.848,107.928,108.626
2003-10-31T00:00:00.000000000+0000,108.615,110.198,108.6,109.919
2003-11-01T00:00:00.000000000+0000,109.919,109.919,109.919,109.919
2003-11-02T00:00:00.000000000+0000,109.818,109.888,109.682,109.743
2003-11-03T00:00:00.000000000+0000,109.73,111.477,109.722,110.759
2003-11-04T00:00:00.000000000+0000,110.771,110.797,109.381,109.554
2003-11-05T00:00:00.000000000+0000,109.543,110.041,109.444,109.857
2003-11-06T00:00:00.000000000+0000,109.852,110.313,109.772,110.129
2003-11-07T00:00:00.000000000+0000,110.13,110.375,109.018,109.34
2003-11-08T00:00:00.000000000+0000,109.34,109.34,109.34,109.34
2003-11-09T00:00:00.000000000+0000,109.224,109.553,109.224,109.503
2003-11-10T00:00:00.000000000+0000,109.512,109.627,107.836,108.718
2003-11-11T00:00:00.000000000+0000,108.728,109.116,108.378,108.755
2003-11-12T00:00:00.000000000+0000,108.757,109.131,108.414,108.675
2003-11-13T00:00:00.000000000+0000,108.67,108.695,107.982,108.003
2003-11-14T00:00:00.000000000+0000,108.037,108.485,107.916,108.328
2003-11-15T00:00:00.000000000+0000,108.328,108.328,108.328,108.328
2003-11-16T00:00:00.000000000+0000,108.262,108.525,108.203,108.242
2003-11-17T00:00:00.000000000+0000,108.237,109.72,108.215,109.009
2003-11-18T00:00:00.000000000+0000,108.997,109.085,107.901,108.071
2003-11-19T00:00:00.000000000+0000,108.083,109.371,107.522,109.057
2003-11-20T00:00:00.000000000+0000,109.047,109.173,108.614,109.035
2003-11-21T00:00:00.000000000+0000,109.042,109.363,108.602,108.724
2003-11-22T00:00:00.000000000+0000,108.724,108.724,108.724,108.724
2003-11-23T00:00:00.000000000+0000,108.725,108.905,108.685,108.772
2003-11-24T00:00:00.000000000+0000,108.841,109.488,108.7,109.345
2003-11-25T00:00:00.000000000+0000,109.345,110.002,109.247,109.361
2003-11-26T00:00:00.000000000+0000,109.375,109.748,108.848,109.058
2003-11-27T00:00:00.000000000+0000,109.04,109.304,108.852,109.223
2003-11-28T00:00:00.000000000+0000,109.235,109.637,109.129,109.583
2003-11-29T00:00:00.000000000+0000,109.583,109.583,109.583,109.583
2003-11-30T00:00:00.000000000+0000,109.645,109.872,109.587,109.795
2003-12-01T00:00:00.000000000+0000,109.8,109.998,109.055,109.183
2003-12-02T00:00:00.000000000+0000,109.217,109.793,108.518,108.707
2003-12-03T00:00:00.000000000+0000,108.703,108.792,108.065,108.291
2003-12-04T00:00:00.000000000+0000,108.28,108.466,107.919,108.247
2003-12-05T00:00:00.000000000+0000,108.223,108.394,107.492,107.685
2003-12-06T00:00:00.000000000+0000,107.685,107.685,107.685,107.685
2003-12-07T00:00:00.000000000+0000,107.695,107.792,107.486,107.53
2003-12-08T00:00:00.000000000+0000,107.522,107.751,107.068,107.388
2003-12-09T00:00:00.000000000+0000,107.39,107.533,106.723,107.085
2003-12-10T00:00:00.000000000+0000,107.095,108.696,107.035,108.36
2003-12-11T00:00:00.000000000+0000,108.371,108.415,107.903,107.998
2003-12-12T00:00:00.000000000+0000,107.993,108.035,107.604,107.83
2003-12-13T00:00:00.000000000+0000,107.83,107.83,107.83,107.83
2003-12-14T00:00:00.000000000+0000,108.095,108.412,107.989,108.08
2003-12-15T00:00:00.000000000+0000,108.078,108.168,107.344,107.718
2003-12-16T00:00:00.000000000+0000,107.717,107.818,107.348,107.509
2003-12-17T00:00:00.000000000+0000,107.52,107.815,107.171,107.369
2003-12-18T00:00:00.000000000+0000,107.357,108.072,107.296,107.643
2003-12-19T00:00:00.000000000+0000,107.675,107.979,107.499,107.778
2003-12-20T00:00:00.000000000+0000,107.778,107.778,107.778,107.778
2003-12-21T00:00:00.000000000+0000,107.672,107.893,107.584,107.847
2003-12-22T00:00:00.000000000+0000,107.857,107.925,107.248,107.468
2003-12-23T00:00:00.000000000+0000,107.495,107.521,107.213,107.408
2003-12-24T00:00:00.000000000+0000,107.393,107.532,107.091,107.269
2003-12-25T00:00:00.000000000+0000,107.255,107.349,107.052,107.221
2003-12-26T00:00:00.000000000+0000,107.203,107.498,106.867,107.412
2003-12-27T00:00:00.000000000+0000,107.412,107.412,107.412,107.412
2003-12-28T00:00:00.000000000+0000,107.312,107.375,107.152,107.312
2003-12-29T00:00:00.000000000+0000,107.315,107.358,106.826,107.023
2003-12-30T00:00:00.000000000+0000,107.047,107.137,106.846,106.966
2003-12-31T00:00:00.000000000+0000,106.955,107.71,106.739,107.19
2005-01-01T00:00:00.000000000+0000,102.507,102.507,102.507,102.507
2005-01-02T00:00:00.000000000+0000,102.626,102.762,102.507,102.507
2005-01-03T00:00:00.000000000+0000,102.53,103.435,102.328,102.73
2005-01-04T00:00:00.000000000+0000,102.735,104.782,102.411,104.31
2005-01-05T00:00:00.000000000+0000,104.308,104.989,103.733,103.907
2005-01-06T00:00:00.000000000+0000,103.898,105.155,103.893,104.867
2005-01-07T00:00:00.000000000+0000,104.883,105.107,103.841,104.723
2005-01-08T00:00:00.000000000+0000,104.723,104.723,104.723,104.723
2005-01-09T00:00:00.000000000+0000,104.765,104.852,104.623,104.637
2005-01-10T00:00:00.000000000+0000,104.655,104.797,104.061,104.159
2005-01-11T00:00:00.000000000+0000,104.17,104.278,103.099,103.397
2005-01-12T00:00:00.000000000+0000,103.422,103.525,102.127,102.466
2005-01-13T00:00:00.000000000+0000,102.457,102.816,102.217,102.466
2005-01-14T00:00:00.000000000+0000,102.463,103.156,101.766,102.01
2005-01-15T00:00:00.000000000+0000,102.01,102.01,102.01,102.01
2005-01-16T00:00:00.000000000+0000,101.955,102.07,101.857,101.988
2005-01-17T00:00:00.000000000+0000,102.013,102.31,101.672,102.223
2005-01-18T00:00:00.000000000+0000,102.235,102.962,101.568,102.223
2005-01-19T00:00:00.000000000+0000,102.236,102.955,102.009,102.9
2005-01-20T00:00:00.000000000+0000,102.903,103.58,102.472,103.342
2005-01-21T00:00:00.000000000+0000,103.362,103.896,102.59,102.685
2005-01-22T00:00:00.000000000+0000,102.685,102.685,102.685,102.685
2005-01-23T00:00:00.000000000+0000,102.723,102.85,102.677,102.808
2005-01-24T00:00:00.000000000+0000,102.815,102.974,102.48,102.593
2005-01-25T00:00:00.000000000+0000,102.595,104.318,102.552,104.036
2005-01-26T00:00:00.000000000+0000,104.036,104.036,102.749,103.063
2005-01-27T00:00:00.000000000+0000,103.066,103.517,102.359,102.835
2005-01-28T00:00:00.000000000+0000,102.86,103.727,102.805,103.26
2005-01-29T00:00:00.000000000+0000,103.26,103.26,103.26,103.26
2005-01-30T00:00:00.000000000+0000,103.389,103.681,103.389,103.587
2005-01-31T00:00:00.000000000+0000,103.6,103.77,103.324,103.605
2005-02-01T00:00:00.000000000+0000,103.605,104.068,103.474,103.629
2005-02-02T00:00:00.000000000+0000,103.642,104.059,103.335,103.657
2005-02-03T00:00:00.000000000+0000,103.648,104.705,103.598,104.455
2005-02-04T00:00:00.000000000+0000,104.46,104.619,103.488,104.06
2005-02-05T00:00:00.000000000+0000,104.06,104.06,104.06,104.06
2005-02-06T00:00:00.000000000+0000,104.134,104.629,104.134,104.315
2005-02-07T00:00:00.000000000+0000,104.308,105.029,104.035,104.817
2005-02-08T00:00:00.000000000+0000,104.808,105.925,104.748,105.697
2005-02-09T00:00:00.000000000+0000,105.705,105.952,105.302,105.56
2005-02-10T00:00:00.000000000+0000,105.572,106.824,105.337,105.826
2005-02-11T00:00:00.000000000+0000,105.825,105.88,105.47,105.682
2005-02-12T00:00:00.000000000+0000,105.682,105.682,105.682,105.682
2005-02-13T00:00:00.000000000+0000,105.615,105.622,105.369,105.447
2005-02-14T00:00:00.000000000+0000,105.453,105.453,104.63,105.087
2005-02-15T00:00:00.000000000+0000,105.088,105.351,104.257,104.557
2005-02-16T00:00:00.000000000+0000,104.566,105.706,104.54,105.477
2005-02-17T00:00:00.000000000+0000,105.483,105.765,105.162,105.472
2005-02-18T00:00:00.000000000+0000,105.477,105.854,105.163,105.626
2005-02-19T00:00:00.000000000+0000,105.626,105.626,105.626,105.626
2005-02-20T00:00:00.000000000+0000,105.618,105.787,105.597,105.62
2005-02-21T00:00:00.000000000+0000,105.633,105.779,105.382,105.407
2005-02-22T00:00:00.000000000+0000,105.418,105.581,103.804,104.221
2005-02-23T00:00:00.000000000+0000,104.232,105.091,104.141,105.018
2005-02-24T00:00:00.000000000+0000,105.037,105.563,104.589,105.501
2005-02-25T00:00:00.000000000+0000,105.509,105.511,105.014,105.213
2005-02-26T00:00:00.000000000+0000,105.213,105.213,105.213,105.213
2005-02-27T00:00:00.000000000+0000,105.211,105.293,104.788,104.8
2005-02-28T00:00:00.000000000+0000,104.812,104.86,104.081,104.531
2005-03-01T00:00:00.000000000+0000,104.53,104.761,104.055,104.453
2005-03-02T00:00:00.000000000+0000,104.448,105.13,104.393,104.778
2005-03-03T00:00:00.000000000+0000,104.778,105.362,104.709,105.313
2005-03-04T00:00:00.000000000+0000,105.318,105.512,104.308,104.752
2005-03-05T00:00:00.000000000+0000,104.752,104.752,104.752,104.752
2005-03-06T00:00:00.000000000+0000,104.77,104.801,104.527,104.614
2005-03-07T00:00:00.000000000+0000,104.61,105.34,104.507,105.061
2005-03-08T00:00:00.000000000+0000,105.092,105.158,104.323,104.548
2005-03-09T00:00:00.000000000+0000,104.563,104.742,103.63,103.989
2005-03-10T00:00:00.000000000+0000,103.996,104.31,103.69,103.908
2005-03-11T00:00:00.000000000+0000,103.917,104.274,103.476,103.971
2005-03-12T00:00:00.000000000+0000,103.971,103.971,103.971,103.971
2005-03-13T00:00:00.000000000+0000,103.972,103.975,103.694,103.782
2005-03-14T00:00:00.000000000+0000,103.778,105.171,103.759,104.957
2005-03-15T00:00:00.000000000+0000,104.956,104.976,104.141,104.514
2005-03-16T00:00:00.000000000+0000,104.517,104.673,103.882,104.188
2005-03-17T00:00:00.000000000+0000,104.19,104.86,104.089,104.528
2005-03-18T00:00:00.000000000+0000,104.527,105.032,104.523,104.718
2005-03-19T00:00:00.000000000+0000,104.718,104.718,104.718,104.718
2005-03-20T00:00:00.000000000+0000,104.68,104.791,104.665,104.678
2005-03-21T00:00:00.000000000+0000,104.663,105.475,104.638,105.177
2005-03-22T00:00:00.000000000+0000,105.19,105.666,104.825,105.563
2005-03-23T00:00:00.000000000+0000,105.571,106.157,105.238,105.895
2005-03-24T00:00:00.000000000+0000,105.904,106.549,105.887,106.35
2005-03-25T00:00:00.000000000+0000,106.381,106.493,106.22,106.36
2005-03-26T00:00:00.000000000+0000,106.36,106.36,106.36,106.36
2005-03-27T00:00:00.000000000+0000,106.352,106.576,106.26,106.475
2005-03-28T00:00:00.000000000+0000,106.488,107.355,106.45,107.316
2005-03-29T00:00:00.000000000+0000,107.3,107.667,106.921,107.498
2005-03-30T00:00:00.000000000+0000,107.495,107.641,107.087,107.421
2005-03-31T00:00:00.000000000+0000,107.435,107.48,106.627,107.246
2005-04-01T00:00:00.000000000+0000,107.266,107.755,106.764,107.502
2005-04-02T00:00:00.000000000+0000,107.502,107.502,107.502,107.502
2005-04-03T00:00:00.000000000+0000,107.544,107.725,107.516,107.681
2005-04-04T00:00:00.000000000+0000,107.694,108.398,107.526,108.218
2005-04-05T00:00:00.000000000+0000,108.216,108.853,108.025,108.285
2005-04-06T00:00:00.000000000+0000,108.281,108.768,107.832,108.75
2005-04-07T00:00:00.000000000+0000,108.766,108.775,108.06,108.582
2005-04-08T00:00:00.000000000+0000,108.596,108.842,108.11,108.215
2005-04-09T00:00:00.000000000+0000,108.215,108.215,108.215,108.215
2005-04-10T00:00:00.000000000+0000,108.191,108.496,108.191,108.257
2005-04-11T00:00:00.000000000+0000,108.255,108.495,107.577,107.588
2005-04-12T00:00:00.000000000+0000,107.588,108.448,107.475,107.774
2005-04-13T00:00:00.000000000+0000,107.78,107.793,107.126,107.296
2005-04-14T00:00:00.000000000+0000,107.312,108.399,107.236,108.117
2005-04-15T00:00:00.000000000+0000,108.141,108.518,107.447,107.795
2005-04-16T00:00:00.000000000+0000,107.795,107.795,107.795,107.795
2005-04-17T00:00:00.000000000+0000,107.73,107.73,107.463,107.487
2005-04-18T00:00:00.000000000+0000,107.493,108.027,107.247,107.457
2005-04-19T00:00:00.000000000+0000,107.445,107.514,106.688,106.897
2005-04-20T00:00:00.000000000+0000,106.903,107.474,106.588,106.93
2005-04-21T00:00:00.000000000+0000,106.927,107.407,106.672,106.834
2005-04-22T00:00:00.000000000+0000,106.842,106.97,105.736,105.928
2005-04-23T00:00:00.000000000+0000,105.928,105.928,105.928,105.928
2005-04-24T00:00:00.000000000+0000,105.832,105.832,105.25,105.657
2005-04-25T00:00:00.000000000+0000,105.655,106.04,105.545,105.677
2005-04-26T00:00:00.000000000+0000,105.678,106.169,105.558,106.124
2005-04-27T00:00:00.000000000+0000,106.108,106.368,105.658,106.035
2005-04-28T00:00:00.000000000+0000,106.048,106.273,105.536,106.048
2005-04-29T00:00:00.000000000+0000,106.052,106.068,104.584,104.746
2005-04-30T00:00:00.000000000+0000,104.746,104.746,104.746,104.746
2005-05-01T00:00:00.000000000+0000,104.828,105.249,104.828,105.127
2005-05-02T00:00:00.000000000+0000,105.127,105.409,104.87,104.968
2005-05-03T00:00:00.000000000+0000,104.997,105.327,104.817,104.894
2005-05-04T00:00:00.000000000+0000,104.885,104.965,104.187,104.526
2005-05-05T00:00:00.000000000+0000,104.513,104.661,104.202,104.62
2005-05-06T00:00:00.000000000+0000,104.618,105.065,104.513,105.014
2005-05-07T00:00:00.000000000+0000,105.014,105.014,105.014,105.014
2005-05-08T00:00:00.000000000+0000,105.03,105.331,105.03,105.296
2005-05-09T00:00:00.000000000+0000,105.305,105.777,105.127,105.72
2005-05-10T00:00:00.000000000+0000,105.74,105.944,105.329,105.425
2005-05-11T00:00:00.000000000+0000,105.423,105.922,104.911,105.688
2005-05-12T00:00:00.000000000+0000,105.667,106.911,105.667,106.746
2005-05-13T00:00:00.000000000+0000,106.73,107.413,106.635,107.304
2005-05-14T00:00:00.000000000+0000,107.304,107.304,107.304,107.304
2005-05-15T00:00:00.000000000+0000,107.268,107.448,107.237,107.407
2005-05-16T00:00:00.000000000+0000,107.442,107.77,106.543,106.548
2005-05-17T00:00:00.000000000+0000,106.575,107.541,106.541,107.507
2005-05-18T00:00:00.000000000+0000,107.508,107.758,106.732,107.047
2005-05-19T00:00:00.000000000+0000,107.055,107.68,106.93,107.657
2005-05-20T00:00:00.000000000+0000,107.638,108.294,107.292,108.116
2005-05-21T00:00:00.000000000+0000,108.116,108.116,108.116,108.116
2005-05-22T00:00:00.000000000+0000,108.102,108.285,108.096,108.176
2005-05-23T00:00:00.000000000+0000,108.19,108.21,107.369,107.64
2005-05-24T00:00:00.000000000+0000,107.637,107.786,107.224,107.532
2005-05-25T00:00:00.000000000+0000,107.552,107.876,107.263,107.729
2005-05-26T00:00:00.000000000+0000,107.715,108.285,107.666,107.998
2005-05-27T00:00:00.000000000+0000,108.015,108.087,107.727,107.944
2005-05-28T00:00:00.000000000+0000,107.944,107.944,107.944,107.944
2005-05-29T00:00:00.000000000+0000,107.94,108.156,107.851,108.115
2005-05-30T00:00:00.000000000+0000,108.119,108.159,107.729,107.897
2005-05-31T00:00:00.000000000+0000,107.896,108.586,107.683,108.313
2005-06-01T00:00:00.000000000+0000,108.305,108.851,108.132,108.6
2005-06-02T00:00:00.000000000+0000,108.628,108.691,108.076,108.224
2005-06-03T00:00:00.000000000+0000,108.235,108.265,107.461,107.656
2005-06-04T00:00:00.000000000+0000,107.656,107.656,107.656,107.656
2005-06-05T00:00:00.000000000+0000,107.645,107.817,107.634,107.694
2005-06-06T00:00:00.000000000+0000,107.715,107.739,106.677,106.873
2005-06-07T00:00:00.000000000+0000,106.877,106.989,106.447,106.578
2005-06-08T00:00:00.000000000+0000,106.588,107.395,106.555,107.245
2005-06-09T00:00:00.000000000+0000,107.265,107.742,107.047,107.504
2005-06-10T00:00:00.000000000+0000,107.505,108.692,107.331,108.634
2005-06-11T00:00:00.000000000+0000,108.634,108.634,108.634,108.634
2005-06-12T00:00:00.000000000+0000,108.565,108.659,108.465,108.525
2005-06-13T00:00:00.000000000+0000,108.509,109.662,108.4,109.569
2005-06-14T00:00:00.000000000+0000,109.57,109.57,109.046,109.388
2005-06-15T00:00:00.000000000+0000,109.388,109.712,109.091,109.133
2005-06-16T00:00:00.000000000+0000,109.15,109.402,108.657,108.755
2005-06-17T00:00:00.000000000+0000,108.755,109.085,108.476,108.495
2005-06-18T00:00:00.000000000+0000,108.495,108.495,108.495,108.495
2005-06-19T00:00:00.000000000+0000,108.527,108.989,108.527,108.858
2005-06-20T00:00:00.000000000+0000,108.868,109.594,108.319,109.42
2005-06-21T00:00:00.000000000+0000,109.419,109.506,108.111,108.46
2005-06-22T00:00:00.000000000+0000,108.465,109.13,108.354,108.64
2005-06-23T00:00:00.000000000+0000,108.657,109.051,108.382,108.951
2005-06-24T00:00:00.000000000+0000,108.965,109.395,108.871,109.038
2005-06-25T00:00:00.000000000+0000,109.038,109.038,109.038,109.038
2005-06-26T00:00:00.000000000+0000,109.062,109.298,109.057,109.191
2005-06-27T00:00:00.000000000+0000,109.2,109.448,109.051,109.365
2005-06-28T00:00:00.000000000+0000,109.355,110.08,109.346,109.816
2005-06-29T00:00:00.000000000+0000,109.81,110.64,109.702,110.416
2005-06-30T00:00:00.000000000+0000,110.427,111.008,110.005,110.725
2005-07-01T00:00:00.000000000+0000,110.72,111.813,110.602,111.786
2005-07-02T00:00:00.000000000+0000,111.786,111.786,111.786,111.786
2005-07-03T00:00:00.000000000+0000,111.771,111.896,111.599,111.725
2005-07-04T00:00:00.000000000+0000,111.7,111.744,111.318,111.631
2005-07-05T00:00:00.000000000+0000,111.646,112.105,111.443,111.699
2005-07-06T00:00:00.000000000+0000,111.705,112.305,111.44,112.246
2005-07-07T00:00:00.000000000+0000,112.228,112.333,111.482,112.174
2005-07-08T00:00:00.000000000+0000,112.135,112.531,111.784,112.256
2005-07-09T00:00:00.000000000+0000,112.256,112.256,112.256,112.256
2005-07-10T00:00:00.000000000+0000,112.244,112.274,112.041,112.201
2005-07-11T00:00:00.000000000+0000,112.2,112.256,111.622,111.731
2005-07-12T00:00:00.000000000+0000,111.742,111.79,110.741,111.068
2005-07-13T00:00:00.000000000+0000,111.05,112.256,110.987,112.034
2005-07-14T00:00:00.000000000+0000,112.027,112.398,111.635,112.301
2005-07-15T00:00:00.000000000+0000,112.285,112.38,111.748,112.164
2005-07-16T00:00:00.000000000+0000,112.164,112.164,112.164,112.164
2005-07-17T00:00:00.000000000+0000,112.22,112.378,112.18,112.285
2005-07-18T00:00:00.000000000+0000,112.33,112.348,111.485,111.897
2005-07-19T00:00:00.000000000+0000,111.866,112.989,111.839,112.89
2005-07-20T00:00:00.000000000+0000,112.915,113.541,112.444,112.763
2005-07-21T00:00:00.000000000+0000,112.768,112.824,109.663,110.548
2005-07-22T00:00:00.000000000+0000,110.56,111.437,110.503,111.332
2005-07-23T00:00:00.000000000+0000,111.332,111.332,111.332,111.332
2005-07-24T00:00:00.000000000+0000,111.327,111.666,111.188,111.394
2005-07-25T00:00:00.000000000+0000,111.403,111.984,111.304,111.591
2005-07-26T00:00:00.000000000+0000,111.588,112.604,111.539,112.53
2005-07-27T00:00:00.000000000+0000,112.532,112.801,111.934,112.237
2005-07-28T00:00:00.000000000+0000,112.245,112.851,111.965,112.29
2005-07-29T00:00:00.000000000+0000,112.305,112.672,111.828,112.512
2005-07-30T00:00:00.000000000+0000,112.512,112.512,112.512,112.512
2005-07-31T00:00:00.000000000+0000,112.507,112.781,112.504,112.626
2005-08-01T00:00:00.000000000+0000,112.64,112.648,111.715,112.171
2005-08-02T00:00:00.000000000+0000,112.165,112.233,111.115,111.362
2005-08-03T00:00:00.000000000+0000,111.363,111.934,110.908,111.144
2005-08-04T00:00:00.000000000+0000,111.157,111.59,110.752,111.218
2005-08-05T00:00:00.000000000+0000,111.225,112.207,111.183,111.797
2005-08-06T00:00:00.000000000+0000,111.797,111.797,111.797,111.797
2005-08-07T00:00:00.000000000+0000,111.866,112.433,111.866,112.373
2005-08-08T00:00:00.000000000+0000,112.372,112.594,111.546,111.984
2005-08-09T00:00:00.000000000+0000,111.995,112.219,111.654,111.767
2005-08-10T00:00:00.000000000+0000,111.767,111.782,110.393,110.541
2005-08-11T00:00:00.000000000+0000,110.562,110.587,109.549,109.839
2005-08-12T00:00:00.000000000+0000,109.805,109.954,109.301,109.394
2005-08-13T00:00:00.000000000+0000,109.394,109.394,109.394,109.394
2005-08-14T00:00:00.000000000+0000,109.442,109.464,109.319,109.36
2005-08-15T00:00:00.000000000+0000,109.372,109.801,109.155,109.36
2005-08-16T00:00:00.000000000+0000,109.367,109.731,109.025,109.614
2005-08-17T00:00:00.000000000+0000,109.652,110.061,109.38,109.958
2005-08-18T00:00:00.000000000+0000,109.958,110.689,109.792,110.407
2005-08-19T00:00:00.000000000+0000,110.398,110.811,110.281,110.465
2005-08-20T00:00:00.000000000+0000,110.465,110.465,110.465,110.465
2005-08-21T00:00:00.000000000+0000,110.42,110.547,110.309,110.499
2005-08-22T00:00:00.000000000+0000,110.463,110.48,109.366,109.659
2005-08-23T00:00:00.000000000+0000,109.647,110.173,109.591,109.994
2005-08-24T00:00:00.000000000+0000,109.994,110.736,109.979,110.425
2005-08-25T00:00:00.000000000+0000,110.399,110.434,109.745,110.272
2005-08-26T00:00:00.000000000+0000,110.287,110.383,109.358,110.124
2005-08-27T00:00:00.000000000+0000,110.124,110.124,110.124,110.124
2005-08-28T00:00:00.000000000+0000,110.125,110.23,109.773,109.847
2005-08-29T00:00:00.000000000+0000,109.857,110.789,109.857,110.624
2005-08-30T00:00:00.000000000+0000,110.601,111.59,110.477,111.415
2005-08-31T00:00:00.000000000+0000,111.408,111.769,110.366,110.65
2005-09-01T00:00:00.000000000+0000,110.69,110.905,109.595,109.888
2005-09-02T00:00:00.000000000+0000,109.91,110.028,109.177,109.793
2005-09-03T00:00:00.000000000+0000,109.793,109.793,109.793,109.793
2005-09-04T00:00:00.000000000+0000,109.775,109.786,109.612,109.708
2005-09-05T00:00:00.000000000+0000,109.74,109.797,108.756,109.412
2005-09-06T00:00:00.000000000+0000,109.385,109.807,109.124,109.418
2005-09-07T00:00:00.000000000+0000,109.43,110.271,109.409,110.06
2005-09-08T00:00:00.000000000+0000,110.057,110.603,110.027,110.397
2005-09-09T00:00:00.000000000+0000,110.438,110.734,109.472,109.656
2005-09-10T00:00:00.000000000+0000,109.656,109.656,109.656,109.656
2005-09-11T00:00:00.000000000+0000,109.598,109.598,108.998,109.169
2005-09-12T00:00:00.000000000+0000,109.175,110.399,109.175,110.17
2005-09-13T00:00:00.000000000+0000,110.18,111.021,110.114,110.638
2005-09-14T00:00:00.000000000+0000,110.642,110.705,109.873,110.537
2005-09-15T00:00:00.000000000+0000,110.547,110.808,110.171,110.695
2005-09-16T00:00:00.000000000+0000,110.685,111.474,110.45,111.324
2005-09-17T00:00:00.000000000+0000,111.324,111.324,111.324,111.324
2005-09-18T00:00:00.000000000+0000,111.351,111.604,111.326,111.519
2005-09-19T00:00:00.000000000+0000,111.53,111.672,111.148,111.516
2005-09-20T00:00:00.000000000+0000,111.53,112.045,111.121,111.872
2005-09-21T00:00:00.000000000+0000,111.87,111.987,110.971,111.05
2005-09-22T00:00:00.000000000+0000,111.065,111.799,111.025,111.672
2005-09-23T00:00:00.000000000+0000,111.67,112.631,110.875,112.376
2005-09-24T00:00:00.000000000+0000,112.376,112.376,112.376,112.376
2005-09-25T00:00:00.000000000+0000,112.426,112.573,112.229,112.314
2005-09-26T00:00:00.000000000+0000,112.285,112.572,112.073,112.322
2005-09-27T00:00:00.000000000+0000,112.327,113.488,112.327,113.304
2005-09-28T00:00:00.000000000+0000,113.312,113.426,112.849,112.975
2005-09-29T00:00:00.000000000+0000,112.97,113.33,112.651,113.287
2005-09-30T00:00:00.000000000+0000,113.304,114.013,112.915,113.725
2005-10-01T00:00:00.000000000+0000,113.725,113.725,113.725,113.725
2005-10-02T00:00:00.000000000+0000,113.651,113.685,113.357,113.538
2005-10-03T00:00:00.000000000+0000,113.525,114.348,113.423,114.21
2005-10-04T00:00:00.000000000+0000,114.222,114.388,113.992,114.287
2005-10-05T00:00:00.000000000+0000,114.305,114.409,113.569,113.953
2005-10-06T00:00:00.000000000+0000,113.951,113.996,113.008,113.367
2005-10-07T00:00:00.000000000+0000,113.375,113.999,113.144,113.858
2005-10-08T00:00:00.000000000+0000,113.858,113.858,113.858,113.858
2005-10-09T00:00:00.000000000+0000,113.786,113.812,113.621,113.655
2005-10-10T00:00:00.000000000+0000,113.667,114.292,113.537,114.057
2005-10-11T00:00:00.000000000+0000,114.052,114.653,113.811,114.55
2005-10-12T00:00:00.000000000+0000,114.552,114.745,114.195,114.431
2005-10-13T00:00:00.000000000+0000,114.435,115.071,114.253,114.557
2005-10-14T00:00:00.000000000+0000,114.563,114.888,113.839,114.086
2005-10-15T00:00:00.000000000+0000,114.086,114.086,114.086,114.086
2005-10-16T00:00:00.000000000+0000,114.102,114.358,114.033,114.207
2005-10-17T00:00:00.000000000+0000,114.203,115.347,113.742,115.248
2005-10-18T00:00:00.000000000+0000,115.248,115.91,115.174,115.821
2005-10-19T00:00:00.000000000+0000,115.83,115.967,115.23,115.295
2005-10-20T00:00:00.000000000+0000,115.298,115.744,115.061,115.147
2005-10-21T00:00:00.000000000+0000,115.165,115.972,114.976,115.905
2005-10-22T00:00:00.000000000+0000,115.905,115.905,115.905,115.905
2005-10-23T00:00:00.000000000+0000,115.885,115.918,115.802,115.865
2005-10-24T00:00:00.000000000+0000,115.866,115.962,115.042,115.579
2005-10-25T00:00:00.000000000+0000,115.575,115.73,114.593,115.152
2005-10-26T00:00:00.000000000+0000,115.172,116.21,114.899,116.117
2005-10-27T00:00:00.000000000+0000,116.118,116.14,114.843,115.281
2005-10-28T00:00:00.000000000+0000,115.305,115.727,115.076,115.583
2005-10-29T00:00:00.000000000+0000,115.583,115.583,115.583,115.583
2005-10-30T00:00:00.000000000+0000,115.572,115.831,115.572,115.737
2005-10-31T00:00:00.000000000+0000,115.73,116.661,115.528,116.42
2005-11-01T00:00:00.000000000+0000,116.443,116.838,116.399,116.757
2005-11-02T00:00:00.000000000+0000,116.756,116.978,116.549,116.805
2005-11-03T00:00:00.000000000+0000,116.79,117.387,116.782,117.223
2005-11-04T00:00:00.000000000+0000,117.217,118.348,117.217,118.335
2005-11-05T00:00:00.000000000+0000,118.335,118.335,118.335,118.335
2005-11-06T00:00:00.000000000+0000,118.311,118.384,118.205,118.248
2005-11-07T00:00:00.000000000+0000,118.248,118.274,117.43,117.61
2005-11-08T00:00:00.000000000+0000,117.615,117.965,117.058,117.366
2005-11-09T00:00:00.000000000+0000,117.368,117.779,116.853,117.737
2005-11-10T00:00:00.000000000+0000,117.745,118.276,117.346,117.989
2005-11-11T00:00:00.000000000+0000,117.998,118.176,117.631,117.987
2005-11-12T00:00:00.000000000+0000,117.987,117.987,117.987,117.987
2005-11-13T00:00:00.000000000+0000,117.982,118.127,117.909,117.913
2005-11-14T00:00:00.000000000+0000,117.92,118.899,117.84,118.79
2005-11-15T00:00:00.000000000+0000,118.797,119.402,118.697,118.808
2005-11-16T00:00:00.000000000+0000,118.82,119.545,118.82,119.1
2005-11-17T00:00:00.000000000+0000,119.102,119.135,118.453,118.8
2005-11-18T00:00:00.000000000+0000,118.805,119.369,118.715,119.075
2005-11-19T00:00:00.000000000+0000,119.075,119.075,119.075,119.075
2005-11-20T00:00:00.000000000+0000,119.109,119.224,119.032,119.149
2005-11-21T00:00:00.000000000+0000,119.15,119.44,118.534,119.085
2005-11-22T00:00:00.000000000+0000,119.087,119.498,118.657,118.837
2005-11-23T00:00:00.000000000+0000,118.84,119.026,118.21,118.727
2005-11-24T00:00:00.000000000+0000,118.735,119.131,118.536,119.089
2005-11-25T00:00:00.000000000+0000,119.093,119.673,119.093,119.595
2005-11-26T00:00:00.000000000+0000,119.595,119.595,119.595,119.595
2005-11-27T00:00:00.000000000+0000,119.618,119.721,119.535,119.697
2005-11-28T00:00:00.000000000+0000,119.701,119.919,118.328,118.909
2005-11-29T00:00:00.000000000+0000,118.903,119.778,118.779,119.748
2005-11-30T00:00:00.000000000+0000,119.752,119.839,119.223,119.69
2005-12-01T00:00:00.000000000+0000,119.692,120.7,119.657,120.386
2005-12-02T00:00:00.000000000+0000,120.391,121.185,120.2,120.595
2005-12-03T00:00:00.000000000+0000,120.595,120.595,120.595,120.595
2005-12-04T00:00:00.000000000+0000,120.655,121.257,120.655,121.04
2005-12-05T00:00:00.000000000+0000,121.04,121.375,120.694,120.847
2005-12-06T00:00:00.000000000+0000,120.845,121.249,120.576,120.638
2005-12-07T00:00:00.000000000+0000,120.652,121.163,120.652,121.037
2005-12-08T00:00:00.000000000+0000,121.04,121.044,119.965,120.445
2005-12-09T00:00:00.000000000+0000,120.452,120.737,120.307,120.635
2005-12-10T00:00:00.000000000+0000,120.635,120.635,120.635,120.635
2005-12-11T00:00:00.000000000+0000,120.643,120.874,120.643,120.837
2005-12-12T00:00:00.000000000+0000,120.838,121.028,119.512,119.899
2005-12-13T00:00:00.000000000+0000,119.898,120.442,119.646,120.064
2005-12-14T00:00:00.000000000+0000,120.072,120.079,116.705,117.544
2005-12-15T00:00:00.000000000+0000,117.555,117.661,115.819,116.305
2005-12-16T00:00:00.000000000+0000,116.273,116.481,115.592,115.665
2005-12-17T00:00:00.000000000+0000,115.665,115.665,115.665,115.665
2005-12-18T00:00:00.000000000+0000,115.583,115.645,115.507,115.559
2005-12-19T00:00:00.000000000+0000,115.562,116.558,115.503,116.067
2005-12-20T00:00:00.000000000+0000,116.066,117.303,115.953,117.257
2005-12-21T00:00:00.000000000+0000,117.262,117.509,116.741,117.463
2005-12-22T00:00:00.000000000+0000,117.467,117.623,116.424,116.656
2005-12-23T00:00:00.000000000+0000,116.66,116.869,116.118,116.195
2005-12-24T00:00:00.000000000+0000,116.195,116.195,116.195,116.195
2005-12-25T00:00:00.000000000+0000,116.207,116.497,116.177,116.25
2005-12-26T00:00:00.000000000+0000,116.265,116.553,115.941,116.528
2005-12-27T00:00:00.000000000+0000,116.528,117.454,116.523,117.319
2005-12-28T00:00:00.000000000+0000,117.317,117.933,116.978,117.707
2005-12-29T00:00:00.000000000+0000,117.71,117.97,117.707,117.805
2005-12-30T00:00:00.000000000+0000,117.803,118.152,116.994,117.705
2006-01-01T00:00:00.000000000+0000,117.74,117.759,117.724,117.729
2006-01-02T00:00:00.000000000+0000,117.738,117.876,117.72,117.737
2006-01-03T00:00:00.000000000+0000,117.76,117.88,115.845,115.936
2006-01-04T00:00:00.000000000+0000,115.933,116.431,115.58,116.237
2006-01-05T00:00:00.000000000+0000,116.236,116.45,115.743,115.966
2006-01-06T00:00:00.000000000+0000,115.974,116.28,114.215,114.465
2006-01-07T00:00:00.000000000+0000,114.465,114.465,114.465,114.465
2006-01-08T00:00:00.000000000+0000,114.449,114.59,114.323,114.507
2006-01-09T00:00:00.000000000+0000,114.515,114.734,113.759,114.514
2006-01-10T00:00:00.000000000+0000,114.522,114.765,114.104,114.438
2006-01-11T00:00:00.000000000+0000,114.442,114.872,113.904,114.276
2006-01-12T00:00:00.000000000+0000,114.278,114.679,113.444,114.565
2006-01-13T00:00:00.000000000+0000,114.568,114.776,114.135,114.155
2006-01-14T00:00:00.000000000+0000,114.155,114.155,114.155,114.155
2006-01-15T00:00:00.000000000+0000,114.181,114.265,113.768,113.847
2006-01-16T00:00:00.000000000+0000,113.848,115.175,113.842,115.059
2006-01-17T00:00:00.000000000+0000,115.064,115.92,114.569,115.555
2006-01-18T00:00:00.000000000+0000,115.567,115.866,114.807,115.267
2006-01-19T00:00:00.000000000+0000,115.272,115.587,114.925,115.5
2006-01-20T00:00:00.000000000+0000,115.5,115.652,114.957,115.295
2006-01-21T00:00:00.000000000+0000,115.295,115.295,115.295,115.295
2006-01-22T00:00:00.000000000+0000,115.275,115.308,114.987,115.173
2006-01-23T00:00:00.000000000+0000,115.158,115.303,114.142,114.436
2006-01-24T00:00:00.000000000+0000,114.439,115.113,114.381,115.055
2006-01-25T00:00:00.000000000+0000,115.06,115.958,114.635,115.778
2006-01-26T00:00:00.000000000+0000,115.779,116.571,115.442,116.292
2006-01-27T00:00:00.000000000+0000,116.295,117.423,116.105,117.265
2006-01-28T00:00:00.000000000+0000,117.265,117.265,117.265,117.265
2006-01-29T00:00:00.000000000+0000,117.292,117.292,117.002,117.016
2006-01-30T00:00:00.000000000+0000,117.023,117.79,117.0,117.617
2006-01-31T00:00:00.000000000+0000,117.618,117.771,116.68,117.312
2006-02-01T00:00:00.000000000+0000,117.307,118.144,117.056,117.949
2006-02-02T00:00:00.000000000+0000,117.954,118.634,117.848,118.52
2006-02-03T00:00:00.000000000+0000,118.521,119.374,118.313,118.895
2006-02-04T00:00:00.000000000+0000,118.895,118.895,118.895,118.895
2006-02-05T00:00:00.000000000+0000,118.885,118.914,118.688,118.858
2006-02-06T00:00:00.000000000+0000,118.858,119.108,118.479,119.065
2006-02-07T00:00:00.000000000+0000,119.072,119.156,117.555,117.659
2006-02-08T00:00:00.000000000+0000,117.663,118.8,117.635,118.483
2006-02-09T00:00:00.000000000+0000,118.483,118.894,118.292,118.768
2006-02-10T00:00:00.000000000+0000,118.756,118.914,116.887,117.845
2006-02-11T00:00:00.000000000+0000,117.845,117.845,117.845,117.845
2006-02-12T00:00:00.000000000+0000,117.78,117.808,117.652,117.676
2006-02-13T00:00:00.000000000+0000,117.68,118.233,117.373,117.519
2006-02-14T00:00:00.000000000+0000,117.523,117.703,117.117,117.622
2006-02-15T00:00:00.000000000+0000,117.615,118.093,116.745,117.945
2006-02-16T00:00:00.000000000+0000,117.948,118.24,117.307,117.482
2006-02-17T00:00:00.000000000+0000,117.491,118.842,117.456,118.035
2006-02-18T00:00:00.000000000+0000,118.035,118.035,118.035,118.035
2006-02-19T00:00:00.000000000+0000,118.064,118.317,118.064,118.087
2006-02-20T00:00:00.000000000+0000,118.087,118.368,117.911,118.349
2006-02-21T00:00:00.000000000+0000,118.348,118.984,118.341,118.778
2006-02-22T00:00:00.000000000+0000,118.775,118.886,118.267,118.36
2006-02-23T00:00:00.000000000+0000,118.365,118.473,116.769,117.047
2006-02-24T00:00:00.000000000+0000,117.053,117.086,116.406,116.855
2006-02-25T00:00:00.000000000+0000,116.855,116.855,116.855,116.855
2006-02-26T00:00:00.000000000+0000,116.874,117.109,116.721,117.047
2006-02-27T00:00:00.000000000+0000,117.053,117.064,115.689,116.177
2006-02-28T00:00:00.000000000+0000,116.187,116.464,115.485,115.737
2006-03-01T00:00:00.000000000+0000,115.757,116.301,115.591,116.054
2006-03-02T00:00:00.000000000+0000,116.058,116.402,115.552,115.782
2006-03-03T00:00:00.000000000+0000,115.784,116.772,115.782,116.385
2006-03-04T00:00:00.000000000+0000,116.385,116.385,116.385,116.385
2006-03-05T00:00:00.000000000+0000,116.338,116.433,116.029,116.13
2006-03-06T00:00:00.000000000+0000,116.124,117.7,116.054,117.589
2006-03-07T00:00:00.000000000+0000,117.596,118.021,117.343,117.707
2006-03-08T00:00:00.000000000+0000,117.72,118.02,117.309,117.797
2006-03-09T00:00:00.000000000+0000,117.801,118.406,117.077,118.182
2006-03-10T00:00:00.000000000+0000,118.188,119.123,118.002,118.677
2006-03-11T00:00:00.000000000+0000,118.677,118.677,118.677,118.677
2006-03-12T00:00:00.000000000+0000,118.964,119.053,118.418,119.017
2006-03-13T00:00:00.000000000+0000,119.006,119.17,118.548,118.657
2006-03-14T00:00:00.000000000+0000,118.665,118.737,117.241,117.655
2006-03-15T00:00:00.000000000+0000,117.662,117.761,117.136,117.507
2006-03-16T00:00:00.000000000+0000,117.514,117.877,116.76,116.867
2006-03-17T00:00:00.000000000+0000,116.868,116.875,115.687,115.895
2006-03-18T00:00:00.000000000+0000,115.895,115.895,115.895,115.895
2006-03-19T00:00:00.000000000+0000,115.903,116.183,115.797,116.175
2006-03-20T00:00:00.000000000+0000,116.163,116.472,115.507,116.373
2006-03-21T00:00:00.000000000+0000,116.382,117.328,116.235,117.216
2006-03-22T00:00:00.000000000+0000,117.215,117.38,116.557,116.877
2006-03-23T00:00:00.000000000+0000,116.878,117.951,116.732,117.818
2006-03-24T00:00:00.000000000+0000,117.821,118.464,117.39,117.425
2006-03-25T00:00:00.000000000+0000,117.425,117.425,117.425,117.425
2006-03-26T00:00:00.000000000+0000,117.485,117.634,117.459,117.546
2006-03-27T00:00:00.000000000+0000,117.548,117.572,116.361,116.515
2006-03-28T00:00:00.000000000+0000,116.513,118.027,116.258,117.748
2006-03-29T00:00:00.000000000+0000,117.743,118.196,117.48,117.796
2006-03-30T00:00:00.000000000+0000,117.805,117.915,117.12,117.208
2006-03-31T00:00:00.000000000+0000,117.241,118.125,117.222,117.75
2006-04-01T00:00:00.000000000+0000,117.75,117.75,117.75,117.75
2006-04-02T00:00:00.000000000+0000,117.762,117.941,117.581,117.895
2006-04-03T00:00:00.000000000+0000,117.902,118.772,117.575,117.712
2006-04-04T00:00:00.000000000+0000,117.717,117.929,117.225,117.432
2006-04-05T00:00:00.000000000+0000,117.436,117.751,116.671,117.606
2006-04-06T00:00:00.000000000+0000,117.607,117.95,117.257,117.706
2006-04-07T00:00:00.000000000+0000,117.722,118.384,117.422,118.364
2006-04-08T00:00:00.000000000+0000,118.364,118.364,118.364,118.364
2006-04-09T00:00:00.000000000+0000,118.191,118.261,118.044,118.158
2006-04-10T00:00:00.000000000+0000,118.157,118.681,117.883,118.504
2006-04-11T00:00:00.000000000+0000,118.512,118.882,118.068,118.108
2006-04-12T00:00:00.000000000+0000,118.095,118.598,117.808,118.489
2006-04-13T00:00:00.000000000+0000,118.497,118.825,118.297,118.662
2006-04-14T00:00:00.000000000+0000,118.665,118.708,118.528,118.656
2006-04-15T00:00:00.000000000+0000,118.656,118.656,118.656,118.656
2006-04-16T00:00:00.000000000+0000,118.599,118.64,118.342,118.364
2006-04-17T00:00:00.000000000+0000,118.368,118.381,117.526,117.78
2006-04-18T00:00:00.000000000+0000,117.779,118.189,116.826,117.012
2006-04-19T00:00:00.000000000+0000,117.021,117.924,116.743,117.372
2006-04-20T00:00:00.000000000+0000,117.364,117.877,117.299,117.528
2006-04-21T00:00:00.000000000+0000,117.52,117.734,116.457,116.465
2006-04-22T00:00:00.000000000+0000,116.465,116.465,116.465,116.465
2006-04-23T00:00:00.000000000+0000,116.285,116.285,115.415,115.847
2006-04-24T00:00:00.000000000+0000,115.858,115.969,114.222,114.627
2006-04-25T00:00:00.000000000+0000,114.632,114.992,114.288,114.867
2006-04-26T00:00:00.000000000+0000,114.875,115.348,114.609,114.727
2006-04-27T00:00:00.000000000+0000,114.735,115.075,113.824,114.14
2006-04-28T00:00:00.000000000+0000,114.145,114.447,113.64,113.815
2006-04-29T00:00:00.000000000+0000,113.815,113.815,113.815,113.815
2006-04-30T00:00:00.000000000+0000,113.663,113.775,113.599,113.697
2006-05-01T00:00:00.000000000+0000,113.698,113.828,112.33,113.658
2006-05-02T00:00:00.000000000+0000,113.661,113.992,113.066,113.297
2006-05-03T00:00:00.000000000+0000,113.305,113.854,112.873,113.721
2006-05-04T00:00:00.000000000+0000,113.72,114.146,113.248,113.492
2006-05-05T00:00:00.000000000+0000,113.497,113.992,112.252,112.566
2006-05-06T00:00:00.000000000+0000,112.566,112.566,112.566,112.566
2006-05-07T00:00:00.000000000+0000,112.312,112.398,111.848,112.075
2006-05-08T00:00:00.000000000+0000,112.078,112.165,110.971,111.66
2006-05-09T00:00:00.000000000+0000,111.649,111.917,110.876,111.0
2006-05-10T00:00:00.000000000+0000,111.016,111.244,110.086,111.05
2006-05-11T00:00:00.000000000+0000,111.045,111.5,110.094,110.222
2006-05-12T00:00:00.000000000+0000,110.225,110.585,109.21,110.063
2006-05-13T00:00:00.000000000+0000,110.063,110.063,110.063,110.063
2006-05-14T00:00:00.000000000+0000,109.98,109.988,109.438,109.647
2006-05-15T00:00:00.000000000+0000,109.652,110.84,109.329,110.73
2006-05-16T00:00:00.000000000+0000,110.736,110.742,109.605,109.765
2006-05-17T00:00:00.000000000+0000,109.763,111.319,109.015,111.0
2006-05-18T00:00:00.000000000+0000,110.993,111.231,110.351,110.455
2006-05-19T00:00:00.000000000+0000,110.444,112.215,110.423,111.705
2006-05-20T00:00:00.000000000+0000,111.705,111.705,111.705,111.705
2006-05-21T00:00:00.000000000+0000,111.66,111.909,111.536,111.872
2006-05-22T00:00:00.000000000+0000,111.865,112.929,111.269,111.605
2006-05-23T00:00:00.000000000+0000,111.608,112.326,110.964,112.052
2006-05-24T00:00:00.000000000+0000,112.055,112.962,111.624,112.713
2006-05-25T00:00:00.000000000+0000,112.717,112.83,111.467,111.576
2006-05-26T00:00:00.000000000+0000,111.562,112.747,111.476,112.656
2006-05-27T00:00:00.000000000+0000,112.656,112.656,112.656,112.656
2006-05-28T00:00:00.000000000+0000,112.618,112.657,112.06,112.385
2006-05-29T00:00:00.000000000+0000,112.379,112.683,112.145,112.623
2006-05-30T00:00:00.000000000+0000,112.627,112.76,111.618,112.241
2006-05-31T00:00:00.000000000+0000,112.245,112.672,111.462,112.47
2006-06-01T00:00:00.000000000+0000,112.474,113.348,112.358,112.449
2006-06-02T00:00:00.000000000+0000,112.465,112.915,111.319,111.783
2006-06-03T00:00:00.000000000+0000,111.783,111.783,111.783,111.783
2006-06-04T00:00:00.000000000+0000,111.703,111.735,111.53,111.668
2006-06-05T00:00:00.000000000+0000,111.672,112.374,111.432,112.258
2006-06-06T00:00:00.000000000+0000,112.272,113.532,112.055,113.128
2006-06-07T00:00:00.000000000+0000,113.128,113.664,112.902,113.395
2006-06-08T00:00:00.000000000+0000,113.398,114.702,113.392,113.947
2006-06-09T00:00:00.000000000+0000,113.945,114.304,113.493,113.954
2006-06-10T00:00:00.000000000+0000,113.954,113.954,113.954,113.954
2006-06-11T00:00:00.000000000+0000,113.93,114.28,113.91,114.267
2006-06-12T00:00:00.000000000+0000,114.27,114.549,113.956,114.403
2006-06-13T00:00:00.000000000+0000,114.408,115.432,114.24,115.222
2006-06-14T00:00:00.000000000+0000,115.225,115.385,114.464,114.876
2006-06-15T00:00:00.000000000+0000,114.882,115.181,114.646,114.684
2006-06-16T00:00:00.000000000+0000,114.677,115.196,114.544,115.145
2006-06-17T00:00:00.000000000+0000,115.145,115.145,115.145,115.145
2006-06-18T00:00:00.000000000+0000,115.168,115.387,115.052,115.302
2006-06-19T00:00:00.000000000+0000,115.304,115.739,115.131,115.457
2006-06-20T00:00:00.000000000+0000,115.462,115.612,114.612,114.801
2006-06-21T00:00:00.000000000+0000,114.802,115.203,114.378,114.724
2006-06-22T00:00:00.000000000+0000,114.735,116.262,114.676,116.005
2006-06-23T00:00:00.000000000+0000,116.0,116.577,115.762,116.475
2006-06-24T00:00:00.000000000+0000,116.475,116.475,116.475,116.475
2006-06-25T00:00:00.000000000+0000,116.565,116.573,116.317,116.344
2006-06-26T00:00:00.000000000+0000,116.35,116.499,116.013,116.02
2006-06-27T00:00:00.000000000+0000,116.031,116.673,115.746,116.347
2006-06-28T00:00:00.000000000+0000,116.345,116.481,116.046,116.358
2006-06-29T00:00:00.000000000+0000,116.363,116.601,114.839,115.141
2006-06-30T00:00:00.000000000+0000,115.146,115.211,114.179,114.436
2006-07-01T00:00:00.000000000+0000,114.436,114.436,114.436,114.436
2006-07-02T00:00:00.000000000+0000,114.397,114.401,114.094,114.113
2006-07-03T00:00:00.000000000+0000,114.114,114.934,114.108,114.656
2006-07-04T00:00:00.000000000+0000,114.657,115.209,114.378,115.11
2006-07-05T00:00:00.000000000+0000,115.103,115.767,114.585,115.587
2006-07-06T00:00:00.000000000+0000,115.588,115.67,114.882,115.237
2006-07-07T00:00:00.000000000+0000,115.238,115.263,113.817,113.965
2006-07-08T00:00:00.000000000+0000,113.965,113.965,113.965,113.965
2006-07-09T00:00:00.000000000+0000,113.96,114.023,113.81,113.925
2006-07-10T00:00:00.000000000+0000,113.926,114.401,113.433,114.278
2006-07-11T00:00:00.000000000+0000,114.282,114.657,113.905,114.237
2006-07-12T00:00:00.000000000+0000,114.233,115.698,114.173,115.316
2006-07-13T00:00:00.000000000+0000,115.327,115.493,114.978,115.39
2006-07-14T00:00:00.000000000+0000,115.395,116.378,115.39,116.066
2006-07-15T00:00:00.000000000+0000,116.066,116.066,116.066,116.066
2006-07-16T00:00:00.000000000+0000,116.1,116.35,116.1,116.272
2006-07-17T00:00:00.000000000+0000,116.277,117.271,116.138,116.907
2006-07-18T00:00:00.000000000+0000,116.91,117.566,116.699,117.302
2006-07-19T00:00:00.000000000+0000,117.304,117.857,116.642,116.778
2006-07-20T00:00:00.000000000+0000,116.777,117.105,116.513,116.922
2006-07-21T00:00:00.000000000+0000,116.925,116.982,115.808,116.044
2006-07-22T00:00:00.000000000+0000,116.044,116.044,116.044,116.044
2006-07-23T00:00:00.000000000+0000,116.112,116.276,116.032,116.251
2006-07-24T00:00:00.000000000+0000,116.254,116.911,116.251,116.767
2006-07-25T00:00:00.000000000+0000,116.768,117.384,116.522,117.091
2006-07-26T00:00:00.000000000+0000,117.096,117.167,116.168,116.316
2006-07-27T00:00:00.000000000+0000,116.331,116.398,115.286,115.837
2006-07-28T00:00:00.000000000+0000,115.843,115.97,114.576,114.695
2006-07-29T00:00:00.000000000+0000,114.695,114.695,114.695,114.695
2006-07-30T00:00:00.000000000+0000,114.653,114.803,114.578,114.649
2006-07-31T00:00:00.000000000+0000,114.648,114.829,114.175,114.569
2006-08-01T00:00:00.000000000+0000,114.57,115.353,114.35,114.392
2006-08-02T00:00:00.000000000+0000,114.398,114.848,113.955,114.543
2006-08-03T00:00:00.000000000+0000,114.544,115.291,114.54,115.157
2006-08-04T00:00:00.000000000+0000,115.158,115.528,113.988,114.616
2006-08-05T00:00:00.000000000+0000,114.616,114.616,114.616,114.616
2006-08-06T00:00:00.000000000+0000,114.055,114.297,113.79,114.218
2006-08-07T00:00:00.000000000+0000,114.221,115.212,114.22,115.076
2006-08-08T00:00:00.000000000+0000,115.077,115.72,114.544,115.536
2006-08-09T00:00:00.000000000+0000,115.538,115.71,114.783,115.382
2006-08-10T00:00:00.000000000+0000,115.383,115.599,114.366,115.35
2006-08-11T00:00:00.000000000+0000,115.358,116.416,115.219,116.258
2006-08-12T00:00:00.000000000+0000,116.258,116.258,116.258,116.258
2006-08-13T00:00:00.000000000+0000,116.285,116.371,116.138,116.197
2006-08-14T00:00:00.000000000+0000,116.198,116.736,116.161,116.517
2006-08-15T00:00:00.000000000+0000,116.513,116.696,115.832,115.903
2006-08-16T00:00:00.000000000+0000,115.905,116.35,115.626,115.725
2006-08-17T00:00:00.000000000+0000,115.728,116.152,115.178,115.888
2006-08-18T00:00:00.000000000+0000,115.89,116.067,115.449,115.772
2006-08-19T00:00:00.000000000+0000,115.772,115.772,115.772,115.772
2006-08-20T00:00:00.000000000+0000,115.742,115.788,115.647,115.708
2006-08-21T00:00:00.000000000+0000,115.708,116.051,115.333,116.027
2006-08-22T00:00:00.000000000+0000,116.028,116.829,115.967,116.433
2006-08-23T00:00:00.000000000+0000,116.436,116.593,116.072,116.358
2006-08-24T00:00:00.000000000+0000,116.364,116.651,115.438,116.628
2006-08-25T00:00:00.000000000+0000,116.63,117.386,116.521,117.219
2006-08-26T00:00:00.000000000+0000,117.219,117.219,117.219,117.219
2006-08-27T00:00:00.000000000+0000,117.199,117.314,117.179,117.235
2006-08-28T00:00:00.000000000+0000,117.24,117.255,116.852,117.166
2006-08-29T00:00:00.000000000+0000,117.17,117.199,116.493,116.703
2006-08-30T00:00:00.000000000+0000,116.704,117.261,116.662,117.192
2006-08-31T00:00:00.000000000+0000,117.198,117.472,116.902,117.383
2006-09-01T00:00:00.000000000+0000,117.401,117.456,116.92,116.967
2006-09-02T00:00:00.000000000+0000,116.967,116.967,116.967,116.967
2006-09-03T00:00:00.000000000+0000,117.015,117.081,116.839,116.839
2006-09-04T00:00:00.000000000+0000,116.842,116.907,115.847,116.048
2006-09-05T00:00:00.000000000+0000,116.048,116.198,115.565,116.009
2006-09-06T00:00:00.000000000+0000,116.004,116.878,115.936,116.578
2006-09-07T00:00:00.000000000+0000,116.589,117.03,115.988,116.298
2006-09-08T00:00:00.000000000+0000,116.305,117.001,116.079,116.894
2006-09-09T00:00:00.000000000+0000,116.894,116.894,116.894,116.894
2006-09-10T00:00:00.000000000+0000,116.836,117.049,116.721,116.745
2006-09-11T00:00:00.000000000+0000,116.745,117.759,116.59,117.547
2006-09-12T00:00:00.000000000+0000,117.543,118.124,117.401,117.86
2006-09-13T00:00:00.000000000+0000,117.855,117.996,117.336,117.421
2006-09-14T00:00:00.000000000+0000,117.422,117.765,117.307,117.632
2006-09-15T00:00:00.000000000+0000,117.662,118.095,117.31,117.524
2006-09-16T00:00:00.000000000+0000,117.524,117.524,117.524,117.524
2006-09-17T00:00:00.000000000+0000,117.527,118.115,117.237,118.031
2006-09-18T00:00:00.000000000+0000,118.02,118.262,117.735,117.826
2006-09-19T00:00:00.000000000+0000,117.828,118.09,116.994,117.542
2006-09-20T00:00:00.000000000+0000,117.545,117.627,116.979,117.299
2006-09-21T00:00:00.000000000+0000,117.29,117.362,116.211,116.326
2006-09-22T00:00:00.000000000+0000,116.34,116.614,116.05,116.594
2006-09-23T00:00:00.000000000+0000,116.594,116.594,116.594,116.594
2006-09-24T00:00:00.000000000+0000,116.585,116.585,116.418,116.509
2006-09-25T00:00:00.000000000+0000,116.535,116.725,116.094,116.374
2006-09-26T00:00:00.000000000+0000,116.379,117.225,116.245,117.034
2006-09-27T00:00:00.000000000+0000,117.03,117.637,116.873,117.419
2006-09-28T00:00:00.000000000+0000,117.435,117.923,117.305,117.759
2006-09-29T00:00:00.000000000+0000,117.747,118.181,117.515,118.037
2006-09-30T00:00:00.000000000+0000,118.037,118.037,118.037,118.037
2006-10-01T00:00:00.000000000+0000,116.92,118.15,111.299,118.016
2006-10-02T00:00:00.000000000+0000,118.018,118.381,117.485,117.605
2006-10-03T00:00:00.000000000+0000,117.615,118.186,117.363,117.991
2006-10-04T00:00:00.000000000+0000,118.023,118.27,117.736,117.767
2006-10-05T00:00:00.000000000+0000,117.771,117.859,117.433,117.751
2006-10-06T00:00:00.000000000+0000,117.785,119.09,117.684,119.012
2006-10-07T00:00:00.000000000+0000,119.012,119.012,119.012,119.012
2006-10-08T00:00:00.000000000+0000,118.95,119.002,118.031,118.888
2006-10-09T00:00:00.000000000+0000,118.903,119.281,118.787,119.054
2006-10-10T00:00:00.000000000+0000,119.065,119.779,118.892,119.7
2006-10-11T00:00:00.000000000+0000,119.714,119.818,119.329,119.718
2006-10-12T00:00:00.000000000+0000,119.722,119.731,119.25,119.308
2006-10-13T00:00:00.000000000+0000,119.308,119.87,119.075,119.577
2006-10-14T00:00:00.000000000+0000,119.577,119.577,119.577,119.577
2006-10-15T00:00:00.000000000+0000,119.612,119.765,119.612,119.739
2006-10-16T00:00:00.000000000+0000,119.751,119.782,118.915,119.063
2006-10-17T00:00:00.000000000+0000,119.056,119.118,118.357,118.658
2006-10-18T00:00:00.000000000+0000,118.67,119.157,118.329,118.897
2006-10-19T00:00:00.000000000+0000,118.905,118.938,118.013,118.308
2006-10-20T00:00:00.000000000+0000,118.298,118.79,118.137,118.715
2006-10-21T00:00:00.000000000+0000,118.715,118.715,118.715,118.715
2006-10-22T00:00:00.000000000+0000,118.702,118.758,118.551,118.582
2006-10-23T00:00:00.000000000+0000,118.58,119.377,118.558,119.318
2006-10-24T00:00:00.000000000+0000,119.327,119.642,119.082,119.328
2006-10-25T00:00:00.000000000+0000,119.308,119.334,118.876,118.899
2006-10-26T00:00:00.000000000+0000,118.908,118.944,118.235,118.593
2006-10-27T00:00:00.000000000+0000,118.603,118.71,117.16,117.563
2006-10-28T00:00:00.000000000+0000,117.563,117.563,117.563,117.563
2006-10-29T00:00:00.000000000+0000,117.508,117.573,117.417,117.515
2006-10-30T00:00:00.000000000+0000,117.518,117.632,117.193,117.612
2006-10-31T00:00:00.000000000+0000,117.616,118.029,116.62,116.735
2006-11-01T00:00:00.000000000+0000,116.736,117.27,116.582,117.193
2006-11-02T00:00:00.000000000+0000,117.217,117.345,116.66,117.093
2006-11-03T00:00:00.000000000+0000,117.105,118.18,116.966,117.981
2006-11-04T00:00:00.000000000+0000,117.981,117.981,117.981,117.981
2006-11-05T00:00:00.000000000+0000,117.996,118.107,117.893,117.925
2006-11-06T00:00:00.000000000+0000,117.909,118.447,117.79,118.159
2006-11-07T00:00:00.000000000+0000,118.173,118.254,117.247,117.584
2006-11-08T00:00:00.000000000+0000,117.592,117.972,117.388,117.826
2006-11-09T00:00:00.000000000+0000,117.813,118.577,117.682,117.799
2006-11-10T00:00:00.000000000+0000,117.792,117.859,117.187,117.605
2006-11-11T00:00:00.000000000+0000,117.605,117.605,117.605,117.605
2006-11-12T00:00:00.000000000+0000,117.578,117.634,117.418,117.517
2006-11-13T00:00:00.000000000+0000,117.513,118.279,117.114,117.619
2006-11-14T00:00:00.000000000+0000,117.618,117.926,117.249,117.622
2006-11-15T00:00:00.000000000+0000,117.633,118.182,117.533,117.876
2006-11-16T00:00:00.000000000+0000,117.893,118.321,117.725,118.223
2006-11-17T00:00:00.000000000+0000,118.225,118.452,117.507,117.717
2006-11-18T00:00:00.000000000+0000,117.717,117.717,117.717,117.717
2006-11-19T00:00:00.000000000+0000,117.75,117.927,117.75,117.865
2006-11-20T00:00:00.000000000+0000,117.857,118.178,117.75,118.049
2006-11-21T00:00:00.000000000+0000,118.062,118.232,117.712,117.856
2006-11-22T00:00:00.000000000+0000,117.86,117.882,116.355,116.775
2006-11-23T00:00:00.000000000+0000,116.781,116.818,116.03,116.265
2006-11-24T00:00:00.000000000+0000,116.268,116.471,115.571,115.844
2006-11-25T00:00:00.000000000+0000,115.844,115.844,115.844,115.844
2006-11-26T00:00:00.000000000+0000,115.774,115.784,115.365,115.498
2006-11-27T00:00:00.000000000+0000,115.498,116.387,115.465,116.097
2006-11-28T00:00:00.000000000+0000,116.098,116.385,115.876,116.053
2006-11-29T00:00:00.000000000+0000,116.059,116.449,115.563,116.402
2006-11-30T00:00:00.000000000+0000,116.408,116.542,115.495,115.686
2006-12-01T00:00:00.000000000+0000,115.68,116.363,114.978,115.387
2006-12-02T00:00:00.000000000+0000,115.387,115.387,115.387,115.387
2006-12-03T00:00:00.000000000+0000,115.41,115.448,115.096,115.218
2006-12-04T00:00:00.000000000+0000,115.22,115.815,115.179,115.367
2006-12-05T00:00:00.000000000+0000,115.358,115.42,114.441,114.94
2006-12-06T00:00:00.000000000+0000,114.935,115.371,114.506,115.328
2006-12-07T00:00:00.000000000+0000,115.335,115.344,114.746,115.147
2006-12-08T00:00:00.000000000+0000,115.155,116.467,114.901,116.299
2006-12-09T00:00:00.000000000+0000,116.299,116.299,116.299,116.299
2006-12-10T00:00:00.000000000+0000,116.355,116.461,116.151,116.233
2006-12-11T00:00:00.000000000+0000,116.236,117.229,116.23,116.757
2006-12-12T00:00:00.000000000+0000,116.747,117.208,116.632,116.695
2006-12-13T00:00:00.000000000+0000,116.687,117.637,116.67,117.394
2006-12-14T00:00:00.000000000+0000,117.399,117.865,117.25,117.766
2006-12-15T00:00:00.000000000+0000,117.792,118.317,117.45,118.166
2006-12-16T00:00:00.000000000+0000,118.166,118.166,118.166,118.166
2006-12-17T00:00:00.000000000+0000,118.171,118.187,117.902,118.011
2006-12-18T00:00:00.000000000+0000,118.019,118.266,117.663,118.045
2006-12-19T00:00:00.000000000+0000,118.046,118.289,117.772,117.996
2006-12-20T00:00:00.000000000+0000,117.995,118.5,117.926,118.308
2006-12-21T00:00:00.000000000+0000,118.327,118.501,117.961,118.278
2006-12-22T00:00:00.000000000+0000,118.268,118.957,118.178,118.805
2006-12-23T00:00:00.000000000+0000,118.805,118.805,118.805,118.805
2006-12-24T00:00:00.000000000+0000,118.793,118.923,118.717,118.735
2006-12-25T00:00:00.000000000+0000,118.757,118.96,118.632,118.839
2006-12-26T00:00:00.000000000+0000,118.83,119.22,118.761,119.108
2006-12-27T00:00:00.000000000+0000,119.101,119.121,118.275,118.765
2006-12-28T00:00:00.000000000+0000,118.764,119.023,118.496,118.888
2006-12-29T00:00:00.000000000+0000,118.897,119.155,118.703,119.072
2006-12-30T00:00:00.000000000+0000,119.072,119.072,119.072,119.072
2006-12-31T00:00:00.000000000+0000,119.068,119.104,118.979,119.007
2007-01-01T00:00:00.000000000+0000,119.005,119.072,118.847,118.891
2007-01-02T00:00:00.000000000+0000,118.888,118.93,118.47,118.832
2007-01-03T00:00:00.000000000+0000,118.84,119.668,118.634,119.33
2007-01-04T00:00:00.000000000+0000,119.345,119.496,118.715,118.805
2007-01-05T00:00:00.000000000+0000,118.795,119.013,117.975,118.6
2007-01-06T00:00:00.000000000+0000,118.6,118.6,118.6,118.6
2007-01-07T00:00:00.000000000+0000,118.578,118.731,118.548,118.548
2007-01-08T00:00:00.000000000+0000,118.567,118.835,118.107,118.692
2007-01-09T00:00:00.000000000+0000,118.689,119.517,118.679,119.278
2007-01-10T00:00:00.000000000+0000,119.279,119.765,119.119,119.515
2007-01-11T00:00:00.000000000+0000,119.51,120.627,119.464,120.328
2007-01-12T00:00:00.000000000+0000,120.33,120.718,120.161,120.305
2007-01-13T00:00:00.000000000+0000,120.305,120.305,120.305,120.305
2007-01-14T00:00:00.000000000+0000,120.286,120.428,120.193,120.243
2007-01-15T00:00:00.000000000+0000,120.254,120.588,120.051,120.427
2007-01-16T00:00:00.000000000+0000,120.42,120.841,120.185,120.787
2007-01-17T00:00:00.000000000+0000,120.778,120.867,120.344,120.614
2007-01-18T00:00:00.000000000+0000,120.62,121.573,120.449,121.229
2007-01-19T00:00:00.000000000+0000,121.257,121.47,121.081,121.202
2007-01-20T00:00:00.000000000+0000,121.202,121.202,121.202,121.202
2007-01-21T00:00:00.000000000+0000,121.193,121.281,121.171,121.267
2007-01-22T00:00:00.000000000+0000,121.256,121.78,121.24,121.598
2007-01-23T00:00:00.000000000+0000,121.603,121.736,121.102,121.668
2007-01-24T00:00:00.000000000+0000,121.685,121.779,120.642,120.874
2007-01-25T00:00:00.000000000+0000,120.878,121.601,120.19,121.601
2007-01-26T00:00:00.000000000+0000,121.602,121.631,121.257,121.525
2007-01-27T00:00:00.000000000+0000,121.525,121.525,121.525,121.525
2007-01-28T00:00:00.000000000+0000,121.495,121.515,121.387,121.463
2007-01-29T00:00:00.000000000+0000,121.475,122.165,121.451,121.729
2007-01-30T00:00:00.000000000+0000,121.718,121.979,121.467,121.676
2007-01-31T00:00:00.000000000+0000,121.678,121.727,120.627,120.738
2007-02-01T00:00:00.000000000+0000,120.737,120.889,120.134,120.803
2007-02-02T00:00:00.000000000+0000,120.797,121.344,120.62,121.125
2007-02-03T00:00:00.000000000+0000,121.125,121.125,121.125,121.125
2007-02-04T00:00:00.000000000+0000,121.095,121.179,120.947,120.974
2007-02-05T00:00:00.000000000+0000,120.983,121.06,120.081,120.19
2007-02-06T00:00:00.000000000+0000,120.193,120.554,119.97,120.05
2007-02-07T00:00:00.000000000+0000,120.039,120.8,120.012,120.585
2007-02-08T00:00:00.000000000+0000,120.591,121.423,120.582,121.092
2007-02-09T00:00:00.000000000+0000,121.137,121.743,121.049,121.679
2007-02-10T00:00:00.000000000+0000,121.679,121.679,121.679,121.679
2007-02-11T00:00:00.000000000+0000,121.688,122.087,121.688,121.84
2007-02-12T00:00:00.000000000+0000,121.85,122.03,121.583,121.764
2007-02-13T00:00:00.000000000+0000,121.76,121.766,121.09,121.263
2007-02-14T00:00:00.000000000+0000,121.272,121.347,120.226,120.286
2007-02-15T00:00:00.000000000+0000,120.282,120.359,119.147,119.376
2007-02-16T00:00:00.000000000+0000,119.37,119.55,118.984,119.392
2007-02-17T00:00:00.000000000+0000,119.392,119.392,119.392,119.392
2007-02-18T00:00:00.000000000+0000,119.373,119.403,119.198,119.343
2007-02-19T00:00:00.000000000+0000,119.345,119.727,119.299,119.652
2007-02-20T00:00:00.000000000+0000,119.688,120.33,119.557,120.013
2007-02-21T00:00:00.000000000+0000,120.008,121.17,119.713,120.924
2007-02-22T00:00:00.000000000+0000,120.92,121.636,120.897,121.487
2007-02-23T00:00:00.000000000+0000,121.485,121.621,120.898,121.039
2007-02-24T00:00:00.000000000+0000,121.039,121.039,121.039,121.039
2007-02-25T00:00:00.000000000+0000,121.018,121.06,120.912,120.956
2007-02-26T00:00:00.000000000+0000,120.95,120.987,120.345,120.635
2007-02-27T00:00:00.000000000+0000,120.633,120.633,117.515,118.098
2007-02-28T00:00:00.000000000+0000,118.085,118.836,117.974,118.735
2007-03-01T00:00:00.000000000+0000,118.73,118.847,116.979,117.706
2007-03-02T00:00:00.000000000+0000,117.72,117.812,116.417,116.785
2007-03-03T00:00:00.000000000+0000,116.785,116.785,116.785,116.785
2007-03-04T00:00:00.000000000+0000,116.725,116.788,115.969,116.086
2007-03-05T00:00:00.000000000+0000,116.088,116.224,115.148,115.582
2007-03-06T00:00:00.000000000+0000,115.579,116.881,115.576,116.776
2007-03-07T00:00:00.000000000+0000,116.773,116.81,115.552,115.675
2007-03-08T00:00:00.000000000+0000,115.687,117.47,115.58,117.147
2007-03-09T00:00:00.000000000+0000,117.143,118.363,117.129,118.3
2007-03-10T00:00:00.000000000+0000,118.3,118.3,118.3,118.3
2007-03-11T00:00:00.000000000+0000,118.292,118.398,118.157,118.18
2007-03-12T00:00:00.000000000+0000,118.183,118.475,117.209,117.58
2007-03-13T00:00:00.000000000+0000,117.584,117.761,115.885,116.012
2007-03-14T00:00:00.000000000+0000,116.017,117.538,115.752,117.267
2007-03-15T00:00:00.000000000+0000,117.263,117.768,117.022,117.154
2007-03-16T00:00:00.000000000+0000,117.133,117.226,116.495,116.714
2007-03-17T00:00:00.000000000+0000,116.714,116.714,116.714,116.714
2007-03-18T00:00:00.000000000+0000,116.642,116.665,116.215,116.398
2007-03-19T00:00:00.000000000+0000,116.395,117.75,116.387,117.605
2007-03-20T00:00:00.000000000+0000,117.612,117.985,116.917,117.242
2007-03-21T00:00:00.000000000+0000,117.235,117.934,117.164,117.413
2007-03-22T00:00:00.000000000+0000,117.416,118.281,117.235,118.099
2007-03-23T00:00:00.000000000+0000,118.102,118.231,117.395,118.053
2007-03-24T00:00:00.000000000+0000,118.053,118.053,118.053,118.053
2007-03-25T00:00:00.000000000+0000,118.025,118.11,117.777,118.033
2007-03-26T00:00:00.000000000+0000,118.033,118.416,117.635,118.217
2007-03-27T00:00:00.000000000+0000,118.222,118.329,117.34,117.41
2007-03-28T00:00:00.000000000+0000,117.4,117.46,116.377,116.905
2007-03-29T00:00:00.000000000+0000,116.916,118.122,116.668,118.096
2007-03-30T00:00:00.000000000+0000,118.102,118.379,117.215,117.648
2007-03-31T00:00:00.000000000+0000,117.648,117.648,117.648,117.648
2007-04-01T00:00:00.000000000+0000,117.96,117.96,117.68,117.83
2007-04-02T00:00:00.000000000+0000,117.76,118.07,117.5,117.84
2007-04-03T00:00:00.000000000+0000,117.84,118.98,117.72,118.88
2007-04-04T00:00:00.000000000+0000,118.88,119.08,118.55,118.68
2007-04-05T00:00:00.000000000+0000,118.68,118.99,118.43,118.72
2007-04-06T00:00:00.000000000+0000,118.72,119.39,118.675,119.235
2007-04-07T00:00:00.000000000+0000,119.235,119.235,119.235,119.235
2007-04-08T00:00:00.000000000+0000,119.305,119.38,119.107,119.37
2007-04-09T00:00:00.000000000+0000,119.36,119.385,119.175,119.27
2007-04-10T00:00:00.000000000+0000,119.27,119.3,118.76,119.17
2007-04-11T00:00:00.000000000+0000,119.17,119.54,118.87,119.33
2007-04-12T00:00:00.000000000+0000,119.33,119.51,118.79,119.0
2007-04-13T00:00:00.000000000+0000,118.995,119.565,118.187,119.193
2007-04-14T00:00:00.000000000+0000,119.193,119.193,119.193,119.193
2007-04-15T00:00:00.000000000+0000,119.192,119.3,119.1,119.265
2007-04-16T00:00:00.000000000+0000,119.25,119.86,119.23,119.74
2007-04-17T00:00:00.000000000+0000,119.74,119.8,118.805,118.81
2007-04-18T00:00:00.000000000+0000,118.81,118.9,118.11,118.355
2007-04-19T00:00:00.000000000+0000,118.355,118.585,117.61,118.42
2007-04-20T00:00:00.000000000+0000,118.425,118.955,118.42,118.673
2007-04-21T00:00:00.000000000+0000,118.673,118.673,118.673,118.673
2007-04-22T00:00:00.000000000+0000,118.662,118.95,118.571,118.77
2007-04-23T00:00:00.000000000+0000,118.77,119.03,118.225,118.45
2007-04-24T00:00:00.000000000+0000,118.45,118.94,118.235,118.58
2007-04-25T00:00:00.000000000+0000,118.58,118.84,118.265,118.65
2007-04-26T00:00:00.000000000+0000,118.65,119.67,118.53,119.545
2007-04-27T00:00:00.000000000+0000,119.55,119.76,118.88,119.464
2007-04-28T00:00:00.000000000+0000,119.464,119.464,119.464,119.464
2007-04-29T00:00:00.000000000+0000,119.452,119.705,119.11,119.38
2007-04-30T00:00:00.000000000+0000,119.38,119.75,119.295,119.45
2007-05-01T00:00:00.000000000+0000,119.45,119.89,119.07,119.78
2007-05-02T00:00:00.000000000+0000,119.77,120.28,119.5,120.18
2007-05-03T00:00:00.000000000+0000,120.18,120.465,119.965,120.38
2007-05-04T00:00:00.000000000+0000,120.38,120.46,119.9,120.268
2007-05-05T00:00:00.000000000+0000,120.268,120.268,120.268,120.268
2007-05-06T00:00:00.000000000+0000,120.456,120.456,119.985,120.105
2007-05-07T00:00:00.000000000+0000,120.105,120.13,119.785,120.1
2007-05-08T00:00:00.000000000+0000,120.1,120.13,119.52,119.95
2007-05-09T00:00:00.000000000+0000,119.95,120.23,119.625,120.15
2007-05-10T00:00:00.000000000+0000,120.15,120.53,119.7,119.895
2007-05-11T00:00:00.000000000+0000,119.895,120.261,119.47,120.185
2007-05-12T00:00:00.000000000+0000,120.185,120.185,120.185,120.185
2007-05-13T00:00:00.000000000+0000,120.255,120.315,120.035,120.105
2007-05-14T00:00:00.000000000+0000,120.11,120.495,120.05,120.45
2007-05-15T00:00:00.000000000+0000,120.45,120.575,120.12,120.23
2007-05-16T00:00:00.000000000+0000,120.23,120.84,120.175,120.8
2007-05-17T00:00:00.000000000+0000,120.8,121.36,120.755,121.29
2007-05-18T00:00:00.000000000+0000,121.29,121.39,120.685,121.133
2007-05-19T00:00:00.000000000+0000,121.133,121.133,121.133,121.133
2007-05-20T00:00:00.000000000+0000,121.09,121.186,120.896,121.145
2007-05-21T00:00:00.000000000+0000,121.145,121.63,121.11,121.46
2007-05-22T00:00:00.000000000+0000,121.46,121.71,121.2,121.7
2007-05-23T00:00:00.000000000+0000,121.7,121.87,121.31,121.56
2007-05-24T00:00:00.000000000+0000,121.56,121.68,121.15,121.3
2007-05-25T00:00:00.000000000+0000,121.3,121.87,120.85,121.732
2007-05-26T00:00:00.000000000+0000,121.732,121.732,121.732,121.732
2007-05-27T00:00:00.000000000+0000,121.728,121.817,121.659,121.78
2007-05-28T00:00:00.000000000+0000,121.78,121.79,121.573,121.65
2007-05-29T00:00:00.000000000+0000,121.65,121.81,121.185,121.59
2007-05-30T00:00:00.000000000+0000,121.585,121.77,121.285,121.56
2007-05-31T00:00:00.000000000+0000,121.55,121.975,121.45,121.73
2007-06-01T00:00:00.000000000+0000,121.725,122.147,121.68,122.107
2007-06-02T00:00:00.000000000+0000,122.107,122.107,122.107,122.107
2007-06-03T00:00:00.000000000+0000,121.99,122.1,121.955,122.02
2007-06-04T00:00:00.000000000+0000,122.02,122.11,121.545,121.62
2007-06-05T00:00:00.000000000+0000,121.62,121.94,121.115,121.43
2007-06-06T00:00:00.000000000+0000,121.425,121.49,120.87,120.88
2007-06-07T00:00:00.000000000+0000,120.87,121.56,120.77,121.13
2007-06-08T00:00:00.000000000+0000,121.13,121.83,120.77,121.608
2007-06-09T00:00:00.000000000+0000,121.608,121.608,121.608,121.608
2007-06-10T00:00:00.000000000+0000,121.672,121.782,121.57,121.66
2007-06-11T00:00:00.000000000+0000,121.66,121.835,121.508,121.76
2007-06-12T00:00:00.000000000+0000,121.76,121.86,121.54,121.55
2007-06-13T00:00:00.000000000+0000,121.55,122.76,121.48,122.57
2007-06-14T00:00:00.000000000+0000,122.57,123.12,122.535,123.03
2007-06-15T00:00:00.000000000+0000,123.03,123.66,122.898,123.426
2007-06-16T00:00:00.000000000+0000,123.426,123.426,123.426,123.426
2007-06-17T00:00:00.000000000+0000,123.398,123.55,123.32,123.485
2007-06-18T00:00:00.000000000+0000,123.485,123.75,123.3,123.63
2007-06-19T00:00:00.000000000+0000,123.63,123.71,123.296,123.42
2007-06-20T00:00:00.000000000+0000,123.415,123.675,123.1,123.555
2007-06-21T00:00:00.000000000+0000,123.555,123.77,123.475,123.77
2007-06-22T00:00:00.000000000+0000,123.77,124.14,123.737,123.786
2007-06-23T00:00:00.000000000+0000,123.786,123.786,123.786,123.786
2007-06-24T00:00:00.000000000+0000,123.865,123.939,123.598,123.835
2007-06-25T00:00:00.000000000+0000,123.84,123.94,123.305,123.55
2007-06-26T00:00:00.000000000+0000,123.55,123.63,122.81,122.92
2007-06-27T00:00:00.000000000+0000,122.94,123.36,122.225,123.28
2007-06-28T00:00:00.000000000+0000,123.28,123.31,122.78,123.21
2007-06-29T00:00:00.000000000+0000,123.21,123.56,122.96,123.143
2007-06-30T00:00:00.000000000+0000,123.143,123.143,123.143,123.143
2007-07-01T00:00:00.000000000+0000,122.948,123.25,122.895,123.21
2007-07-02T00:00:00.000000000+0000,123.21,123.28,122.085,122.28
2007-07-03T00:00:00.000000000+0000,122.28,122.68,122.125,122.445
2007-07-04T00:00:00.000000000+0000,122.445,122.74,122.21,122.72
2007-07-05T00:00:00.000000000+0000,122.72,123.02,122.33,122.96
2007-07-06T00:00:00.000000000+0000,122.96,123.55,122.845,123.285
2007-07-07T00:00:00.000000000+0000,123.285,123.285,123.285,123.285
2007-07-08T00:00:00.000000000+0000,123.385,123.48,123.173,123.46
2007-07-09T00:00:00.000000000+0000,123.46,123.66,123.21,123.32
2007-07-10T00:00:00.000000000+0000,123.325,123.48,120.99,121.71
2007-07-11T00:00:00.000000000+0000,121.72,122.52,121.06,122.34
2007-07-12T00:00:00.000000000+0000,122.35,122.59,121.825,122.42
2007-07-13T00:00:00.000000000+0000,122.42,122.62,121.896,121.954
2007-07-14T00:00:00.000000000+0000,121.954,121.954,121.954,121.954
2007-07-15T00:00:00.000000000+0000,121.873,122.11,121.8,122.06
2007-07-16T00:00:00.000000000+0000,122.06,122.18,121.545,121.85
2007-07-17T00:00:00.000000000+0000,121.85,122.41,121.69,122.085
2007-07-18T00:00:00.000000000+0000,122.085,122.29,121.58,121.94
2007-07-19T00:00:00.000000000+0000,121.94,122.18,121.78,122.095
2007-07-20T00:00:00.000000000+0000,122.1,122.44,120.87,121.184
2007-07-21T00:00:00.000000000+0000,121.184,121.184,121.184,121.184
2007-07-22T00:00:00.000000000+0000,121.395,122.177,121.214,121.29
2007-07-23T00:00:00.000000000+0000,121.3,121.52,120.8,120.96
2007-07-24T00:00:00.000000000+0000,120.96,120.99,119.98,120.26
2007-07-25T00:00:00.000000000+0000,120.26,120.64,119.805,120.57
2007-07-26T00:00:00.000000000+0000,120.57,120.74,118.01,118.89
2007-07-27T00:00:00.000000000+0000,118.88,119.29,118.42,118.704
2007-07-28T00:00:00.000000000+0000,118.704,118.704,118.704,118.704
2007-07-29T00:00:00.000000000+0000,118.605,118.749,118.02,118.32
2007-07-30T00:00:00.000000000+0000,118.33,119.25,118.08,119.2
2007-07-31T00:00:00.000000000+0000,119.2,119.49,118.34,118.51
2007-08-01T00:00:00.000000000+0000,118.51,119.16,117.6,118.86
2007-08-02T00:00:00.000000000+0000,118.86,119.37,118.33,119.15
2007-08-03T00:00:00.000000000+0000,119.15,119.31,117.798,118.025
2007-08-04T00:00:00.000000000+0000,118.025,118.025,118.025,118.025
2007-08-05T00:00:00.000000000+0000,118.025,118.176,117.18,117.58
2007-08-06T00:00:00.000000000+0000,117.58,119.1,117.36,118.72
2007-08-07T00:00:00.000000000+0000,118.72,119.04,117.97,119.03
2007-08-08T00:00:00.000000000+0000,119.03,119.83,118.735,119.715
2007-08-09T00:00:00.000000000+0000,119.71,119.76,117.8,117.925
2007-08-10T00:00:00.000000000+0000,117.925,118.74,117.205,118.299
2007-08-11T00:00:00.000000000+0000,118.299,118.299,118.299,118.299
2007-08-12T00:00:00.000000000+0000,118.36,118.48,117.459,118.3
2007-08-13T00:00:00.000000000+0000,118.31,118.57,117.68,118.25
2007-08-14T00:00:00.000000000+0000,118.25,118.52,117.36,117.53
2007-08-15T00:00:00.000000000+0000,117.52,117.65,116.24,116.29
2007-08-16T00:00:00.000000000+0000,116.29,116.74,111.99,113.7
2007-08-17T00:00:00.000000000+0000,113.7,114.9,111.59,114.171
2007-08-18T00:00:00.000000000+0000,114.171,114.171,114.171,114.171
2007-08-19T00:00:00.000000000+0000,114.317,114.617,113.66,114.23
2007-08-20T00:00:00.000000000+0000,114.23,115.5,114.15,114.69
2007-08-21T00:00:00.000000000+0000,114.69,115.24,113.98,114.42
2007-08-22T00:00:00.000000000+0000,114.42,115.95,114.245,115.83
2007-08-23T00:00:00.000000000+0000,115.83,117.14,115.6,116.05
2007-08-24T00:00:00.000000000+0000,116.05,116.45,115.52,116.436
2007-08-25T00:00:00.000000000+0000,116.436,116.436,116.436,116.436
2007-08-26T00:00:00.000000000+0000,116.425,116.75,116.278,116.65
2007-08-27T00:00:00.000000000+0000,116.65,116.65,115.35,115.64
2007-08-28T00:00:00.000000000+0000,115.63,115.76,113.855,113.97
2007-08-29T00:00:00.000000000+0000,113.97,116.25,113.92,115.69
2007-08-30T00:00:00.000000000+0000,115.69,116.075,115.2,116.0
2007-08-31T00:00:00.000000000+0000,116.0,116.61,115.48,115.73
2007-09-01T00:00:00.000000000+0000,115.73,115.73,115.73,115.73
2007-09-02T00:00:00.000000000+0000,115.74,115.92,115.64,115.8
2007-09-03T00:00:00.000000000+0000,115.8,116.11,115.66,115.76
2007-09-04T00:00:00.000000000+0000,115.76,116.47,115.33,116.42
2007-09-05T00:00:00.000000000+0000,116.42,116.44,114.81,114.95
2007-09-06T00:00:00.000000000+0000,114.95,115.65,114.9,115.46
2007-09-07T00:00:00.000000000+0000,115.46,115.47,113.12,113.358
2007-09-08T00:00:00.000000000+0000,113.358,113.358,113.358,113.358
2007-09-09T00:00:00.000000000+0000,113.36,113.385,112.6,112.89
2007-09-10T00:00:00.000000000+0000,112.89,113.995,112.72,113.55
2007-09-11T00:00:00.000000000+0000,113.55,114.38,113.39,114.12
2007-09-12T00:00:00.000000000+0000,114.11,114.37,113.77,114.24
2007-09-13T00:00:00.000000000+0000,114.24,115.49,114.115,114.8
2007-09-14T00:00:00.000000000+0000,114.81,115.39,114.36,115.255
2007-09-15T00:00:00.000000000+0000,115.255,115.255,115.255,115.255
2007-09-16T00:00:00.000000000+0000,115.35,115.382,115.1,115.25
2007-09-17T00:00:00.000000000+0000,115.25,115.38,114.66,115.04
2007-09-18T00:00:00.000000000+0000,115.04,116.37,114.78,115.755
2007-09-19T00:00:00.000000000+0000,115.745,116.32,115.655,115.955
2007-09-20T00:00:00.000000000+0000,115.955,116.005,113.985,114.93
2007-09-21T00:00:00.000000000+0000,114.93,115.85,114.62,115.476
2007-09-22T00:00:00.000000000+0000,115.476,115.476,115.476,115.476
2007-09-23T00:00:00.000000000+0000,115.465,115.468,115.21,115.24
2007-09-24T00:00:00.000000000+0000,115.24,115.27,114.645,114.84
2007-09-25T00:00:00.000000000+0000,114.84,114.87,114.025,114.61
2007-09-26T00:00:00.000000000+0000,114.61,115.74,114.58,115.435
2007-09-27T00:00:00.000000000+0000,115.44,115.89,115.115,115.53
2007-09-28T00:00:00.000000000+0000,115.53,115.6,114.67,114.771
2007-09-29T00:00:00.000000000+0000,114.771,114.771,114.771,114.771
2007-09-30T00:00:00.000000000+0000,114.785,114.96,114.66,114.86
2007-10-01T00:00:00.000000000+0000,114.86,116.06,114.765,115.76
2007-10-02T00:00:00.000000000+0000,115.76,115.99,115.28,115.62
2007-10-03T00:00:00.000000000+0000,115.62,116.775,115.555,116.675
2007-10-04T00:00:00.000000000+0000,116.68,116.76,116.27,116.435
2007-10-05T00:00:00.000000000+0000,116.435,117.26,116.355,116.922
2007-10-06T00:00:00.000000000+0000,116.922,116.922,116.922,116.922
2007-10-07T00:00:00.000000000+0000,116.912,117.197,116.83,117.045
2007-10-08T00:00:00.000000000+0000,117.05,117.605,116.965,117.37
2007-10-09T00:00:00.000000000+0000,117.37,117.45,116.81,117.21
2007-10-10T00:00:00.000000000+0000,117.21,117.53,116.96,117.12
2007-10-11T00:00:00.000000000+0000,117.12,117.79,117.01,117.465
2007-10-12T00:00:00.000000000+0000,117.465,117.69,117.14,117.522
2007-10-13T00:00:00.000000000+0000,117.522,117.522,117.522,117.522
2007-10-14T00:00:00.000000000+0000,117.585,117.842,117.39,117.64
2007-10-15T00:00:00.000000000+0000,117.635,117.95,117.11,117.425
2007-10-16T00:00:00.000000000+0000,117.425,117.45,116.445,117.04
2007-10-17T00:00:00.000000000+0000,117.04,117.19,116.165,116.37
2007-10-18T00:00:00.000000000+0000,116.37,116.64,115.28,115.54
2007-10-19T00:00:00.000000000+0000,115.54,115.72,114.351,114.493
2007-10-20T00:00:00.000000000+0000,114.493,114.493,114.493,114.493
2007-10-21T00:00:00.000000000+0000,114.405,114.422,113.25,113.48
2007-10-22T00:00:00.000000000+0000,113.48,114.64,113.36,114.39
2007-10-23T00:00:00.000000000+0000,114.39,115.03,114.175,114.9
2007-10-24T00:00:00.000000000+0000,114.9,114.95,113.805,114.04
2007-10-25T00:00:00.000000000+0000,114.04,114.57,113.76,114.09
2007-10-26T00:00:00.000000000+0000,114.09,114.58,113.98,114.19
2007-10-27T00:00:00.000000000+0000,114.19,114.19,114.19,114.19
2007-10-28T00:00:00.000000000+0000,114.173,114.259,113.995,114.195
2007-10-29T00:00:00.000000000+0000,114.2,114.9,114.055,114.695
2007-10-30T00:00:00.000000000+0000,114.695,115.015,114.38,114.78
2007-10-31T00:00:00.000000000+0000,114.78,115.5,114.53,115.395
2007-11-01T00:00:00.000000000+0000,115.395,115.92,114.365,114.48
2007-11-02T00:00:00.000000000+0000,114.48,115.42,114.43,114.827
2007-11-03T00:00:00.000000000+0000,114.827,114.827,114.827,114.827
2007-11-04T00:00:00.000000000+0000,114.82,114.957,114.485,114.56
2007-11-05T00:00:00.000000000+0000,114.56,114.81,114.02,114.33
2007-11-06T00:00:00.000000000+0000,114.33,114.78,114.26,114.715
2007-11-07T00:00:00.000000000+0000,114.715,114.78,112.045,112.62
2007-11-08T00:00:00.000000000+0000,112.62,113.37,112.215,112.72
2007-11-09T00:00:00.000000000+0000,112.72,112.88,110.5,110.623
2007-11-10T00:00:00.000000000+0000,110.623,110.623,110.623,110.623
2007-11-11T00:00:00.000000000+0000,110.675,110.804,110.19,110.585
2007-11-12T00:00:00.000000000+0000,110.59,110.78,109.11,109.61
2007-11-13T00:00:00.000000000+0000,109.61,111.22,109.57,111.155
2007-11-14T00:00:00.000000000+0000,111.155,111.75,110.755,111.28
2007-11-15T00:00:00.000000000+0000,111.28,111.68,110.195,110.465
2007-11-16T00:00:00.000000000+0000,110.465,111.33,109.765,111.012
2007-11-17T00:00:00.000000000+0000,111.012,111.012,111.012,111.012
2007-11-18T00:00:00.000000000+0000,111.495,111.498,110.695,110.825
2007-11-19T00:00:00.000000000+0000,110.825,111.07,109.605,109.76
2007-11-20T00:00:00.000000000+0000,109.76,110.57,109.51,109.73
2007-11-21T00:00:00.000000000+0000,109.73,109.81,108.255,108.35
2007-11-22T00:00:00.000000000+0000,108.355,109.165,108.295,108.485
2007-11-23T00:00:00.000000000+0000,108.485,108.605,107.545,108.297
2007-11-24T00:00:00.000000000+0000,108.297,108.297,108.297,108.297
2007-11-25T00:00:00.000000000+0000,108.135,108.78,108.061,108.65
2007-11-26T00:00:00.000000000+0000,108.65,108.77,107.215,107.37
2007-11-27T00:00:00.000000000+0000,107.37,109.145,107.295,108.82
2007-11-28T00:00:00.000000000+0000,108.82,110.48,108.255,109.965
2007-11-29T00:00:00.000000000+0000,109.965,110.305,109.47,109.77
2007-11-30T00:00:00.000000000+0000,109.77,111.22,109.675,111.055
2007-12-01T00:00:00.000000000+0000,111.055,111.055,111.055,111.055
2007-12-02T00:00:00.000000000+0000,111.125,111.233,110.85,110.92
2007-12-03T00:00:00.000000000+0000,110.92,111.01,110.13,110.45
2007-12-04T00:00:00.000000000+0000,110.455,110.52,109.555,109.845
2007-12-05T00:00:00.000000000+0000,109.845,110.96,109.755,110.915
2007-12-06T00:00:00.000000000+0000,110.915,111.46,110.62,111.375
2007-12-07T00:00:00.000000000+0000,111.375,111.785,111.165,111.662
2007-12-08T00:00:00.000000000+0000,111.662,111.662,111.662,111.662
2007-12-09T00:00:00.000000000+0000,111.683,111.737,111.345,111.65
2007-12-10T00:00:00.000000000+0000,111.65,111.91,111.455,111.81
2007-12-11T00:00:00.000000000+0000,111.81,112.135,110.475,110.88
2007-12-12T00:00:00.000000000+0000,110.88,112.465,110.795,112.02
2007-12-13T00:00:00.000000000+0000,112.025,112.46,111.405,112.32
2007-12-14T00:00:00.000000000+0000,112.315,113.585,112.275,113.252
2007-12-15T00:00:00.000000000+0000,113.252,113.252,113.252,113.252
2007-12-16T00:00:00.000000000+0000,113.382,113.522,113.172,113.32
2007-12-17T00:00:00.000000000+0000,113.32,113.48,112.74,112.855
2007-12-18T00:00:00.000000000+0000,112.855,113.53,112.85,113.325
2007-12-19T00:00:00.000000000+0000,113.335,113.495,112.735,113.29
2007-12-20T00:00:00.000000000+0000,113.295,113.37,112.8,113.18
2007-12-21T00:00:00.000000000+0000,113.17,114.229,112.935,114.048
2007-12-22T00:00:00.000000000+0000,114.048,114.048,114.048,114.048
2007-12-23T00:00:00.000000000+0000,114.178,114.2,113.928,114.1
2007-12-24T00:00:00.000000000+0000,114.1,114.484,113.986,114.133
2007-12-25T00:00:00.000000000+0000,114.15,114.37,113.864,114.182
2007-12-26T00:00:00.000000000+0000,114.158,114.34,113.895,114.23
2007-12-27T00:00:00.000000000+0000,114.24,114.66,113.575,113.85
2007-12-28T00:00:00.000000000+0000,113.855,114.015,112.231,112.358
2007-12-29T00:00:00.000000000+0000,112.358,112.358,112.358,112.358
2007-12-30T00:00:00.000000000+0000,112.61,112.66,112.24,112.285
2007-12-31T00:00:00.000000000+0000,112.285,112.3,111.295,111.639
2008-01-01T00:00:00.000000000+0000,111.635,112.09,111.245,111.835
2008-01-02T00:00:00.000000000+0000,111.83,111.92,109.215,109.245
2008-01-03T00:00:00.000000000+0000,109.25,109.74,108.24,109.51
2008-01-04T00:00:00.000000000+0000,109.51,109.54,107.9,108.593
2008-01-05T00:00:00.000000000+0000,108.593,108.593,108.593,108.593
2008-01-06T00:00:00.000000000+0000,108.435,108.75,108.35,108.62
2008-01-07T00:00:00.000000000+0000,108.62,109.735,108.56,109.245
2008-01-08T00:00:00.000000000+0000,109.245,109.825,108.78,108.97
2008-01-09T00:00:00.000000000+0000,108.97,110.12,108.82,109.89
2008-01-10T00:00:00.000000000+0000,109.89,110.08,109.11,109.615
2008-01-11T00:00:00.000000000+0000,109.615,109.715,108.63,108.775
2008-01-12T00:00:00.000000000+0000,108.775,108.775,108.775,108.775
2008-01-13T00:00:00.000000000+0000,108.96,108.978,108.58,108.85
2008-01-14T00:00:00.000000000+0000,108.85,108.96,107.37,108.265
2008-01-15T00:00:00.000000000+0000,108.265,108.265,106.585,106.765
2008-01-16T00:00:00.000000000+0000,106.76,107.92,105.915,107.35
2008-01-17T00:00:00.000000000+0000,107.35,107.87,106.35,106.405
2008-01-18T00:00:00.000000000+0000,106.405,107.585,106.375,106.893
2008-01-19T00:00:00.000000000+0000,106.893,106.893,106.893,106.893
2008-01-20T00:00:00.000000000+0000,106.623,106.94,106.597,106.885
2008-01-21T00:00:00.000000000+0000,106.89,106.975,105.62,105.64
2008-01-22T00:00:00.000000000+0000,105.64,107.21,105.61,107.1
2008-01-23T00:00:00.000000000+0000,107.1,107.38,104.945,106.75
2008-01-24T00:00:00.000000000+0000,106.75,107.23,105.94,107.17
2008-01-25T00:00:00.000000000+0000,107.17,107.89,106.602,106.653
2008-01-26T00:00:00.000000000+0000,106.653,106.653,106.653,106.653
2008-01-27T00:00:00.000000000+0000,106.8,106.895,106.605,106.76
2008-01-28T00:00:00.000000000+0000,106.76,107.14,105.995,106.98
2008-01-29T00:00:00.000000000+0000,106.98,107.23,106.38,107.07
2008-01-30T00:00:00.000000000+0000,107.07,107.46,106.01,106.21
2008-01-31T00:00:00.000000000+0000,106.21,106.865,105.7,106.24
2008-02-01T00:00:00.000000000+0000,106.24,106.735,105.755,106.542
2008-02-02T00:00:00.000000000+0000,106.542,106.542,106.542,106.542
2008-02-03T00:00:00.000000000+0000,106.565,106.74,106.392,106.6
2008-02-04T00:00:00.000000000+0000,106.6,107.09,106.55,106.7
2008-02-05T00:00:00.000000000+0000,106.7,107.74,106.38,106.54
2008-02-06T00:00:00.000000000+0000,106.54,106.785,106.18,106.375
2008-02-07T00:00:00.000000000+0000,106.375,107.82,105.9,107.315
2008-02-08T00:00:00.000000000+0000,107.315,107.73,107.14,107.278
2008-02-09T00:00:00.000000000+0000,107.278,107.278,107.278,107.278
2008-02-10T00:00:00.000000000+0000,107.33,107.647,107.168,107.455
2008-02-11T00:00:00.000000000+0000,107.455,107.48,106.34,106.86
2008-02-12T00:00:00.000000000+0000,106.86,107.525,106.8,107.35
2008-02-13T00:00:00.000000000+0000,107.35,108.37,106.99,108.275
2008-02-14T00:00:00.000000000+0000,108.275,108.61,107.645,107.805
2008-02-15T00:00:00.000000000+0000,107.805,108.31,107.26,107.695
2008-02-16T00:00:00.000000000+0000,107.695,107.695,107.695,107.695
2008-02-17T00:00:00.000000000+0000,107.795,108.264,107.719,107.8
2008-02-18T00:00:00.000000000+0000,107.8,108.32,107.75,108.185
2008-02-19T00:00:00.000000000+0000,108.185,108.28,107.205,107.94
2008-02-20T00:00:00.000000000+0000,107.94,108.37,107.47,108.04
2008-02-21T00:00:00.000000000+0000,108.04,108.33,107.15,107.42
2008-02-22T00:00:00.000000000+0000,107.42,107.57,106.72,107.205
2008-02-23T00:00:00.000000000+0000,107.205,107.205,107.205,107.205
2008-02-24T00:00:00.000000000+0000,107.205,107.47,107.14,107.35
2008-02-25T00:00:00.000000000+0000,107.35,108.22,107.225,108.04
2008-02-26T00:00:00.000000000+0000,108.04,108.14,107.15,107.37
2008-02-27T00:00:00.000000000+0000,107.38,107.385,105.95,106.395
2008-02-28T00:00:00.000000000+0000,106.395,106.64,104.67,104.93
2008-02-29T00:00:00.000000000+0000,104.93,105.005,103.615,103.675
2008-03-01T00:00:00.000000000+0000,103.675,103.675,103.675,103.675
2008-03-02T00:00:00.000000000+0000,103.875,103.877,103.055,103.08
2008-03-03T00:00:00.000000000+0000,103.09,103.705,102.615,103.53
2008-03-04T00:00:00.000000000+0000,103.53,103.56,102.65,103.385
2008-03-05T00:00:00.000000000+0000,103.385,104.18,103.27,103.92
2008-03-06T00:00:00.000000000+0000,103.92,104.0,102.445,102.575
2008-03-07T00:00:00.000000000+0000,102.575,103.24,101.42,102.649
2008-03-08T00:00:00.000000000+0000,102.649,102.649,102.649,102.649
2008-03-09T00:00:00.000000000+0000,102.815,102.817,102.08,102.27
2008-03-10T00:00:00.000000000+0000,102.27,102.44,101.42,101.465
2008-03-11T00:00:00.000000000+0000,101.465,103.59,101.42,103.27
2008-03-12T00:00:00.000000000+0000,103.27,103.33,101.1,101.485
2008-03-13T00:00:00.000000000+0000,101.49,101.68,99.765,100.69
2008-03-14T00:00:00.000000000+0000,100.69,101.15,98.89,99.073
2008-03-15T00:00:00.000000000+0000,99.073,99.073,99.073,99.073
2008-03-16T00:00:00.000000000+0000,98.998,99.257,98.06,98.15
2008-03-17T00:00:00.000000000+0000,98.15,98.18,95.71,97.1
2008-03-18T00:00:00.000000000+0000,97.11,100.44,96.84,99.845
2008-03-19T00:00:00.000000000+0000,99.845,100.11,97.66,98.64
2008-03-20T00:00:00.000000000+0000,98.64,100.21,98.45,99.36
2008-03-21T00:00:00.000000000+0000,99.36,99.74,99.265,99.519
2008-03-22T00:00:00.000000000+0000,99.519,99.519,99.519,99.519
2008-03-23T00:00:00.000000000+0000,99.535,99.61,99.29,99.61
2008-03-24T00:00:00.000000000+0000,99.61,100.89,99.57,100.75
2008-03-25T00:00:00.000000000+0000,100.75,101.05,99.62,100.08
2008-03-26T00:00:00.000000000+0000,100.08,100.32,98.765,99.145
2008-03-27T00:00:00.000000000+0000,99.145,100.155,98.555,99.53
2008-03-28T00:00:00.000000000+0000,99.53,100.385,99.1,99.185
2008-03-29T00:00:00.000000000+0000,99.185,99.185,99.185,99.185
2008-03-30T00:00:00.000000000+0000,99.245,99.37,98.81,99.35
2008-03-31T00:00:00.000000000+0000,99.35,100.18,99.19,99.775
2008-04-01T00:00:00.000000000+0000,99.775,102.155,99.58,101.53
2008-04-02T00:00:00.000000000+0000,101.53,102.83,101.5,102.24
2008-04-03T00:00:00.000000000+0000,102.24,102.945,102.07,102.41
2008-04-04T00:00:00.000000000+0000,102.415,102.685,101.423,101.455
2008-04-05T00:00:00.000000000+0000,101.455,101.455,101.455,101.455
2008-04-06T00:00:00.000000000+0000,101.565,101.76,101.31,101.64
2008-04-07T00:00:00.000000000+0000,101.64,102.85,101.62,102.52
2008-04-08T00:00:00.000000000+0000,102.52,102.82,101.75,102.73
2008-04-09T00:00:00.000000000+0000,102.73,102.83,101.5,101.76
2008-04-10T00:00:00.000000000+0000,101.76,102.13,100.015,101.68
2008-04-11T00:00:00.000000000+0000,101.68,102.27,100.645,100.923
2008-04-12T00:00:00.000000000+0000,100.923,100.923,100.923,100.923
2008-04-13T00:00:00.000000000+0000,100.893,101.997,100.89,101.13
2008-04-14T00:00:00.000000000+0000,101.14,101.5,100.3,101.1
2008-04-15T00:00:00.000000000+0000,101.1,101.93,100.79,101.69
2008-04-16T00:00:00.000000000+0000,101.69,101.88,100.825,101.83
2008-04-17T00:00:00.000000000+0000,101.83,102.72,101.7,102.375
2008-04-18T00:00:00.000000000+0000,102.375,104.64,102.245,103.642
2008-04-19T00:00:00.000000000+0000,103.642,103.642,103.642,103.642
2008-04-20T00:00:00.000000000+0000,103.643,104.05,103.638,103.86
2008-04-21T00:00:00.000000000+0000,103.86,104.06,102.98,103.18
2008-04-22T00:00:00.000000000+0000,103.18,103.54,102.675,102.905
2008-04-23T00:00:00.000000000+0000,102.905,103.775,102.74,103.47
2008-04-24T00:00:00.000000000+0000,103.47,104.545,103.3,104.36
2008-04-25T00:00:00.000000000+0000,104.36,104.82,103.9,104.408
2008-04-26T00:00:00.000000000+0000,104.408,104.408,104.408,104.408
2008-04-27T00:00:00.000000000+0000,104.395,104.65,104.27,104.65
2008-04-28T00:00:00.000000000+0000,104.65,104.82,104.055,104.1
2008-04-29T00:00:00.000000000+0000,104.1,104.36,103.215,103.93
2008-04-30T00:00:00.000000000+0000,103.93,104.88,103.69,103.91
2008-05-01T00:00:00.000000000+0000,103.91,104.59,103.54,104.38
2008-05-02T00:00:00.000000000+0000,104.38,105.7,104.38,105.381
2008-05-03T00:00:00.000000000+0000,105.381,105.381,105.381,105.381
2008-05-04T00:00:00.000000000+0000,105.365,105.47,105.12,105.42
2008-05-05T00:00:00.000000000+0000,105.43,105.615,104.73,104.925
2008-05-06T00:00:00.000000000+0000,104.925,105.12,104.02,104.91
2008-05-07T00:00:00.000000000+0000,104.91,105.58,104.57,104.895
2008-05-08T00:00:00.000000000+0000,104.895,104.92,103.4,103.84
2008-05-09T00:00:00.000000000+0000,103.84,103.85,102.61,102.818
2008-05-10T00:00:00.000000000+0000,102.818,102.818,102.818,102.818
2008-05-11T00:00:00.000000000+0000,102.805,103.11,102.57,102.64
2008-05-12T00:00:00.000000000+0000,102.64,104.03,102.61,103.87
2008-05-13T00:00:00.000000000+0000,103.87,104.915,103.385,104.745
2008-05-14T00:00:00.000000000+0000,104.75,105.44,104.572,105.16
2008-05-15T00:00:00.000000000+0000,105.17,105.29,104.425,104.72
2008-05-16T00:00:00.000000000+0000,104.725,105.095,103.52,104.047
2008-05-17T00:00:00.000000000+0000,104.047,104.047,104.047,104.047
2008-05-18T00:00:00.000000000+0000,104.032,104.16,103.92,104.11
2008-05-19T00:00:00.000000000+0000,104.11,104.69,103.62,104.44
2008-05-20T00:00:00.000000000+0000,104.44,104.47,103.455,103.65
2008-05-21T00:00:00.000000000+0000,103.65,103.66,102.94,103.04
2008-05-22T00:00:00.000000000+0000,103.04,104.38,102.725,104.02
2008-05-23T00:00:00.000000000+0000,104.02,104.255,103.06,103.36
2008-05-24T00:00:00.000000000+0000,103.36,103.36,103.36,103.36
2008-05-25T00:00:00.000000000+0000,103.347,103.4,103.15,103.18
2008-05-26T00:00:00.000000000+0000,103.18,103.49,103.134,103.385
2008-05-27T00:00:00.000000000+0000,103.385,104.335,103.26,104.23
2008-05-28T00:00:00.000000000+0000,104.23,105.31,103.89,104.64
2008-05-29T00:00:00.000000000+0000,104.64,105.87,104.64,105.57
2008-05-30T00:00:00.000000000+0000,105.57,105.73,105.23,105.375
2008-05-31T00:00:00.000000000+0000,105.375,105.375,105.375,105.375
2008-06-01T00:00:00.000000000+0000,105.538,105.538,104.913,105.43
2008-06-02T00:00:00.000000000+0000,105.43,105.515,104.02,104.36
2008-06-03T00:00:00.000000000+0000,104.37,105.56,103.865,104.96
2008-06-04T00:00:00.000000000+0000,104.96,105.335,104.53,105.28
2008-06-05T00:00:00.000000000+0000,105.28,106.42,105.25,105.88
2008-06-06T00:00:00.000000000+0000,105.88,106.33,104.877,104.903
2008-06-07T00:00:00.000000000+0000,104.903,104.903,104.903,104.903
2008-06-08T00:00:00.000000000+0000,104.893,105.025,104.4,104.82
2008-06-09T00:00:00.000000000+0000,104.83,106.377,104.77,106.315
2008-06-10T00:00:00.000000000+0000,106.315,107.45,106.26,107.33
2008-06-11T00:00:00.000000000+0000,107.33,107.75,106.56,106.84
2008-06-12T00:00:00.000000000+0000,106.84,108.08,106.8,107.9
2008-06-13T00:00:00.000000000+0000,107.9,108.39,107.64,108.18
2008-06-14T00:00:00.000000000+0000,108.18,108.18,108.18,108.18
2008-06-15T00:00:00.000000000+0000,107.995,108.3,107.796,108.29
2008-06-16T00:00:00.000000000+0000,108.29,108.59,107.92,108.21
2008-06-17T00:00:00.000000000+0000,108.21,108.4,107.6,107.91
2008-06-18T00:00:00.000000000+0000,107.91,108.43,107.71,107.81
2008-06-19T00:00:00.000000000+0000,107.81,108.06,107.42,108.01
2008-06-20T00:00:00.000000000+0000,108.01,108.02,107.12,107.3
2008-06-21T00:00:00.000000000+0000,107.3,107.3,107.3,107.3
2008-06-22T00:00:00.000000000+0000,107.235,107.53,107.08,107.33
2008-06-23T00:00:00.000000000+0000,107.34,108.065,107.15,107.87
2008-06-24T00:00:00.000000000+0000,107.87,108.22,107.355,107.82
2008-06-25T00:00:00.000000000+0000,107.82,108.42,107.66,107.855
2008-06-26T00:00:00.000000000+0000,107.855,108.18,106.61,106.84
2008-06-27T00:00:00.000000000+0000,106.84,107.21,105.85,106.124
2008-06-28T00:00:00.000000000+0000,106.124,106.124,106.124,106.124
2008-06-29T00:00:00.000000000+0000,106.115,106.34,106.032,106.275
2008-06-30T00:00:00.000000000+0000,106.275,106.46,104.99,106.04
2008-07-01T00:00:00.000000000+0000,106.04,106.39,105.23,106.17
2008-07-02T00:00:00.000000000+0000,106.165,106.765,105.775,105.89
2008-07-03T00:00:00.000000000+0000,105.89,106.93,105.78,106.705
2008-07-04T00:00:00.000000000+0000,106.71,106.88,106.6,106.793
2008-07-05T00:00:00.000000000+0000,106.793,106.793,106.793,106.793
2008-07-06T00:00:00.000000000+0000,106.785,106.813,106.68,106.745
2008-07-07T00:00:00.000000000+0000,106.75,107.75,106.66,107.07
2008-07-08T00:00:00.000000000+0000,107.07,107.54,106.245,107.47
2008-07-09T00:00:00.000000000+0000,107.47,107.655,106.679,106.88
2008-07-10T00:00:00.000000000+0000,106.88,107.45,106.7,107.0
2008-07-11T00:00:00.000000000+0000,107.0,107.295,105.65,106.242
2008-07-12T00:00:00.000000000+0000,106.242,106.242,106.242,106.242
2008-07-13T00:00:00.000000000+0000,106.258,106.59,105.94,106.575
2008-07-14T00:00:00.000000000+0000,106.58,106.81,106.035,106.21
2008-07-15T00:00:00.000000000+0000,106.21,106.22,104.14,104.75
2008-07-16T00:00:00.000000000+0000,104.75,105.28,103.77,105.09
2008-07-17T00:00:00.000000000+0000,105.09,107.09,104.75,106.23
2008-07-18T00:00:00.000000000+0000,106.23,106.98,105.97,106.943
2008-07-19T00:00:00.000000000+0000,106.943,106.943,106.943,106.943
2008-07-20T00:00:00.000000000+0000,106.947,106.97,106.815,106.93
2008-07-21T00:00:00.000000000+0000,106.93,107.15,106.34,106.54
2008-07-22T00:00:00.000000000+0000,106.53,107.44,106.05,107.26
2008-07-23T00:00:00.000000000+0000,107.26,107.975,107.17,107.9
2008-07-24T00:00:00.000000000+0000,107.9,107.98,107.188,107.29
2008-07-25T00:00:00.000000000+0000,107.29,107.94,106.58,107.805
2008-07-26T00:00:00.000000000+0000,107.805,107.805,107.805,107.805
2008-07-27T00:00:00.000000000+0000,107.875,107.94,107.725,107.87
2008-07-28T00:00:00.000000000+0000,107.87,108.07,107.345,107.44
2008-07-29T00:00:00.000000000+0000,107.44,108.29,107.295,108.07
2008-07-30T00:00:00.000000000+0000,108.07,108.33,107.695,108.14
2008-07-31T00:00:00.000000000+0000,108.14,108.37,107.57,107.74
2008-08-01T00:00:00.000000000+0000,107.74,107.89,107.28,107.666
2008-08-02T00:00:00.000000000+0000,107.666,107.666,107.666,107.666
2008-08-03T00:00:00.000000000+0000,107.655,107.714,107.476,107.55
2008-08-04T00:00:00.000000000+0000,107.55,108.28,107.455,108.22
2008-08-05T00:00:00.000000000+0000,108.22,108.41,107.67,108.33
2008-08-06T00:00:00.000000000+0000,108.325,109.88,108.22,109.48
2008-08-07T00:00:00.000000000+0000,109.48,109.685,109.13,109.34
2008-08-08T00:00:00.000000000+0000,109.34,110.36,109.31,110.128
2008-08-09T00:00:00.000000000+0000,110.128,110.128,110.128,110.128
2008-08-10T00:00:00.000000000+0000,110.188,110.39,109.62,109.68
2008-08-11T00:00:00.000000000+0000,109.68,110.39,109.544,110.11
2008-08-12T00:00:00.000000000+0000,110.11,110.35,109.125,109.29
2008-08-13T00:00:00.000000000+0000,109.29,109.75,108.37,109.19
2008-08-14T00:00:00.000000000+0000,109.19,109.98,109.175,109.78
2008-08-15T00:00:00.000000000+0000,109.78,110.66,109.625,110.498
2008-08-16T00:00:00.000000000+0000,110.498,110.498,110.498,110.498
2008-08-17T00:00:00.000000000+0000,110.505,110.56,110.275,110.33
2008-08-18T00:00:00.000000000+0000,110.33,110.37,109.96,110.105
2008-08-19T00:00:00.000000000+0000,110.105,110.33,109.545,109.66
2008-08-20T00:00:00.000000000+0000,109.66,110.27,109.65,109.7
2008-08-21T00:00:00.000000000+0000,109.7,109.74,108.135,108.44
2008-08-22T00:00:00.000000000+0000,108.44,110.14,108.44,110.093
2008-08-23T00:00:00.000000000+0000,110.093,110.093,110.093,110.093
2008-08-24T00:00:00.000000000+0000,110.072,110.159,109.81,109.92
2008-08-25T00:00:00.000000000+0000,109.92,110.29,109.02,109.32
2008-08-26T00:00:00.000000000+0000,109.32,109.94,109.18,109.56
2008-08-27T00:00:00.000000000+0000,109.56,109.89,108.7,109.4
2008-08-28T00:00:00.000000000+0000,109.4,109.715,108.78,109.41
2008-08-29T00:00:00.000000000+0000,109.41,109.54,108.415,108.73
2008-08-30T00:00:00.000000000+0000,108.73,108.73,108.73,108.73
2008-08-31T00:00:00.000000000+0000,108.748,108.797,108.19,108.45
2008-09-01T00:00:00.000000000+0000,108.45,108.67,107.62,108.06
2008-09-02T00:00:00.000000000+0000,108.06,109.175,107.93,108.46
2008-09-03T00:00:00.000000000+0000,108.46,109.09,108.105,108.33
2008-09-04T00:00:00.000000000+0000,108.33,108.565,105.67,106.53
2008-09-05T00:00:00.000000000+0000,106.53,107.736,105.51,107.716
2008-09-06T00:00:00.000000000+0000,107.716,107.716,107.716,107.716
2008-09-07T00:00:00.000000000+0000,107.715,109.03,107.662,108.61
2008-09-08T00:00:00.000000000+0000,108.61,109.08,107.74,108.04
2008-09-09T00:00:00.000000000+0000,108.04,108.17,106.675,106.96
2008-09-10T00:00:00.000000000+0000,106.96,107.93,106.595,107.41
2008-09-11T00:00:00.000000000+0000,107.41,107.58,106.06,107.15
2008-09-12T00:00:00.000000000+0000,107.14,107.98,106.72,107.912
2008-09-13T00:00:00.000000000+0000,107.912,107.912,107.912,107.912
2008-09-14T00:00:00.000000000+0000,107.915,107.928,105.283,106.345
2008-09-15T00:00:00.000000000+0000,106.36,106.685,104.135,104.22
2008-09-16T00:00:00.000000000+0000,104.22,106.38,103.545,106.115
2008-09-17T00:00:00.000000000+0000,106.115,106.69,104.13,104.34
2008-09-18T00:00:00.000000000+0000,104.355,105.955,103.985,105.905
2008-09-19T00:00:00.000000000+0000,105.905,108.02,105.87,107.405
2008-09-20T00:00:00.000000000+0000,107.405,107.405,107.405,107.405
2008-09-21T00:00:00.000000000+0000,107.42,107.457,106.355,106.77
2008-09-22T00:00:00.000000000+0000,106.77,106.915,105.15,105.46
2008-09-23T00:00:00.000000000+0000,105.46,106.065,105.165,105.58
2008-09-24T00:00:00.000000000+0000,105.58,106.35,105.35,106.09
2008-09-25T00:00:00.000000000+0000,106.09,107.015,105.465,106.02
2008-09-26T00:00:00.000000000+0000,106.02,106.19,105.03,106.035
2008-09-27T00:00:00.000000000+0000,106.035,106.035,106.035,106.035
2008-09-28T00:00:00.000000000+0000,105.963,106.415,105.62,106.33
2008-09-29T00:00:00.000000000+0000,106.33,106.965,103.545,104.19
2008-09-30T00:00:00.000000000+0000,104.19,106.5,103.515,106.01
2008-10-01T00:00:00.000000000+0000,106.005,106.525,105.33,106.08
2008-10-02T00:00:00.000000000+0000,106.08,106.28,104.92,104.995
2008-10-03T00:00:00.000000000+0000,104.995,106.135,104.48,105.28
2008-10-04T00:00:00.000000000+0000,105.28,105.28,105.28,105.28
2008-10-05T00:00:00.000000000+0000,105.29,105.356,104.41,104.56
2008-10-06T00:00:00.000000000+0000,104.56,104.665,100.225,101.575
2008-10-07T00:00:00.000000000+0000,101.575,103.27,101.07,101.31
2008-10-08T00:00:00.000000000+0000,101.305,101.6,98.58,99.74
2008-10-09T00:00:00.000000000+0000,99.735,101.475,98.49,99.015
2008-10-10T00:00:00.000000000+0000,99.02,100.739,97.895,100.723
2008-10-11T00:00:00.000000000+0000,100.723,100.723,100.723,100.723
2008-10-12T00:00:00.000000000+0000,100.748,101.2,100.156,100.74
2008-10-13T00:00:00.000000000+0000,100.755,102.67,99.56,102.615
2008-10-14T00:00:00.000000000+0000,102.61,103.06,101.455,101.555
2008-10-15T00:00:00.000000000+0000,101.555,101.925,99.255,99.305
2008-10-16T00:00:00.000000000+0000,99.31,101.72,99.31,101.4
2008-10-17T00:00:00.000000000+0000,101.4,101.815,100.6,101.63
2008-10-18T00:00:00.000000000+0000,101.63,101.63,101.63,101.63
2008-10-19T00:00:00.000000000+0000,101.405,101.7,101.377,101.49
2008-10-20T00:00:00.000000000+0000,101.49,102.41,101.35,102.115
2008-10-21T00:00:00.000000000+0000,102.12,102.155,100.05,100.225
2008-10-22T00:00:00.000000000+0000,100.225,100.435,97.225,97.735
2008-10-23T00:00:00.000000000+0000,97.735,98.315,95.935,97.59
2008-10-24T00:00:00.000000000+0000,97.585,97.605,90.88,94.262
2008-10-25T00:00:00.000000000+0000,94.262,94.262,94.262,94.262
2008-10-26T00:00:00.000000000+0000,94.273,94.278,91.845,93.53
2008-10-27T00:00:00.000000000+0000,93.53,94.465,92.05,93.2
2008-10-28T00:00:00.000000000+0000,93.195,99.69,92.625,98.195
2008-10-29T00:00:00.000000000+0000,98.21,98.265,96.065,97.545
2008-10-30T00:00:00.000000000+0000,97.55,99.12,97.385,98.76
2008-10-31T00:00:00.000000000+0000,98.765,99.115,96.34,98.413
2008-11-01T00:00:00.000000000+0000,98.413,98.413,98.413,98.413
2008-11-02T00:00:00.000000000+0000,98.412,98.645,98.195,98.52
2008-11-03T00:00:00.000000000+0000,98.5,99.645,98.295,98.97
2008-11-04T00:00:00.000000000+0000,98.98,100.555,98.37,99.76
2008-11-05T00:00:00.000000000+0000,99.76,99.855,97.725,98.205
2008-11-06T00:00:00.000000000+0000,98.21,98.675,97.205,97.275
2008-11-07T00:00:00.000000000+0000,97.275,98.67,96.75,98.205
2008-11-08T00:00:00.000000000+0000,98.205,98.205,98.205,98.205
2008-11-09T00:00:00.000000000+0000,98.17,99.32,98.13,99.0
2008-11-10T00:00:00.000000000+0000,99.005,99.475,97.585,97.97
2008-11-11T00:00:00.000000000+0000,97.97,98.295,97.145,97.275
2008-11-12T00:00:00.000000000+0000,97.285,98.07,94.465,94.805
2008-11-13T00:00:00.000000000+0000,94.795,98.265,94.795,97.59
2008-11-14T00:00:00.000000000+0000,97.595,97.74,96.05,97.005
2008-11-15T00:00:00.000000000+0000,97.005,97.005,97.005,97.005
2008-11-16T00:00:00.000000000+0000,96.803,96.887,95.84,96.22
2008-11-17T00:00:00.000000000+0000,96.21,97.54,96.0,96.39
2008-11-18T00:00:00.000000000+0000,96.395,97.415,96.02,96.75
2008-11-19T00:00:00.000000000+0000,96.75,97.09,95.54,96.03
2008-11-20T00:00:00.000000000+0000,96.03,96.235,93.55,94.055
2008-11-21T00:00:00.000000000+0000,94.055,95.97,93.81,95.898
2008-11-22T00:00:00.000000000+0000,95.898,95.898,95.898,95.898
2008-11-23T00:00:00.000000000+0000,95.942,96.07,95.651,95.955
2008-11-24T00:00:00.000000000+0000,95.97,97.42,94.925,96.88
2008-11-25T00:00:00.000000000+0000,96.885,96.935,94.935,95.45
2008-11-26T00:00:00.000000000+0000,95.455,95.95,94.605,95.63
2008-11-27T00:00:00.000000000+0000,95.63,95.71,94.99,95.44
2008-11-28T00:00:00.000000000+0000,95.44,95.745,95.115,95.528
2008-11-29T00:00:00.000000000+0000,95.528,95.528,95.528,95.528
2008-11-30T00:00:00.000000000+0000,95.525,95.652,95.335,95.36
2008-12-01T00:00:00.000000000+0000,95.335,95.415,92.865,93.21
2008-12-02T00:00:00.000000000+0000,93.195,93.82,92.63,93.16
2008-12-03T00:00:00.000000000+0000,93.16,93.615,92.535,93.145
2008-12-04T00:00:00.000000000+0000,93.145,93.41,92.06,92.45
2008-12-05T00:00:00.000000000+0000,92.455,93.375,91.58,92.797
2008-12-06T00:00:00.000000000+0000,92.797,92.797,92.797,92.797
2008-12-07T00:00:00.000000000+0000,92.472,93.147,92.472,92.765
2008-12-08T00:00:00.000000000+0000,92.76,93.905,92.545,92.985
2008-12-09T00:00:00.000000000+0000,92.985,93.055,91.93,92.315
2008-12-10T00:00:00.000000000+0000,92.315,93.03,92.27,92.83
2008-12-11T00:00:00.000000000+0000,92.83,92.845,91.155,91.52
2008-12-12T00:00:00.000000000+0000,91.515,91.855,88.24,91.195
2008-12-13T00:00:00.000000000+0000,91.195,91.195,91.195,91.195
2008-12-14T00:00:00.000000000+0000,91.15,91.966,90.45,90.7
2008-12-15T00:00:00.000000000+0000,90.71,91.345,90.24,90.525
2008-12-16T00:00:00.000000000+0000,90.525,90.625,88.62,88.69
2008-12-17T00:00:00.000000000+0000,88.69,89.21,87.125,87.275
2008-12-18T00:00:00.000000000+0000,87.275,90.015,87.25,89.515
2008-12-19T00:00:00.000000000+0000,89.515,89.84,88.41,89.31
2008-12-20T00:00:00.000000000+0000,89.31,89.31,89.31,89.31
2008-12-21T00:00:00.000000000+0000,89.223,89.56,89.063,89.515
2008-12-22T00:00:00.000000000+0000,89.505,90.465,89.505,90.15
2008-12-23T00:00:00.000000000+0000,90.136,90.975,89.855,90.865
2008-12-24T00:00:00.000000000+0000,90.865,90.895,90.22,90.472
2008-12-25T00:00:00.000000000+0000,90.475,91.292,90.197,90.495
2008-12-26T00:00:00.000000000+0000,90.5,90.825,90.31,90.76
2008-12-27T00:00:00.000000000+0000,90.76,90.76,90.76,90.76
2008-12-28T00:00:00.000000000+0000,90.665,90.732,90.555,90.625
2008-12-29T00:00:00.000000000+0000,90.625,90.75,89.75,90.655
2008-12-30T00:00:00.000000000+0000,90.645,90.965,90.005,90.3
2008-12-31T00:00:00.000000000+0000,90.3,90.925,90.1,90.637
2009-01-01T00:00:00.000000000+0000,90.646,91.28,89.447,90.64
2009-01-02T00:00:00.000000000+0000,90.64,92.405,90.64,91.78
2009-01-03T00:00:00.000000000+0000,91.78,91.78,91.78,91.78
2009-01-04T00:00:00.000000000+0000,92.245,92.327,91.782,92.07
2009-01-05T00:00:00.000000000+0000,92.065,93.585,91.795,93.22
2009-01-06T00:00:00.000000000+0000,93.22,94.63,92.83,93.385
2009-01-07T00:00:00.000000000+0000,93.38,94.13,92.33,92.735
2009-01-08T00:00:00.000000000+0000,92.735,92.925,90.84,91.375
2009-01-09T00:00:00.000000000+0000,91.385,91.655,90.15,90.418
2009-01-10T00:00:00.000000000+0000,90.418,90.418,90.418,90.418
2009-01-11T00:00:00.000000000+0000,90.218,90.388,89.905,90.135
2009-01-12T00:00:00.000000000+0000,90.13,90.26,88.875,89.43
2009-01-13T00:00:00.000000000+0000,89.435,89.875,88.785,89.37
2009-01-14T00:00:00.000000000+0000,89.37,89.965,88.6,89.13
2009-01-15T00:00:00.000000000+0000,89.135,90.025,88.47,89.965
2009-01-16T00:00:00.000000000+0000,89.97,90.91,89.83,90.692
2009-01-17T00:00:00.000000000+0000,90.692,90.692,90.692,90.692
2009-01-18T00:00:00.000000000+0000,90.572,91.29,90.537,91.2
2009-01-19T00:00:00.000000000+0000,91.2,91.235,90.145,90.635
2009-01-20T00:00:00.000000000+0000,90.635,90.97,89.67,89.82
2009-01-21T00:00:00.000000000+0000,89.82,90.155,87.085,89.05
2009-01-22T00:00:00.000000000+0000,89.05,89.55,88.065,89.14
2009-01-23T00:00:00.000000000+0000,89.13,89.63,87.985,88.792
2009-01-24T00:00:00.000000000+0000,88.792,88.792,88.792,88.792
2009-01-25T00:00:00.000000000+0000,88.805,88.817,88.255,88.43
2009-01-26T00:00:00.000000000+0000,88.425,89.685,88.42,89.27
2009-01-27T00:00:00.000000000+0000,89.27,90.07,88.43,89.33
2009-01-28T00:00:00.000000000+0000,89.33,90.765,88.875,90.49
2009-01-29T00:00:00.000000000+0000,90.48,90.655,89.47,89.915
2009-01-30T00:00:00.000000000+0000,89.92,90.08,89.165,89.865
2009-01-31T00:00:00.000000000+0000,89.865,89.865,89.865,89.865
2009-02-01T00:00:00.000000000+0000,89.915,90.047,89.6,89.7
2009-02-02T00:00:00.000000000+0000,89.7,89.98,88.805,89.35
2009-02-03T00:00:00.000000000+0000,89.35,89.98,88.59,89.365
2009-02-04T00:00:00.000000000+0000,89.37,89.78,88.82,89.45
2009-02-05T00:00:00.000000000+0000,89.45,92.25,89.215,91.17
2009-02-06T00:00:00.000000000+0000,91.17,92.21,90.73,91.792
2009-02-07T00:00:00.000000000+0000,91.792,91.792,91.792,91.792
2009-02-08T00:00:00.000000000+0000,91.985,92.41,91.639,92.06
2009-02-09T00:00:00.000000000+0000,92.065,92.11,90.88,91.32
2009-02-10T00:00:00.000000000+0000,91.325,91.66,90.125,90.445
2009-02-11T00:00:00.000000000+0000,90.445,90.76,89.7,90.3
2009-02-12T00:00:00.000000000+0000,90.285,91.115,89.81,90.67
2009-02-13T00:00:00.000000000+0000,90.675,92.135,90.53,91.935
2009-02-14T00:00:00.000000000+0000,91.935,91.935,91.935,91.935
2009-02-15T00:00:00.000000000+0000,91.903,91.96,91.119,91.48
2009-02-16T00:00:00.000000000+0000,91.48,92.07,91.42,91.71
2009-02-17T00:00:00.000000000+0000,91.715,92.75,91.56,92.29
2009-02-18T00:00:00.000000000+0000,92.285,93.955,92.08,93.64
2009-02-19T00:00:00.000000000+0000,93.645,94.46,93.295,94.01
2009-02-20T00:00:00.000000000+0000,94.01,94.38,92.51,93.285
2009-02-21T00:00:00.000000000+0000,93.285,93.285,93.285,93.285
2009-02-22T00:00:00.000000000+0000,93.295,93.645,93.1,93.495
2009-02-23T00:00:00.000000000+0000,93.485,94.945,92.76,94.365
2009-02-24T00:00:00.000000000+0000,94.365,96.93,94.26,96.56
2009-02-25T00:00:00.000000000+0000,96.56,97.79,96.355,97.39
2009-02-26T00:00:00.000000000+0000,97.39,98.715,97.31,98.34
2009-02-27T00:00:00.000000000+0000,98.34,98.355,96.85,97.544
2009-02-28T00:00:00.000000000+0000,97.544,97.544,97.544,97.544
2009-03-01T00:00:00.000000000+0000,97.575,97.785,97.16,97.2
2009-03-02T00:00:00.000000000+0000,97.2,97.905,96.91,97.075
2009-03-03T00:00:00.000000000+0000,97.08,98.595,97.02,98.515
2009-03-04T00:00:00.000000000+0000,98.515,99.48,98.19,99.02
2009-03-05T00:00:00.000000000+0000,99.015,99.675,97.715,98.135
2009-03-06T00:00:00.000000000+0000,98.125,98.51,96.58,98.245
2009-03-07T00:00:00.000000000+0000,98.245,98.245,98.245,98.245
2009-03-08T00:00:00.000000000+0000,98.255,98.394,97.895,97.94
2009-03-09T00:00:00.000000000+0000,97.94,99.19,97.935,98.94
2009-03-10T00:00:00.000000000+0000,98.935,99.135,97.895,98.79
2009-03-11T00:00:00.000000000+0000,98.785,98.8,97.03,97.225
2009-03-12T00:00:00.000000000+0000,97.225,98.525,95.665,97.32
2009-03-13T00:00:00.000000000+0000,97.315,98.66,97.125,97.972
2009-03-14T00:00:00.000000000+0000,97.972,97.972,97.972,97.972
2009-03-15T00:00:00.000000000+0000,97.945,98.175,97.54,98.1
2009-03-16T00:00:00.000000000+0000,98.1,98.645,97.97,98.25
2009-03-17T00:00:00.000000000+0000,98.235,98.97,98.185,98.775
2009-03-18T00:00:00.000000000+0000,98.785,98.805,95.645,96.415
2009-03-19T00:00:00.000000000+0000,96.415,96.605,93.54,94.5
2009-03-20T00:00:00.000000000+0000,94.5,96.265,94.15,95.889
2009-03-21T00:00:00.000000000+0000,95.889,95.889,95.889,95.889
2009-03-22T00:00:00.000000000+0000,95.915,95.965,95.385,95.96
2009-03-23T00:00:00.000000000+0000,95.965,97.34,95.645,97.095
2009-03-24T00:00:00.000000000+0000,97.1,98.565,97.03,98.33
2009-03-25T00:00:00.000000000+0000,98.33,98.35,96.915,97.76
2009-03-26T00:00:00.000000000+0000,97.765,98.86,97.585,98.705
2009-03-27T00:00:00.000000000+0000,98.705,98.765,97.09,97.862
2009-03-28T00:00:00.000000000+0000,97.862,97.862,97.862,97.862
2009-03-29T00:00:00.000000000+0000,97.833,98.225,97.77,98.065
2009-03-30T00:00:00.000000000+0000,98.07,98.32,95.955,97.4
2009-03-31T00:00:00.000000000+0000,97.405,99.47,97.38,99.325
2009-04-01T00:00:00.000000000+0000,99.32,99.325,98.215,98.545
2009-04-02T00:00:00.000000000+0000,98.545,99.91,98.385,99.685
2009-04-03T00:00:00.000000000+0000,99.685,100.381,99.34,100.266
2009-04-04T00:00:00.000000000+0000,100.266,100.266,100.266,100.266
2009-04-05T00:00:00.000000000+0000,100.28,100.58,99.34,100.55
2009-04-06T00:00:00.000000000+0000,100.56,101.44,100.4,100.415
2009-04-07T00:00:00.000000000+0000,100.405,100.86,99.84,100.655
2009-04-08T00:00:00.000000000+0000,100.65,100.865,99.31,99.875
2009-04-09T00:00:00.000000000+0000,99.875,100.68,99.68,100.62
2009-04-10T00:00:00.000000000+0000,100.625,100.725,100.173,100.207
2009-04-11T00:00:00.000000000+0000,100.207,100.207,100.207,100.207
2009-04-12T00:00:00.000000000+0000,100.215,100.438,100.165,100.41
2009-04-13T00:00:00.000000000+0000,100.405,100.72,99.85,100.33
2009-04-14T00:00:00.000000000+0000,100.33,100.425,98.725,99.0
2009-04-15T00:00:00.000000000+0000,99.0,99.66,98.145,99.255
2009-04-16T00:00:00.000000000+0000,99.255,99.6,98.525,99.47
2009-04-17T00:00:00.000000000+0000,99.465,99.755,98.71,99.114
2009-04-18T00:00:00.000000000+0000,99.114,99.114,99.114,99.114
2009-04-19T00:00:00.000000000+0000,99.113,99.41,99.037,99.31
2009-04-20T00:00:00.000000000+0000,99.305,99.38,97.65,97.76
2009-04-21T00:00:00.000000000+0000,97.76,98.91,97.72,98.52
2009-04-22T00:00:00.000000000+0000,98.52,98.63,97.57,98.055
2009-04-23T00:00:00.000000000+0000,98.05,98.435,97.63,97.86
2009-04-24T00:00:00.000000000+0000,97.86,97.93,96.635,97.124
2009-04-25T00:00:00.000000000+0000,97.124,97.124,97.124,97.124
2009-04-26T00:00:00.000000000+0000,97.153,97.253,96.615,96.74
2009-04-27T00:00:00.000000000+0000,96.73,97.11,96.27,96.365
2009-04-28T00:00:00.000000000+0000,96.36,96.705,95.625,96.54
2009-04-29T00:00:00.000000000+0000,96.54,97.97,96.49,97.59
2009-04-30T00:00:00.000000000+0000,97.6,98.99,97.14,98.89
2009-05-01T00:00:00.000000000+0000,98.89,99.57,98.725,99.068
2009-05-02T00:00:00.000000000+0000,99.068,99.068,99.068,99.068
2009-05-03T00:00:00.000000000+0000,99.25,99.509,99.094,99.43
2009-05-04T00:00:00.000000000+0000,99.382,99.56,98.72,98.83
2009-05-05T00:00:00.000000000+0000,98.835,99.21,98.605,98.75
2009-05-06T00:00:00.000000000+0000,98.75,99.08,97.935,98.65
2009-05-07T00:00:00.000000000+0000,98.65,99.75,98.4,99.17
2009-05-08T00:00:00.000000000+0000,99.165,99.57,98.287,98.379
2009-05-09T00:00:00.000000000+0000,98.379,98.379,98.379,98.379
2009-05-10T00:00:00.000000000+0000,98.442,98.825,98.292,98.725
2009-05-11T00:00:00.000000000+0000,98.725,98.795,97.255,97.595
2009-05-12T00:00:00.000000000+0000,97.585,97.83,95.985,96.24
2009-05-13T00:00:00.000000000+0000,96.24,96.685,95.115,95.375
2009-05-14T00:00:00.000000000+0000,95.38,96.18,95.11,95.98
2009-05-15T00:00:00.000000000+0000,95.97,96.08,94.725,95.225
2009-05-16T00:00:00.000000000+0000,95.225,95.225,95.225,95.225
2009-05-17T00:00:00.000000000+0000,95.15,95.16,94.71,95.0
2009-05-18T00:00:00.000000000+0000,95.0,96.46,94.55,96.31
2009-05-19T00:00:00.000000000+0000,96.305,96.7,95.895,96.2
2009-05-20T00:00:00.000000000+0000,96.2,96.215,94.45,94.58
2009-05-21T00:00:00.000000000+0000,94.59,95.255,93.88,93.89
2009-05-22T00:00:00.000000000+0000,93.9,94.915,93.85,94.76
2009-05-23T00:00:00.000000000+0000,94.76,94.76,94.76,94.76
2009-05-24T00:00:00.000000000+0000,94.792,94.797,94.5,94.56
2009-05-25T00:00:00.000000000+0000,94.57,95.205,94.415,94.915
2009-05-26T00:00:00.000000000+0000,94.915,95.37,94.51,95.22
2009-05-27T00:00:00.000000000+0000,95.22,95.72,94.65,95.595
2009-05-28T00:00:00.000000000+0000,95.58,97.235,95.485,96.715
2009-05-29T00:00:00.000000000+0000,96.705,96.895,95.0,95.314
2009-05-30T00:00:00.000000000+0000,95.314,95.314,95.314,95.314
2009-05-31T00:00:00.000000000+0000,95.322,95.475,94.851,95.47
2009-06-01T00:00:00.000000000+0000,95.47,96.8,94.445,96.43
2009-06-02T00:00:00.000000000+0000,96.435,96.625,95.32,95.45
2009-06-03T00:00:00.000000000+0000,95.45,96.42,95.405,95.985
2009-06-04T00:00:00.000000000+0000,95.98,96.97,95.96,96.635
2009-06-05T00:00:00.000000000+0000,96.64,98.88,96.56,98.619
2009-06-06T00:00:00.000000000+0000,98.619,98.619,98.619,98.619
2009-06-07T00:00:00.000000000+0000,98.645,98.785,98.435,98.66
2009-06-08T00:00:00.000000000+0000,98.66,98.855,98.2,98.47
2009-06-09T00:00:00.000000000+0000,98.47,98.545,97.25,97.415
2009-06-10T00:00:00.000000000+0000,97.405,98.44,97.085,98.215
2009-06-11T00:00:00.000000000+0000,98.215,98.555,97.29,97.55
2009-06-12T00:00:00.000000000+0000,97.545,98.439,97.51,98.365
2009-06-13T00:00:00.000000000+0000,98.365,98.365,98.365,98.365
2009-06-14T00:00:00.000000000+0000,98.41,98.561,97.95,98.398
2009-06-15T00:00:00.000000000+0000,98.398,98.561,97.545,97.62
2009-06-16T00:00:00.000000000+0000,97.613,97.7,95.951,95.977
2009-06-17T00:00:00.000000000+0000,95.985,96.767,95.486,95.945
2009-06-18T00:00:00.000000000+0000,95.939,96.672,95.594,96.666
2009-06-19T00:00:00.000000000+0000,96.673,97.167,96.0,96.213
2009-06-20T00:00:00.000000000+0000,96.213,96.213,96.213,96.213
2009-06-21T00:00:00.000000000+0000,96.208,96.325,95.975,96.085
2009-06-22T00:00:00.000000000+0000,96.08,96.27,95.315,95.425
2009-06-23T00:00:00.000000000+0000,95.425,95.89,94.875,95.33
2009-06-24T00:00:00.000000000+0000,95.325,96.05,95.08,95.705
2009-06-25T00:00:00.000000000+0000,95.7,96.565,95.65,95.773
2009-06-26T00:00:00.000000000+0000,95.74,96.034,95.04,95.118
2009-06-27T00:00:00.000000000+0000,95.118,95.118,95.118,95.118
2009-06-28T00:00:00.000000000+0000,95.162,95.382,95.062,95.16
2009-06-29T00:00:00.000000000+0000,95.17,96.28,95.17,96.155
2009-06-30T00:00:00.000000000+0000,96.145,96.51,95.31,96.235
2009-07-01T00:00:00.000000000+0000,96.235,96.985,96.165,96.515
2009-07-02T00:00:00.000000000+0000,96.515,96.88,95.695,95.815
2009-07-03T00:00:00.000000000+0000,95.82,96.12,95.695,96.04
2009-07-04T00:00:00.000000000+0000,96.04,96.04,96.04,96.04
2009-07-05T00:00:00.000000000+0000,95.985,96.224,95.84,95.87
2009-07-06T00:00:00.000000000+0000,95.865,95.865,94.66,95.22
2009-07-07T00:00:00.000000000+0000,95.215,95.455,94.595,94.62
2009-07-08T00:00:00.000000000+0000,94.62,94.73,91.78,92.705
2009-07-09T00:00:00.000000000+0000,92.705,93.6,92.51,93.155
2009-07-10T00:00:00.000000000+0000,93.155,93.185,91.775,92.47
2009-07-11T00:00:00.000000000+0000,92.47,92.47,92.47,92.47
2009-07-12T00:00:00.000000000+0000,92.505,92.538,92.337,92.46
2009-07-13T00:00:00.000000000+0000,92.46,93.155,91.735,93.095
2009-07-14T00:00:00.000000000+0000,93.095,93.76,92.71,93.64
2009-07-15T00:00:00.000000000+0000,93.635,94.47,93.26,94.315
2009-07-16T00:00:00.000000000+0000,94.3,94.45,93.265,93.705
2009-07-17T00:00:00.000000000+0000,93.695,94.375,93.475,94.232
2009-07-18T00:00:00.000000000+0000,94.232,94.232,94.232,94.232
2009-07-19T00:00:00.000000000+0000,94.18,94.385,94.162,94.36
2009-07-20T00:00:00.000000000+0000,94.355,94.78,93.95,94.155
2009-07-21T00:00:00.000000000+0000,94.145,94.39,93.285,93.54
2009-07-22T00:00:00.000000000+0000,93.54,93.87,93.09,93.58
2009-07-23T00:00:00.000000000+0000,93.58,95.295,93.575,94.96
2009-07-24T00:00:00.000000000+0000,94.965,95.02,94.59,94.774
2009-07-25T00:00:00.000000000+0000,94.774,94.774,94.774,94.774
2009-07-26T00:00:00.000000000+0000,94.77,94.908,94.665,94.72
2009-07-27T00:00:00.000000000+0000,94.715,95.38,94.68,95.175
2009-07-28T00:00:00.000000000+0000,95.165,95.175,94.035,94.42
2009-07-29T00:00:00.000000000+0000,94.42,95.36,94.015,95.105
2009-07-30T00:00:00.000000000+0000,95.105,95.885,94.825,95.56
2009-07-31T00:00:00.000000000+0000,95.56,95.82,94.495,94.638
2009-08-01T00:00:00.000000000+0000,94.638,94.638,94.638,94.638
2009-08-02T00:00:00.000000000+0000,94.648,94.83,94.62,94.64
2009-08-03T00:00:00.000000000+0000,94.635,95.43,94.59,95.175
2009-08-04T00:00:00.000000000+0000,95.175,95.465,94.36,95.305
2009-08-05T00:00:00.000000000+0000,95.3,95.385,94.625,94.8
2009-08-06T00:00:00.000000000+0000,94.8,95.805,94.8,95.48
2009-08-07T00:00:00.000000000+0000,95.48,97.785,95.05,97.386
2009-08-08T00:00:00.000000000+0000,97.386,97.386,97.386,97.386
2009-08-09T00:00:00.000000000+0000,97.495,97.745,97.315,97.35
2009-08-10T00:00:00.000000000+0000,97.345,97.5,96.86,97.01
2009-08-11T00:00:00.000000000+0000,97.01,97.045,95.76,95.94
2009-08-12T00:00:00.000000000+0000,95.94,96.76,95.12,96.185
2009-08-13T00:00:00.000000000+0000,96.18,96.485,95.035,95.285
2009-08-14T00:00:00.000000000+0000,95.285,95.46,94.425,94.9
2009-08-15T00:00:00.000000000+0000,94.9,94.9,94.9,94.9
2009-08-16T00:00:00.000000000+0000,94.888,94.888,94.629,94.72
2009-08-17T00:00:00.000000000+0000,94.71,94.755,94.2,94.46
2009-08-18T00:00:00.000000000+0000,94.47,95.285,94.46,94.87
2009-08-19T00:00:00.000000000+0000,94.87,94.88,93.665,94.11
2009-08-20T00:00:00.000000000+0000,94.11,94.555,93.86,94.25
2009-08-21T00:00:00.000000000+0000,94.25,94.72,93.42,94.416
2009-08-22T00:00:00.000000000+0000,94.416,94.416,94.416,94.416
2009-08-23T00:00:00.000000000+0000,94.355,94.695,94.22,94.575
2009-08-24T00:00:00.000000000+0000,94.575,95.065,94.355,94.39
2009-08-25T00:00:00.000000000+0000,94.39,94.64,93.785,93.935
2009-08-26T00:00:00.000000000+0000,93.94,94.57,93.895,94.095
2009-08-27T00:00:00.000000000+0000,94.095,94.14,93.205,93.645
2009-08-28T00:00:00.000000000+0000,93.645,94.075,93.415,93.586
2009-08-29T00:00:00.000000000+0000,93.586,93.586,93.586,93.586
2009-08-30T00:00:00.000000000+0000,93.623,93.627,93.195,93.375
2009-08-31T00:00:00.000000000+0000,93.38,93.45,92.54,92.885
2009-09-01T00:00:00.000000000+0000,92.885,93.44,92.515,92.7
2009-09-02T00:00:00.000000000+0000,92.7,93.055,92.08,92.23
2009-09-03T00:00:00.000000000+0000,92.23,92.78,91.945,92.7
2009-09-04T00:00:00.000000000+0000,92.7,93.245,92.27,93.015
2009-09-05T00:00:00.000000000+0000,93.015,93.015,93.015,93.015
2009-09-06T00:00:00.000000000+0000,92.982,93.18,92.888,93.165
2009-09-07T00:00:00.000000000+0000,93.165,93.3,92.805,92.93
2009-09-08T00:00:00.000000000+0000,92.93,92.99,92.035,92.32
2009-09-09T00:00:00.000000000+0000,92.32,92.59,91.61,92.15
2009-09-10T00:00:00.000000000+0000,92.15,92.26,91.425,91.705
2009-09-11T00:00:00.000000000+0000,91.705,91.71,90.21,90.677
2009-09-12T00:00:00.000000000+0000,90.677,90.677,90.677,90.677
2009-09-13T00:00:00.000000000+0000,90.655,90.657,90.182,90.405
2009-09-14T00:00:00.000000000+0000,90.41,91.13,90.3,90.87
2009-09-15T00:00:00.000000000+0000,90.87,91.64,90.825,90.91
2009-09-16T00:00:00.000000000+0000,90.91,91.36,90.125,91.035
2009-09-17T00:00:00.000000000+0000,91.04,91.615,90.515,91.2
2009-09-18T00:00:00.000000000+0000,91.205,91.53,91.025,91.248
2009-09-19T00:00:00.000000000+0000,91.248,91.248,91.248,91.248
2009-09-20T00:00:00.000000000+0000,91.265,91.489,91.252,91.355
2009-09-21T00:00:00.000000000+0000,91.355,92.53,91.355,92.03
2009-09-22T00:00:00.000000000+0000,92.025,92.025,90.48,90.72
2009-09-23T00:00:00.000000000+0000,90.72,91.625,90.67,91.325
2009-09-24T00:00:00.000000000+0000,91.325,91.585,90.35,90.83
2009-09-25T00:00:00.000000000+0000,90.83,91.015,89.51,89.643
2009-09-26T00:00:00.000000000+0000,89.643,89.643,89.643,89.643
2009-09-27T00:00:00.000000000+0000,89.615,89.758,88.22,88.69
2009-09-28T00:00:00.000000000+0000,88.69,89.91,88.69,89.905
2009-09-29T00:00:00.000000000+0000,89.905,90.365,89.625,90.235
2009-09-30T00:00:00.000000000+0000,90.235,90.405,89.355,89.9
2009-10-01T00:00:00.000000000+0000,89.9,90.17,89.415,89.535
2009-10-02T00:00:00.000000000+0000,89.535,89.92,88.6,89.765
2009-10-03T00:00:00.000000000+0000,89.765,89.765,89.765,89.765
2009-10-04T00:00:00.000000000+0000,89.794,89.914,89.193,89.69
2009-10-05T00:00:00.000000000+0000,89.69,89.975,89.405,89.63
2009-10-06T00:00:00.000000000+0000,89.63,89.645,88.625,88.83
2009-10-07T00:00:00.000000000+0000,88.835,89.385,88.005,88.535
2009-10-08T00:00:00.000000000+0000,88.535,88.775,88.145,88.755
2009-10-09T00:00:00.000000000+0000,88.755,89.88,88.645,89.73
2009-10-10T00:00:00.000000000+0000,89.73,89.73,89.73,89.73
2009-10-11T00:00:00.000000000+0000,89.795,89.95,89.264,89.945
2009-10-12T00:00:00.000000000+0000,89.945,90.455,89.615,89.695
2009-10-13T00:00:00.000000000+0000,89.695,90.185,89.425,89.84
2009-10-14T00:00:00.000000000+0000,89.84,89.9,88.83,89.395
2009-10-15T00:00:00.000000000+0000,89.405,90.985,89.3,90.81
2009-10-16T00:00:00.000000000+0000,90.81,91.32,90.57,90.926
2009-10-17T00:00:00.000000000+0000,90.926,90.926,90.926,90.926
2009-10-18T00:00:00.000000000+0000,90.865,91.12,90.836,90.9
2009-10-19T00:00:00.000000000+0000,90.9,91.05,90.365,90.755
2009-10-20T00:00:00.000000000+0000,90.755,91.07,90.075,90.795
2009-10-21T00:00:00.000000000+0000,90.795,91.275,90.485,90.86
2009-10-22T00:00:00.000000000+0000,90.86,91.71,90.86,91.42
2009-10-23T00:00:00.000000000+0000,91.42,92.138,91.36,92.036
2009-10-24T00:00:00.000000000+0000,92.036,92.036,92.036,92.036
2009-10-25T00:00:00.000000000+0000,92.028,92.198,91.791,92.12
2009-10-26T00:00:00.000000000+0000,92.12,92.28,91.565,92.215
2009-10-27T00:00:00.000000000+0000,92.215,92.32,91.605,91.655
2009-10-28T00:00:00.000000000+0000,91.655,91.72,90.545,90.61
2009-10-29T00:00:00.000000000+0000,90.61,91.615,90.245,91.51
2009-10-30T00:00:00.000000000+0000,91.51,91.52,89.91,90.086
2009-10-31T00:00:00.000000000+0000,90.086,90.086,90.086,90.086
2009-11-01T00:00:00.000000000+0000,90.075,90.088,89.18,89.705
2009-11-02T00:00:00.000000000+0000,89.705,90.69,89.7,90.405
2009-11-03T00:00:00.000000000+0000,90.405,90.58,89.87,90.43
2009-11-04T00:00:00.000000000+0000,90.43,91.31,90.045,90.695
2009-11-05T00:00:00.000000000+0000,90.695,90.85,89.99,90.795
2009-11-06T00:00:00.000000000+0000,90.795,90.805,89.61,89.825
2009-11-07T00:00:00.000000000+0000,89.825,89.825,89.825,89.825
2009-11-08T00:00:00.000000000+0000,89.945,90.005,89.685,89.88
2009-11-09T00:00:00.000000000+0000,89.88,90.26,89.73,89.855
2009-11-10T00:00:00.000000000+0000,89.855,90.18,89.67,89.695
2009-11-11T00:00:00.000000000+0000,89.695,90.04,89.29,89.93
2009-11-12T00:00:00.000000000+0000,89.925,90.61,89.64,90.285
2009-11-13T00:00:00.000000000+0000,90.28,90.41,89.46,89.495
2009-11-14T00:00:00.000000000+0000,89.495,89.495,89.495,89.495
2009-11-15T00:00:00.000000000+0000,89.655,89.725,89.398,89.625
2009-11-16T00:00:00.000000000+0000,89.625,89.705,88.75,89.02
2009-11-17T00:00:00.000000000+0000,89.02,89.535,88.73,89.227
2009-11-18T00:00:00.000000000+0000,89.232,89.48,89.01,89.385
2009-11-19T00:00:00.000000000+0000,89.39,89.43,88.635,88.915
2009-11-20T00:00:00.000000000+0000,88.915,89.13,88.673,88.675
2009-11-21T00:00:00.000000000+0000,88.675,88.675,88.675,88.675
2009-11-22T00:00:00.000000000+0000,89.008,89.008,88.77,88.865
2009-11-23T00:00:00.000000000+0000,88.87,89.19,88.575,88.915
2009-11-24T00:00:00.000000000+0000,88.915,88.95,88.35,88.6
2009-11-25T00:00:00.000000000+0000,88.6,88.625,87.21,87.335
2009-11-26T00:00:00.000000000+0000,87.33,87.48,84.8,85.17
2009-11-27T00:00:00.000000000+0000,85.17,87.01,85.08,85.535
2009-11-28T00:00:00.000000000+0000,85.535,85.535,85.535,85.535
2009-11-29T00:00:00.000000000+0000,86.542,87.376,86.365,86.625
2009-11-30T00:00:00.000000000+0000,86.625,86.85,85.86,86.275
2009-12-01T00:00:00.000000000+0000,86.275,87.53,86.275,86.655
2009-12-02T00:00:00.000000000+0000,86.655,87.675,86.59,87.635
2009-12-03T00:00:00.000000000+0000,87.635,88.48,87.58,88.265
2009-12-04T00:00:00.000000000+0000,88.27,90.77,87.99,90.618
2009-12-05T00:00:00.000000000+0000,90.618,90.618,90.618,90.618
2009-12-06T00:00:00.000000000+0000,90.492,90.536,89.97,90.06
2009-12-07T00:00:00.000000000+0000,90.06,90.19,89.035,89.35
2009-12-08T00:00:00.000000000+0000,89.35,89.44,88.17,88.385
2009-12-09T00:00:00.000000000+0000,88.385,88.69,87.36,88.08
2009-12-10T00:00:00.000000000+0000,88.08,88.45,87.725,88.255
2009-12-11T00:00:00.000000000+0000,88.255,89.805,88.255,89.108
2009-12-12T00:00:00.000000000+0000,89.108,89.108,89.108,89.108
2009-12-13T00:00:00.000000000+0000,89.165,89.32,88.823,89.26
2009-12-14T00:00:00.000000000+0000,89.255,89.285,88.315,88.68
2009-12-15T00:00:00.000000000+0000,88.68,89.95,88.605,89.495
2009-12-16T00:00:00.000000000+0000,89.495,89.98,89.38,89.855
2009-12-17T00:00:00.000000000+0000,89.855,90.365,89.555,89.665
2009-12-18T00:00:00.000000000+0000,89.665,90.91,88.98,90.465
2009-12-19T00:00:00.000000000+0000,90.465,90.465,90.465,90.465
2009-12-20T00:00:00.000000000+0000,90.32,90.673,90.123,90.435
2009-12-21T00:00:00.000000000+0000,90.435,91.23,90.235,91.075
2009-12-22T00:00:00.000000000+0000,91.07,91.865,91.0,91.81
2009-12-23T00:00:00.000000000+0000,91.81,91.87,91.31,91.645
2009-12-24T00:00:00.000000000+0000,91.64,91.775,91.13,91.435
2009-12-25T00:00:00.000000000+0000,91.441,91.61,91.1,91.315
2009-12-26T00:00:00.000000000+0000,91.315,91.315,91.315,91.315
2009-12-27T00:00:00.000000000+0000,91.175,91.605,91.17,91.46
2009-12-28T00:00:00.000000000+0000,91.46,91.765,91.405,91.7
2009-12-29T00:00:00.000000000+0000,91.7,92.075,91.525,91.98
2009-12-30T00:00:00.000000000+0000,91.98,92.76,91.975,92.45
2009-12-31T00:00:00.000000000+0000,92.445,93.14,91.91,93.002
2011-01-01T00:00:00.000000000+0000,81.12,81.12,81.12,81.12
2011-01-02T00:00:00.000000000+0000,81.183,81.369,80.916,81.12
2011-01-03T00:00:00.000000000+0000,81.125,81.748,81.12,81.667
2011-01-04T00:00:00.000000000+0000,81.668,82.277,81.608,82.047
2011-01-05T00:00:00.000000000+0000,82.047,83.374,81.879,83.183
2011-01-06T00:00:00.000000000+0000,83.184,83.388,82.879,83.306
2011-01-07T00:00:00.000000000+0000,83.301,83.674,82.85,83.056
2011-01-08T00:00:00.000000000+0000,83.056,83.056,83.056,83.056
2011-01-09T00:00:00.000000000+0000,83.056,83.277,83.017,83.039
2011-01-10T00:00:00.000000000+0000,83.03,83.273,82.665,82.713
2011-01-11T00:00:00.000000000+0000,82.715,83.487,82.715,83.358
2011-01-12T00:00:00.000000000+0000,83.358,83.458,82.809,83.079
2011-01-13T00:00:00.000000000+0000,83.083,83.148,82.544,82.762
2011-01-14T00:00:00.000000000+0000,82.765,83.06,82.406,82.856
2011-01-15T00:00:00.000000000+0000,82.856,82.856,82.856,82.856
2011-01-16T00:00:00.000000000+0000,82.934,82.948,82.663,82.889
2011-01-17T00:00:00.000000000+0000,82.888,82.999,82.348,82.67
2011-01-18T00:00:00.000000000+0000,82.673,82.82,82.329,82.618
2011-01-19T00:00:00.000000000+0000,82.619,82.685,81.848,82.153
2011-01-20T00:00:00.000000000+0000,82.156,83.121,82.05,82.942
2011-01-21T00:00:00.000000000+0000,82.942,83.086,82.528,82.556
2011-01-22T00:00:00.000000000+0000,82.556,82.556,82.556,82.556
2011-01-23T00:00:00.000000000+0000,82.581,82.69,82.482,82.597
2011-01-24T00:00:00.000000000+0000,82.596,82.917,82.3,82.537
2011-01-25T00:00:00.000000000+0000,82.54,82.663,81.977,82.265
2011-01-26T00:00:00.000000000+0000,82.264,82.606,81.98,82.166
2011-01-27T00:00:00.000000000+0000,82.165,83.21,82.019,82.887
2011-01-28T00:00:00.000000000+0000,82.887,82.898,81.982,81.993
2011-01-29T00:00:00.000000000+0000,81.993,81.993,81.993,81.993
2011-01-30T00:00:00.000000000+0000,82.088,82.164,81.787,82.097
2011-01-31T00:00:00.000000000+0000,82.093,82.25,81.906,82.098
2011-02-01T00:00:00.000000000+0000,82.098,82.147,81.307,81.397
2011-02-02T00:00:00.000000000+0000,81.396,81.855,81.357,81.496
2011-02-03T00:00:00.000000000+0000,81.496,82.057,81.399,81.657
2011-02-04T00:00:00.000000000+0000,81.655,82.461,81.207,82.103
2011-02-05T00:00:00.000000000+0000,82.103,82.103,82.103,82.103
2011-02-06T00:00:00.000000000+0000,82.203,82.474,82.14,82.225
2011-02-07T00:00:00.000000000+0000,82.228,82.465,82.155,82.296
2011-02-08T00:00:00.000000000+0000,82.292,82.418,81.769,82.299
2011-02-09T00:00:00.000000000+0000,82.31,82.661,82.198,82.411
2011-02-10T00:00:00.000000000+0000,82.414,83.387,82.378,83.342
2011-02-11T00:00:00.000000000+0000,83.347,83.667,83.238,83.415
2011-02-12T00:00:00.000000000+0000,83.415,83.415,83.415,83.415
2011-02-13T00:00:00.000000000+0000,83.44,83.549,83.319,83.434
2011-02-14T00:00:00.000000000+0000,83.434,83.489,83.093,83.401
2011-02-15T00:00:00.000000000+0000,83.408,83.911,83.193,83.713
2011-02-16T00:00:00.000000000+0000,83.716,83.968,83.489,83.604
2011-02-17T00:00:00.000000000+0000,83.606,83.742,83.15,83.294
2011-02-18T00:00:00.000000000+0000,83.289,83.526,83.029,83.154
2011-02-19T00:00:00.000000000+0000,83.154,83.154,83.154,83.154
2011-02-20T00:00:00.000000000+0000,83.033,83.169,83.009,83.103
2011-02-21T00:00:00.000000000+0000,83.103,83.525,83.05,83.07
2011-02-22T00:00:00.000000000+0000,83.069,83.426,82.577,82.761
2011-02-23T00:00:00.000000000+0000,82.761,82.887,82.315,82.443
2011-02-24T00:00:00.000000000+0000,82.442,82.458,81.619,82.058
2011-02-25T00:00:00.000000000+0000,82.057,82.057,81.612,81.659
2011-02-26T00:00:00.000000000+0000,81.659,81.659,81.659,81.659
2011-02-27T00:00:00.000000000+0000,81.639,81.764,81.599,81.631
2011-02-28T00:00:00.000000000+0000,81.627,81.979,81.617,81.877
2011-03-01T00:00:00.000000000+0000,81.877,82.229,81.781,81.911
2011-03-02T00:00:00.000000000+0000,81.909,82.108,81.566,81.838
2011-03-03T00:00:00.000000000+0000,81.838,82.517,81.721,82.368
2011-03-04T00:00:00.000000000+0000,82.368,83.065,82.208,82.274
2011-03-05T00:00:00.000000000+0000,82.274,82.274,82.274,82.274
2011-03-06T00:00:00.000000000+0000,82.294,82.357,82.194,82.348
2011-03-07T00:00:00.000000000+0000,82.35,82.384,81.949,82.289
2011-03-08T00:00:00.000000000+0000,82.29,82.848,82.206,82.817
2011-03-09T00:00:00.000000000+0000,82.816,82.93,82.574,82.843
2011-03-10T00:00:00.000000000+0000,82.842,83.167,82.697,82.914
2011-03-11T00:00:00.000000000+0000,82.914,83.292,81.652,81.835
2011-03-12T00:00:00.000000000+0000,81.835,81.835,81.835,81.835
2011-03-13T00:00:00.000000000+0000,81.9,82.058,80.577,81.29
2011-03-14T00:00:00.000000000+0000,81.29,82.448,81.286,81.824
2011-03-15T00:00:00.000000000+0000,81.825,82.039,80.603,81.063
2011-03-16T00:00:00.000000000+0000,81.061,81.166,76.388,79.133
2011-03-17T00:00:00.000000000+0000,79.132,79.74,78.254,79.523
2011-03-18T00:00:00.000000000+0000,79.523,81.986,79.166,80.582
2011-03-19T00:00:00.000000000+0000,80.582,80.582,80.582,80.582
2011-03-20T00:00:00.000000000+0000,80.583,81.019,80.581,81.019
2011-03-21T00:00:00.000000000+0000,81.019,81.313,80.81,81.225
2011-03-22T00:00:00.000000000+0000,81.225,81.225,80.84,81.042
2011-03-23T00:00:00.000000000+0000,81.043,81.068,80.7,80.873
2011-03-24T00:00:00.000000000+0000,80.873,81.049,80.761,81.019
2011-03-25T00:00:00.000000000+0000,81.019,81.488,80.869,81.339
2011-03-26T00:00:00.000000000+0000,81.339,81.339,81.339,81.339
2011-03-27T00:00:00.000000000+0000,81.303,81.606,81.291,81.578
2011-03-28T00:00:00.000000000+0000,81.578,81.841,81.515,81.719
2011-03-29T00:00:00.000000000+0000,81.719,82.526,81.54,82.501
2011-03-30T00:00:00.000000000+0000,82.5,83.208,82.412,83.139
2011-03-31T00:00:00.000000000+0000,83.138,83.435,82.561,83.417
2011-04-01T00:00:00.000000000+0000,83.418,84.728,83.35,84.053
2011-04-02T00:00:00.000000000+0000,84.053,84.053,84.053,84.053
2011-04-03T00:00:00.000000000+0000,84.076,84.381,83.977,84.166
2011-04-04T00:00:00.000000000+0000,84.167,84.476,83.851,84.352
2011-04-05T00:00:00.000000000+0000,84.352,85.235,84.159,84.971
2011-04-06T00:00:00.000000000+0000,84.972,85.519,84.838,85.44
2011-04-07T00:00:00.000000000+0000,85.44,85.477,84.588,84.888
2011-04-08T00:00:00.000000000+0000,84.889,85.387,84.675,84.751
2011-04-09T00:00:00.000000000+0000,84.751,84.751,84.751,84.751
2011-04-10T00:00:00.000000000+0000,84.829,85.152,84.693,85.124
2011-04-11T00:00:00.000000000+0000,85.124,85.128,84.357,84.448
2011-04-12T00:00:00.000000000+0000,84.447,84.571,83.458,83.751
2011-04-13T00:00:00.000000000+0000,83.751,84.258,83.569,83.732
2011-04-14T00:00:00.000000000+0000,83.733,83.824,82.95,83.665
2011-04-15T00:00:00.000000000+0000,83.667,83.75,82.954,83.113
2011-04-16T00:00:00.000000000+0000,83.113,83.113,83.113,83.113
2011-04-17T00:00:00.000000000+0000,83.124,83.256,82.942,83.086
2011-04-18T00:00:00.000000000+0000,83.086,83.193,82.177,82.475
2011-04-19T00:00:00.000000000+0000,82.477,82.873,82.359,82.763
2011-04-20T00:00:00.000000000+0000,82.765,83.094,82.25,82.49
2011-04-21T00:00:00.000000000+0000,82.491,82.492,81.62,81.862
2011-04-22T00:00:00.000000000+0000,81.862,82.106,81.661,81.823
2011-04-23T00:00:00.000000000+0000,81.823,81.823,81.823,81.823
2011-04-24T00:00:00.000000000+0000,81.825,82.049,81.759,82.03
2011-04-25T00:00:00.000000000+0000,82.03,82.42,81.628,81.669
2011-04-26T00:00:00.000000000+0000,81.669,81.969,81.259,81.381
2011-04-27T00:00:00.000000000+0000,81.381,82.785,81.346,82.248
2011-04-28T00:00:00.000000000+0000,82.246,82.256,81.397,81.608
2011-04-29T00:00:00.000000000+0000,81.607,81.62,81.04,81.202
2011-04-30T00:00:00.000000000+0000,81.202,81.202,81.202,81.202
2011-05-01T00:00:00.000000000+0000,81.165,81.345,81.004,81.224
2011-05-02T00:00:00.000000000+0000,81.224,81.687,80.996,81.232
2011-05-03T00:00:00.000000000+0000,81.232,81.234,80.695,81.035
2011-05-04T00:00:00.000000000+0000,81.031,81.187,80.43,80.601
2011-05-05T00:00:00.000000000+0000,80.601,80.649,79.563,80.315
2011-05-06T00:00:00.000000000+0000,80.327,80.936,80.201,80.614
2011-05-07T00:00:00.000000000+0000,80.614,80.614,80.614,80.614
2011-05-08T00:00:00.000000000+0000,80.584,80.837,80.5,80.789
2011-05-09T00:00:00.000000000+0000,80.789,80.827,80.156,80.169
2011-05-10T00:00:00.000000000+0000,80.17,81.084,80.166,80.97
2011-05-11T00:00:00.000000000+0000,80.97,81.321,80.613,81.031
2011-05-12T00:00:00.000000000+0000,81.032,81.335,80.707,81.005
2011-05-13T00:00:00.000000000+0000,81.005,81.084,80.337,80.79
2011-05-14T00:00:00.000000000+0000,80.79,80.79,80.79,80.79
2011-05-15T00:00:00.000000000+0000,80.738,80.948,80.628,80.712
2011-05-16T00:00:00.000000000+0000,80.712,81.063,80.67,80.859
2011-05-17T00:00:00.000000000+0000,80.859,81.769,80.831,81.5
2011-05-18T00:00:00.000000000+0000,81.499,81.806,80.937,81.727
2011-05-19T00:00:00.000000000+0000,81.724,82.227,81.467,81.721
2011-05-20T00:00:00.000000000+0000,81.721,81.859,81.478,81.689
2011-05-21T00:00:00.000000000+0000,81.689,81.689,81.689,81.689
2011-05-22T00:00:00.000000000+0000,81.674,81.804,81.579,81.658
2011-05-23T00:00:00.000000000+0000,81.658,82.079,81.318,81.98
2011-05-24T00:00:00.000000000+0000,81.981,82.208,81.613,82.055
2011-05-25T00:00:00.000000000+0000,82.055,82.168,81.79,82.026
2011-05-26T00:00:00.000000000+0000,82.024,82.029,81.082,81.131
2011-05-27T00:00:00.000000000+0000,81.131,81.289,80.698,80.784
2011-05-28T00:00:00.000000000+0000,80.784,80.784,80.784,80.784
2011-05-29T00:00:00.000000000+0000,80.764,80.893,80.687,80.869
2011-05-30T00:00:00.000000000+0000,80.869,81.026,80.758,80.864
2011-05-31T00:00:00.000000000+0000,80.863,81.769,80.71,81.351
2011-06-01T00:00:00.000000000+0000,81.349,81.5,80.661,80.938
2011-06-02T00:00:00.000000000+0000,80.937,81.321,80.555,80.88
2011-06-03T00:00:00.000000000+0000,80.879,80.884,80.049,80.255
2011-06-04T00:00:00.000000000+0000,80.255,80.255,80.255,80.255
2011-06-05T00:00:00.000000000+0000,80.309,80.323,80.15,80.224
2011-06-06T00:00:00.000000000+0000,80.224,80.39,79.977,80.112
2011-06-07T00:00:00.000000000+0000,80.109,80.329,79.983,80.179
2011-06-08T00:00:00.000000000+0000,80.179,80.21,79.694,79.866
2011-06-09T00:00:00.000000000+0000,79.865,80.46,79.834,80.355
2011-06-10T00:00:00.000000000+0000,80.356,80.396,79.963,80.295
2011-06-11T00:00:00.000000000+0000,80.295,80.295,80.295,80.295
2011-06-12T00:00:00.000000000+0000,80.325,80.414,80.198,80.355
2011-06-13T00:00:00.000000000+0000,80.356,80.687,80.083,80.198
2011-06-14T00:00:00.000000000+0000,80.198,80.637,80.105,80.499
2011-06-15T00:00:00.000000000+0000,80.5,81.055,80.379,80.846
2011-06-16T00:00:00.000000000+0000,80.846,81.025,80.48,80.581
2011-06-17T00:00:00.000000000+0000,80.581,80.671,79.989,80.046
2011-06-18T00:00:00.000000000+0000,80.046,80.046,80.046,80.046
2011-06-19T00:00:00.000000000+0000,80.044,80.204,80.007,80.156
2011-06-20T00:00:00.000000000+0000,80.154,80.366,80.021,80.198
2011-06-21T00:00:00.000000000+0000,80.197,80.321,80.05,80.245
2011-06-22T00:00:00.000000000+0000,80.242,80.416,80.011,80.367
2011-06-23T00:00:00.000000000+0000,80.371,80.79,80.332,80.49
2011-06-24T00:00:00.000000000+0000,80.489,80.6,80.134,80.425
2011-06-25T00:00:00.000000000+0000,80.425,80.425,80.425,80.425
2011-06-26T00:00:00.000000000+0000,80.395,80.496,80.222,80.461
2011-06-27T00:00:00.000000000+0000,80.461,80.979,80.46,80.759
2011-06-28T00:00:00.000000000+0000,80.76,81.264,80.657,81.048
2011-06-29T00:00:00.000000000+0000,81.048,81.181,80.554,80.741
2011-06-30T00:00:00.000000000+0000,80.741,80.852,80.26,80.7
2011-07-01T00:00:00.000000000+0000,80.7,81.146,80.551,80.806
2011-07-02T00:00:00.000000000+0000,80.806,80.806,80.806,80.806
2011-07-03T00:00:00.000000000+0000,80.795,80.912,80.706,80.83
2011-07-04T00:00:00.000000000+0000,80.832,80.867,80.53,80.785
2011-07-05T00:00:00.000000000+0000,80.783,81.182,80.777,81.074
2011-07-06T00:00:00.000000000+0000,81.075,81.098,80.765,80.874
2011-07-07T00:00:00.000000000+0000,80.873,81.408,80.79,81.267
2011-07-08T00:00:00.000000000+0000,81.266,81.47,80.498,80.654
2011-07-09T00:00:00.000000000+0000,80.654,80.654,80.654,80.654
2011-07-10T00:00:00.000000000+0000,80.595,80.68,80.491,80.669
2011-07-11T00:00:00.000000000+0000,80.669,80.826,80.1,80.34
2011-07-12T00:00:00.000000000+0000,80.34,80.356,78.486,79.456
2011-07-13T00:00:00.000000000+0000,79.457,79.568,78.637,78.858
2011-07-14T00:00:00.000000000+0000,78.86,79.598,78.461,79.0
2011-07-15T00:00:00.000000000+0000,79.001,79.271,78.978,79.135
2011-07-16T00:00:00.000000000+0000,79.135,79.135,79.135,79.135
2011-07-17T00:00:00.000000000+0000,79.104,79.153,78.94,79.054
2011-07-18T00:00:00.000000000+0000,79.065,79.177,78.948,79.039
2011-07-19T00:00:00.000000000+0000,79.038,79.272,78.818,79.175
2011-07-20T00:00:00.000000000+0000,79.173,79.315,78.705,78.814
2011-07-21T00:00:00.000000000+0000,78.815,79.026,78.213,78.547
2011-07-22T00:00:00.000000000+0000,78.546,78.726,78.28,78.535
2011-07-23T00:00:00.000000000+0000,78.535,78.535,78.535,78.535
2011-07-24T00:00:00.000000000+0000,78.532,78.532,78.087,78.38
2011-07-25T00:00:00.000000000+0000,78.38,78.552,78.052,78.303
2011-07-26T00:00:00.000000000+0000,78.302,78.686,77.826,77.988
2011-07-27T00:00:00.000000000+0000,77.99,78.166,77.57,77.939
2011-07-28T00:00:00.000000000+0000,77.939,78.02,77.627,77.82
2011-07-29T00:00:00.000000000+0000,77.828,77.861,76.713,76.764
2011-07-30T00:00:00.000000000+0000,76.764,76.764,76.764,76.764
2011-07-31T00:00:00.000000000+0000,76.724,77.64,76.723,77.343
2011-08-01T00:00:00.000000000+0000,77.343,78.03,76.292,77.571
2011-08-02T00:00:00.000000000+0000,77.573,77.811,76.957,77.285
2011-08-03T00:00:00.000000000+0000,77.282,77.374,76.778,77.13
2011-08-04T00:00:00.000000000+0000,77.13,80.232,77.001,79.089
2011-08-05T00:00:00.000000000+0000,79.098,79.407,78.316,78.388
2011-08-06T00:00:00.000000000+0000,78.388,78.388,78.388,78.388
2011-08-07T00:00:00.000000000+0000,78.373,78.46,77.59,78.238
2011-08-08T00:00:00.000000000+0000,78.248,78.338,77.497,77.669
2011-08-09T00:00:00.000000000+0000,77.666,77.822,76.696,77.14
2011-08-10T00:00:00.000000000+0000,77.14,77.146,76.345,76.826
2011-08-11T00:00:00.000000000+0000,76.826,77.229,76.305,76.937
2011-08-12T00:00:00.000000000+0000,76.938,77.016,76.509,76.663
2011-08-13T00:00:00.000000000+0000,76.663,76.663,76.663,76.663
2011-08-14T00:00:00.000000000+0000,76.779,76.933,76.712,76.871
2011-08-15T00:00:00.000000000+0000,76.871,77.09,76.589,76.811
2011-08-16T00:00:00.000000000+0000,76.811,76.925,76.647,76.736
2011-08-17T00:00:00.000000000+0000,76.736,76.793,76.405,76.616
2011-08-18T00:00:00.000000000+0000,76.617,76.707,76.446,76.63
2011-08-19T00:00:00.000000000+0000,76.632,76.962,75.95,76.494
2011-08-20T00:00:00.000000000+0000,76.494,76.494,76.494,76.494
2011-08-21T00:00:00.000000000+0000,76.514,76.866,76.48,76.848
2011-08-22T00:00:00.000000000+0000,76.847,77.204,76.55,76.922
2011-08-23T00:00:00.000000000+0000,76.923,76.923,76.468,76.649
2011-08-24T00:00:00.000000000+0000,76.649,77.082,76.463,77.019
2011-08-25T00:00:00.000000000+0000,77.02,77.69,76.84,77.404
2011-08-26T00:00:00.000000000+0000,77.407,77.456,76.496,76.647
2011-08-27T00:00:00.000000000+0000,76.647,76.647,76.647,76.647
2011-08-28T00:00:00.000000000+0000,76.594,76.854,76.593,76.751
2011-08-29T00:00:00.000000000+0000,76.753,77.012,76.572,76.943
2011-08-30T00:00:00.000000000+0000,76.943,76.949,76.599,76.718
2011-08-31T00:00:00.000000000+0000,76.719,76.838,76.421,76.757
2011-09-01T00:00:00.000000000+0000,76.755,77.235,76.703,76.88
2011-09-02T00:00:00.000000000+0000,76.884,76.965,76.556,76.786
2011-09-03T00:00:00.000000000+0000,76.786,76.786,76.786,76.786
2011-09-04T00:00:00.000000000+0000,76.784,76.953,76.733,76.84
2011-09-05T00:00:00.000000000+0000,76.842,76.972,76.688,76.926
2011-09-06T00:00:00.000000000+0000,76.926,77.722,76.717,77.527
2011-09-07T00:00:00.000000000+0000,77.527,77.545,77.065,77.353
2011-09-08T00:00:00.000000000+0000,77.353,77.59,77.138,77.563
2011-09-09T00:00:00.000000000+0000,77.565,77.852,77.092,77.587
2011-09-10T00:00:00.000000000+0000,77.587,77.587,77.587,77.587
2011-09-11T00:00:00.000000000+0000,77.545,77.567,77.15,77.465
2011-09-12T00:00:00.000000000+0000,77.466,77.582,76.751,77.186
2011-09-13T00:00:00.000000000+0000,77.187,77.25,76.8,76.932
2011-09-14T00:00:00.000000000+0000,76.944,77.061,76.599,76.719
2011-09-15T00:00:00.000000000+0000,76.721,77.324,76.556,76.717
2011-09-16T00:00:00.000000000+0000,76.716,76.967,76.669,76.757
2011-09-17T00:00:00.000000000+0000,76.757,76.757,76.757,76.757
2011-09-18T00:00:00.000000000+0000,76.766,76.971,76.763,76.957
2011-09-19T00:00:00.000000000+0000,76.957,76.976,76.324,76.681
2011-09-20T00:00:00.000000000+0000,76.679,76.757,76.354,76.393
2011-09-21T00:00:00.000000000+0000,76.393,76.731,76.114,76.627
2011-09-22T00:00:00.000000000+0000,76.627,76.966,76.1,76.256
2011-09-23T00:00:00.000000000+0000,76.255,76.88,76.147,76.535
2011-09-24T00:00:00.000000000+0000,76.535,76.535,76.535,76.535
2011-09-25T00:00:00.000000000+0000,76.575,76.672,76.364,76.654
2011-09-26T00:00:00.000000000+0000,76.654,76.758,76.22,76.433
2011-09-27T00:00:00.000000000+0000,76.433,76.929,76.261,76.697
2011-09-28T00:00:00.000000000+0000,76.697,76.71,76.332,76.533
2011-09-29T00:00:00.000000000+0000,76.531,77.02,76.41,76.726
2011-09-30T00:00:00.000000000+0000,76.725,77.191,76.493,77.046
2011-10-01T00:00:00.000000000+0000,77.046,77.046,77.046,77.046
2011-10-02T00:00:00.000000000+0000,77.035,77.257,76.99,77.196
2011-10-03T00:00:00.000000000+0000,77.197,77.218,76.511,76.611
2011-10-04T00:00:00.000000000+0000,76.61,76.976,76.538,76.824
2011-10-05T00:00:00.000000000+0000,76.823,77.068,76.61,76.804
2011-10-06T00:00:00.000000000+0000,76.804,76.834,76.557,76.676
2011-10-07T00:00:00.000000000+0000,76.674,76.907,76.582,76.698
2011-10-08T00:00:00.000000000+0000,76.698,76.698,76.698,76.698
2011-10-09T00:00:00.000000000+0000,76.706,76.832,76.649,76.797
2011-10-10T00:00:00.000000000+0000,76.797,76.849,76.569,76.661
2011-10-11T00:00:00.000000000+0000,76.661,76.753,76.601,76.701
2011-10-12T00:00:00.000000000+0000,76.7,77.481,76.31,77.096
2011-10-13T00:00:00.000000000+0000,77.096,77.225,76.673,76.899
2011-10-14T00:00:00.000000000+0000,76.899,77.444,76.851,77.204
2011-10-15T00:00:00.000000000+0000,77.204,77.204,77.204,77.204
2011-10-16T00:00:00.000000000+0000,77.196,77.301,76.922,77.218
2011-10-17T00:00:00.000000000+0000,77.22,77.447,76.601,76.831
2011-10-18T00:00:00.000000000+0000,76.832,76.908,76.624,76.772
2011-10-19T00:00:00.000000000+0000,76.772,76.858,76.657,76.833
2011-10-20T00:00:00.000000000+0000,76.832,77.085,76.678,76.875
2011-10-21T00:00:00.000000000+0000,76.874,76.874,75.773,76.27
2011-10-22T00:00:00.000000000+0000,76.27,76.27,76.27,76.27
2011-10-23T00:00:00.000000000+0000,76.253,76.48,76.13,76.412
2011-10-24T00:00:00.000000000+0000,76.413,76.434,75.972,76.2
2011-10-25T00:00:00.000000000+0000,76.202,76.298,75.734,76.118
2011-10-26T00:00:00.000000000+0000,76.117,76.319,75.711,76.171
2011-10-27T00:00:00.000000000+0000,76.171,76.276,75.658,75.963
2011-10-28T00:00:00.000000000+0000,75.966,75.997,75.67,75.807
2011-10-29T00:00:00.000000000+0000,75.807,75.807,75.807,75.807
2011-10-30T00:00:00.000000000+0000,75.581,75.794,75.54,75.764
2011-10-31T00:00:00.000000000+0000,75.763,79.526,75.573,78.312
2011-11-01T00:00:00.000000000+0000,78.312,78.987,78.012,78.307
2011-11-02T00:00:00.000000000+0000,78.308,78.314,77.94,78.141
2011-11-03T00:00:00.000000000+0000,78.14,78.158,77.89,78.059
2011-11-04T00:00:00.000000000+0000,78.059,78.303,77.958,78.225
2011-11-05T00:00:00.000000000+0000,78.225,78.225,78.225,78.225
2011-11-06T00:00:00.000000000+0000,78.195,78.221,78.088,78.15
2011-11-07T00:00:00.000000000+0000,78.15,78.18,77.977,78.075
2011-11-08T00:00:00.000000000+0000,78.077,78.082,77.594,77.704
2011-11-09T00:00:00.000000000+0000,77.705,77.881,77.539,77.767
2011-11-10T00:00:00.000000000+0000,77.766,77.869,77.504,77.659
2011-11-11T00:00:00.000000000+0000,77.655,77.668,77.05,77.154
2011-11-12T00:00:00.000000000+0000,77.154,77.154,77.154,77.154
2011-11-13T00:00:00.000000000+0000,77.094,77.27,77.052,77.171
2011-11-14T00:00:00.000000000+0000,77.165,77.241,76.812,77.09
2011-11-15T00:00:00.000000000+0000,77.091,77.489,76.906,77.082
2011-11-16T00:00:00.000000000+0000,77.083,77.146,76.851,77.068
2011-11-17T00:00:00.000000000+0000,77.067,77.078,76.881,76.968
2011-11-18T00:00:00.000000000+0000,76.963,77.029,76.572,76.829
2011-11-19T00:00:00.000000000+0000,76.829,76.829,76.829,76.829
2011-11-20T00:00:00.000000000+0000,76.769,76.919,76.701,76.849
2011-11-21T00:00:00.000000000+0000,76.847,76.99,76.76,76.935
2011-11-22T00:00:00.000000000+0000,76.932,77.33,76.834,76.975
2011-11-23T00:00:00.000000000+0000,76.976,77.579,76.916,77.277
2011-11-24T00:00:00.000000000+0000,77.274,77.277,77.011,77.179
2011-11-25T00:00:00.000000000+0000,77.179,77.787,77.172,77.715
2011-11-26T00:00:00.000000000+0000,77.715,77.715,77.715,77.715
2011-11-27T00:00:00.000000000+0000,77.595,77.729,77.453,77.679
2011-11-28T00:00:00.000000000+0000,77.68,78.236,77.576,78.085
2011-11-29T00:00:00.000000000+0000,78.085,78.282,77.62,77.969
2011-11-30T00:00:00.000000000+0000,77.972,78.154,77.29,77.59
2011-12-01T00:00:00.000000000+0000,77.59,77.808,77.483,77.762
2011-12-02T00:00:00.000000000+0000,77.761,78.074,77.726,77.961
2011-12-03T00:00:00.000000000+0000,77.961,77.961,77.961,77.961
2011-12-04T00:00:00.000000000+0000,77.916,78.105,77.878,78.087
2011-12-05T00:00:00.000000000+0000,78.088,78.095,77.689,77.804
2011-12-06T00:00:00.000000000+0000,77.805,77.853,77.635,77.749
2011-12-07T00:00:00.000000000+0000,77.751,77.788,77.624,77.676
2011-12-08T00:00:00.000000000+0000,77.676,77.798,77.127,77.681
2011-12-09T00:00:00.000000000+0000,77.68,77.782,77.482,77.594
2011-12-10T00:00:00.000000000+0000,77.594,77.594,77.594,77.594
2011-12-11T00:00:00.000000000+0000,77.579,77.693,77.524,77.617
2011-12-12T00:00:00.000000000+0000,77.615,77.998,77.583,77.948
2011-12-13T00:00:00.000000000+0000,77.95,78.016,77.641,77.965
2011-12-14T00:00:00.000000000+0000,77.966,78.155,77.922,78.121
2011-12-15T00:00:00.000000000+0000,78.121,78.125,77.735,77.85
2011-12-16T00:00:00.000000000+0000,77.849,77.961,77.615,77.717
2011-12-17T00:00:00.000000000+0000,77.717,77.717,77.717,77.717
2011-12-18T00:00:00.000000000+0000,77.745,77.828,77.701,77.819
2011-12-19T00:00:00.000000000+0000,77.816,78.162,77.797,78.014
2011-12-20T00:00:00.000000000+0000,78.016,78.054,77.714,77.854
2011-12-21T00:00:00.000000000+0000,77.854,78.106,77.684,78.08
2011-12-22T00:00:00.000000000+0000,78.08,78.207,78.001,78.164
2011-12-23T00:00:00.000000000+0000,78.165,78.223,77.972,78.046
2011-12-24T00:00:00.000000000+0000,78.046,78.046,78.046,78.046
2011-12-25T00:00:00.000000000+0000,78.022,78.123,78.019,78.081
2011-12-26T00:00:00.000000000+0000,78.081,78.098,77.865,78.004
2011-12-27T00:00:00.000000000+0000,78.002,78.024,77.779,77.876
2011-12-28T00:00:00.000000000+0000,77.876,78.036,77.561,77.941
2011-12-29T00:00:00.000000000+0000,77.941,77.946,77.581,77.667
2011-12-30T00:00:00.000000000+0000,77.668,77.738,76.865,76.882
2012-01-01T00:00:00.000000000+0000,76.962,77.185,76.755,77.031
2012-01-02T00:00:00.000000000+0000,77.031,77.102,76.846,76.943
2012-01-03T00:00:00.000000000+0000,76.943,76.96,76.607,76.732
2012-01-04T00:00:00.000000000+0000,76.732,76.832,76.608,76.72
2012-01-05T00:00:00.000000000+0000,76.724,77.24,76.655,77.168
2012-01-06T00:00:00.000000000+0000,77.168,77.334,76.935,76.953
2012-01-07T00:00:00.000000000+0000,76.953,76.953,76.953,76.953
2012-01-08T00:00:00.000000000+0000,76.856,76.959,76.788,76.938
2012-01-09T00:00:00.000000000+0000,76.938,77.006,76.769,76.873
2012-01-10T00:00:00.000000000+0000,76.874,76.903,76.764,76.858
2012-01-11T00:00:00.000000000+0000,76.858,77.041,76.823,76.87
2012-01-12T00:00:00.000000000+0000,76.87,76.979,76.668,76.788
2012-01-13T00:00:00.000000000+0000,76.788,77.004,76.66,76.895
2012-01-14T00:00:00.000000000+0000,76.895,76.895,76.895,76.895
2012-01-15T00:00:00.000000000+0000,76.952,77.121,76.876,76.926
2012-01-16T00:00:00.000000000+0000,76.926,76.934,76.693,76.827
2012-01-17T00:00:00.000000000+0000,76.829,76.876,76.549,76.82
2012-01-18T00:00:00.000000000+0000,76.817,76.87,76.652,76.788
2012-01-19T00:00:00.000000000+0000,76.789,77.319,76.698,77.079
2012-01-20T00:00:00.000000000+0000,77.077,77.304,76.903,76.998
2012-01-21T00:00:00.000000000+0000,76.998,76.998,76.998,76.998
2012-01-22T00:00:00.000000000+0000,76.955,77.041,76.874,76.973
2012-01-23T00:00:00.000000000+0000,76.97,77.08,76.86,77.002
2012-01-24T00:00:00.000000000+0000,77.002,77.852,76.956,77.683
2012-01-25T00:00:00.000000000+0000,77.684,78.281,77.56,77.776
2012-01-26T00:00:00.000000000+0000,77.778,77.805,77.285,77.463
2012-01-27T00:00:00.000000000+0000,77.463,77.464,76.614,76.667
2012-01-28T00:00:00.000000000+0000,76.667,76.667,76.667,76.667
2012-01-29T00:00:00.000000000+0000,76.682,76.767,76.614,76.743
2012-01-30T00:00:00.000000000+0000,76.743,76.774,76.21,76.37
2012-01-31T00:00:00.000000000+0000,76.369,76.415,76.157,76.269
2012-02-01T00:00:00.000000000+0000,76.271,76.351,76.022,76.194
2012-02-02T00:00:00.000000000+0000,76.196,76.239,76.043,76.184
2012-02-03T00:00:00.000000000+0000,76.184,76.736,76.139,76.587
2012-02-04T00:00:00.000000000+0000,76.587,76.587,76.587,76.587
2012-02-05T00:00:00.000000000+0000,76.554,76.622,76.456,76.565
2012-02-06T00:00:00.000000000+0000,76.565,76.8,76.493,76.566
2012-02-07T00:00:00.000000000+0000,76.566,76.966,76.517,76.771
2012-02-08T00:00:00.000000000+0000,76.771,77.185,76.707,77.067
2012-02-09T00:00:00.000000000+0000,77.067,77.724,77.041,77.654
2012-02-10T00:00:00.000000000+0000,77.654,77.805,77.516,77.547
2012-02-11T00:00:00.000000000+0000,77.547,77.547,77.547,77.547
2012-02-12T00:00:00.000000000+0000,77.557,77.723,77.499,77.707
2012-02-13T00:00:00.000000000+0000,77.707,77.778,77.362,77.515
2012-02-14T00:00:00.000000000+0000,77.515,78.541,77.512,78.407
2012-02-15T00:00:00.000000000+0000,78.407,78.66,78.179,78.494
2012-02-16T00:00:00.000000000+0000,78.492,78.962,78.362,78.832
2012-02-17T00:00:00.000000000+0000,78.832,79.612,78.829,79.539
2012-02-18T00:00:00.000000000+0000,79.539,79.539,79.539,79.539
2012-02-19T00:00:00.000000000+0000,79.546,79.883,79.529,79.783
2012-02-20T00:00:00.000000000+0000,79.783,79.784,79.36,79.617
2012-02-21T00:00:00.000000000+0000,79.617,79.859,79.554,79.849
2012-02-22T00:00:00.000000000+0000,79.847,80.402,79.772,80.269
2012-02-23T00:00:00.000000000+0000,80.273,80.34,79.854,79.94
2012-02-24T00:00:00.000000000+0000,79.94,81.208,79.937,80.965
2012-02-25T00:00:00.000000000+0000,80.965,80.965,80.965,80.965
2012-02-26T00:00:00.000000000+0000,81.187,81.667,81.185,81.48
2012-02-27T00:00:00.000000000+0000,81.482,81.488,80.131,80.466
2012-02-28T00:00:00.000000000+0000,80.466,80.783,80.013,80.476
2012-02-29T00:00:00.000000000+0000,80.476,81.392,80.251,81.28
2012-03-01T00:00:00.000000000+0000,81.28,81.317,80.837,81.088
2012-03-02T00:00:00.000000000+0000,81.088,81.868,81.088,81.776
2012-03-03T00:00:00.000000000+0000,81.776,81.776,81.776,81.776
2012-03-04T00:00:00.000000000+0000,81.787,81.861,81.55,81.618
2012-03-05T00:00:00.000000000+0000,81.618,81.785,81.154,81.53
2012-03-06T00:00:00.000000000+0000,81.531,81.569,80.585,80.636
2012-03-07T00:00:00.000000000+0000,80.638,81.359,80.58,81.356
2012-03-08T00:00:00.000000000+0000,81.356,81.73,81.176,81.596
2012-03-09T00:00:00.000000000+0000,81.594,82.639,81.465,82.416
2012-03-10T00:00:00.000000000+0000,82.416,82.416,82.416,82.416
2012-03-11T00:00:00.000000000+0000,82.467,82.546,82.349,82.354
2012-03-12T00:00:00.000000000+0000,82.351,82.433,82.112,82.372
2012-03-13T00:00:00.000000000+0000,82.372,83.08,81.967,82.957
2012-03-14T00:00:00.000000000+0000,82.957,83.902,82.951,83.833
2012-03-15T00:00:00.000000000+0000,83.831,84.178,83.194,83.498
2012-03-16T00:00:00.000000000+0000,83.495,83.941,83.182,83.426
2012-03-17T00:00:00.000000000+0000,83.426,83.426,83.426,83.426
2012-03-18T00:00:00.000000000+0000,83.426,83.567,83.286,83.458
2012-03-19T00:00:00.000000000+0000,83.458,83.565,83.019,83.376
2012-03-20T00:00:00.000000000+0000,83.376,83.829,83.318,83.672
2012-03-21T00:00:00.000000000+0000,83.667,84.093,83.133,83.195
2012-03-22T00:00:00.000000000+0000,83.195,83.464,82.324,82.522
2012-03-23T00:00:00.000000000+0000,82.517,82.949,81.972,82.328
2012-03-24T00:00:00.000000000+0000,82.328,82.328,82.328,82.328
2012-03-25T00:00:00.000000000+0000,82.328,82.628,82.305,82.597
2012-03-26T00:00:00.000000000+0000,82.596,83.035,82.555,83.014
2012-03-27T00:00:00.000000000+0000,83.017,83.385,82.641,83.072
2012-03-28T00:00:00.000000000+0000,83.069,83.176,82.605,82.837
2012-03-29T00:00:00.000000000+0000,82.837,82.871,81.904,82.291
2012-03-30T00:00:00.000000000+0000,82.29,82.879,81.83,82.837
2012-03-31T00:00:00.000000000+0000,82.837,82.837,82.837,82.837
2012-04-01T00:00:00.000000000+0000,82.847,83.052,82.759,82.881
2012-04-02T00:00:00.000000000+0000,82.882,83.302,81.551,81.628
2012-04-03T00:00:00.000000000+0000,81.628,82.991,81.628,82.848
2012-04-04T00:00:00.000000000+0000,82.848,82.933,82.095,82.435
2012-04-05T00:00:00.000000000+0000,82.43,82.452,81.826,82.209
2012-04-06T00:00:00.000000000+0000,82.21,82.553,81.305,81.617
2012-04-07T00:00:00.000000000+0000,81.617,81.617,81.617,81.617
2012-04-08T00:00:00.000000000+0000,81.618,81.628,81.195,81.291
2012-04-09T00:00:00.000000000+0000,81.291,81.669,81.229,81.638
2012-04-10T00:00:00.000000000+0000,81.639,81.862,80.61,80.678
2012-04-11T00:00:00.000000000+0000,80.678,81.12,80.568,80.999
2012-04-12T00:00:00.000000000+0000,80.999,81.129,80.734,80.939
2012-04-13T00:00:00.000000000+0000,80.94,81.195,80.82,80.907
2012-04-14T00:00:00.000000000+0000,80.907,80.907,80.907,80.907
2012-04-15T00:00:00.000000000+0000,80.897,80.95,80.811,80.918
2012-04-16T00:00:00.000000000+0000,80.917,80.995,80.293,80.404
2012-04-17T00:00:00.000000000+0000,80.404,81.107,80.369,81.061
2012-04-18T00:00:00.000000000+0000,81.061,81.563,81.0,81.312
2012-04-19T00:00:00.000000000+0000,81.314,81.734,81.265,81.623
2012-04-20T00:00:00.000000000+0000,81.624,81.777,81.446,81.492
2012-04-21T00:00:00.000000000+0000,81.492,81.492,81.492,81.492
2012-04-22T00:00:00.000000000+0000,81.506,81.663,81.469,81.597
2012-04-23T00:00:00.000000000+0000,81.597,81.597,80.972,81.087
2012-04-24T00:00:00.000000000+0000,81.089,81.435,80.854,81.397
2012-04-25T00:00:00.000000000+0000,81.4,81.692,81.07,81.321
2012-04-26T00:00:00.000000000+0000,81.318,81.422,80.663,81.067
2012-04-27T00:00:00.000000000+0000,81.067,81.438,80.174,80.238
2012-04-28T00:00:00.000000000+0000,80.238,80.238,80.238,80.238
2012-04-29T00:00:00.000000000+0000,80.248,80.387,80.221,80.359
2012-04-30T00:00:00.000000000+0000,80.358,80.369,79.733,79.932
2012-05-01T00:00:00.000000000+0000,79.932,80.299,79.64,80.222
2012-05-02T00:00:00.000000000+0000,80.222,80.61,80.053,80.134
2012-05-03T00:00:00.000000000+0000,80.136,80.549,80.11,80.224
2012-05-04T00:00:00.000000000+0000,80.223,80.39,79.797,79.827
2012-05-05T00:00:00.000000000+0000,79.827,79.827,79.827,79.827
2012-05-06T00:00:00.000000000+0000,79.819,79.895,79.639,79.821
2012-05-07T00:00:00.000000000+0000,79.821,79.997,79.724,79.929
2012-05-08T00:00:00.000000000+0000,79.928,80.076,79.709,79.879
2012-05-09T00:00:00.000000000+0000,79.874,79.938,79.428,79.711
2012-05-10T00:00:00.000000000+0000,79.711,80.015,79.592,79.879
2012-05-11T00:00:00.000000000+0000,79.878,79.991,79.726,79.906
2012-05-12T00:00:00.000000000+0000,79.906,79.906,79.906,79.906
2012-05-13T00:00:00.000000000+0000,79.954,80.052,79.885,80.027
2012-05-14T00:00:00.000000000+0000,80.027,80.182,79.68,79.864
2012-05-15T00:00:00.000000000+0000,79.869,80.334,79.809,80.309
2012-05-16T00:00:00.000000000+0000,80.309,80.551,80.193,80.362
2012-05-17T00:00:00.000000000+0000,80.362,80.373,79.135,79.415
2012-05-18T00:00:00.000000000+0000,79.414,79.461,78.947,79.003
2012-05-19T00:00:00.000000000+0000,79.003,79.003,79.003,79.003
2012-05-20T00:00:00.000000000+0000,79.016,79.238,78.998,79.179
2012-05-21T00:00:00.000000000+0000,79.179,79.445,79.121,79.41
2012-05-22T00:00:00.000000000+0000,79.412,80.145,79.299,80.008
2012-05-23T00:00:00.000000000+0000,80.008,80.061,79.212,79.448
2012-05-24T00:00:00.000000000+0000,79.448,79.685,79.34,79.666
2012-05-25T00:00:00.000000000+0000,79.666,79.82,79.497,79.667
2012-05-26T00:00:00.000000000+0000,79.667,79.667,79.667,79.667
2012-05-27T00:00:00.000000000+0000,79.616,79.712,79.525,79.604
2012-05-28T00:00:00.000000000+0000,79.605,79.627,79.33,79.574
2012-05-29T00:00:00.000000000+0000,79.573,79.637,79.36,79.524
2012-05-30T00:00:00.000000000+0000,79.521,79.559,78.865,78.973
2012-05-31T00:00:00.000000000+0000,78.975,78.991,78.21,78.548
2012-06-01T00:00:00.000000000+0000,78.549,78.707,77.66,77.946
2012-06-02T00:00:00.000000000+0000,77.946,77.946,77.946,77.946
2012-06-03T00:00:00.000000000+0000,78.031,78.226,78.012,78.067
2012-06-04T00:00:00.000000000+0000,78.068,78.428,77.955,78.354
2012-06-05T00:00:00.000000000+0000,78.354,78.962,78.103,78.74
2012-06-06T00:00:00.000000000+0000,78.739,79.387,78.608,79.291
2012-06-07T00:00:00.000000000+0000,79.289,79.79,79.203,79.701
2012-06-08T00:00:00.000000000+0000,79.703,79.727,79.11,79.471
2012-06-09T00:00:00.000000000+0000,79.471,79.471,79.471,79.471
2012-06-10T00:00:00.000000000+0000,79.558,79.715,79.391,79.558
2012-06-11T00:00:00.000000000+0000,79.557,79.72,79.227,79.31
2012-06-12T00:00:00.000000000+0000,79.31,79.69,79.166,79.52
2012-06-13T00:00:00.000000000+0000,79.54,79.742,79.295,79.378
2012-06-14T00:00:00.000000000+0000,79.376,79.474,79.158,79.426
2012-06-15T00:00:00.000000000+0000,79.425,79.507,78.607,78.686
2012-06-16T00:00:00.000000000+0000,78.686,78.686,78.686,78.686
2012-06-17T00:00:00.000000000+0000,78.735,79.17,78.61,79.07
2012-06-18T00:00:00.000000000+0000,79.069,79.304,78.859,79.02
2012-06-19T00:00:00.000000000+0000,79.02,79.121,78.844,79.059
2012-06-20T00:00:00.000000000+0000,79.062,79.699,78.791,79.434
2012-06-21T00:00:00.000000000+0000,79.433,80.331,79.385,80.048
2012-06-22T00:00:00.000000000+0000,80.05,80.566,80.048,80.403
2012-06-23T00:00:00.000000000+0000,80.403,80.403,80.403,80.403
2012-06-24T00:00:00.000000000+0000,80.443,80.619,80.345,80.571
2012-06-25T00:00:00.000000000+0000,80.571,80.571,79.437,79.656
2012-06-26T00:00:00.000000000+0000,79.657,79.785,79.23,79.463
2012-06-27T00:00:00.000000000+0000,79.463,79.864,79.352,79.673
2012-06-28T00:00:00.000000000+0000,79.673,79.688,79.217,79.303
2012-06-29T00:00:00.000000000+0000,79.302,79.987,79.13,79.779
2012-06-30T00:00:00.000000000+0000,79.779,79.779,79.779,79.779
2012-07-01T00:00:00.000000000+0000,79.777,79.974,79.693,79.839
2012-07-02T00:00:00.000000000+0000,79.841,79.859,79.31,79.452
2012-07-03T00:00:00.000000000+0000,79.452,79.928,79.437,79.85
2012-07-04T00:00:00.000000000+0000,79.852,79.965,79.591,79.947
2012-07-05T00:00:00.000000000+0000,79.947,80.092,79.558,79.865
2012-07-06T00:00:00.000000000+0000,79.865,80.02,79.495,79.644
2012-07-07T00:00:00.000000000+0000,79.644,79.644,79.644,79.644
2012-07-08T00:00:00.000000000+0000,79.693,79.768,79.423,79.496
2012-07-09T00:00:00.000000000+0000,79.495,79.768,79.474,79.564
2012-07-10T00:00:00.000000000+0000,79.563,79.573,79.21,79.353
2012-07-11T00:00:00.000000000+0000,79.352,79.789,79.13,79.604
2012-07-12T00:00:00.000000000+0000,79.604,79.944,79.176,79.322
2012-07-13T00:00:00.000000000+0000,79.32,79.391,79.07,79.247
2012-07-14T00:00:00.000000000+0000,79.247,79.247,79.247,79.247
2012-07-15T00:00:00.000000000+0000,79.249,79.282,79.116,79.179
2012-07-16T00:00:00.000000000+0000,79.18,79.199,78.685,78.836
2012-07-17T00:00:00.000000000+0000,78.836,79.171,78.815,79.08
2012-07-18T00:00:00.000000000+0000,79.078,79.121,78.75,78.797
2012-07-19T00:00:00.000000000+0000,78.796,78.797,78.427,78.743
2012-07-20T00:00:00.000000000+0000,78.743,78.8,78.443,78.476
2012-07-21T00:00:00.000000000+0000,78.476,78.476,78.476,78.476
2012-07-22T00:00:00.000000000+0000,78.477,78.527,78.373,78.469
2012-07-23T00:00:00.000000000+0000,78.469,78.47,77.935,78.29
2012-07-24T00:00:00.000000000+0000,78.288,78.343,78.076,78.118
2012-07-25T00:00:00.000000000+0000,78.118,78.276,78.068,78.108
2012-07-26T00:00:00.000000000+0000,78.105,78.35,77.987,78.318
2012-07-27T00:00:00.000000000+0000,78.317,78.675,78.074,78.447
2012-07-28T00:00:00.000000000+0000,78.447,78.447,78.447,78.447
2012-07-29T00:00:00.000000000+0000,78.434,78.539,78.411,78.5
2012-07-30T00:00:00.000000000+0000,78.501,78.529,78.11,78.127
2012-07-31T00:00:00.000000000+0000,78.127,78.303,78.039,78.127
2012-08-01T00:00:00.000000000+0000,78.127,78.499,77.905,78.381
2012-08-02T00:00:00.000000000+0000,78.382,78.537,78.124,78.225
2012-08-03T00:00:00.000000000+0000,78.224,78.773,78.07,78.446
2012-08-04T00:00:00.000000000+0000,78.446,78.446,78.446,78.446
2012-08-05T00:00:00.000000000+0000,78.471,78.639,78.397,78.612
2012-08-06T00:00:00.000000000+0000,78.611,78.613,78.142,78.21
2012-08-07T00:00:00.000000000+0000,78.21,78.735,78.157,78.607
2012-08-08T00:00:00.000000000+0000,78.609,78.633,78.234,78.413
2012-08-09T00:00:00.000000000+0000,78.414,78.789,78.289,78.589
2012-08-10T00:00:00.000000000+0000,78.587,78.641,78.159,78.262
2012-08-11T00:00:00.000000000+0000,78.262,78.262,78.262,78.262
2012-08-12T00:00:00.000000000+0000,78.257,78.295,78.179,78.255
2012-08-13T00:00:00.000000000+0000,78.254,78.373,78.162,78.339
2012-08-14T00:00:00.000000000+0000,78.337,78.933,78.321,78.831
2012-08-15T00:00:00.000000000+0000,78.828,79.049,78.592,79.004
2012-08-16T00:00:00.000000000+0000,79.005,79.404,78.994,79.263
2012-08-17T00:00:00.000000000+0000,79.263,79.573,79.23,79.496
2012-08-18T00:00:00.000000000+0000,79.496,79.496,79.496,79.496
2012-08-19T00:00:00.000000000+0000,79.455,79.57,79.42,79.524
2012-08-20T00:00:00.000000000+0000,79.524,79.657,79.318,79.344
2012-08-21T00:00:00.000000000+0000,79.342,79.524,79.194,79.249
2012-08-22T00:00:00.000000000+0000,79.25,79.373,78.283,78.543
2012-08-23T00:00:00.000000000+0000,78.543,78.694,78.359,78.587
2012-08-24T00:00:00.000000000+0000,78.588,78.721,78.454,78.646
2012-08-25T00:00:00.000000000+0000,78.646,78.646,78.646,78.646
2012-08-26T00:00:00.000000000+0000,78.609,78.779,78.585,78.747
2012-08-27T00:00:00.000000000+0000,78.749,78.839,78.65,78.758
2012-08-28T00:00:00.000000000+0000,78.757,78.767,78.455,78.57
2012-08-29T00:00:00.000000000+0000,78.57,78.787,78.481,78.728
2012-08-30T00:00:00.000000000+0000,78.727,78.731,78.495,78.536
2012-08-31T00:00:00.000000000+0000,78.536,78.609,78.188,78.367
2012-09-01T00:00:00.000000000+0000,78.367,78.367,78.367,78.367
2012-09-02T00:00:00.000000000+0000,78.324,78.379,78.272,78.301
2012-09-03T00:00:00.000000000+0000,78.301,78.4,78.191,78.338
2012-09-04T00:00:00.000000000+0000,78.338,78.481,78.285,78.477
2012-09-05T00:00:00.000000000+0000,78.477,78.533,78.3,78.421
2012-09-06T00:00:00.000000000+0000,78.422,79.033,78.37,78.889
2012-09-07T00:00:00.000000000+0000,78.889,79.021,78.013,78.178
2012-09-08T00:00:00.000000000+0000,78.178,78.178,78.178,78.178
2012-09-09T00:00:00.000000000+0000,78.245,78.283,78.194,78.231
2012-09-10T00:00:00.000000000+0000,78.233,78.328,78.181,78.235
2012-09-11T00:00:00.000000000+0000,78.234,78.249,77.7,77.763
2012-09-12T00:00:00.000000000+0000,77.761,77.963,77.74,77.823
2012-09-13T00:00:00.000000000+0000,77.821,77.822,77.16,77.651
2012-09-14T00:00:00.000000000+0000,77.65,78.39,77.515,78.227
2012-09-15T00:00:00.000000000+0000,78.227,78.227,78.227,78.227
2012-09-16T00:00:00.000000000+0000,78.329,78.473,78.296,78.337
2012-09-17T00:00:00.000000000+0000,78.339,78.924,78.164,78.672
2012-09-18T00:00:00.000000000+0000,78.677,78.873,78.485,78.764
2012-09-19T00:00:00.000000000+0000,78.766,79.215,78.256,78.391
2012-09-20T00:00:00.000000000+0000,78.392,78.457,78.018,78.209
2012-09-21T00:00:00.000000000+0000,78.21,78.367,78.077,78.108
2012-09-22T00:00:00.000000000+0000,78.108,78.108,78.108,78.108
2012-09-23T00:00:00.000000000+0000,78.127,78.192,78.083,78.124
2012-09-24T00:00:00.000000000+0000,78.125,78.149,77.793,77.871
2012-09-25T00:00:00.000000000+0000,77.874,77.928,77.657,77.741
2012-09-26T00:00:00.000000000+0000,77.739,77.902,77.588,77.689
2012-09-27T00:00:00.000000000+0000,77.688,77.754,77.549,77.615
2012-09-28T00:00:00.000000000+0000,77.617,78.105,77.434,77.956
2012-09-29T00:00:00.000000000+0000,77.956,77.956,77.956,77.956
2012-09-30T00:00:00.000000000+0000,78.016,78.075,77.845,77.958
2012-10-01T00:00:00.000000000+0000,77.959,78.148,77.789,78.044
2012-10-02T00:00:00.000000000+0000,78.044,78.248,77.972,78.217
2012-10-03T00:00:00.000000000+0000,78.215,78.582,78.118,78.442
2012-10-04T00:00:00.000000000+0000,78.44,78.715,78.287,78.513
2012-10-05T00:00:00.000000000+0000,78.513,78.871,78.274,78.646
2012-10-06T00:00:00.000000000+0000,78.646,78.646,78.646,78.646
2012-10-07T00:00:00.000000000+0000,78.623,78.758,78.601,78.709
2012-10-08T00:00:00.000000000+0000,78.707,78.708,78.078,78.293
2012-10-09T00:00:00.000000000+0000,78.292,78.433,78.151,78.238
2012-10-10T00:00:00.000000000+0000,78.235,78.369,78.023,78.077
2012-10-11T00:00:00.000000000+0000,78.077,78.586,77.945,78.412
2012-10-12T00:00:00.000000000+0000,78.415,78.533,78.283,78.387
2012-10-13T00:00:00.000000000+0000,78.387,78.387,78.387,78.387
2012-10-14T00:00:00.000000000+0000,78.429,78.484,78.361,78.472
2012-10-15T00:00:00.000000000+0000,78.472,78.858,78.328,78.791
2012-10-16T00:00:00.000000000+0000,78.789,78.962,78.72,78.855
2012-10-17T00:00:00.000000000+0000,78.854,79.134,78.61,79.059
2012-10-18T00:00:00.000000000+0000,79.068,79.46,78.99,79.317
2012-10-19T00:00:00.000000000+0000,79.318,79.427,79.138,79.325
2012-10-20T00:00:00.000000000+0000,79.325,79.325,79.325,79.325
2012-10-21T00:00:00.000000000+0000,79.26,79.305,79.205,79.258
2012-10-22T00:00:00.000000000+0000,79.258,80.007,79.214,79.984
2012-10-23T00:00:00.000000000+0000,79.986,79.988,79.71,79.82
2012-10-24T00:00:00.000000000+0000,79.821,79.924,79.688,79.85
2012-10-25T00:00:00.000000000+0000,79.856,80.375,79.827,80.219
2012-10-26T00:00:00.000000000+0000,80.221,80.275,79.492,79.582
2012-10-27T00:00:00.000000000+0000,79.582,79.582,79.582,79.582
2012-10-28T00:00:00.000000000+0000,79.58,79.745,79.526,79.646
2012-10-29T00:00:00.000000000+0000,79.646,79.841,79.525,79.773
2012-10-30T00:00:00.000000000+0000,79.775,80.124,79.274,79.674
2012-10-31T00:00:00.000000000+0000,79.674,79.959,79.493,79.86
2012-11-01T00:00:00.000000000+0000,79.859,80.224,79.846,80.217
2012-11-02T00:00:00.000000000+0000,80.217,80.67,80.191,80.436
2012-11-03T00:00:00.000000000+0000,80.436,80.436,80.436,80.436
2012-11-04T00:00:00.000000000+0000,80.299,80.532,80.235,80.507
2012-11-05T00:00:00.000000000+0000,80.505,80.56,80.132,80.161
2012-11-06T00:00:00.000000000+0000,80.161,80.44,79.958,80.283
2012-11-07T00:00:00.000000000+0000,80.282,80.401,79.754,79.98
2012-11-08T00:00:00.000000000+0000,79.981,79.999,79.319,79.485
2012-11-09T00:00:00.000000000+0000,79.485,79.607,79.074,79.465
2012-11-10T00:00:00.000000000+0000,79.465,79.465,79.465,79.465
2012-11-11T00:00:00.000000000+0000,79.399,79.516,79.388,79.463
2012-11-12T00:00:00.000000000+0000,79.461,79.617,79.335,79.606
2012-11-13T00:00:00.000000000+0000,79.604,79.638,79.208,79.459
2012-11-14T00:00:00.000000000+0000,79.462,80.305,79.392,80.2
2012-11-15T00:00:00.000000000+0000,80.2,81.458,80.121,81.125
2012-11-16T00:00:00.000000000+0000,81.125,81.437,80.893,81.294
2012-11-17T00:00:00.000000000+0000,81.294,81.294,81.294,81.294
2012-11-18T00:00:00.000000000+0000,81.304,81.559,81.176,81.553
2012-11-19T00:00:00.000000000+0000,81.553,81.582,81.085,81.362
2012-11-20T00:00:00.000000000+0000,81.361,81.771,81.135,81.735
2012-11-21T00:00:00.000000000+0000,81.736,82.589,81.707,82.573
2012-11-22T00:00:00.000000000+0000,82.571,82.834,82.256,82.364
2012-11-23T00:00:00.000000000+0000,82.364,82.484,82.057,82.382
2012-11-24T00:00:00.000000000+0000,82.382,82.382,82.382,82.382
2012-11-25T00:00:00.000000000+0000,82.34,82.574,82.273,82.559
2012-11-26T00:00:00.000000000+0000,82.56,82.619,81.856,81.874
2012-11-27T00:00:00.000000000+0000,81.873,82.313,81.872,82.088
2012-11-28T00:00:00.000000000+0000,82.088,82.21,81.685,82.155
2012-11-29T00:00:00.000000000+0000,82.155,82.212,81.91,82.142
2012-11-30T00:00:00.000000000+0000,82.14,82.746,82.044,82.47
2012-12-01T00:00:00.000000000+0000,82.47,82.47,82.47,82.47
2012-12-02T00:00:00.000000000+0000,82.325,82.499,82.232,82.474
2012-12-03T00:00:00.000000000+0000,82.472,82.472,81.985,82.145
2012-12-04T00:00:00.000000000+0000,82.148,82.188,81.717,81.835
2012-12-05T00:00:00.000000000+0000,81.833,82.478,81.792,82.436
2012-12-06T00:00:00.000000000+0000,82.435,82.614,82.198,82.447
2012-12-07T00:00:00.000000000+0000,82.445,82.824,82.174,82.469
2012-12-08T00:00:00.000000000+0000,82.469,82.469,82.469,82.469
2012-12-09T00:00:00.000000000+0000,82.401,82.635,82.335,82.562
2012-12-10T00:00:00.000000000+0000,82.562,82.589,82.114,82.359
2012-12-11T00:00:00.000000000+0000,82.361,82.572,82.301,82.528
2012-12-12T00:00:00.000000000+0000,82.528,83.292,82.499,83.22
2012-12-13T00:00:00.000000000+0000,83.22,83.674,83.187,83.67
2012-12-14T00:00:00.000000000+0000,83.669,83.959,83.315,83.499
2012-12-15T00:00:00.000000000+0000,83.499,83.499,83.499,83.499
2012-12-16T00:00:00.000000000+0000,83.406,84.339,83.405,84.148
2012-12-17T00:00:00.000000000+0000,84.153,84.159,83.611,83.92
2012-12-18T00:00:00.000000000+0000,83.92,84.36,83.82,84.357
2012-12-19T00:00:00.000000000+0000,84.356,84.614,83.93,84.232
2012-12-20T00:00:00.000000000+0000,84.233,84.451,83.857,84.427
2012-12-21T00:00:00.000000000+0000,84.428,84.437,83.855,84.221
2012-12-22T00:00:00.000000000+0000,84.221,84.221,84.221,84.221
2012-12-23T00:00:00.000000000+0000,84.198,84.463,84.192,84.416
2012-12-24T00:00:00.000000000+0000,84.415,84.945,84.322,84.818
2012-12-25T00:00:00.000000000+0000,84.819,85.056,84.566,85.023
2012-12-26T00:00:00.000000000+0000,85.025,85.724,85.018,85.687
2012-12-27T00:00:00.000000000+0000,85.688,86.628,85.59,86.491
2012-12-28T00:00:00.000000000+0000,86.495,86.548,85.863,85.905
2012-12-29T00:00:00.000000000+0000,85.905,85.905,85.905,85.905
2012-12-30T00:00:00.000000000+0000,85.858,86.0,85.654,85.968
2012-12-31T00:00:00.000000000+0000,85.968,86.782,85.862,86.701
2013-01-01T00:00:00.000000000+0000,86.666,86.84,86.576,86.608
2013-01-02T00:00:00.000000000+0000,86.609,87.352,86.535,87.276
2013-01-03T00:00:00.000000000+0000,87.273,87.77,86.767,87.714
2013-01-04T00:00:00.000000000+0000,87.714,88.407,87.558,88.143
2013-01-05T00:00:00.000000000+0000,88.143,88.143,88.143,88.143
2013-01-06T00:00:00.000000000+0000,88.113,88.367,88.113,88.21
2013-01-07T00:00:00.000000000+0000,88.211,88.226,87.231,87.265
2013-01-08T00:00:00.000000000+0000,87.263,87.803,86.821,86.916
2013-01-09T00:00:00.000000000+0000,86.921,88.186,86.902,88.117
2013-01-10T00:00:00.000000000+0000,88.116,89.347,87.978,89.301
2013-01-11T00:00:00.000000000+0000,89.3,89.444,88.74,89.177
2013-01-12T00:00:00.000000000+0000,89.177,89.177,89.177,89.177
2013-01-13T00:00:00.000000000+0000,89.287,89.664,89.238,89.497
2013-01-14T00:00:00.000000000+0000,89.495,89.641,89.082,89.449
2013-01-15T00:00:00.000000000+0000,89.45,89.627,88.287,88.757
2013-01-16T00:00:00.000000000+0000,88.757,88.776,87.793,88.666
2013-01-17T00:00:00.000000000+0000,88.671,90.128,88.132,89.818
2013-01-18T00:00:00.000000000+0000,89.815,90.2,89.632,90.084
2013-01-19T00:00:00.000000000+0000,90.084,90.084,90.084,90.084
2013-01-20T00:00:00.000000000+0000,90.091,90.245,90.081,90.181
2013-01-21T00:00:00.000000000+0000,90.181,90.181,89.336,89.627
2013-01-22T00:00:00.000000000+0000,89.627,90.114,88.363,88.519
2013-01-23T00:00:00.000000000+0000,88.525,88.773,88.058,88.579
2013-01-24T00:00:00.000000000+0000,88.576,90.685,88.413,90.543
2013-01-25T00:00:00.000000000+0000,90.542,91.192,90.284,90.858
2013-01-26T00:00:00.000000000+0000,90.858,90.858,90.858,90.858
2013-01-27T00:00:00.000000000+0000,91.043,91.253,91.007,91.184
2013-01-28T00:00:00.000000000+0000,91.183,91.184,90.4,90.439
2013-01-29T00:00:00.000000000+0000,90.441,91.013,90.327,90.78
2013-01-30T00:00:00.000000000+0000,90.78,91.403,90.755,91.007
2013-01-31T00:00:00.000000000+0000,91.001,91.841,90.743,91.711
2013-02-01T00:00:00.000000000+0000,91.709,92.957,91.616,92.826
2013-02-02T00:00:00.000000000+0000,92.826,92.826,92.826,92.826
2013-02-03T00:00:00.000000000+0000,92.755,92.899,92.735,92.757
2013-02-04T00:00:00.000000000+0000,92.757,93.177,91.975,92.157
2013-02-05T00:00:00.000000000+0000,92.156,93.782,92.121,93.58
2013-02-06T00:00:00.000000000+0000,93.577,94.054,93.272,93.433
2013-02-07T00:00:00.000000000+0000,93.431,93.913,93.079,93.609
2013-02-08T00:00:00.000000000+0000,93.61,93.717,92.168,92.678
2013-02-09T00:00:00.000000000+0000,92.678,92.678,92.678,92.678
2013-02-10T00:00:00.000000000+0000,92.685,92.688,92.361,92.546
2013-02-11T00:00:00.000000000+0000,92.55,94.456,92.45,94.188
2013-02-12T00:00:00.000000000+0000,94.187,94.406,92.946,93.315
2013-02-13T00:00:00.000000000+0000,93.315,93.776,92.82,93.234
2013-02-14T00:00:00.000000000+0000,93.234,93.708,92.673,92.952
2013-02-15T00:00:00.000000000+0000,92.946,93.837,92.223,93.488
2013-02-16T00:00:00.000000000+0000,93.488,93.488,93.488,93.488
2013-02-17T00:00:00.000000000+0000,93.744,93.948,93.709,93.761
2013-02-18T00:00:00.000000000+0000,93.761,94.211,93.562,93.607
2013-02-19T00:00:00.000000000+0000,93.607,93.918,93.291,93.707
2013-02-20T00:00:00.000000000+0000,93.707,94.033,93.135,93.673
2013-02-21T00:00:00.000000000+0000,93.67,93.86,92.771,93.147
2013-02-22T00:00:00.000000000+0000,93.146,93.512,92.92,93.402
2013-02-23T00:00:00.000000000+0000,93.402,93.402,93.402,93.402
2013-02-24T00:00:00.000000000+0000,94.522,94.557,94.128,94.229
2013-02-25T00:00:00.000000000+0000,94.229,94.302,90.858,92.358
2013-02-26T00:00:00.000000000+0000,92.358,92.745,91.129,92.109
2013-02-27T00:00:00.000000000+0000,92.108,92.435,91.134,92.32
2013-02-28T00:00:00.000000000+0000,92.317,92.848,92.01,92.582
2013-03-01T00:00:00.000000000+0000,92.581,93.68,92.439,93.655
2013-03-02T00:00:00.000000000+0000,93.655,93.655,93.655,93.655
2013-03-03T00:00:00.000000000+0000,93.556,93.647,93.355,93.543
2013-03-04T00:00:00.000000000+0000,93.542,93.723,93.167,93.409
2013-03-05T00:00:00.000000000+0000,93.41,93.52,92.914,93.286
2013-03-06T00:00:00.000000000+0000,93.286,94.11,92.995,93.928
2013-03-07T00:00:00.000000000+0000,93.928,95.089,93.788,94.897
2013-03-08T00:00:00.000000000+0000,94.897,96.557,94.845,95.99
2013-03-09T00:00:00.000000000+0000,95.99,95.99,95.99,95.99
2013-03-10T00:00:00.000000000+0000,95.982,96.253,95.944,96.19
2013-03-11T00:00:00.000000000+0000,96.187,96.707,95.962,96.634
2013-03-12T00:00:00.000000000+0000,96.637,96.685,95.639,95.836
2013-03-13T00:00:00.000000000+0000,95.836,96.259,95.444,96.02
2013-03-14T00:00:00.000000000+0000,96.02,96.586,95.68,95.943
2013-03-15T00:00:00.000000000+0000,95.942,96.273,95.076,95.28
2013-03-16T00:00:00.000000000+0000,95.28,95.28,95.28,95.28
2013-03-17T00:00:00.000000000+0000,94.318,94.986,94.069,94.893
2013-03-18T00:00:00.000000000+0000,94.896,95.594,94.308,95.356
2013-03-19T00:00:00.000000000+0000,95.359,95.744,94.72,95.058
2013-03-20T00:00:00.000000000+0000,95.06,96.129,94.826,95.936
2013-03-21T00:00:00.000000000+0000,95.936,96.032,94.546,94.917
2013-03-22T00:00:00.000000000+0000,94.916,95.058,94.194,94.46
2013-03-23T00:00:00.000000000+0000,94.46,94.46,94.46,94.46
2013-03-24T00:00:00.000000000+0000,94.378,94.896,94.343,94.845
2013-03-25T00:00:00.000000000+0000,94.842,94.96,93.524,93.94
2013-03-26T00:00:00.000000000+0000,93.94,94.703,93.862,94.629
2013-03-27T00:00:00.000000000+0000,94.629,94.906,94.021,94.319
2013-03-28T00:00:00.000000000+0000,94.32,94.431,93.875,94.176
2013-03-29T00:00:00.000000000+0000,94.176,94.273,93.91,94.195
2013-03-30T00:00:00.000000000+0000,94.195,94.195,94.195,94.195
2013-03-31T00:00:00.000000000+0000,94.258,94.371,94.233,94.269
2013-04-01T00:00:00.000000000+0000,94.272,94.362,93.05,93.184
2013-04-02T00:00:00.000000000+0000,93.182,93.557,92.568,93.345
2013-04-03T00:00:00.000000000+0000,93.341,93.685,92.713,92.86
2013-04-04T00:00:00.000000000+0000,92.86,96.464,92.728,96.423
2013-04-05T00:00:00.000000000+0000,96.425,97.831,95.8,97.568
2013-04-06T00:00:00.000000000+0000,97.568,97.568,97.568,97.568
2013-04-07T00:00:00.000000000+0000,98.187,98.846,98.073,98.791
2013-04-08T00:00:00.000000000+0000,98.792,99.66,98.305,99.331
2013-04-09T00:00:00.000000000+0000,99.329,99.5,98.587,98.976
2013-04-10T00:00:00.000000000+0000,98.981,99.872,98.91,99.684
2013-04-11T00:00:00.000000000+0000,99.685,99.946,99.112,99.633
2013-04-12T00:00:00.000000000+0000,99.633,99.731,98.09,98.371
2013-04-13T00:00:00.000000000+0000,98.371,98.371,98.371,98.371
2013-04-14T00:00:00.000000000+0000,98.187,98.594,98.16,98.442
2013-04-15T00:00:00.000000000+0000,98.441,98.711,95.794,96.802
2013-04-16T00:00:00.000000000+0000,96.802,98.157,96.585,97.617
2013-04-17T00:00:00.000000000+0000,97.619,98.43,97.207,98.065
2013-04-18T00:00:00.000000000+0000,98.065,98.529,97.63,98.217
2013-04-19T00:00:00.000000000+0000,98.216,99.682,98.107,99.514
2013-04-20T00:00:00.000000000+0000,99.514,99.514,99.514,99.514
2013-04-21T00:00:00.000000000+0000,99.802,99.88,99.726,99.816
2013-04-22T00:00:00.000000000+0000,99.814,99.883,98.979,99.196
2013-04-23T00:00:00.000000000+0000,99.196,99.707,98.481,99.653
2013-04-24T00:00:00.000000000+0000,99.653,99.757,99.184,99.428
2013-04-25T00:00:00.000000000+0000,99.428,99.554,98.98,99.336
2013-04-26T00:00:00.000000000+0000,99.336,99.381,97.555,98.033
2013-04-27T00:00:00.000000000+0000,98.033,98.033,98.033,98.033
2013-04-28T00:00:00.000000000+0000,97.942,97.991,97.678,97.861
2013-04-29T00:00:00.000000000+0000,97.861,98.199,97.349,97.883
2013-04-30T00:00:00.000000000+0000,97.881,98.123,97.005,97.271
2013-05-01T00:00:00.000000000+0000,97.271,97.674,97.022,97.139
2013-05-02T00:00:00.000000000+0000,97.138,98.39,97.096,97.942
2013-05-03T00:00:00.000000000+0000,97.941,99.265,97.933,98.993
2013-05-04T00:00:00.000000000+0000,98.993,98.993,98.993,98.993
2013-05-05T00:00:00.000000000+0000,99.177,99.205,99.095,99.116
2013-05-06T00:00:00.000000000+0000,99.117,99.452,99.057,99.365
2013-05-07T00:00:00.000000000+0000,99.363,99.381,98.637,98.79
2013-05-08T00:00:00.000000000+0000,98.79,99.148,98.58,98.882
2013-05-09T00:00:00.000000000+0000,98.883,100.85,98.644,100.824
2013-05-10T00:00:00.000000000+0000,100.83,101.982,100.732,101.626
2013-05-11T00:00:00.000000000+0000,101.626,101.626,101.626,101.626
2013-05-12T00:00:00.000000000+0000,101.872,102.148,101.728,101.94
2013-05-13T00:00:00.000000000+0000,101.941,102.044,101.514,101.676
2013-05-14T00:00:00.000000000+0000,101.677,102.428,101.26,102.188
2013-05-15T00:00:00.000000000+0000,102.19,102.761,101.852,102.242
2013-05-16T00:00:00.000000000+0000,102.242,102.681,101.827,102.137
2013-05-17T00:00:00.000000000+0000,102.137,103.305,102.105,103.19
2013-05-18T00:00:00.000000000+0000,103.19,103.19,103.19,103.19
2013-05-19T00:00:00.000000000+0000,102.749,102.938,102.002,102.73
2013-05-20T00:00:00.000000000+0000,102.722,102.901,102.069,102.156
2013-05-21T00:00:00.000000000+0000,102.156,102.884,102.151,102.43
2013-05-22T00:00:00.000000000+0000,102.432,103.732,102.347,103.181
2013-05-23T00:00:00.000000000+0000,103.182,103.567,100.835,102.423
2013-05-24T00:00:00.000000000+0000,102.422,102.585,100.661,101.299
2013-05-25T00:00:00.000000000+0000,101.299,101.299,101.299,101.299
2013-05-26T00:00:00.000000000+0000,101.049,101.296,100.955,101.1
2013-05-27T00:00:00.000000000+0000,101.101,101.236,100.745,101.115
2013-05-28T00:00:00.000000000+0000,101.115,102.518,101.113,102.517
2013-05-29T00:00:00.000000000+0000,102.517,102.524,100.711,100.945
2013-05-30T00:00:00.000000000+0000,100.945,101.8,100.466,101.108
2013-05-31T00:00:00.000000000+0000,101.109,101.279,100.22,100.472
2013-06-01T00:00:00.000000000+0000,100.472,100.472,100.472,100.472
2013-06-02T00:00:00.000000000+0000,100.44,100.635,100.385,100.487
2013-06-03T00:00:00.000000000+0000,100.487,100.72,98.861,99.734
2013-06-04T00:00:00.000000000+0000,99.734,100.415,99.33,100.27
2013-06-05T00:00:00.000000000+0000,100.271,100.46,98.857,99.016
2013-06-06T00:00:00.000000000+0000,99.015,99.466,95.887,97.36
2013-06-07T00:00:00.000000000+0000,97.359,97.785,94.99,97.543
2013-06-08T00:00:00.000000000+0000,97.543,97.543,97.543,97.543
2013-06-09T00:00:00.000000000+0000,97.848,98.426,97.727,98.362
2013-06-10T00:00:00.000000000+0000,98.361,99.282,97.709,98.903
2013-06-11T00:00:00.000000000+0000,98.907,98.98,95.596,96.255
2013-06-12T00:00:00.000000000+0000,96.255,97.016,95.134,95.484
2013-06-13T00:00:00.000000000+0000,95.484,95.796,93.79,95.577
2013-06-14T00:00:00.000000000+0000,95.577,95.577,93.982,94.131
2013-06-15T00:00:00.000000000+0000,94.131,94.131,94.131,94.131
2013-06-16T00:00:00.000000000+0000,94.18,94.426,94.093,94.332
2013-06-17T00:00:00.000000000+0000,94.331,95.215,94.234,94.569
2013-06-18T00:00:00.000000000+0000,94.569,95.763,94.533,95.584
2013-06-19T00:00:00.000000000+0000,95.586,97.027,94.83,96.58
2013-06-20T00:00:00.000000000+0000,96.58,98.286,96.202,97.009
2013-06-21T00:00:00.000000000+0000,97.008,98.133,96.919,97.894
2013-06-22T00:00:00.000000000+0000,97.894,97.894,97.894,97.894
2013-06-23T00:00:00.000000000+0000,97.931,98.508,97.887,98.386
2013-06-24T00:00:00.000000000+0000,98.387,98.7,97.217,97.623
2013-06-25T00:00:00.000000000+0000,97.622,98.233,96.96,98.161
2013-06-26T00:00:00.000000000+0000,98.162,98.168,97.237,97.642
2013-06-27T00:00:00.000000000+0000,97.641,98.612,97.564,98.501
2013-06-28T00:00:00.000000000+0000,98.499,99.449,98.461,99.137
2013-06-29T00:00:00.000000000+0000,99.137,99.137,99.137,99.137
2013-06-30T00:00:00.000000000+0000,99.225,99.539,99.189,99.447
2013-07-01T00:00:00.000000000+0000,99.446,99.863,99.175,99.617
2013-07-02T00:00:00.000000000+0000,99.618,100.854,99.507,100.759
2013-07-03T00:00:00.000000000+0000,100.759,100.824,99.256,99.812
2013-07-04T00:00:00.000000000+0000,99.809,100.333,99.49,100.244
2013-07-05T00:00:00.000000000+0000,100.246,101.224,99.889,101.185
2013-07-06T00:00:00.000000000+0000,101.185,101.185,101.185,101.185
2013-07-07T00:00:00.000000000+0000,101.258,101.532,101.211,101.488
2013-07-08T00:00:00.000000000+0000,101.49,101.492,100.767,100.938
2013-07-09T00:00:00.000000000+0000,100.939,101.299,100.828,101.179
2013-07-10T00:00:00.000000000+0000,101.179,101.189,98.262,99.015
2013-07-11T00:00:00.000000000+0000,99.014,99.624,98.266,98.826
2013-07-12T00:00:00.000000000+0000,98.829,99.693,98.677,99.214
2013-07-13T00:00:00.000000000+0000,99.214,99.214,99.214,99.214
2013-07-14T00:00:00.000000000+0000,99.347,99.38,99.159,99.199
2013-07-15T00:00:00.000000000+0000,99.199,100.484,99.073,99.952
2013-07-16T00:00:00.000000000+0000,99.952,100.03,98.893,99.115
2013-07-17T00:00:00.000000000+0000,99.117,99.943,99.043,99.577
2013-07-18T00:00:00.000000000+0000,99.575,100.654,99.463,100.561
2013-07-19T00:00:00.000000000+0000,100.564,100.865,99.805,100.594
2013-07-20T00:00:00.000000000+0000,100.594,100.594,100.594,100.594
2013-07-21T00:00:00.000000000+0000,100.44,100.619,100.17,100.378
2013-07-22T00:00:00.000000000+0000,100.378,100.378,99.223,99.326
2013-07-23T00:00:00.000000000+0000,99.327,100.18,99.142,99.512
2013-07-24T00:00:00.000000000+0000,99.511,100.453,99.423,100.401
2013-07-25T00:00:00.000000000+0000,100.401,100.419,98.884,99.253
2013-07-26T00:00:00.000000000+0000,99.254,99.362,97.958,98.257
2013-07-27T00:00:00.000000000+0000,98.257,98.257,98.257,98.257
2013-07-28T00:00:00.000000000+0000,98.071,98.332,97.771,97.961
2013-07-29T00:00:00.000000000+0000,97.963,98.201,97.632,98.041
2013-07-30T00:00:00.000000000+0000,98.046,98.46,97.757,98.01
2013-07-31T00:00:00.000000000+0000,98.01,98.521,97.583,97.845
2013-08-01T00:00:00.000000000+0000,97.847,99.571,97.657,99.424
2013-08-02T00:00:00.000000000+0000,99.425,99.947,98.661,98.943
2013-08-03T00:00:00.000000000+0000,98.943,98.943,98.943,98.943
2013-08-04T00:00:00.000000000+0000,98.931,99.056,98.866,98.931
2013-08-05T00:00:00.000000000+0000,98.93,99.149,98.19,98.246
2013-08-06T00:00:00.000000000+0000,98.246,98.584,97.1,97.345
2013-08-07T00:00:00.000000000+0000,97.347,97.533,96.32,96.563
2013-08-08T00:00:00.000000000+0000,96.564,96.933,95.806,96.761
2013-08-09T00:00:00.000000000+0000,96.761,96.969,96.128,96.219
2013-08-10T00:00:00.000000000+0000,96.219,96.219,96.219,96.219
2013-08-11T00:00:00.000000000+0000,96.298,96.401,95.924,96.056
2013-08-12T00:00:00.000000000+0000,96.052,97.306,95.982,97.192
2013-08-13T00:00:00.000000000+0000,97.191,98.341,97.142,98.135
2013-08-14T00:00:00.000000000+0000,98.135,98.426,97.768,97.78
2013-08-15T00:00:00.000000000+0000,97.782,98.647,97.048,97.074
2013-08-16T00:00:00.000000000+0000,97.074,97.773,97.057,97.518
2013-08-17T00:00:00.000000000+0000,97.518,97.518,97.518,97.518
2013-08-18T00:00:00.000000000+0000,97.588,97.75,97.532,97.675
2013-08-19T00:00:00.000000000+0000,97.675,98.123,97.356,97.605
2013-08-20T00:00:00.000000000+0000,97.604,97.863,96.911,97.323
2013-08-21T00:00:00.000000000+0000,97.323,97.983,97.123,97.803
2013-08-22T00:00:00.000000000+0000,97.805,98.922,97.754,98.874
2013-08-23T00:00:00.000000000+0000,98.874,99.149,98.39,98.716
2013-08-24T00:00:00.000000000+0000,98.716,98.716,98.716,98.716
2013-08-25T00:00:00.000000000+0000,98.596,98.821,98.555,98.72
2013-08-26T00:00:00.000000000+0000,98.72,98.841,98.191,98.277
2013-08-27T00:00:00.000000000+0000,98.279,98.391,96.813,96.883
2013-08-28T00:00:00.000000000+0000,96.889,97.837,96.876,97.743
2013-08-29T00:00:00.000000000+0000,97.742,98.518,97.448,98.313
2013-08-30T00:00:00.000000000+0000,98.313,98.477,97.884,98.173
2013-08-31T00:00:00.000000000+0000,98.173,98.173,98.173,98.173
2013-09-01T00:00:00.000000000+0000,98.422,98.435,98.265,98.384
2013-09-02T00:00:00.000000000+0000,98.387,99.673,98.353,99.573
2013-09-03T00:00:00.000000000+0000,99.569,99.861,99.167,99.555
2013-09-04T00:00:00.000000000+0000,99.555,99.823,99.324,99.731
2013-09-05T00:00:00.000000000+0000,99.732,100.224,99.565,100.117
2013-09-06T00:00:00.000000000+0000,100.116,100.126,98.54,99.08
2013-09-07T00:00:00.000000000+0000,99.08,99.08,99.08,99.08
2013-09-08T00:00:00.000000000+0000,99.702,100.102,99.573,100.007
2013-09-09T00:00:00.000000000+0000,100.007,100.056,99.335,99.72
2013-09-10T00:00:00.000000000+0000,99.718,100.456,99.473,100.297
2013-09-11T00:00:00.000000000+0000,100.297,100.606,99.71,99.794
2013-09-12T00:00:00.000000000+0000,99.795,99.898,99.012,99.572
2013-09-13T00:00:00.000000000+0000,99.571,99.975,99.193,99.358
2013-09-14T00:00:00.000000000+0000,99.358,99.358,99.358,99.358
2013-09-15T00:00:00.000000000+0000,98.649,99.082,98.453,99.003
2013-09-16T00:00:00.000000000+0000,99.003,99.183,98.644,99.095
2013-09-17T00:00:00.000000000+0000,99.095,99.382,99.038,99.15
2013-09-18T00:00:00.000000000+0000,99.151,99.334,97.759,98.182
2013-09-19T00:00:00.000000000+0000,98.183,99.611,97.984,99.398
2013-09-20T00:00:00.000000000+0000,99.397,99.667,99.17,99.31
2013-09-21T00:00:00.000000000+0000,99.31,99.31,99.31,99.31
2013-09-22T00:00:00.000000000+0000,99.248,99.357,99.2,99.293
2013-09-23T00:00:00.000000000+0000,99.294,99.295,98.648,98.737
2013-09-24T00:00:00.000000000+0000,98.737,99.174,98.475,98.725
2013-09-25T00:00:00.000000000+0000,98.725,98.815,98.384,98.431
2013-09-26T00:00:00.000000000+0000,98.429,99.133,98.268,98.916
2013-09-27T00:00:00.000000000+0000,98.916,98.981,98.096,98.203
2013-09-28T00:00:00.000000000+0000,98.203,98.203,98.203,98.203
2013-09-29T00:00:00.000000000+0000,97.674,97.926,97.662,97.808
2013-09-30T00:00:00.000000000+0000,97.809,98.489,97.497,98.377
2013-10-01T00:00:00.000000000+0000,98.377,98.724,97.657,97.94
2013-10-02T00:00:00.000000000+0000,97.939,98.084,97.142,97.356
2013-10-03T00:00:00.000000000+0000,97.352,97.871,96.929,97.254
2013-10-04T00:00:00.000000000+0000,97.254,97.481,96.952,97.462
2013-10-05T00:00:00.000000000+0000,97.462,97.462,97.462,97.462
2013-10-06T00:00:00.000000000+0000,97.215,97.331,97.14,97.278
2013-10-07T00:00:00.000000000+0000,97.278,97.278,96.567,96.695
2013-10-08T00:00:00.000000000+0000,96.696,97.25,96.664,96.917
2013-10-09T00:00:00.000000000+0000,96.919,97.642,96.918,97.501
2013-10-10T00:00:00.000000000+0000,97.502,98.328,97.47,98.234
2013-10-11T00:00:00.000000000+0000,98.235,98.592,98.19,98.54
2013-10-12T00:00:00.000000000+0000,98.54,98.54,98.54,98.54
2013-10-13T00:00:00.000000000+0000,98.24,98.349,98.123,98.322
2013-10-14T00:00:00.000000000+0000,98.322,98.704,98.093,98.631
2013-10-15T00:00:00.000000000+0000,98.627,98.701,97.989,98.575
2013-10-16T00:00:00.000000000+0000,98.575,98.978,98.245,98.958
2013-10-17T00:00:00.000000000+0000,98.959,99.004,97.738,98.002
2013-10-18T00:00:00.000000000+0000,98.002,98.155,97.557,97.733
2013-10-19T00:00:00.000000000+0000,97.733,97.733,97.733,97.733
2013-10-20T00:00:00.000000000+0000,97.824,97.959,97.773,97.956
2013-10-21T00:00:00.000000000+0000,97.955,98.241,97.908,98.2
2013-10-22T00:00:00.000000000+0000,98.201,98.482,97.869,98.138
2013-10-23T00:00:00.000000000+0000,98.138,98.191,97.158,97.429
2013-10-24T00:00:00.000000000+0000,97.43,97.615,97.171,97.393
2013-10-25T00:00:00.000000000+0000,97.391,97.489,96.942,97.397
2013-10-26T00:00:00.000000000+0000,97.397,97.397,97.397,97.397
2013-10-27T00:00:00.000000000+0000,97.729,97.756,97.461,97.597
2013-10-28T00:00:00.000000000+0000,97.597,97.788,97.448,97.625
2013-10-29T00:00:00.000000000+0000,97.626,98.278,97.46,98.194
2013-10-30T00:00:00.000000000+0000,98.193,98.675,98.049,98.469
2013-10-31T00:00:00.000000000+0000,98.47,98.507,98.084,98.331
2013-11-01T00:00:00.000000000+0000,98.333,98.85,97.808,98.661
2013-11-02T00:00:00.000000000+0000,98.661,98.661,98.661,98.661
2013-11-03T00:00:00.000000000+0000,98.822,98.822,98.652,98.707
2013-11-04T00:00:00.000000000+0000,98.71,98.843,98.534,98.636
2013-11-05T00:00:00.000000000+0000,98.636,98.643,98.165,98.474
2013-11-06T00:00:00.000000000+0000,98.474,98.755,98.407,98.656
2013-11-07T00:00:00.000000000+0000,98.656,99.409,97.608,98.165
2013-11-08T00:00:00.000000000+0000,98.166,99.221,97.976,99.056
2013-11-09T00:00:00.000000000+0000,99.056,99.056,99.056,99.056
2013-11-10T00:00:00.000000000+0000,99.203,99.23,99.121,99.205
2013-11-11T00:00:00.000000000+0000,99.205,99.298,98.923,99.158
2013-11-12T00:00:00.000000000+0000,99.158,99.796,99.149,99.568
2013-11-13T00:00:00.000000000+0000,99.568,99.658,99.1,99.239
2013-11-14T00:00:00.000000000+0000,99.237,100.256,99.136,100.22
2013-11-15T00:00:00.000000000+0000,100.218,100.43,99.937,100.158
2013-11-16T00:00:00.000000000+0000,100.158,100.158,100.158,100.158
2013-11-17T00:00:00.000000000+0000,100.266,100.386,100.204,100.353
2013-11-18T00:00:00.000000000+0000,100.352,100.352,99.79,99.865
2013-11-19T00:00:00.000000000+0000,99.866,100.254,99.569,100.17
2013-11-20T00:00:00.000000000+0000,100.17,100.255,99.785,100.248
2013-11-21T00:00:00.000000000+0000,100.246,101.351,100.171,101.291
2013-11-22T00:00:00.000000000+0000,101.291,101.352,100.954,101.262
2013-11-23T00:00:00.000000000+0000,101.262,101.262,101.262,101.262
2013-11-24T00:00:00.000000000+0000,101.297,101.325,101.21,101.264
2013-11-25T00:00:00.000000000+0000,101.262,101.917,101.139,101.383
2013-11-26T00:00:00.000000000+0000,101.384,101.651,101.146,101.247
2013-11-27T00:00:00.000000000+0000,101.247,102.274,101.242,102.2
2013-11-28T00:00:00.000000000+0000,102.2,102.371,101.935,102.297
2013-11-29T00:00:00.000000000+0000,102.296,102.609,102.116,102.389
2013-11-30T00:00:00.000000000+0000,102.389,102.389,102.389,102.389
2013-12-01T00:00:00.000000000+0000,102.496,102.593,102.437,102.492
2013-12-02T00:00:00.000000000+0000,102.493,103.127,102.224,102.934
2013-12-03T00:00:00.000000000+0000,102.935,103.377,101.979,102.32
2013-12-04T00:00:00.000000000+0000,102.321,102.838,101.82,102.382
2013-12-05T00:00:00.000000000+0000,102.384,102.44,101.62,101.728
2013-12-06T00:00:00.000000000+0000,101.728,102.96,101.703,102.892
2013-12-07T00:00:00.000000000+0000,102.892,102.892,102.892,102.892
2013-12-08T00:00:00.000000000+0000,103.014,103.219,102.93,103.132
2013-12-09T00:00:00.000000000+0000,103.132,103.344,102.889,103.262
2013-12-10T00:00:00.000000000+0000,103.262,103.39,102.575,102.797
2013-12-11T00:00:00.000000000+0000,102.797,102.938,102.153,102.533
2013-12-12T00:00:00.000000000+0000,102.531,103.656,102.462,103.579
2013-12-13T00:00:00.000000000+0000,103.579,103.919,102.991,103.166
2013-12-14T00:00:00.000000000+0000,103.166,103.166,103.166,103.166
2013-12-15T00:00:00.000000000+0000,103.277,103.29,103.106,103.266
2013-12-16T00:00:00.000000000+0000,103.267,103.267,102.642,103.035
2013-12-17T00:00:00.000000000+0000,103.035,103.106,102.498,102.635
2013-12-18T00:00:00.000000000+0000,102.639,104.363,102.639,104.209
2013-12-19T00:00:00.000000000+0000,104.212,104.346,103.78,104.29
2013-12-20T00:00:00.000000000+0000,104.291,104.634,103.858,104.028
2013-12-21T00:00:00.000000000+0000,104.028,104.028,104.028,104.028
2013-12-22T00:00:00.000000000+0000,103.99,104.063,103.978,104.033
2013-12-23T00:00:00.000000000+0000,104.034,104.23,103.77,104.179
2013-12-24T00:00:00.000000000+0000,104.176,104.411,104.142,104.27
2013-12-25T00:00:00.000000000+0000,104.27,104.573,104.264,104.512
2013-12-26T00:00:00.000000000+0000,104.512,104.927,104.506,104.907
2013-12-27T00:00:00.000000000+0000,104.911,105.181,104.644,105.139
2013-12-28T00:00:00.000000000+0000,105.139,105.139,105.139,105.139
2013-12-29T00:00:00.000000000+0000,105.201,105.361,105.164,105.301
2013-12-30T00:00:00.000000000+0000,105.302,105.412,104.854,104.908
2013-12-31T00:00:00.000000000+0000,104.906,105.348,104.862,105.259
2014-01-01T00:00:00.000000000+0000,105.229,105.4,105.229,105.331
2014-01-02T00:00:00.000000000+0000,105.331,105.441,104.545,104.841
2014-01-03T00:00:00.000000000+0000,104.841,104.88,104.074,104.846
2014-01-04T00:00:00.000000000+0000,104.846,104.846,104.846,104.846
2014-01-05T00:00:00.000000000+0000,104.828,104.93,104.806,104.911
2014-01-06T00:00:00.000000000+0000,104.911,104.949,103.907,104.223
2014-01-07T00:00:00.000000000+0000,104.223,104.732,104.177,104.715
2014-01-08T00:00:00.000000000+0000,104.713,105.125,104.66,104.839
2014-01-09T00:00:00.000000000+0000,104.84,105.057,104.577,104.832
2014-01-10T00:00:00.000000000+0000,104.832,105.335,103.827,104.162
2014-01-11T00:00:00.000000000+0000,104.162,104.162,104.162,104.162
2014-01-12T00:00:00.000000000+0000,103.982,104.129,103.939,103.939
2014-01-13T00:00:00.000000000+0000,103.942,104.029,102.853,103.111
2014-01-14T00:00:00.000000000+0000,103.111,104.289,103.018,104.189
2014-01-15T00:00:00.000000000+0000,104.189,104.695,104.09,104.593
2014-01-16T00:00:00.000000000+0000,104.59,104.92,104.146,104.295
2014-01-17T00:00:00.000000000+0000,104.294,104.474,104.196,104.254
2014-01-18T00:00:00.000000000+0000,104.254,104.254,104.254,104.254
2014-01-19T00:00:00.000000000+0000,104.214,104.321,104.204,104.243
2014-01-20T00:00:00.000000000+0000,104.246,104.268,103.861,104.246
2014-01-21T00:00:00.000000000+0000,104.248,104.747,104.025,104.222
2014-01-22T00:00:00.000000000+0000,104.222,104.691,103.969,104.65
2014-01-23T00:00:00.000000000+0000,104.65,104.841,102.973,103.387
2014-01-24T00:00:00.000000000+0000,103.384,103.583,102.001,102.33
2014-01-25T00:00:00.000000000+0000,102.33,102.33,102.33,102.33
2014-01-26T00:00:00.000000000+0000,102.232,102.233,101.767,102.103
2014-01-27T00:00:00.000000000+0000,102.101,102.929,102.056,102.668
2014-01-28T00:00:00.000000000+0000,102.666,103.442,102.524,103.24
2014-01-29T00:00:00.000000000+0000,103.242,103.364,101.843,102.281
2014-01-30T00:00:00.000000000+0000,102.281,102.891,102.087,102.732
2014-01-31T00:00:00.000000000+0000,102.733,102.932,101.94,101.94
2014-02-01T00:00:00.000000000+0000,101.94,101.94,101.94,101.94
2014-02-02T00:00:00.000000000+0000,101.998,102.238,101.96,102.238
2014-02-03T00:00:00.000000000+0000,102.239,102.409,100.775,101.181
2014-02-04T00:00:00.000000000+0000,101.181,101.765,100.753,101.694
2014-02-05T00:00:00.000000000+0000,101.693,101.693,100.801,101.468
2014-02-06T00:00:00.000000000+0000,101.468,102.173,101.242,102.04
2014-02-07T00:00:00.000000000+0000,102.04,102.579,101.443,102.292
2014-02-08T00:00:00.000000000+0000,102.292,102.292,102.292,102.292
2014-02-09T00:00:00.000000000+0000,102.531,102.642,102.439,102.504
2014-02-10T00:00:00.000000000+0000,102.505,102.529,101.991,102.137
2014-02-11T00:00:00.000000000+0000,102.137,102.7,102.076,102.529
2014-02-12T00:00:00.000000000+0000,102.527,102.649,102.222,102.468
2014-02-13T00:00:00.000000000+0000,102.468,102.533,101.698,102.173
2014-02-14T00:00:00.000000000+0000,102.176,102.408,101.568,101.785
2014-02-15T00:00:00.000000000+0000,101.785,101.785,101.785,101.785
2014-02-16T00:00:00.000000000+0000,101.633,101.819,101.535,101.538
2014-02-17T00:00:00.000000000+0000,101.535,102.132,101.383,102.076
2014-02-18T00:00:00.000000000+0000,102.077,102.741,101.756,102.312
2014-02-19T00:00:00.000000000+0000,102.312,102.468,101.846,102.309
2014-02-20T00:00:00.000000000+0000,102.309,102.418,101.669,102.321
2014-02-21T00:00:00.000000000+0000,102.321,102.827,102.318,102.463
2014-02-22T00:00:00.000000000+0000,102.463,102.463,102.463,102.463
2014-02-23T00:00:00.000000000+0000,102.471,102.586,102.46,102.535
2014-02-24T00:00:00.000000000+0000,102.533,102.68,102.165,102.507
2014-02-25T00:00:00.000000000+0000,102.508,102.625,102.006,102.155
2014-02-26T00:00:00.000000000+0000,102.153,102.611,102.102,102.302
2014-02-27T00:00:00.000000000+0000,102.305,102.443,101.718,102.115
2014-02-28T00:00:00.000000000+0000,102.115,102.293,101.552,101.733
2014-03-01T00:00:00.000000000+0000,101.733,101.733,101.733,101.733
2014-03-02T00:00:00.000000000+0000,101.482,101.682,101.255,101.34
2014-03-03T00:00:00.000000000+0000,101.34,101.571,101.2,101.415
2014-03-04T00:00:00.000000000+0000,101.415,102.284,101.415,102.214
2014-03-05T00:00:00.000000000+0000,102.211,102.548,102.115,102.36
2014-03-06T00:00:00.000000000+0000,102.361,103.167,102.327,103.059
2014-03-07T00:00:00.000000000+0000,103.058,103.762,102.839,103.243
2014-03-08T00:00:00.000000000+0000,103.243,103.243,103.243,103.243
2014-03-09T00:00:00.000000000+0000,103.031,103.26,103.019,103.178
2014-03-10T00:00:00.000000000+0000,103.178,103.405,102.934,103.257
2014-03-11T00:00:00.000000000+0000,103.257,103.427,102.78,102.853
2014-03-12T00:00:00.000000000+0000,102.853,103.1,102.549,102.822
2014-03-13T00:00:00.000000000+0000,102.821,102.863,101.541,101.779
2014-03-14T00:00:00.000000000+0000,101.777,101.854,101.208,101.337
2014-03-15T00:00:00.000000000+0000,101.337,101.337,101.337,101.337
2014-03-16T00:00:00.000000000+0000,101.267,101.44,101.264,101.361
2014-03-17T00:00:00.000000000+0000,101.36,101.915,101.343,101.9
2014-03-18T00:00:00.000000000+0000,101.9,101.94,101.277,101.474
2014-03-19T00:00:00.000000000+0000,101.474,102.682,101.299,102.435
2014-03-20T00:00:00.000000000+0000,102.435,102.548,102.212,102.403
2014-03-21T00:00:00.000000000+0000,102.402,102.405,102.016,102.221
2014-03-22T00:00:00.000000000+0000,102.221,102.221,102.221,102.221
2014-03-23T00:00:00.000000000+0000,102.14,102.285,102.101,102.268
2014-03-24T00:00:00.000000000+0000,102.268,102.647,102.13,102.242
2014-03-25T00:00:00.000000000+0000,102.242,102.487,102.096,102.298
2014-03-26T00:00:00.000000000+0000,102.297,102.467,101.858,101.917
2014-03-27T00:00:00.000000000+0000,101.917,102.433,101.719,102.162
2014-03-28T00:00:00.000000000+0000,102.163,102.979,102.035,102.819
2014-03-29T00:00:00.000000000+0000,102.819,102.819,102.819,102.819
2014-03-30T00:00:00.000000000+0000,102.928,102.952,102.851,102.898
2014-03-31T00:00:00.000000000+0000,102.898,103.437,102.794,103.216
2014-04-01T00:00:00.000000000+0000,103.216,103.71,103.088,103.644
2014-04-02T00:00:00.000000000+0000,103.643,103.935,103.586,103.871
2014-04-03T00:00:00.000000000+0000,103.87,104.113,103.813,103.898
2014-04-04T00:00:00.000000000+0000,103.897,104.127,103.198,103.23
2014-04-05T00:00:00.000000000+0000,103.23,103.23,103.23,103.23
2014-04-06T00:00:00.000000000+0000,103.273,103.39,103.268,103.321
2014-04-07T00:00:00.000000000+0000,103.32,103.335,102.995,103.07
2014-04-08T00:00:00.000000000+0000,103.07,103.072,101.55,101.955
2014-04-09T00:00:00.000000000+0000,101.953,102.159,101.721,102.125
2014-04-10T00:00:00.000000000+0000,102.128,102.135,101.329,101.393
2014-04-11T00:00:00.000000000+0000,101.392,101.87,101.323,101.614
2014-04-12T00:00:00.000000000+0000,101.614,101.614,101.614,101.614
2014-04-13T00:00:00.000000000+0000,101.62,101.634,101.423,101.449
2014-04-14T00:00:00.000000000+0000,101.446,102.01,101.417,101.915
2014-04-15T00:00:00.000000000+0000,101.914,101.993,101.502,101.879
2014-04-16T00:00:00.000000000+0000,101.879,102.365,101.871,102.212
2014-04-17T00:00:00.000000000+0000,102.212,102.466,101.865,102.455
2014-04-18T00:00:00.000000000+0000,102.455,102.571,102.362,102.372
2014-04-19T00:00:00.000000000+0000,102.372,102.372,102.372,102.372
2014-04-20T00:00:00.000000000+0000,102.431,102.626,102.393,102.559
2014-04-21T00:00:00.000000000+0000,102.558,102.708,102.501,102.683
2014-04-22T00:00:00.000000000+0000,102.683,102.723,102.413,102.629
2014-04-23T00:00:00.000000000+0000,102.629,102.692,102.167,102.495
2014-04-24T00:00:00.000000000+0000,102.493,102.645,102.088,102.308
2014-04-25T00:00:00.000000000+0000,102.308,102.497,101.962,102.162
2014-04-26T00:00:00.000000000+0000,102.162,102.162,102.162,102.162
2014-04-27T00:00:00.000000000+0000,102.18,102.196,102.103,102.104
2014-04-28T00:00:00.000000000+0000,102.101,102.624,102.045,102.524
2014-04-29T00:00:00.000000000+0000,102.524,102.781,102.476,102.566
2014-04-30T00:00:00.000000000+0000,102.565,102.651,102.031,102.229
2014-05-01T00:00:00.000000000+0000,102.229,102.364,102.132,102.279
2014-05-02T00:00:00.000000000+0000,102.278,103.02,102.129,102.174
2014-05-03T00:00:00.000000000+0000,102.174,102.174,102.174,102.174
2014-05-04T00:00:00.000000000+0000,102.139,102.258,102.139,102.21
2014-05-05T00:00:00.000000000+0000,102.209,102.223,101.864,102.14
2014-05-06T00:00:00.000000000+0000,102.141,102.154,101.497,101.726
2014-05-07T00:00:00.000000000+0000,101.725,102.006,101.431,101.872
2014-05-08T00:00:00.000000000+0000,101.871,101.955,101.46,101.591
2014-05-09T00:00:00.000000000+0000,101.591,101.852,101.547,101.844
2014-05-10T00:00:00.000000000+0000,101.844,101.844,101.844,101.844
2014-05-11T00:00:00.000000000+0000,101.849,101.923,101.786,101.884
2014-05-12T00:00:00.000000000+0000,101.883,102.225,101.85,102.188
2014-05-13T00:00:00.000000000+0000,102.189,102.363,102.061,102.235
2014-05-14T00:00:00.000000000+0000,102.234,102.235,101.72,101.781
2014-05-15T00:00:00.000000000+0000,101.78,102.116,101.313,101.487
2014-05-16T00:00:00.000000000+0000,101.487,101.671,101.362,101.453
2014-05-17T00:00:00.000000000+0000,101.453,101.453,101.453,101.453
2014-05-18T00:00:00.000000000+0000,101.53,101.565,101.476,101.542
2014-05-19T00:00:00.000000000+0000,101.542,101.598,101.102,101.47
2014-05-20T00:00:00.000000000+0000,101.469,101.599,101.189,101.27
2014-05-21T00:00:00.000000000+0000,101.269,101.62,100.821,101.434
2014-05-22T00:00:00.000000000+0000,101.435,101.815,101.358,101.778
2014-05-23T00:00:00.000000000+0000,101.78,102.004,101.593,101.904
2014-05-24T00:00:00.000000000+0000,101.904,101.904,101.904,101.904
2014-05-25T00:00:00.000000000+0000,101.916,101.998,101.911,101.977
2014-05-26T00:00:00.000000000+0000,101.977,102.051,101.841,101.912
2014-05-27T00:00:00.000000000+0000,101.912,102.14,101.726,101.985
2014-05-28T00:00:00.000000000+0000,101.985,102.03,101.638,101.721
2014-05-29T00:00:00.000000000+0000,101.721,101.791,101.429,101.729
2014-05-30T00:00:00.000000000+0000,101.728,101.845,101.488,101.756
2014-05-31T00:00:00.000000000+0000,101.756,101.756,101.756,101.756
2014-06-01T00:00:00.000000000+0000,101.854,101.89,101.755,101.887
2014-06-02T00:00:00.000000000+0000,101.887,102.482,101.865,102.443
2014-06-03T00:00:00.000000000+0000,102.442,102.589,102.271,102.564
2014-06-04T00:00:00.000000000+0000,102.564,102.796,102.439,102.675
2014-06-05T00:00:00.000000000+0000,102.676,102.733,102.338,102.425
2014-06-06T00:00:00.000000000+0000,102.425,102.611,102.114,102.459
2014-06-07T00:00:00.000000000+0000,102.459,102.459,102.459,102.459
2014-06-08T00:00:00.000000000+0000,102.492,102.649,102.485,102.63
2014-06-09T00:00:00.000000000+0000,102.631,102.644,102.375,102.486
2014-06-10T00:00:00.000000000+0000,102.486,102.504,102.215,102.31
2014-06-11T00:00:00.000000000+0000,102.312,102.392,101.863,102.0
2014-06-12T00:00:00.000000000+0000,102.0,102.142,101.606,101.716
2014-06-13T00:00:00.000000000+0000,101.716,102.138,101.716,102.015
2014-06-14T00:00:00.000000000+0000,102.015,102.015,102.015,102.015
2014-06-15T00:00:00.000000000+0000,102.07,102.075,101.944,101.974
2014-06-16T00:00:00.000000000+0000,101.974,101.978,101.721,101.883
2014-06-17T00:00:00.000000000+0000,101.884,102.241,101.868,102.178
2014-06-18T00:00:00.000000000+0000,102.177,102.352,101.881,101.911
2014-06-19T00:00:00.000000000+0000,101.911,102.001,101.74,101.917
2014-06-20T00:00:00.000000000+0000,101.917,102.196,101.815,102.061
2014-06-21T00:00:00.000000000+0000,102.061,102.061,102.061,102.061
2014-06-22T00:00:00.000000000+0000,102.081,102.11,102.06,102.089
2014-06-23T00:00:00.000000000+0000,102.088,102.136,101.817,101.883
2014-06-24T00:00:00.000000000+0000,101.884,102.167,101.819,101.921
2014-06-25T00:00:00.000000000+0000,101.921,101.953,101.625,101.822
2014-06-26T00:00:00.000000000+0000,101.824,101.833,101.488,101.644
2014-06-27T00:00:00.000000000+0000,101.644,101.648,101.314,101.376
2014-06-28T00:00:00.000000000+0000,101.376,101.376,101.376,101.376
2014-06-29T00:00:00.000000000+0000,101.383,101.472,101.382,101.434
2014-06-30T00:00:00.000000000+0000,101.434,101.465,101.237,101.309
2014-07-01T00:00:00.000000000+0000,101.308,101.592,101.294,101.553
2014-07-02T00:00:00.000000000+0000,101.553,101.845,101.41,101.833
2014-07-03T00:00:00.000000000+0000,101.832,102.266,101.782,102.205
2014-07-04T00:00:00.000000000+0000,102.204,102.215,101.972,102.004
2014-07-05T00:00:00.000000000+0000,102.004,102.004,102.004,102.004
2014-07-06T00:00:00.000000000+0000,102.053,102.138,102.043,102.118
2014-07-07T00:00:00.000000000+0000,102.119,102.201,101.786,101.819
2014-07-08T00:00:00.000000000+0000,101.818,101.86,101.463,101.467
2014-07-09T00:00:00.000000000+0000,101.468,101.857,101.446,101.529
2014-07-10T00:00:00.000000000+0000,101.529,101.569,101.067,101.302
2014-07-11T00:00:00.000000000+0000,101.301,101.386,101.216,101.251
2014-07-12T00:00:00.000000000+0000,101.251,101.251,101.251,101.251
2014-07-13T00:00:00.000000000+0000,101.311,101.408,101.311,101.365
2014-07-14T00:00:00.000000000+0000,101.364,101.623,101.337,101.534
2014-07-15T00:00:00.000000000+0000,101.533,101.748,101.434,101.667
2014-07-16T00:00:00.000000000+0000,101.667,101.792,101.617,101.643
2014-07-17T00:00:00.000000000+0000,101.643,101.661,101.087,101.227
2014-07-18T00:00:00.000000000+0000,101.226,101.448,101.178,101.325
2014-07-19T00:00:00.000000000+0000,101.325,101.325,101.325,101.325
2014-07-20T00:00:00.000000000+0000,101.325,101.375,101.325,101.355
2014-07-21T00:00:00.000000000+0000,101.356,101.434,101.197,101.43
2014-07-22T00:00:00.000000000+0000,101.43,101.603,101.333,101.486
2014-07-23T00:00:00.000000000+0000,101.483,101.554,101.317,101.522
2014-07-24T00:00:00.000000000+0000,101.522,101.858,101.416,101.767
2014-07-25T00:00:00.000000000+0000,101.766,101.938,101.715,101.81
2014-07-26T00:00:00.000000000+0000,101.81,101.81,101.81,101.81
2014-07-27T00:00:00.000000000+0000,101.769,101.819,101.753,101.753
2014-07-28T00:00:00.000000000+0000,101.753,101.906,101.749,101.829
2014-07-29T00:00:00.000000000+0000,101.83,102.157,101.818,102.074
2014-07-30T00:00:00.000000000+0000,102.074,103.084,102.037,102.848
2014-07-31T00:00:00.000000000+0000,102.847,103.006,102.724,102.774
2014-08-01T00:00:00.000000000+0000,102.773,103.033,102.337,102.588
2014-08-02T00:00:00.000000000+0000,102.588,102.588,102.588,102.588
2014-08-03T00:00:00.000000000+0000,102.546,102.619,102.513,102.571
2014-08-04T00:00:00.000000000+0000,102.57,102.728,102.406,102.547
2014-08-05T00:00:00.000000000+0000,102.546,102.925,102.462,102.594
2014-08-06T00:00:00.000000000+0000,102.596,102.623,101.779,102.144
2014-08-07T00:00:00.000000000+0000,102.143,102.459,101.998,102.132
2014-08-08T00:00:00.000000000+0000,102.133,102.136,101.51,102.015
2014-08-09T00:00:00.000000000+0000,102.015,102.015,102.015,102.015
2014-08-10T00:00:00.000000000+0000,102.181,102.182,102.083,102.156
2014-08-11T00:00:00.000000000+0000,102.155,102.262,102.024,102.222
2014-08-12T00:00:00.000000000+0000,102.222,102.362,102.091,102.285
2014-08-13T00:00:00.000000000+0000,102.283,102.543,102.221,102.418
2014-08-14T00:00:00.000000000+0000,102.417,102.655,102.31,102.511
2014-08-15T00:00:00.000000000+0000,102.511,102.716,102.138,102.337
2014-08-16T00:00:00.000000000+0000,102.337,102.337,102.337,102.337
2014-08-17T00:00:00.000000000+0000,102.325,102.427,102.308,102.416
2014-08-18T00:00:00.000000000+0000,102.415,102.636,102.247,102.627
2014-08-19T00:00:00.000000000+0000,102.628,102.965,102.52,102.943
2014-08-20T00:00:00.000000000+0000,102.946,103.847,102.904,103.707
2014-08-21T00:00:00.000000000+0000,103.706,103.959,103.599,103.854
2014-08-22T00:00:00.000000000+0000,103.854,104.193,103.501,103.85
2014-08-23T00:00:00.000000000+0000,103.85,103.85,103.85,103.85
2014-08-24T00:00:00.000000000+0000,104.264,104.272,104.152,104.206
2014-08-25T00:00:00.000000000+0000,104.202,104.261,103.863,104.071
2014-08-26T00:00:00.000000000+0000,104.071,104.172,103.749,104.094
2014-08-27T00:00:00.000000000+0000,104.094,104.161,103.779,103.876
2014-08-28T00:00:00.000000000+0000,103.875,103.885,103.555,103.718
2014-08-29T00:00:00.000000000+0000,103.718,104.107,103.683,104.076
2014-08-30T00:00:00.000000000+0000,104.076,104.076,104.076,104.076
2014-08-31T00:00:00.000000000+0000,104.165,104.211,104.122,104.166
2014-09-01T00:00:00.000000000+0000,104.166,104.369,104.101,104.354
2014-09-02T00:00:00.000000000+0000,104.353,105.271,104.332,105.242
2014-09-03T00:00:00.000000000+0000,105.242,105.309,104.741,104.891
2014-09-04T00:00:00.000000000+0000,104.893,105.705,104.758,105.588
2014-09-05T00:00:00.000000000+0000,105.588,105.588,104.681,105.084
2014-09-06T00:00:00.000000000+0000,105.084,105.084,105.084,105.084
2014-09-07T00:00:00.000000000+0000,104.981,105.228,104.981,105.183
2014-09-08T00:00:00.000000000+0000,105.182,106.169,104.991,106.127
2014-09-09T00:00:00.000000000+0000,106.126,106.473,105.954,106.122
2014-09-10T00:00:00.000000000+0000,106.122,106.885,106.041,106.838
2014-09-11T00:00:00.000000000+0000,106.838,107.197,106.64,107.121
2014-09-12T00:00:00.000000000+0000,107.12,107.394,107.052,107.334
2014-09-13T00:00:00.000000000+0000,107.334,107.334,107.334,107.334
2014-09-14T00:00:00.000000000+0000,107.2,107.351,107.191,107.329
2014-09-15T00:00:00.000000000+0000,107.329,107.364,107.01,107.146
2014-09-16T00:00:00.000000000+0000,107.144,107.331,106.81,107.148
2014-09-17T00:00:00.000000000+0000,107.149,108.682,107.135,108.548
2014-09-18T00:00:00.000000000+0000,108.546,108.96,108.373,108.806
2014-09-19T00:00:00.000000000+0000,108.806,109.459,108.591,109.01
2014-09-20T00:00:00.000000000+0000,109.01,109.01,109.01,109.01
2014-09-21T00:00:00.000000000+0000,109.026,109.181,108.911,108.949
2014-09-22T00:00:00.000000000+0000,108.948,109.194,108.664,108.743
2014-09-23T00:00:00.000000000+0000,108.744,108.992,108.251,108.555
2014-09-24T00:00:00.000000000+0000,108.552,109.34,108.492,109.326
2014-09-25T00:00:00.000000000+0000,109.325,109.371,108.479,108.627
2014-09-26T00:00:00.000000000+0000,108.628,109.533,108.477,109.161
2014-09-27T00:00:00.000000000+0000,109.161,109.161,109.161,109.161
2014-09-28T00:00:00.000000000+0000,109.288,109.513,109.264,109.399
2014-09-29T00:00:00.000000000+0000,109.4,109.745,109.129,109.403
2014-09-30T00:00:00.000000000+0000,109.404,109.846,109.185,109.661
2014-10-01T00:00:00.000000000+0000,109.662,110.087,108.866,109.009
2014-10-02T00:00:00.000000000+0000,109.008,109.077,108.008,108.514
2014-10-03T00:00:00.000000000+0000,108.514,109.902,108.511,109.746
2014-10-04T00:00:00.000000000+0000,109.746,109.746,109.746,109.746
2014-10-05T00:00:00.000000000+0000,109.707,109.849,109.699,109.809
2014-10-06T00:00:00.000000000+0000,109.809,109.809,108.65,108.874
2014-10-07T00:00:00.000000000+0000,108.874,109.232,107.754,108.069
2014-10-08T00:00:00.000000000+0000,108.067,108.741,107.829,108.153
2014-10-09T00:00:00.000000000+0000,108.152,108.316,107.528,107.83
2014-10-10T00:00:00.000000000+0000,107.83,108.154,107.621,107.645
2014-10-11T00:00:00.000000000+0000,107.645,107.645,107.645,107.645
2014-10-12T00:00:00.000000000+0000,107.548,107.604,107.257,107.34
2014-10-13T00:00:00.000000000+0000,107.34,107.573,106.756,107.059
2014-10-14T00:00:00.000000000+0000,107.059,107.406,106.672,107.319
2014-10-15T00:00:00.000000000+0000,107.318,107.494,105.195,106.006
2014-10-16T00:00:00.000000000+0000,106.006,106.494,105.505,106.438
2014-10-17T00:00:00.000000000+0000,106.439,106.941,106.134,106.867
2014-10-18T00:00:00.000000000+0000,106.867,106.867,106.867,106.867
2014-10-19T00:00:00.000000000+0000,107.203,107.237,106.998,107.162
2014-10-20T00:00:00.000000000+0000,107.161,107.392,106.781,106.898
2014-10-21T00:00:00.000000000+0000,106.898,107.111,106.251,107.012
2014-10-22T00:00:00.000000000+0000,107.012,107.373,106.79,107.152
2014-10-23T00:00:00.000000000+0000,107.153,108.352,107.105,108.164
2014-10-24T00:00:00.000000000+0000,108.164,108.275,107.783,108.156
2014-10-25T00:00:00.000000000+0000,108.156,108.156,108.156,108.156
2014-10-26T00:00:00.000000000+0000,108.339,108.339,108.138,108.181
2014-10-27T00:00:00.000000000+0000,108.183,108.183,107.606,107.842
2014-10-28T00:00:00.000000000+0000,107.843,108.187,107.693,108.126
2014-10-29T00:00:00.000000000+0000,108.125,108.963,107.941,108.837
2014-10-30T00:00:00.000000000+0000,108.837,109.465,108.795,109.228
2014-10-31T00:00:00.000000000+0000,109.227,112.474,109.196,112.299
2014-11-01T00:00:00.000000000+0000,112.299,112.299,112.299,112.299
2014-11-02T00:00:00.000000000+0000,112.699,112.984,112.69,112.834
2014-11-03T00:00:00.000000000+0000,112.832,114.215,112.57,113.706
2014-11-04T00:00:00.000000000+0000,113.708,113.784,113.165,113.519
2014-11-05T00:00:00.000000000+0000,113.519,114.839,113.471,114.658
2014-11-06T00:00:00.000000000+0000,114.658,115.515,114.059,115.182
2014-11-07T00:00:00.000000000+0000,115.182,115.572,114.252,114.571
2014-11-08T00:00:00.000000000+0000,114.571,114.571,114.571,114.571
2014-11-09T00:00:00.000000000+0000,114.502,114.564,114.37,114.527
2014-11-10T00:00:00.000000000+0000,114.528,114.907,113.857,114.802
2014-11-11T00:00:00.000000000+0000,114.802,116.102,114.634,115.742
2014-11-12T00:00:00.000000000+0000,115.74,115.878,114.885,115.593
2014-11-13T00:00:00.000000000+0000,115.594,115.882,115.309,115.799
2014-11-14T00:00:00.000000000+0000,115.798,116.825,115.723,116.231
2014-11-15T00:00:00.000000000+0000,116.231,116.231,116.231,116.231
2014-11-16T00:00:00.000000000+0000,116.451,117.052,116.349,116.873
2014-11-17T00:00:00.000000000+0000,116.875,116.878,115.453,116.634
2014-11-18T00:00:00.000000000+0000,116.634,117.046,116.334,116.877
2014-11-19T00:00:00.000000000+0000,116.879,118.271,116.812,118.129
2014-11-20T00:00:00.000000000+0000,118.127,118.978,117.742,118.247
2014-11-21T00:00:00.000000000+0000,118.247,118.267,117.355,117.766
2014-11-22T00:00:00.000000000+0000,117.766,117.766,117.766,117.766
2014-11-23T00:00:00.000000000+0000,117.866,117.94,117.733,117.785
2014-11-24T00:00:00.000000000+0000,117.787,118.572,117.581,118.458
2014-11-25T00:00:00.000000000+0000,118.457,118.457,117.69,117.804
2014-11-26T00:00:00.000000000+0000,117.806,117.901,117.438,117.621
2014-11-27T00:00:00.000000000+0000,117.624,117.987,117.237,117.875
2014-11-28T00:00:00.000000000+0000,117.876,118.772,117.857,118.576
2014-11-29T00:00:00.000000000+0000,118.576,118.576,118.576,118.576
2014-11-30T00:00:00.000000000+0000,118.738,118.925,118.715,118.858
2014-12-01T00:00:00.000000000+0000,118.85,119.144,117.86,118.318
2014-12-02T00:00:00.000000000+0000,118.319,119.285,118.222,119.19
2014-12-03T00:00:00.000000000+0000,119.19,119.881,119.128,119.863
2014-12-04T00:00:00.000000000+0000,119.861,120.251,119.338,119.802
2014-12-05T00:00:00.000000000+0000,119.802,121.688,119.705,121.425
2014-12-06T00:00:00.000000000+0000,121.425,121.425,121.425,121.425
2014-12-07T00:00:00.000000000+0000,121.59,121.843,121.531,121.606
2014-12-08T00:00:00.000000000+0000,121.608,121.696,120.203,120.645
2014-12-09T00:00:00.000000000+0000,120.643,121.002,117.943,119.352
2014-12-10T00:00:00.000000000+0000,119.351,119.915,117.595,117.602
2014-12-11T00:00:00.000000000+0000,117.602,119.555,117.439,118.997
2014-12-12T00:00:00.000000000+0000,118.997,119.206,118.05,118.716
2014-12-13T00:00:00.000000000+0000,118.716,118.716,118.716,118.716
2014-12-14T00:00:00.000000000+0000,118.66,118.684,117.775,118.164
2014-12-15T00:00:00.000000000+0000,118.165,119.058,117.562,117.763
2014-12-16T00:00:00.000000000+0000,117.764,117.963,115.567,116.619
2014-12-17T00:00:00.000000000+0000,116.619,119.004,116.442,118.767
2014-12-18T00:00:00.000000000+0000,118.768,119.31,118.259,118.946
2014-12-19T00:00:00.000000000+0000,118.943,119.621,118.818,119.554
2014-12-20T00:00:00.000000000+0000,119.554,119.554,119.554,119.554
2014-12-21T00:00:00.000000000+0000,119.522,119.574,119.436,119.524
2014-12-22T00:00:00.000000000+0000,119.525,120.182,119.312,120.151
2014-12-23T00:00:00.000000000+0000,120.151,120.826,120.053,120.672
2014-12-24T00:00:00.000000000+0000,120.673,120.704,120.278,120.376
2014-12-25T00:00:00.000000000+0000,120.381,120.438,119.995,120.384
2014-12-26T00:00:00.000000000+0000,120.382,120.462,120.152,120.317
2014-12-27T00:00:00.000000000+0000,120.317,120.317,120.317,120.317
2014-12-28T00:00:00.000000000+0000,120.318,120.443,120.318,120.421
2014-12-29T00:00:00.000000000+0000,120.421,120.734,120.173,120.635
2014-12-30T00:00:00.000000000+0000,120.637,120.675,118.863,119.47
2014-12-31T00:00:00.000000000+0000,119.468,119.94,119.25,119.724
2015-01-01T00:00:00.000000000+0000,119.746,119.967,119.701,119.885
2015-01-02T00:00:00.000000000+0000,119.885,120.741,119.805,120.445
2015-01-03T00:00:00.000000000+0000,120.445,120.445,120.445,120.445
2015-01-04T00:00:00.000000000+0000,120.499,120.6,120.319,120.395
2015-01-05T00:00:00.000000000+0000,120.395,120.645,119.259,119.421
2015-01-06T00:00:00.000000000+0000,119.422,119.507,118.05,118.661
2015-01-07T00:00:00.000000000+0000,118.662,119.648,118.641,119.282
2015-01-08T00:00:00.000000000+0000,119.281,119.963,119.159,119.798
2015-01-09T00:00:00.000000000+0000,119.797,119.852,118.419,118.464
2015-01-10T00:00:00.000000000+0000,118.464,118.464,118.464,118.464
2015-01-11T00:00:00.000000000+0000,118.321,118.429,118.122,118.233
2015-01-12T00:00:00.000000000+0000,118.232,119.318,118.1,118.338
2015-01-13T00:00:00.000000000+0000,118.337,118.849,117.536,117.812
2015-01-14T00:00:00.000000000+0000,117.813,117.926,116.072,117.433
2015-01-15T00:00:00.000000000+0000,117.431,117.942,115.893,116.134
2015-01-16T00:00:00.000000000+0000,116.135,117.762,115.853,117.58
2015-01-17T00:00:00.000000000+0000,117.58,117.58,117.58,117.58
2015-01-18T00:00:00.000000000+0000,117.455,117.616,117.357,117.591
2015-01-19T00:00:00.000000000+0000,117.593,117.823,116.921,117.743
2015-01-20T00:00:00.000000000+0000,117.743,118.867,117.695,118.66
2015-01-21T00:00:00.000000000+0000,118.657,118.761,117.183,117.847
2015-01-22T00:00:00.000000000+0000,117.847,118.815,117.249,118.711
2015-01-23T00:00:00.000000000+0000,118.711,118.735,117.538,117.737
2015-01-24T00:00:00.000000000+0000,117.737,117.737,117.737,117.737
2015-01-25T00:00:00.000000000+0000,117.514,117.734,117.263,117.419
2015-01-26T00:00:00.000000000+0000,117.419,118.622,117.378,118.521
2015-01-27T00:00:00.000000000+0000,118.521,118.659,117.338,117.783
2015-01-28T00:00:00.000000000+0000,117.783,118.261,117.251,117.588
2015-01-29T00:00:00.000000000+0000,117.588,118.489,117.556,118.27
2015-01-30T00:00:00.000000000+0000,118.27,118.291,117.299,117.501
2015-01-31T00:00:00.000000000+0000,117.501,117.501,117.501,117.501
2015-02-01T00:00:00.000000000+0000,116.93,117.253,116.93,117.193
2015-02-02T00:00:00.000000000+0000,117.191,117.878,117.117,117.595
2015-02-03T00:00:00.000000000+0000,117.595,117.743,116.876,117.66
2015-02-04T00:00:00.000000000+0000,117.66,117.998,117.072,117.3
2015-02-05T00:00:00.000000000+0000,117.3,117.596,117.021,117.536
2015-02-06T00:00:00.000000000+0000,117.537,119.221,117.172,119.095
2015-02-07T00:00:00.000000000+0000,119.095,119.095,119.095,119.095
2015-02-08T00:00:00.000000000+0000,119.015,119.096,118.893,118.962
2015-02-09T00:00:00.000000000+0000,118.963,119.049,118.332,118.593
2015-02-10T00:00:00.000000000+0000,118.592,119.619,118.399,119.361
2015-02-11T00:00:00.000000000+0000,119.36,120.476,119.285,120.202
2015-02-12T00:00:00.000000000+0000,120.203,120.373,118.51,118.93
2015-02-13T00:00:00.000000000+0000,118.93,119.198,118.41,118.734
2015-02-14T00:00:00.000000000+0000,118.734,118.734,118.734,118.734
2015-02-15T00:00:00.000000000+0000,118.432,118.785,118.432,118.63
2015-02-16T00:00:00.000000000+0000,118.632,118.775,118.277,118.484
2015-02-17T00:00:00.000000000+0000,118.484,119.415,118.235,119.21
2015-02-18T00:00:00.000000000+0000,119.211,119.415,118.544,118.716
2015-02-19T00:00:00.000000000+0000,118.72,119.178,118.431,118.983
2015-02-20T00:00:00.000000000+0000,118.983,119.188,118.301,118.966
2015-02-21T00:00:00.000000000+0000,118.966,118.966,118.966,118.966
2015-02-22T00:00:00.000000000+0000,119.069,119.101,119.003,119.077
2015-02-23T00:00:00.000000000+0000,119.076,119.352,118.738,118.914
2015-02-24T00:00:00.000000000+0000,118.914,119.838,118.765,118.869
2015-02-25T00:00:00.000000000+0000,118.869,119.064,118.625,118.824
2015-02-26T00:00:00.000000000+0000,118.823,119.503,118.679,119.382
2015-02-27T00:00:00.000000000+0000,119.382,119.798,119.114,119.57
2015-02-28T00:00:00.000000000+0000,119.57,119.57,119.57,119.57
2015-03-01T00:00:00.000000000+0000,119.701,119.852,119.63,119.831
2015-03-02T00:00:00.000000000+0000,119.831,120.264,119.663,120.211
2015-03-03T00:00:00.000000000+0000,120.211,120.211,119.379,119.633
2015-03-04T00:00:00.000000000+0000,119.632,119.824,119.469,119.644
2015-03-05T00:00:00.000000000+0000,119.643,120.394,119.628,120.059
2015-03-06T00:00:00.000000000+0000,120.059,121.28,119.897,120.827
2015-03-07T00:00:00.000000000+0000,120.827,120.827,120.827,120.827
2015-03-08T00:00:00.000000000+0000,120.827,120.871,120.691,120.742
2015-03-09T00:00:00.000000000+0000,120.742,121.616,120.612,121.427
2015-03-10T00:00:00.000000000+0000,121.426,122.025,120.852,121.052
2015-03-11T00:00:00.000000000+0000,121.052,121.624,121.019,121.411
2015-03-12T00:00:00.000000000+0000,121.411,121.668,120.654,121.326
2015-03-13T00:00:00.000000000+0000,121.325,121.572,121.135,121.368
2015-03-14T00:00:00.000000000+0000,121.368,121.368,121.368,121.368
2015-03-15T00:00:00.000000000+0000,121.348,121.446,121.297,121.317
2015-03-16T00:00:00.000000000+0000,121.318,121.456,121.09,121.375
2015-03-17T00:00:00.000000000+0000,121.375,121.519,121.114,121.299
2015-03-18T00:00:00.000000000+0000,121.298,121.407,119.293,120.071
2015-03-19T00:00:00.000000000+0000,120.071,121.033,119.673,120.75
2015-03-20T00:00:00.000000000+0000,120.749,121.201,119.899,120.023
2015-03-21T00:00:00.000000000+0000,120.023,120.023,120.023,120.023
2015-03-22T00:00:00.000000000+0000,119.808,120.108,119.808,120.021
2015-03-23T00:00:00.000000000+0000,120.02,120.165,119.573,119.761
2015-03-24T00:00:00.000000000+0000,119.76,119.983,119.221,119.785
2015-03-25T00:00:00.000000000+0000,119.784,119.825,119.233,119.514
2015-03-26T00:00:00.000000000+0000,119.513,119.516,118.328,119.197
2015-03-27T00:00:00.000000000+0000,119.199,119.491,118.93,119.123
2015-03-28T00:00:00.000000000+0000,119.123,119.123,119.123,119.123
2015-03-29T00:00:00.000000000+0000,119.213,119.329,119.108,119.245
2015-03-30T00:00:00.000000000+0000,119.245,120.226,119.119,120.024
2015-03-31T00:00:00.000000000+0000,120.025,120.364,119.778,119.979
2015-04-01T00:00:00.000000000+0000,119.975,120.328,119.416,119.584
2015-04-02T00:00:00.000000000+0000,119.585,119.896,119.452,119.694
2015-04-03T00:00:00.000000000+0000,119.696,119.956,118.722,118.926
2015-04-04T00:00:00.000000000+0000,118.926,118.926,118.926,118.926
2015-04-05T00:00:00.000000000+0000,118.832,118.957,118.798,118.859
2015-04-06T00:00:00.000000000+0000,118.857,119.679,118.825,119.485
2015-04-07T00:00:00.000000000+0000,119.486,120.446,119.45,120.281
2015-04-08T00:00:00.000000000+0000,120.281,120.318,119.643,120.102
2015-04-09T00:00:00.000000000+0000,120.102,120.738,119.859,120.557
2015-04-10T00:00:00.000000000+0000,120.558,120.624,120.056,120.169
2015-04-11T00:00:00.000000000+0000,120.169,120.169,120.169,120.169
2015-04-12T00:00:00.000000000+0000,120.335,120.335,120.181,120.199
2015-04-13T00:00:00.000000000+0000,120.198,120.844,119.694,120.05
2015-04-14T00:00:00.000000000+0000,120.054,120.114,119.071,119.451
2015-04-15T00:00:00.000000000+0000,119.452,119.744,118.789,119.143
2015-04-16T00:00:00.000000000+0000,119.144,119.471,118.794,119.06
2015-04-17T00:00:00.000000000+0000,119.062,119.263,118.568,118.837
2015-04-18T00:00:00.000000000+0000,118.837,118.837,118.837,118.837
2015-04-19T00:00:00.000000000+0000,119.001,119.02,118.802,118.843
2015-04-20T00:00:00.000000000+0000,118.843,119.434,118.529,119.215
2015-04-21T00:00:00.000000000+0000,119.215,119.833,119.215,119.661
2015-04-22T00:00:00.000000000+0000,119.663,120.004,119.348,119.948
2015-04-23T00:00:00.000000000+0000,119.948,120.093,119.425,119.566
2015-04-24T00:00:00.000000000+0000,119.567,119.631,118.828,118.972
2015-04-25T00:00:00.000000000+0000,118.972,118.972,118.972,118.972
2015-04-26T00:00:00.000000000+0000,118.861,118.955,118.861,118.924
2015-04-27T00:00:00.000000000+0000,118.923,119.433,118.774,119.135
2015-04-28T00:00:00.000000000+0000,119.135,119.197,118.774,118.832
2015-04-29T00:00:00.000000000+0000,118.831,119.36,118.61,118.983
2015-04-30T00:00:00.000000000+0000,118.982,119.894,118.497,119.475
2015-05-01T00:00:00.000000000+0000,119.472,120.286,119.467,120.19
2015-05-02T00:00:00.000000000+0000,120.19,120.19,120.19,120.19
2015-05-03T00:00:00.000000000+0000,120.221,120.244,120.136,120.14
2015-05-04T00:00:00.000000000+0000,120.139,120.275,119.997,120.115
2015-05-05T00:00:00.000000000+0000,120.113,120.505,119.726,119.941
2015-05-06T00:00:00.000000000+0000,119.94,120.045,119.205,119.397
2015-05-07T00:00:00.000000000+0000,119.396,119.861,119.056,119.72
2015-05-08T00:00:00.000000000+0000,119.721,120.233,119.593,119.758
2015-05-09T00:00:00.000000000+0000,119.758,119.758,119.758,119.758
2015-05-10T00:00:00.000000000+0000,119.632,119.858,119.632,119.806
2015-05-11T00:00:00.000000000+0000,119.805,120.169,119.718,120.122
2015-05-12T00:00:00.000000000+0000,120.122,120.276,119.754,119.848
2015-05-13T00:00:00.000000000+0000,119.848,119.972,119.035,119.19
2015-05-14T00:00:00.000000000+0000,119.191,119.337,118.886,119.216
2015-05-15T00:00:00.000000000+0000,119.217,119.927,119.176,119.206
2015-05-16T00:00:00.000000000+0000,119.206,119.206,119.206,119.206
2015-05-17T00:00:00.000000000+0000,119.269,119.43,119.245,119.352
2015-05-18T00:00:00.000000000+0000,119.352,120.035,119.342,119.914
2015-05-19T00:00:00.000000000+0000,119.914,120.739,119.83,120.646
2015-05-20T00:00:00.000000000+0000,120.646,121.478,120.646,121.21
2015-05-21T00:00:00.000000000+0000,121.208,121.258,120.846,121.057
2015-05-22T00:00:00.000000000+0000,121.055,121.571,120.639,121.528
2015-05-23T00:00:00.000000000+0000,121.528,121.528,121.528,121.528
2015-05-24T00:00:00.000000000+0000,121.483,121.6,121.483,121.561
2015-05-25T00:00:00.000000000+0000,121.565,121.776,121.446,121.652
2015-05-26T00:00:00.000000000+0000,121.652,123.32,121.648,122.992
2015-05-27T00:00:00.000000000+0000,122.991,124.069,122.777,123.733
2015-05-28T00:00:00.000000000+0000,123.733,124.46,123.493,123.81
2015-05-29T00:00:00.000000000+0000,123.81,124.184,123.606,124.135
2015-05-30T00:00:00.000000000+0000,124.135,124.135,124.135,124.135
2015-05-31T00:00:00.000000000+0000,124.067,124.255,124.047,124.246
2015-06-01T00:00:00.000000000+0000,124.252,124.917,123.859,124.866
2015-06-02T00:00:00.000000000+0000,124.865,125.053,123.753,124.054
2015-06-03T00:00:00.000000000+0000,124.055,124.682,123.791,124.305
2015-06-04T00:00:00.000000000+0000,124.307,124.68,123.779,124.392
2015-06-05T00:00:00.000000000+0000,124.393,125.853,124.358,125.574
2015-06-06T00:00:00.000000000+0000,125.574,125.574,125.574,125.574
2015-06-07T00:00:00.000000000+0000,125.587,125.678,125.535,125.625
2015-06-08T00:00:00.000000000+0000,125.623,125.633,124.294,124.58
2015-06-09T00:00:00.000000000+0000,124.577,124.738,123.86,124.353
2015-06-10T00:00:00.000000000+0000,124.353,124.62,122.456,122.882
2015-06-11T00:00:00.000000000+0000,122.883,124.133,122.858,123.598
2015-06-12T00:00:00.000000000+0000,123.599,123.814,123.141,123.377
2015-06-13T00:00:00.000000000+0000,123.377,123.377,123.377,123.377
2015-06-14T00:00:00.000000000+0000,123.188,123.354,123.122,123.294
2015-06-15T00:00:00.000000000+0000,123.295,123.66,123.295,123.421
2015-06-16T00:00:00.000000000+0000,123.422,123.798,123.291,123.456
2015-06-17T00:00:00.000000000+0000,123.455,124.438,123.208,123.573
2015-06-18T00:00:00.000000000+0000,123.573,123.585,122.478,123.001
2015-06-19T00:00:00.000000000+0000,123.001,123.217,122.559,122.658
2015-06-20T00:00:00.000000000+0000,122.658,122.658,122.658,122.658
2015-06-21T00:00:00.000000000+0000,122.947,122.982,122.688,122.775
2015-06-22T00:00:00.000000000+0000,122.776,123.419,122.56,123.418
2015-06-23T00:00:00.000000000+0000,123.419,124.184,123.373,123.874
2015-06-24T00:00:00.000000000+0000,123.875,124.375,123.717,123.861
2015-06-25T00:00:00.000000000+0000,123.86,123.957,123.319,123.593
2015-06-26T00:00:00.000000000+0000,123.593,123.99,123.225,123.831
2015-06-27T00:00:00.000000000+0000,123.831,123.831,123.831,123.831
2015-06-28T00:00:00.000000000+0000,122.68,122.781,122.107,122.595
2015-06-29T00:00:00.000000000+0000,122.593,123.192,122.321,122.668
2015-06-30T00:00:00.000000000+0000,122.666,122.725,121.942,122.418
2015-07-01T00:00:00.000000000+0000,122.408,123.332,122.393,123.33
2015-07-02T00:00:00.000000000+0000,123.329,123.718,122.954,123.06
2015-07-03T00:00:00.000000000+0000,123.06,123.183,122.6,122.78
2015-07-04T00:00:00.000000000+0000,122.78,122.78,122.78,122.78
2015-07-05T00:00:00.000000000+0000,121.869,122.437,121.851,122.423
2015-07-06T00:00:00.000000000+0000,122.421,122.928,122.188,122.666
2015-07-07T00:00:00.000000000+0000,122.665,122.882,122.009,122.536
2015-07-08T00:00:00.000000000+0000,122.537,122.553,120.414,120.891
2015-07-09T00:00:00.000000000+0000,120.889,121.804,120.584,121.71
2015-07-10T00:00:00.000000000+0000,121.708,122.877,121.508,122.763
2015-07-11T00:00:00.000000000+0000,122.763,122.763,122.763,122.763
2015-07-12T00:00:00.000000000+0000,122.163,122.747,122.163,122.504
2015-07-13T00:00:00.000000000+0000,122.504,123.643,122.413,123.611
2015-07-14T00:00:00.000000000+0000,123.611,123.73,122.921,123.336
2015-07-15T00:00:00.000000000+0000,123.338,123.97,123.261,123.914
2015-07-16T00:00:00.000000000+0000,123.916,124.204,123.742,124.169
2015-07-17T00:00:00.000000000+0000,124.17,124.23,123.918,123.99
2015-07-18T00:00:00.000000000+0000,123.99,123.99,123.99,123.99
2015-07-19T00:00:00.000000000+0000,124.014,124.168,124.014,124.144
2015-07-20T00:00:00.000000000+0000,124.143,124.378,124.084,124.303
2015-07-21T00:00:00.000000000+0000,124.303,124.477,123.762,123.868
2015-07-22T00:00:00.000000000+0000,123.869,124.15,123.572,124.066
2015-07-23T00:00:00.000000000+0000,124.065,124.186,123.677,123.886
2015-07-24T00:00:00.000000000+0000,123.885,124.095,123.596,123.78
2015-07-25T00:00:00.000000000+0000,123.78,123.78,123.78,123.78
2015-07-26T00:00:00.000000000+0000,123.718,123.837,123.669,123.768
2015-07-27T00:00:00.000000000+0000,123.767,123.788,123.009,123.276
2015-07-28T00:00:00.000000000+0000,123.276,123.792,123.077,123.575
2015-07-29T00:00:00.000000000+0000,123.574,124.023,123.332,123.946
2015-07-30T00:00:00.000000000+0000,123.947,124.582,123.947,124.075
2015-07-31T00:00:00.000000000+0000,124.076,124.375,123.52,123.854
2015-08-01T00:00:00.000000000+0000,123.854,123.854,123.854,123.854
2015-08-02T00:00:00.000000000+0000,123.882,124.065,123.869,124.043
2015-08-03T00:00:00.000000000+0000,124.041,124.271,123.856,123.951
2015-08-04T00:00:00.000000000+0000,123.949,124.402,123.8,124.29
2015-08-05T00:00:00.000000000+0000,124.291,125.01,124.019,124.779
2015-08-06T00:00:00.000000000+0000,124.779,124.962,124.541,124.752
2015-08-07T00:00:00.000000000+0000,124.753,125.07,124.104,124.211
2015-08-08T00:00:00.000000000+0000,124.211,124.211,124.211,124.211
2015-08-09T00:00:00.000000000+0000,124.151,124.337,124.15,124.335
2015-08-10T00:00:00.000000000+0000,124.336,124.783,124.28,124.633
2015-08-11T00:00:00.000000000+0000,124.631,125.206,124.587,125.096
2015-08-12T00:00:00.000000000+0000,125.096,125.28,123.792,124.299
2015-08-13T00:00:00.000000000+0000,124.298,124.625,124.067,124.389
2015-08-14T00:00:00.000000000+0000,124.39,124.532,124.054,124.282
2015-08-15T00:00:00.000000000+0000,124.282,124.282,124.282,124.282
2015-08-16T00:00:00.000000000+0000,124.204,124.365,124.204,124.365
2015-08-17T00:00:00.000000000+0000,124.363,124.574,124.221,124.444
2015-08-18T00:00:00.000000000+0000,124.443,124.514,124.181,124.388
2015-08-19T00:00:00.000000000+0000,124.389,124.469,123.691,123.93
2015-08-20T00:00:00.000000000+0000,123.93,124.156,123.328,123.449
2015-08-21T00:00:00.000000000+0000,123.449,123.496,121.814,121.95
2015-08-22T00:00:00.000000000+0000,121.95,121.95,121.95,121.95
2015-08-23T00:00:00.000000000+0000,121.841,122.022,121.181,121.733
2015-08-24T00:00:00.000000000+0000,121.733,121.929,116.182,118.885
2015-08-25T00:00:00.000000000+0000,118.884,120.394,118.453,118.562
2015-08-26T00:00:00.000000000+0000,118.563,120.364,118.563,120.052
2015-08-27T00:00:00.000000000+0000,120.053,121.399,119.79,121.021
2015-08-28T00:00:00.000000000+0000,121.02,121.739,120.65,121.695
2015-08-29T00:00:00.000000000+0000,121.695,121.695,121.695,121.695
2015-08-30T00:00:00.000000000+0000,121.615,121.64,121.192,121.298
2015-08-31T00:00:00.000000000+0000,121.299,121.416,120.879,121.109
2015-09-01T00:00:00.000000000+0000,121.108,121.139,119.223,119.719
2015-09-02T00:00:00.000000000+0000,119.717,120.655,119.697,120.622
2015-09-03T00:00:00.000000000+0000,120.622,120.697,119.645,120.12
2015-09-04T00:00:00.000000000+0000,120.118,120.126,118.59,118.997
2015-09-05T00:00:00.000000000+0000,118.997,118.997,118.997,118.997
2015-09-06T00:00:00.000000000+0000,118.913,119.211,118.848,119.151
2015-09-07T00:00:00.000000000+0000,119.15,119.588,118.798,119.429
2015-09-08T00:00:00.000000000+0000,119.431,120.227,118.852,120.102
2015-09-09T00:00:00.000000000+0000,120.102,121.196,120.071,120.246
2015-09-10T00:00:00.000000000+0000,120.251,121.325,119.977,120.66
2015-09-11T00:00:00.000000000+0000,120.661,120.965,120.36,120.565
2015-09-12T00:00:00.000000000+0000,120.565,120.565,120.565,120.565
2015-09-13T00:00:00.000000000+0000,120.51,120.84,120.474,120.804
2015-09-14T00:00:00.000000000+0000,120.803,120.804,119.852,120.363
2015-09-15T00:00:00.000000000+0000,120.362,120.651,119.4,120.424
2015-09-16T00:00:00.000000000+0000,120.423,120.726,120.107,120.543
2015-09-17T00:00:00.000000000+0000,120.545,120.989,119.792,120.092
2015-09-18T00:00:00.000000000+0000,120.095,120.411,119.054,119.948
2015-09-19T00:00:00.000000000+0000,119.948,119.948,119.948,119.948
2015-09-20T00:00:00.000000000+0000,120.111,120.145,119.946,120.01
2015-09-21T00:00:00.000000000+0000,120.011,120.659,119.726,120.505
2015-09-22T00:00:00.000000000+0000,120.504,120.541,119.694,120.085
2015-09-23T00:00:00.000000000+0000,120.084,120.543,119.624,120.224
2015-09-24T00:00:00.000000000+0000,120.225,120.39,119.223,120.268
2015-09-25T00:00:00.000000000+0000,120.269,121.235,120.024,120.547
2015-09-26T00:00:00.000000000+0000,120.547,120.547,120.547,120.547
2015-09-27T00:00:00.000000000+0000,120.509,120.591,120.36,120.393
2015-09-28T00:00:00.000000000+0000,120.393,120.466,119.695,119.824
2015-09-29T00:00:00.000000000+0000,119.822,120.16,119.248,119.878
2015-09-30T00:00:00.000000000+0000,119.879,120.347,119.548,119.875
2015-10-01T00:00:00.000000000+0000,119.875,120.276,119.494,119.827
2015-10-02T00:00:00.000000000+0000,119.83,120.403,118.684,119.871
2015-10-03T00:00:00.000000000+0000,119.871,119.871,119.871,119.871
2015-10-04T00:00:00.000000000+0000,119.961,120.051,119.877,120.037
2015-10-05T00:00:00.000000000+0000,120.037,120.549,119.87,120.472
2015-10-06T00:00:00.000000000+0000,120.471,120.568,120.108,120.254
2015-10-07T00:00:00.000000000+0000,120.253,120.358,119.747,119.935
2015-10-08T00:00:00.000000000+0000,119.933,120.109,119.625,119.938
2015-10-09T00:00:00.000000000+0000,119.937,120.346,119.836,120.254
2015-10-10T00:00:00.000000000+0000,120.254,120.254,120.254,120.254
2015-10-11T00:00:00.000000000+0000,120.17,120.257,120.163,120.192
2015-10-12T00:00:00.000000000+0000,120.19,120.222,119.892,120.051
2015-10-13T00:00:00.000000000+0000,120.05,120.05,119.552,119.741
2015-10-14T00:00:00.000000000+0000,119.739,119.765,118.629,118.854
2015-10-15T00:00:00.000000000+0000,118.851,119.168,118.063,119.08
2015-10-16T00:00:00.000000000+0000,119.08,119.661,118.905,119.398
2015-10-17T00:00:00.000000000+0000,119.398,119.398,119.398,119.398
2015-10-18T00:00:00.000000000+0000,119.364,119.433,119.28,119.298
2015-10-19T00:00:00.000000000+0000,119.3,119.61,119.139,119.513
2015-10-20T00:00:00.000000000+0000,119.51,119.961,119.414,119.793
2015-10-21T00:00:00.000000000+0000,119.794,120.091,119.794,119.86
2015-10-22T00:00:00.000000000+0000,119.86,120.948,119.615,120.888
2015-10-23T00:00:00.000000000+0000,120.887,121.48,120.227,121.459
2015-10-24T00:00:00.000000000+0000,121.459,121.459,121.459,121.459
2015-10-25T00:00:00.000000000+0000,121.434,121.501,121.29,121.32
2015-10-26T00:00:00.000000000+0000,121.318,121.334,120.603,120.967
2015-10-27T00:00:00.000000000+0000,120.967,120.987,120.162,120.482
2015-10-28T00:00:00.000000000+0000,120.481,121.256,120.027,120.881
2015-10-29T00:00:00.000000000+0000,120.88,121.183,120.588,121.036
2015-10-30T00:00:00.000000000+0000,121.039,121.484,120.278,120.598
2015-10-31T00:00:00.000000000+0000,120.598,120.598,120.598,120.598
2015-11-01T00:00:00.000000000+0000,120.355,120.573,120.355,120.503
2015-11-02T00:00:00.000000000+0000,120.503,120.81,120.257,120.791
2015-11-03T00:00:00.000000000+0000,120.796,121.229,120.597,121.084
2015-11-04T00:00:00.000000000+0000,121.086,121.716,121.002,121.526
2015-11-05T00:00:00.000000000+0000,121.526,122.001,121.388,121.691
2015-11-06T00:00:00.000000000+0000,121.692,123.267,121.632,123.077
2015-11-07T00:00:00.000000000+0000,123.077,123.077,123.077,123.077
2015-11-08T00:00:00.000000000+0000,123.281,123.336,123.195,123.195
2015-11-09T00:00:00.000000000+0000,123.194,123.602,122.976,123.048
2015-11-10T00:00:00.000000000+0000,123.051,123.437,123.041,123.087
2015-11-11T00:00:00.000000000+0000,123.088,123.206,122.739,122.751
2015-11-12T00:00:00.000000000+0000,122.751,123.072,122.555,122.589
2015-11-13T00:00:00.000000000+0000,122.587,122.987,122.443,122.579
2015-11-14T00:00:00.000000000+0000,122.579,122.579,122.579,122.579
2015-11-15T00:00:00.000000000+0000,122.235,122.444,122.223,122.303
2015-11-16T00:00:00.000000000+0000,122.301,123.333,122.301,123.266
2015-11-17T00:00:00.000000000+0000,123.262,123.489,123.186,123.441
2015-11-18T00:00:00.000000000+0000,123.442,123.75,123.22,123.515
2015-11-19T00:00:00.000000000+0000,123.516,123.563,122.621,122.906
2015-11-20T00:00:00.000000000+0000,122.905,123.051,122.723,122.766
2015-11-21T00:00:00.000000000+0000,122.766,122.766,122.766,122.766
2015-11-22T00:00:00.000000000+0000,122.811,122.939,122.811,122.933
2015-11-23T00:00:00.000000000+0000,122.931,123.259,122.781,122.948
2015-11-24T00:00:00.000000000+0000,122.946,122.96,122.307,122.517
2015-11-25T00:00:00.000000000+0000,122.515,122.934,122.258,122.68
2015-11-26T00:00:00.000000000+0000,122.681,122.702,122.501,122.637
2015-11-27T00:00:00.000000000+0000,122.637,122.878,122.305,122.707
2015-11-28T00:00:00.000000000+0000,122.707,122.707,122.707,122.707
2015-11-29T00:00:00.000000000+0000,122.811,122.846,122.735,122.833
2015-11-30T00:00:00.000000000+0000,122.832,123.34,122.686,123.212
2015-12-01T00:00:00.000000000+0000,123.211,123.275,122.643,122.911
2015-12-02T00:00:00.000000000+0000,122.91,123.67,122.826,123.241
2015-12-03T00:00:00.000000000+0000,123.239,123.561,122.297,122.648
2015-12-04T00:00:00.000000000+0000,122.648,123.375,122.476,123.087
2015-12-05T00:00:00.000000000+0000,123.087,123.087,123.087,123.087
2015-12-06T00:00:00.000000000+0000,123.171,123.227,123.149,123.195
2015-12-07T00:00:00.000000000+0000,123.197,123.476,123.152,123.296
2015-12-08T00:00:00.000000000+0000,123.297,123.326,122.721,122.931
2015-12-09T00:00:00.000000000+0000,122.928,123.046,121.075,121.692
2015-12-10T00:00:00.000000000+0000,121.69,121.868,121.243,121.704
2015-12-11T00:00:00.000000000+0000,121.704,122.229,120.581,120.994
2015-12-12T00:00:00.000000000+0000,120.994,120.994,120.994,120.994
2015-12-13T00:00:00.000000000+0000,121.148,121.151,120.637,120.891
2015-12-14T00:00:00.000000000+0000,120.889,121.353,120.343,121.116
2015-12-15T00:00:00.000000000+0000,121.121,121.793,120.574,121.671
2015-12-16T00:00:00.000000000+0000,121.672,122.494,121.377,122.482
2015-12-17T00:00:00.000000000+0000,122.48,122.876,122.22,122.454
2015-12-18T00:00:00.000000000+0000,122.456,123.559,121.054,121.14
2015-12-19T00:00:00.000000000+0000,121.14,121.14,121.14,121.14
2015-12-20T00:00:00.000000000+0000,121.248,121.38,121.191,121.297
2015-12-21T00:00:00.000000000+0000,121.295,121.504,120.839,121.207
2015-12-22T00:00:00.000000000+0000,121.208,121.31,120.723,121.027
2015-12-23T00:00:00.000000000+0000,121.026,121.055,120.813,120.946
2015-12-24T00:00:00.000000000+0000,120.946,120.971,120.115,120.168
2015-12-25T00:00:00.000000000+0000,120.169,120.349,120.032,120.19
2015-12-26T00:00:00.000000000+0000,120.19,120.19,120.19,120.19
2015-12-27T00:00:00.000000000+0000,120.182,120.273,120.142,120.246
2015-12-28T00:00:00.000000000+0000,120.246,120.63,120.204,120.342
2015-12-29T00:00:00.000000000+0000,120.346,120.576,120.234,120.521
2015-12-30T00:00:00.000000000+0000,120.523,120.653,120.351,120.462
2015-12-31T00:00:00.000000000+0000,120.461,120.496,120.005,120.23
2016-01-01T00:00:00.000000000+0000,120.316,120.316,120.316,120.316
2016-01-02T00:00:00.000000000+0000,120.316,120.316,120.316,120.316
2016-01-03T00:00:00.000000000+0000,120.188,120.385,120.183,120.316
2016-01-04T00:00:00.000000000+0000,120.315,120.464,118.703,119.469
2016-01-05T00:00:00.000000000+0000,119.475,119.694,118.794,119.11
2016-01-06T00:00:00.000000000+0000,119.109,119.161,118.251,118.622
2016-01-07T00:00:00.000000000+0000,118.623,118.753,117.328,117.531
2016-01-08T00:00:00.000000000+0000,117.531,118.83,117.222,117.222
2016-01-09T00:00:00.000000000+0000,117.222,117.222,117.222,117.222
2016-01-10T00:00:00.000000000+0000,117.222,117.222,116.695,117.058
2016-01-11T00:00:00.000000000+0000,117.06,118.025,116.971,117.684
2016-01-12T00:00:00.000000000+0000,117.682,118.072,117.227,117.835
2016-01-13T00:00:00.000000000+0000,117.835,118.379,117.372,117.415
2016-01-14T00:00:00.000000000+0000,117.415,118.279,117.293,118.225
2016-01-15T00:00:00.000000000+0000,118.225,118.262,116.508,116.967
2016-01-16T00:00:00.000000000+0000,116.967,116.967,116.967,116.967
2016-01-17T00:00:00.000000000+0000,116.679,117.052,116.658,116.997
2016-01-18T00:00:00.000000000+0000,117.001,117.441,116.924,117.399
2016-01-19T00:00:00.000000000+0000,117.401,118.114,117.233,117.566
2016-01-20T00:00:00.000000000+0000,117.565,117.566,115.974,117.198
2016-01-21T00:00:00.000000000+0000,117.198,117.937,116.47,117.928
2016-01-22T00:00:00.000000000+0000,117.927,118.877,117.539,118.768
2016-01-23T00:00:00.000000000+0000,118.768,118.768,118.768,118.768
2016-01-24T00:00:00.000000000+0000,118.654,118.789,118.559,118.559
2016-01-25T00:00:00.000000000+0000,118.559,118.855,118.172,118.234
2016-01-26T00:00:00.000000000+0000,118.234,118.621,117.656,118.386
2016-01-27T00:00:00.000000000+0000,118.386,119.066,118.043,118.479
2016-01-28T00:00:00.000000000+0000,118.482,118.991,118.414,118.927
2016-01-29T00:00:00.000000000+0000,118.927,121.686,118.498,121.12
2016-01-30T00:00:00.000000000+0000,121.12,121.12,121.12,121.12
2016-01-31T00:00:00.000000000+0000,121.33,121.487,121.155,121.348
2016-02-01T00:00:00.000000000+0000,121.345,121.439,120.677,120.855
2016-02-02T00:00:00.000000000+0000,120.855,121.012,119.684,119.849
2016-02-03T00:00:00.000000000+0000,119.849,120.043,117.052,118.166
2016-02-04T00:00:00.000000000+0000,118.166,118.212,116.527,116.854
2016-02-05T00:00:00.000000000+0000,116.851,117.428,116.292,116.817
2016-02-06T00:00:00.000000000+0000,116.817,116.817,116.817,116.817
2016-02-07T00:00:00.000000000+0000,116.801,117.001,116.801,116.948
2016-02-08T00:00:00.000000000+0000,116.952,117.525,115.172,115.666
2016-02-09T00:00:00.000000000+0000,115.664,115.664,114.209,115.184
2016-02-10T00:00:00.000000000+0000,115.183,115.217,113.117,113.241
2016-02-11T00:00:00.000000000+0000,113.241,113.486,110.98,112.49
2016-02-12T00:00:00.000000000+0000,112.487,113.538,111.657,113.192
2016-02-13T00:00:00.000000000+0000,113.192,113.192,113.192,113.192
2016-02-14T00:00:00.000000000+0000,113.397,113.706,113.298,113.676
2016-02-15T00:00:00.000000000+0000,113.675,114.729,113.273,114.351
2016-02-16T00:00:00.000000000+0000,114.353,114.876,113.595,114.135
2016-02-17T00:00:00.000000000+0000,114.132,114.504,113.374,114.29
2016-02-18T00:00:00.000000000+0000,114.289,114.317,113.142,113.253
2016-02-19T00:00:00.000000000+0000,113.255,113.295,112.306,112.558
2016-02-20T00:00:00.000000000+0000,112.558,112.558,112.558,112.558
2016-02-21T00:00:00.000000000+0000,112.557,112.639,112.424,112.523
2016-02-22T00:00:00.000000000+0000,112.528,113.388,112.508,112.954
2016-02-23T00:00:00.000000000+0000,112.953,112.997,111.773,111.907
2016-02-24T00:00:00.000000000+0000,111.908,112.264,111.042,112.063
2016-02-25T00:00:00.000000000+0000,112.064,113.165,111.982,113.141
2016-02-26T00:00:00.000000000+0000,113.142,113.992,112.561,113.98
2016-02-27T00:00:00.000000000+0000,113.98,113.98,113.98,113.98
2016-02-28T00:00:00.000000000+0000,113.955,113.983,113.558,113.715
2016-02-29T00:00:00.000000000+0000,113.717,113.856,112.184,112.41
2016-03-01T00:00:00.000000000+0000,112.412,114.183,112.158,113.915
2016-03-02T00:00:00.000000000+0000,113.916,114.555,113.215,113.489
2016-03-03T00:00:00.000000000+0000,113.489,114.268,113.299,113.689
2016-03-04T00:00:00.000000000+0000,113.689,114.257,113.121,113.714
2016-03-05T00:00:00.000000000+0000,113.714,113.714,113.714,113.714
2016-03-06T00:00:00.000000000+0000,113.92,113.931,113.753,113.826
2016-03-07T00:00:00.000000000+0000,113.828,113.859,113.225,113.491
2016-03-08T00:00:00.000000000+0000,113.489,113.512,112.424,112.692
2016-03-09T00:00:00.000000000+0000,112.692,113.453,112.228,113.231
2016-03-10T00:00:00.000000000+0000,113.231,114.446,112.61,112.846
2016-03-11T00:00:00.000000000+0000,112.847,113.917,112.753,113.838
2016-03-12T00:00:00.000000000+0000,113.838,113.838,113.838,113.838
2016-03-13T00:00:00.000000000+0000,113.925,113.958,113.64,113.775
2016-03-14T00:00:00.000000000+0000,113.772,114.007,113.506,113.823
2016-03-15T00:00:00.000000000+0000,113.828,114.136,112.63,113.102
2016-03-16T00:00:00.000000000+0000,113.101,113.817,112.329,112.794
2016-03-17T00:00:00.000000000+0000,112.794,112.956,110.666,111.363
2016-03-18T00:00:00.000000000+0000,111.366,111.758,110.819,111.531
2016-03-19T00:00:00.000000000+0000,111.531,111.531,111.531,111.531
2016-03-20T00:00:00.000000000+0000,111.509,111.59,111.334,111.44
2016-03-21T00:00:00.000000000+0000,111.44,112.173,111.219,112.146
2016-03-22T00:00:00.000000000+0000,112.143,112.488,111.379,112.249
2016-03-23T00:00:00.000000000+0000,112.254,112.905,112.141,112.423
2016-03-24T00:00:00.000000000+0000,112.422,113.006,112.294,112.832
2016-03-25T00:00:00.000000000+0000,112.838,113.32,112.811,113.066
2016-03-26T00:00:00.000000000+0000,113.066,113.066,113.066,113.066
2016-03-27T00:00:00.000000000+0000,113.157,113.482,113.108,113.461
2016-03-28T00:00:00.000000000+0000,113.464,113.687,113.149,113.368
2016-03-29T00:00:00.000000000+0000,113.368,113.802,112.611,112.674
2016-03-30T00:00:00.000000000+0000,112.675,112.697,112.015,112.38
2016-03-31T00:00:00.000000000+0000,112.38,112.66,112.11,112.513
2016-04-01T00:00:00.000000000+0000,112.516,112.529,111.583,111.649
2016-04-02T00:00:00.000000000+0000,111.649,111.649,111.649,111.649
2016-04-03T00:00:00.000000000+0000,111.602,111.798,111.559,111.692
2016-04-04T00:00:00.000000000+0000,111.692,111.739,111.097,111.226
2016-04-05T00:00:00.000000000+0000,111.224,111.272,109.949,110.373
2016-04-06T00:00:00.000000000+0000,110.374,110.638,109.342,109.721
2016-04-07T00:00:00.000000000+0000,109.72,109.903,107.666,108.474
2016-04-08T00:00:00.000000000+0000,108.476,109.097,108.022,108.032
2016-04-09T00:00:00.000000000+0000,108.032,108.032,108.032,108.032
2016-04-10T00:00:00.000000000+0000,107.968,108.328,107.96,108.291
2016-04-11T00:00:00.000000000+0000,108.291,108.438,107.628,107.947
2016-04-12T00:00:00.000000000+0000,107.947,108.786,107.89,108.7
2016-04-13T00:00:00.000000000+0000,108.699,109.458,108.539,109.431
2016-04-14T00:00:00.000000000+0000,109.431,109.545,108.898,109.331
2016-04-15T00:00:00.000000000+0000,109.333,109.73,108.602,108.728
2016-04-16T00:00:00.000000000+0000,108.728,108.728,108.728,108.728
2016-04-17T00:00:00.000000000+0000,108.158,108.462,107.991,108.068
2016-04-18T00:00:00.000000000+0000,108.062,109.158,107.838,109.087
2016-04-19T00:00:00.000000000+0000,109.085,109.487,108.79,109.213
2016-04-20T00:00:00.000000000+0000,109.214,109.896,108.762,109.862
2016-04-21T00:00:00.000000000+0000,109.862,109.865,109.324,109.461
2016-04-22T00:00:00.000000000+0000,109.46,111.805,109.259,111.762
2016-04-23T00:00:00.000000000+0000,111.762,111.762,111.762,111.762
2016-04-24T00:00:00.000000000+0000,111.83,111.878,111.438,111.453
2016-04-25T00:00:00.000000000+0000,111.452,111.484,110.839,111.124
2016-04-26T00:00:00.000000000+0000,111.126,111.474,110.67,111.215
2016-04-27T00:00:00.000000000+0000,111.218,111.756,111.027,111.525
2016-04-28T00:00:00.000000000+0000,111.525,111.883,107.864,108.102
2016-04-29T00:00:00.000000000+0000,108.102,108.113,106.276,106.315
2016-04-30T00:00:00.000000000+0000,106.315,106.315,106.315,106.315
2016-05-01T00:00:00.000000000+0000,106.203,106.724,106.2,106.434
2016-05-02T00:00:00.000000000+0000,106.439,106.818,106.138,106.41
2016-05-03T00:00:00.000000000+0000,106.41,107.456,105.549,106.664
2016-05-04T00:00:00.000000000+0000,106.661,107.361,106.248,106.936
2016-05-05T00:00:00.000000000+0000,106.938,107.499,106.803,107.348
2016-05-06T00:00:00.000000000+0000,107.35,107.419,106.434,107.105
2016-05-07T00:00:00.000000000+0000,107.105,107.105,107.105,107.105
2016-05-08T00:00:00.000000000+0000,107.054,107.388,107.047,107.359
2016-05-09T00:00:00.000000000+0000,107.361,108.6,107.231,108.363
2016-05-10T00:00:00.000000000+0000,108.361,109.372,108.295,109.217
2016-05-11T00:00:00.000000000+0000,109.217,109.219,108.354,108.418
2016-05-12T00:00:00.000000000+0000,108.417,109.395,108.227,109.091
2016-05-13T00:00:00.000000000+0000,109.091,109.554,108.513,108.595
2016-05-14T00:00:00.000000000+0000,108.595,108.595,108.595,108.595
2016-05-15T00:00:00.000000000+0000,108.61,108.688,108.465,108.662
2016-05-16T00:00:00.000000000+0000,108.662,109.104,108.621,109.088
2016-05-17T00:00:00.000000000+0000,109.087,109.651,108.841,109.018
2016-05-18T00:00:00.000000000+0000,109.017,110.256,108.722,110.177
2016-05-19T00:00:00.000000000+0000,110.18,110.381,109.699,109.918
2016-05-20T00:00:00.000000000+0000,109.917,110.588,109.849,110.098
2016-05-21T00:00:00.000000000+0000,110.098,110.098,110.098,110.098
2016-05-22T00:00:00.000000000+0000,110.099,110.242,109.997,110.029
2016-05-23T00:00:00.000000000+0000,110.03,110.087,109.111,109.374
2016-05-24T00:00:00.000000000+0000,109.374,110.187,109.17,110.162
2016-05-25T00:00:00.000000000+0000,110.16,110.448,109.864,110.134
2016-05-26T00:00:00.000000000+0000,110.131,110.211,109.416,109.707
2016-05-27T00:00:00.000000000+0000,109.711,110.447,109.474,110.25
2016-05-28T00:00:00.000000000+0000,110.25,110.25,110.25,110.25
2016-05-29T00:00:00.000000000+0000,110.411,110.856,110.363,110.773
2016-05-30T00:00:00.000000000+0000,110.777,111.446,110.716,110.841
2016-05-31T00:00:00.000000000+0000,110.841,111.349,110.501,110.633
2016-06-01T00:00:00.000000000+0000,110.636,110.83,109.051,109.462
2016-06-02T00:00:00.000000000+0000,109.465,109.466,108.523,108.862
2016-06-03T00:00:00.000000000+0000,108.864,109.135,106.509,106.51
2016-06-04T00:00:00.000000000+0000,106.51,106.51,106.51,106.51
2016-06-05T00:00:00.000000000+0000,106.547,106.832,106.366,106.672
2016-06-06T00:00:00.000000000+0000,106.676,107.656,106.526,107.455
2016-06-07T00:00:00.000000000+0000,107.455,107.903,107.152,107.296
2016-06-08T00:00:00.000000000+0000,107.296,107.301,106.594,106.773
2016-06-09T00:00:00.000000000+0000,106.778,107.175,106.256,107.111
2016-06-10T00:00:00.000000000+0000,107.109,107.257,106.554,106.967
2016-06-11T00:00:00.000000000+0000,106.967,106.967,106.967,106.967
2016-06-12T00:00:00.000000000+0000,106.8,106.855,106.381,106.481
2016-06-13T00:00:00.000000000+0000,106.488,106.636,105.732,106.188
2016-06-14T00:00:00.000000000+0000,106.186,106.422,105.629,106.083
2016-06-15T00:00:00.000000000+0000,106.082,106.395,105.431,105.888
2016-06-16T00:00:00.000000000+0000,105.886,105.89,103.55,104.763
2016-06-17T00:00:00.000000000+0000,104.766,104.825,104.086,104.1
2016-06-18T00:00:00.000000000+0000,104.1,104.1,104.1,104.1
2016-06-19T00:00:00.000000000+0000,104.661,104.803,104.411,104.628
2016-06-20T00:00:00.000000000+0000,104.626,104.842,103.767,103.821
2016-06-21T00:00:00.000000000+0000,103.822,105.058,103.583,104.709
2016-06-22T00:00:00.000000000+0000,104.71,104.974,104.316,104.66
2016-06-23T00:00:00.000000000+0000,104.657,106.809,102.998,104.936
2016-06-24T00:00:00.000000000+0000,104.936,105.705,98.955,102.03
2016-06-25T00:00:00.000000000+0000,102.03,102.03,102.03,102.03
2016-06-26T00:00:00.000000000+0000,101.477,102.307,101.477,102.198
2016-06-27T00:00:00.000000000+0000,102.198,102.47,101.403,101.811
2016-06-28T00:00:00.000000000+0000,101.809,102.841,101.559,102.692
2016-06-29T00:00:00.000000000+0000,102.699,103.02,102.173,102.788
2016-06-30T00:00:00.000000000+0000,102.786,103.39,102.36,103.091
2016-07-01T00:00:00.000000000+0000,103.094,103.164,102.442,102.475
2016-07-02T00:00:00.000000000+0000,102.475,102.475,102.475,102.475
2016-07-03T00:00:00.000000000+0000,102.601,102.671,102.448,102.483
2016-07-04T00:00:00.000000000+0000,102.483,102.802,102.424,102.524
2016-07-05T00:00:00.000000000+0000,102.523,102.526,101.048,101.16
2016-07-06T00:00:00.000000000+0000,101.163,101.465,100.199,101.137
2016-07-07T00:00:00.000000000+0000,101.143,101.252,100.597,100.759
2016-07-08T00:00:00.000000000+0000,100.758,101.278,99.994,100.549
2016-07-09T00:00:00.000000000+0000,100.549,100.549,100.549,100.549
2016-07-10T00:00:00.000000000+0000,100.609,100.803,100.516,100.698
2016-07-11T00:00:00.000000000+0000,100.698,102.893,100.558,102.508
2016-07-12T00:00:00.000000000+0000,102.508,104.986,102.45,104.724
2016-07-13T00:00:00.000000000+0000,104.722,104.862,103.906,104.043
2016-07-14T00:00:00.000000000+0000,104.048,105.937,103.973,105.148
2016-07-15T00:00:00.000000000+0000,105.145,106.316,104.629,104.839
2016-07-16T00:00:00.000000000+0000,104.839,104.839,104.839,104.839
2016-07-17T00:00:00.000000000+0000,105.318,106.015,105.307,105.397
2016-07-18T00:00:00.000000000+0000,105.396,106.33,105.27,106.169
2016-07-19T00:00:00.000000000+0000,106.18,106.533,105.647,106.119
2016-07-20T00:00:00.000000000+0000,106.12,107.439,105.828,107.183
2016-07-21T00:00:00.000000000+0000,107.183,107.492,105.418,105.788
2016-07-22T00:00:00.000000000+0000,105.789,106.401,105.565,106.036
2016-07-23T00:00:00.000000000+0000,106.036,106.036,106.036,106.036
2016-07-24T00:00:00.000000000+0000,106.102,106.411,106.093,106.282
2016-07-25T00:00:00.000000000+0000,106.289,106.723,105.564,105.593
2016-07-26T00:00:00.000000000+0000,105.593,105.637,103.994,104.851
2016-07-27T00:00:00.000000000+0000,104.849,106.545,104.814,104.923
2016-07-28T00:00:00.000000000+0000,104.923,105.502,103.354,104.831
2016-07-29T00:00:00.000000000+0000,104.832,105.618,101.972,102.056
2016-07-30T00:00:00.000000000+0000,102.056,102.056,102.056,102.056
2016-07-31T00:00:00.000000000+0000,102.27,102.55,102.01,102.334
2016-08-01T00:00:00.000000000+0000,102.334,102.683,102.116,102.308
2016-08-02T00:00:00.000000000+0000,102.311,102.83,100.679,101.076
2016-08-03T00:00:00.000000000+0000,101.076,101.569,100.748,101.344
2016-08-04T00:00:00.000000000+0000,101.344,101.667,100.861,101.199
2016-08-05T00:00:00.000000000+0000,101.199,102.061,100.872,101.788
2016-08-06T00:00:00.000000000+0000,101.788,101.788,101.788,101.788
2016-08-07T00:00:00.000000000+0000,101.984,102.26,101.861,102.053
2016-08-08T00:00:00.000000000+0000,102.053,102.655,101.91,102.284
2016-08-09T00:00:00.000000000+0000,102.286,102.529,101.79,101.927
2016-08-10T00:00:00.000000000+0000,101.927,101.934,100.967,101.138
2016-08-11T00:00:00.000000000+0000,101.138,102.054,101.024,101.826
2016-08-12T00:00:00.000000000+0000,101.83,102.272,100.833,101.284
2016-08-13T00:00:00.000000000+0000,101.284,101.284,101.284,101.284
2016-08-14T00:00:00.000000000+0000,101.118,101.416,101.117,101.258
2016-08-15T00:00:00.000000000+0000,101.258,101.453,100.87,101.264
2016-08-16T00:00:00.000000000+0000,101.265,101.267,99.541,100.169
2016-08-17T00:00:00.000000000+0000,100.169,101.164,99.681,99.895
2016-08-18T00:00:00.000000000+0000,99.895,100.497,99.644,100.133
2016-08-19T00:00:00.000000000+0000,100.138,100.459,100.027,100.187
2016-08-20T00:00:00.000000000+0000,100.187,100.187,100.187,100.187
2016-08-21T00:00:00.000000000+0000,100.733,100.764,100.279,100.56
2016-08-22T00:00:00.000000000+0000,100.56,100.931,100.213,100.271
2016-08-23T00:00:00.000000000+0000,100.271,100.383,99.941,100.297
2016-08-24T00:00:00.000000000+0000,100.296,100.609,100.095,100.567
2016-08-25T00:00:00.000000000+0000,100.568,100.615,100.302,100.564
2016-08-26T00:00:00.000000000+0000,100.564,101.944,100.062,101.804
2016-08-27T00:00:00.000000000+0000,101.804,101.804,101.804,101.804
2016-08-28T00:00:00.000000000+0000,102.046,102.106,101.835,101.916
2016-08-29T00:00:00.000000000+0000,101.916,102.393,101.78,101.835
2016-08-30T00:00:00.000000000+0000,101.834,103.135,101.753,102.886
2016-08-31T00:00:00.000000000+0000,102.886,103.53,102.86,103.315
2016-09-01T00:00:00.000000000+0000,103.316,103.998,103.06,103.253
2016-09-02T00:00:00.000000000+0000,103.253,104.32,102.799,103.897
2016-09-03T00:00:00.000000000+0000,103.897,103.897,103.897,103.897
2016-09-04T00:00:00.000000000+0000,104.072,104.131,103.917,103.93
2016-09-05T00:00:00.000000000+0000,103.93,104.043,103.147,103.506
2016-09-06T00:00:00.000000000+0000,103.505,103.806,101.245,101.587
2016-09-07T00:00:00.000000000+0000,101.589,101.856,101.203,101.838
2016-09-08T00:00:00.000000000+0000,101.838,102.598,101.411,102.303
2016-09-09T00:00:00.000000000+0000,102.304,103.055,101.965,102.669
2016-09-10T00:00:00.000000000+0000,102.669,102.669,102.669,102.669
2016-09-11T00:00:00.000000000+0000,102.532,102.626,102.3,102.471
2016-09-12T00:00:00.000000000+0000,102.471,102.666,101.566,101.736
2016-09-13T00:00:00.000000000+0000,101.736,102.748,101.418,102.495
2016-09-14T00:00:00.000000000+0000,102.499,103.357,102.25,102.553
2016-09-15T00:00:00.000000000+0000,102.554,102.755,101.741,101.985
2016-09-16T00:00:00.000000000+0000,101.988,102.461,101.773,102.257
2016-09-17T00:00:00.000000000+0000,102.257,102.257,102.257,102.257
2016-09-18T00:00:00.000000000+0000,102.119,102.415,102.118,102.319
2016-09-19T00:00:00.000000000+0000,102.319,102.374,101.581,101.9
2016-09-20T00:00:00.000000000+0000,101.904,102.062,101.5,101.612
2016-09-21T00:00:00.000000000+0000,101.612,102.784,100.246,100.393
2016-09-22T00:00:00.000000000+0000,100.392,100.93,100.098,100.835
2016-09-23T00:00:00.000000000+0000,100.834,101.244,100.674,100.978
2016-09-24T00:00:00.000000000+0000,100.978,100.978,100.978,100.978
2016-09-25T00:00:00.000000000+0000,100.943,101.063,100.851,100.917
2016-09-26T00:00:00.000000000+0000,100.917,101.079,100.248,100.377
2016-09-27T00:00:00.000000000+0000,100.377,100.987,100.085,100.489
2016-09-28T00:00:00.000000000+0000,100.489,101.016,100.41,100.941
2016-09-29T00:00:00.000000000+0000,100.942,101.84,100.837,101.197
2016-09-30T00:00:00.000000000+0000,101.197,101.78,100.746,101.297
2016-10-01T00:00:00.000000000+0000,101.297,101.297,101.297,101.297
2016-10-02T00:00:00.000000000+0000,101.21,101.588,101.184,101.534
2016-10-03T00:00:00.000000000+0000,101.539,101.855,101.21,101.835
2016-10-04T00:00:00.000000000+0000,101.835,102.966,101.822,102.871
2016-10-05T00:00:00.000000000+0000,102.869,103.667,102.67,103.449
2016-10-06T00:00:00.000000000+0000,103.449,104.161,103.348,103.754
2016-10-07T00:00:00.000000000+0000,103.756,103.987,102.858,102.862
2016-10-08T00:00:00.000000000+0000,102.862,102.862,102.862,102.862
2016-10-09T00:00:00.000000000+0000,103.247,103.298,102.948,103.036
2016-10-10T00:00:00.000000000+0000,103.036,103.787,102.808,103.704
2016-10-11T00:00:00.000000000+0000,103.704,104.071,103.174,103.358
2016-10-12T00:00:00.000000000+0000,103.358,104.482,103.296,104.303
2016-10-13T00:00:00.000000000+0000,104.303,104.635,103.333,103.726
2016-10-14T00:00:00.000000000+0000,103.732,104.475,103.633,104.077
2016-10-15T00:00:00.000000000+0000,104.077,104.077,104.077,104.077
2016-10-16T00:00:00.000000000+0000,104.348,104.371,104.041,104.043
2016-10-17T00:00:00.000000000+0000,104.042,104.371,103.762,103.858
2016-10-18T00:00:00.000000000+0000,103.858,104.199,103.681,103.863
2016-10-19T00:00:00.000000000+0000,103.863,103.948,103.167,103.395
2016-10-20T00:00:00.000000000+0000,103.394,104.169,103.393,104.112
2016-10-21T00:00:00.000000000+0000,104.112,104.202,103.523,103.803
2016-10-22T00:00:00.000000000+0000,103.803,103.803,103.803,103.803
2016-10-23T00:00:00.000000000+0000,103.825,103.994,103.814,103.917
2016-10-24T00:00:00.000000000+0000,103.918,104.376,103.72,104.325
2016-10-25T00:00:00.000000000+0000,104.324,104.874,104.059,104.167
2016-10-26T00:00:00.000000000+0000,104.165,104.671,104.022,104.562
2016-10-27T00:00:00.000000000+0000,104.563,105.349,104.296,105.221
2016-10-28T00:00:00.000000000+0000,105.223,105.531,104.469,104.696
2016-10-29T00:00:00.000000000+0000,104.696,104.696,104.696,104.696
2016-10-30T00:00:00.000000000+0000,104.386,104.682,104.386,104.57
2016-10-31T00:00:00.000000000+0000,104.569,105.231,104.525,104.824
2016-11-01T00:00:00.000000000+0000,104.823,105.116,103.799,104.082
2016-11-02T00:00:00.000000000+0000,104.086,104.165,103.019,103.384
2016-11-03T00:00:00.000000000+0000,103.386,103.444,102.548,103.065
2016-11-04T00:00:00.000000000+0000,103.062,103.353,102.831,103.094
2016-11-05T00:00:00.000000000+0000,103.094,103.094,103.094,103.094
2016-11-06T00:00:00.000000000+0000,103.993,104.483,103.734,104.159
2016-11-07T00:00:00.000000000+0000,104.157,104.632,103.839,104.453
2016-11-08T00:00:00.000000000+0000,104.46,105.241,104.296,104.979
2016-11-09T00:00:00.000000000+0000,104.986,105.898,101.191,105.808
2016-11-10T00:00:00.000000000+0000,105.806,106.948,104.962,106.809
2016-11-11T00:00:00.000000000+0000,106.81,106.934,106.032,106.635
2016-11-12T00:00:00.000000000+0000,106.635,106.635,106.635,106.635
2016-11-13T00:00:00.000000000+0000,106.853,106.9,106.732,106.884
2016-11-14T00:00:00.000000000+0000,106.886,108.542,106.844,108.21
2016-11-15T00:00:00.000000000+0000,108.214,109.335,107.77,108.983
2016-11-16T00:00:00.000000000+0000,108.991,109.757,108.601,108.775
2016-11-17T00:00:00.000000000+0000,108.778,110.341,108.554,110.242
2016-11-18T00:00:00.000000000+0000,110.244,110.95,109.799,110.873
2016-11-19T00:00:00.000000000+0000,110.873,110.873,110.873,110.873
2016-11-20T00:00:00.000000000+0000,110.918,111.117,110.892,110.943
2016-11-21T00:00:00.000000000+0000,110.945,111.364,110.458,110.655
2016-11-22T00:00:00.000000000+0000,110.658,111.356,110.269,110.977
2016-11-23T00:00:00.000000000+0000,110.978,112.972,110.854,112.554
2016-11-24T00:00:00.000000000+0000,112.556,113.531,112.414,113.259
2016-11-25T00:00:00.000000000+0000,113.266,113.898,112.555,113.165
2016-11-26T00:00:00.000000000+0000,113.165,113.165,113.165,113.165
2016-11-27T00:00:00.000000000+0000,112.769,112.97,112.588,112.642
2016-11-28T00:00:00.000000000+0000,112.654,112.796,111.359,111.668
2016-11-29T00:00:00.000000000+0000,111.672,113.34,111.67,112.463
2016-11-30T00:00:00.000000000+0000,112.468,114.824,112.057,114.681
2016-12-01T00:00:00.000000000+0000,114.683,114.722,113.834,113.901
2016-12-02T00:00:00.000000000+0000,113.907,114.204,113.329,113.466
2016-12-03T00:00:00.000000000+0000,113.466,113.466,113.466,113.466
2016-12-04T00:00:00.000000000+0000,113.264,113.565,112.876,113.522
2016-12-05T00:00:00.000000000+0000,113.532,114.775,113.156,113.855
2016-12-06T00:00:00.000000000+0000,113.855,114.185,113.501,114.041
2016-12-07T00:00:00.000000000+0000,114.045,114.404,113.414,113.733
2016-12-08T00:00:00.000000000+0000,113.734,114.376,113.124,114.056
2016-12-09T00:00:00.000000000+0000,114.06,115.368,114.012,115.258
2016-12-10T00:00:00.000000000+0000,115.258,115.258,115.258,115.258
2016-12-11T00:00:00.000000000+0000,115.406,115.543,115.363,115.417
2016-12-12T00:00:00.000000000+0000,115.418,116.122,114.737,114.976
2016-12-13T00:00:00.000000000+0000,114.976,115.475,114.777,115.217
2016-12-14T00:00:00.000000000+0000,115.217,117.394,114.771,117.204
2016-12-15T00:00:00.000000000+0000,117.207,118.665,117.192,118.252
2016-12-16T00:00:00.000000000+0000,118.252,118.427,117.47,117.891
2016-12-17T00:00:00.000000000+0000,117.891,117.891,117.891,117.891
2016-12-18T00:00:00.000000000+0000,117.954,117.964,117.714,117.806
2016-12-19T00:00:00.000000000+0000,117.808,117.839,116.547,117.019
2016-12-20T00:00:00.000000000+0000,117.021,118.241,116.996,117.832
2016-12-21T00:00:00.000000000+0000,117.832,118.067,117.108,117.62
2016-12-22T00:00:00.000000000+0000,117.617,117.874,117.268,117.528
2016-12-23T00:00:00.000000000+0000,117.528,117.564,117.171,117.296
2016-12-24T00:00:00.000000000+0000,117.296,117.296,117.296,117.296
2016-12-25T00:00:00.000000000+0000,117.269,117.378,117.12,117.319
2016-12-26T00:00:00.000000000+0000,117.319,117.324,117.001,117.193
2016-12-27T00:00:00.000000000+0000,117.193,117.616,117.191,117.482
2016-12-28T00:00:00.000000000+0000,117.482,117.813,116.844,117.083
2016-12-29T00:00:00.000000000+0000,117.087,117.087,116.047,116.306
2016-12-30T00:00:00.000000000+0000,116.315,117.194,116.116,116.929
2017-01-01T00:00:00.000000000+0000,116.762,116.981,116.722,116.763
2017-01-02T00:00:00.000000000+0000,116.795,117.665,116.727,117.454
2017-01-03T00:00:00.000000000+0000,117.457,118.604,117.223,117.632
2017-01-04T00:00:00.000000000+0000,117.635,118.185,117.055,117.134
2017-01-05T00:00:00.000000000+0000,117.133,117.133,115.068,115.343
2017-01-06T00:00:00.000000000+0000,115.341,117.18,115.244,116.942
2017-01-07T00:00:00.000000000+0000,116.942,116.942,116.942,116.942
2017-01-08T00:00:00.000000000+0000,117.013,117.233,116.997,117.148
2017-01-09T00:00:00.000000000+0000,117.148,117.532,115.649,115.986
2017-01-10T00:00:00.000000000+0000,115.986,116.343,115.198,115.87
2017-01-11T00:00:00.000000000+0000,115.871,116.87,114.246,115.094
2017-01-12T00:00:00.000000000+0000,115.096,115.235,113.757,114.671
2017-01-13T00:00:00.000000000+0000,114.68,115.445,114.168,114.43
2017-01-14T00:00:00.000000000+0000,114.43,114.43,114.43,114.43
2017-01-15T00:00:00.000000000+0000,114.314,114.471,114.095,114.223
2017-01-16T00:00:00.000000000+0000,114.221,114.454,113.624,114.159
2017-01-17T00:00:00.000000000+0000,114.163,114.282,112.568,112.892
2017-01-18T00:00:00.000000000+0000,112.897,114.841,112.642,114.711
2017-01-19T00:00:00.000000000+0000,114.712,115.621,114.401,114.938
2017-01-20T00:00:00.000000000+0000,114.937,115.384,114.211,114.592
2017-01-21T00:00:00.000000000+0000,114.592,114.592,114.592,114.592
2017-01-22T00:00:00.000000000+0000,114.254,114.422,113.759,113.807
2017-01-23T00:00:00.000000000+0000,113.808,114.075,112.523,112.784
2017-01-24T00:00:00.000000000+0000,112.792,113.988,112.555,113.864
2017-01-25T00:00:00.000000000+0000,113.864,113.982,113.037,113.272
2017-01-26T00:00:00.000000000+0000,113.27,114.859,113.05,114.421
2017-01-27T00:00:00.000000000+0000,114.423,115.376,114.391,115.139
2017-01-28T00:00:00.000000000+0000,115.139,115.139,115.139,115.139
2017-01-29T00:00:00.000000000+0000,114.745,114.949,114.572,114.651
2017-01-30T00:00:00.000000000+0000,114.651,114.935,113.453,113.683
2017-01-31T00:00:00.000000000+0000,113.68,113.964,112.08,112.774
2017-02-01T00:00:00.000000000+0000,112.774,113.952,112.745,113.296
2017-02-02T00:00:00.000000000+0000,113.294,113.298,112.053,112.811
2017-02-03T00:00:00.000000000+0000,112.812,113.467,112.317,112.551
2017-02-04T00:00:00.000000000+0000,112.551,112.551,112.551,112.551
2017-02-05T00:00:00.000000000+0000,112.438,112.704,112.436,112.646
2017-02-06T00:00:00.000000000+0000,112.644,112.775,111.623,111.828
2017-02-07T00:00:00.000000000+0000,111.828,112.579,111.594,112.379
2017-02-08T00:00:00.000000000+0000,112.382,112.544,111.63,111.968
2017-02-09T00:00:00.000000000+0000,111.968,113.47,111.885,113.429
2017-02-10T00:00:00.000000000+0000,113.429,113.857,112.86,113.169
2017-02-11T00:00:00.000000000+0000,113.169,113.169,113.169,113.169
2017-02-12T00:00:00.000000000+0000,113.512,113.968,113.453,113.928
2017-02-13T00:00:00.000000000+0000,113.928,114.167,113.438,113.684
2017-02-14T00:00:00.000000000+0000,113.683,114.499,113.25,114.286
2017-02-15T00:00:00.000000000+0000,114.287,114.957,113.865,114.125
2017-02-16T00:00:00.000000000+0000,114.128,114.163,113.082,113.32
2017-02-17T00:00:00.000000000+0000,113.323,113.502,112.618,112.793
2017-02-18T00:00:00.000000000+0000,112.793,112.793,112.793,112.793
2017-02-19T00:00:00.000000000+0000,112.88,112.986,112.792,112.917
2017-02-20T00:00:00.000000000+0000,112.92,113.297,112.836,113.272
2017-02-21T00:00:00.000000000+0000,113.269,113.778,113.24,113.671
2017-02-22T00:00:00.000000000+0000,113.672,113.679,112.907,113.41
2017-02-23T00:00:00.000000000+0000,113.412,113.424,112.552,112.696
2017-02-24T00:00:00.000000000+0000,112.695,112.956,111.936,112.083
2017-02-25T00:00:00.000000000+0000,112.083,112.083,112.083,112.083
2017-02-26T00:00:00.000000000+0000,112.127,112.316,112.127,112.18
2017-02-27T00:00:00.000000000+0000,112.184,112.841,111.919,112.746
2017-02-28T00:00:00.000000000+0000,112.746,113.114,111.69,113.095
2017-03-01T00:00:00.000000000+0000,113.096,114.144,112.766,114.118
2017-03-02T00:00:00.000000000+0000,114.116,114.593,113.828,114.354
2017-03-03T00:00:00.000000000+0000,114.354,114.748,113.81,113.995
2017-03-04T00:00:00.000000000+0000,113.995,113.995,113.995,113.995
2017-03-05T00:00:00.000000000+0000,113.883,114.133,113.798,113.817
2017-03-06T00:00:00.000000000+0000,113.813,114.101,113.559,113.903
2017-03-07T00:00:00.000000000+0000,113.906,114.154,113.73,113.921
2017-03-08T00:00:00.000000000+0000,113.922,114.75,113.609,114.412
2017-03-09T00:00:00.000000000+0000,114.412,115.192,114.365,115.142
2017-03-10T00:00:00.000000000+0000,115.142,115.504,114.656,114.724
2017-03-11T00:00:00.000000000+0000,114.724,114.724,114.724,114.724
2017-03-12T00:00:00.000000000+0000,114.702,114.882,114.68,114.757
2017-03-13T00:00:00.000000000+0000,114.757,114.978,114.483,114.915
2017-03-14T00:00:00.000000000+0000,114.915,115.193,114.519,114.657
2017-03-15T00:00:00.000000000+0000,114.658,114.884,113.175,113.388
2017-03-16T00:00:00.000000000+0000,113.388,113.539,112.905,113.349
2017-03-17T00:00:00.000000000+0000,113.354,113.494,112.564,112.663
2017-03-18T00:00:00.000000000+0000,112.663,112.663,112.663,112.663
2017-03-19T00:00:00.000000000+0000,112.662,112.756,112.587,112.679
2017-03-20T00:00:00.000000000+0000,112.679,112.898,112.439,112.562
2017-03-21T00:00:00.000000000+0000,112.564,112.866,111.433,111.534
2017-03-22T00:00:00.000000000+0000,111.534,111.769,110.733,111.371
2017-03-23T00:00:00.000000000+0000,111.37,111.579,110.628,110.993
2017-03-24T00:00:00.000000000+0000,110.996,111.481,110.627,111.303
2017-03-25T00:00:00.000000000+0000,111.303,111.303,111.303,111.303
2017-03-26T00:00:00.000000000+0000,110.897,111.046,110.418,110.553
2017-03-27T00:00:00.000000000+0000,110.552,110.827,110.109,110.765
2017-03-28T00:00:00.000000000+0000,110.764,111.242,110.179,111.228
2017-03-29T00:00:00.000000000+0000,111.228,111.315,110.717,111.149
2017-03-30T00:00:00.000000000+0000,111.149,111.943,110.942,111.738
2017-03-31T00:00:00.000000000+0000,111.737,112.197,111.242,111.379
2017-04-01T00:00:00.000000000+0000,111.379,111.379,111.379,111.379
2017-04-02T00:00:00.000000000+0000,111.364,111.501,111.223,111.273
2017-04-03T00:00:00.000000000+0000,111.271,111.589,110.683,110.683
2017-04-04T00:00:00.000000000+0000,110.684,110.911,110.27,110.846
2017-04-05T00:00:00.000000000+0000,110.847,111.454,110.359,110.395
2017-04-06T00:00:00.000000000+0000,110.394,111.141,110.29,110.888
2017-04-07T00:00:00.000000000+0000,110.886,111.366,110.133,111.068
2017-04-08T00:00:00.000000000+0000,111.068,111.068,111.068,111.068
2017-04-09T00:00:00.000000000+0000,111.034,111.361,111.008,111.22
2017-04-10T00:00:00.000000000+0000,111.219,111.58,110.659,110.691
2017-04-11T00:00:00.000000000+0000,110.69,110.847,109.535,109.56
2017-04-12T00:00:00.000000000+0000,109.559,109.867,108.844,108.89
2017-04-13T00:00:00.000000000+0000,108.889,109.394,108.725,109.114
2017-04-14T00:00:00.000000000+0000,109.114,109.224,108.548,108.567
2017-04-15T00:00:00.000000000+0000,108.567,108.567,108.567,108.567
2017-04-16T00:00:00.000000000+0000,108.696,108.814,108.238,108.309
2017-04-17T00:00:00.000000000+0000,108.312,109.169,108.132,109.128
2017-04-18T00:00:00.000000000+0000,109.127,109.219,108.322,108.542
2017-04-19T00:00:00.000000000+0000,108.542,109.181,108.413,108.83
2017-04-20T00:00:00.000000000+0000,108.832,109.487,108.719,109.382
2017-04-21T00:00:00.000000000+0000,109.384,109.392,108.881,109.072
2017-04-22T00:00:00.000000000+0000,109.072,109.072,109.072,109.072
2017-04-23T00:00:00.000000000+0000,110.521,110.531,109.936,110.025
2017-04-24T00:00:00.000000000+0000,110.022,110.347,109.594,109.63
2017-04-25T00:00:00.000000000+0000,109.629,111.187,109.626,111.076
2017-04-26T00:00:00.000000000+0000,111.076,111.778,110.873,111.175
2017-04-27T00:00:00.000000000+0000,111.176,111.599,111.043,111.218
2017-04-28T00:00:00.000000000+0000,111.219,111.718,111.071,111.498
2017-04-29T00:00:00.000000000+0000,111.498,111.498,111.498,111.498
2017-04-30T00:00:00.000000000+0000,111.241,111.459,111.205,111.31
2017-05-01T00:00:00.000000000+0000,111.31,111.943,111.3,111.82
2017-05-02T00:00:00.000000000+0000,111.822,112.304,111.816,111.974
2017-05-03T00:00:00.000000000+0000,111.973,112.828,111.969,112.8
2017-05-04T00:00:00.000000000+0000,112.798,113.049,112.318,112.547
2017-05-05T00:00:00.000000000+0000,112.545,112.804,112.088,112.686
2017-05-06T00:00:00.000000000+0000,112.686,112.686,112.686,112.686
2017-05-07T00:00:00.000000000+0000,112.912,112.958,112.622,112.661
2017-05-08T00:00:00.000000000+0000,112.661,113.295,112.396,113.22
2017-05-09T00:00:00.000000000+0000,113.221,114.328,113.134,113.699
2017-05-10T00:00:00.000000000+0000,113.697,114.37,113.649,114.335
2017-05-11T00:00:00.000000000+0000,114.335,114.347,113.458,113.82
2017-05-12T00:00:00.000000000+0000,113.822,113.952,113.199,113.342
2017-05-13T00:00:00.000000000+0000,113.342,113.342,113.342,113.342
2017-05-14T00:00:00.000000000+0000,113.132,113.349,113.123,113.265
2017-05-15T00:00:00.000000000+0000,113.265,113.851,113.234,113.645
2017-05-16T00:00:00.000000000+0000,113.643,113.771,112.622,112.689
2017-05-17T00:00:00.000000000+0000,112.689,112.732,110.53,111.063
2017-05-18T00:00:00.000000000+0000,111.063,111.739,110.237,111.435
2017-05-19T00:00:00.000000000+0000,111.433,111.697,111.041,111.247
2017-05-20T00:00:00.000000000+0000,111.247,111.247,111.247,111.247
2017-05-21T00:00:00.000000000+0000,110.981,111.329,110.981,111.283
2017-05-22T00:00:00.000000000+0000,111.284,111.606,110.862,110.903
2017-05-23T00:00:00.000000000+0000,110.903,111.992,110.903,111.959
2017-05-24T00:00:00.000000000+0000,111.955,112.127,111.48,111.541
2017-05-25T00:00:00.000000000+0000,111.543,111.951,111.511,111.741
2017-05-26T00:00:00.000000000+0000,111.743,111.805,110.878,111.312
2017-05-27T00:00:00.000000000+0000,111.312,111.312,111.312,111.312
2017-05-28T00:00:00.000000000+0000,111.205,111.324,111.166,111.252
2017-05-29T00:00:00.000000000+0000,111.254,111.469,111.163,111.19
2017-05-30T00:00:00.000000000+0000,111.192,111.238,110.665,110.839
2017-05-31T00:00:00.000000000+0000,110.842,111.226,110.484,110.8
2017-06-01T00:00:00.000000000+0000,110.796,111.482,110.771,111.443
2017-06-02T00:00:00.000000000+0000,111.443,111.711,110.331,110.37
2017-06-03T00:00:00.000000000+0000,110.37,110.37,110.37,110.37
2017-06-04T00:00:00.000000000+0000,110.341,110.556,110.341,110.469
2017-06-05T00:00:00.000000000+0000,110.466,110.731,110.309,110.392
2017-06-06T00:00:00.000000000+0000,110.394,110.445,109.227,109.499
2017-06-07T00:00:00.000000000+0000,109.496,109.919,109.116,109.917
2017-06-08T00:00:00.000000000+0000,109.918,110.384,109.38,109.874
2017-06-09T00:00:00.000000000+0000,109.873,110.81,109.867,110.329
2017-06-10T00:00:00.000000000+0000,110.329,110.329,110.329,110.329
2017-06-11T00:00:00.000000000+0000,110.298,110.439,110.276,110.309
2017-06-12T00:00:00.000000000+0000,110.31,110.339,109.633,109.929
2017-06-13T00:00:00.000000000+0000,109.93,110.271,109.914,110.067
2017-06-14T00:00:00.000000000+0000,110.069,110.342,108.814,109.446
2017-06-15T00:00:00.000000000+0000,109.442,110.995,109.396,110.995
2017-06-16T00:00:00.000000000+0000,110.993,111.417,110.646,110.857
2017-06-17T00:00:00.000000000+0000,110.857,110.857,110.857,110.857
2017-06-18T00:00:00.000000000+0000,110.869,110.98,110.731,110.973
2017-06-19T00:00:00.000000000+0000,110.97,111.741,110.909,111.696
2017-06-20T00:00:00.000000000+0000,111.697,111.787,111.27,111.338
2017-06-21T00:00:00.000000000+0000,111.337,111.739,111.068,111.327
2017-06-22T00:00:00.000000000+0000,111.33,111.446,110.95,111.296
2017-06-23T00:00:00.000000000+0000,111.296,111.43,111.155,111.264
2017-06-24T00:00:00.000000000+0000,111.264,111.264,111.264,111.264
2017-06-25T00:00:00.000000000+0000,111.103,111.323,111.103,111.237
2017-06-26T00:00:00.000000000+0000,111.236,111.945,111.213,111.87
2017-06-27T00:00:00.000000000+0000,111.87,112.465,111.461,112.196
2017-06-28T00:00:00.000000000+0000,112.196,112.415,111.83,112.354
2017-06-29T00:00:00.000000000+0000,112.35,112.925,111.812,111.995
2017-06-30T00:00:00.000000000+0000,111.997,112.606,111.733,112.352
2017-07-01T00:00:00.000000000+0000,112.352,112.352,112.352,112.352
2017-07-02T00:00:00.000000000+0000,112.058,112.387,112.058,112.244
2017-07-03T00:00:00.000000000+0000,112.241,113.471,112.197,113.384
2017-07-04T00:00:00.000000000+0000,113.387,113.391,112.74,112.966
2017-07-05T00:00:00.000000000+0000,112.968,113.686,112.825,113.199
2017-07-06T00:00:00.000000000+0000,113.201,113.469,112.886,113.154
2017-07-07T00:00:00.000000000+0000,113.153,114.179,113.153,113.894
2017-07-08T00:00:00.000000000+0000,113.894,113.894,113.894,113.894
2017-07-09T00:00:00.000000000+0000,113.863,114.064,113.858,113.972
2017-07-10T00:00:00.000000000+0000,113.971,114.301,113.907,114.062
2017-07-11T00:00:00.000000000+0000,114.062,114.494,113.718,113.748
2017-07-12T00:00:00.000000000+0000,113.747,113.804,112.926,113.327
2017-07-13T00:00:00.000000000+0000,113.325,113.527,112.86,113.422
2017-07-14T00:00:00.000000000+0000,113.424,113.576,112.26,112.519
2017-07-15T00:00:00.000000000+0000,112.519,112.519,112.519,112.519
2017-07-16T00:00:00.000000000+0000,112.442,112.62,112.398,112.41
2017-07-17T00:00:00.000000000+0000,112.414,112.867,112.328,112.602
2017-07-18T00:00:00.000000000+0000,112.601,112.622,111.686,111.992
2017-07-19T00:00:00.000000000+0000,111.993,112.231,111.554,111.883
2017-07-20T00:00:00.000000000+0000,111.883,112.418,111.477,111.89
2017-07-21T00:00:00.000000000+0000,111.89,112.077,111.012,111.121
2017-07-22T00:00:00.000000000+0000,111.121,111.121,111.121,111.121
2017-07-23T00:00:00.000000000+0000,111.101,111.2,110.922,110.932
2017-07-24T00:00:00.000000000+0000,110.934,111.317,110.622,111.235
2017-07-25T00:00:00.000000000+0000,111.24,112.029,110.828,112.009
2017-07-26T00:00:00.000000000+0000,112.012,112.199,111.052,111.157
2017-07-27T00:00:00.000000000+0000,111.156,111.711,110.781,111.092
2017-07-28T00:00:00.000000000+0000,111.09,111.288,110.548,110.69
2017-07-29T00:00:00.000000000+0000,110.69,110.69,110.69,110.69
2017-07-30T00:00:00.000000000+0000,110.629,110.675,110.473,110.505
2017-07-31T00:00:00.000000000+0000,110.505,110.774,110.211,110.356
2017-08-01T00:00:00.000000000+0000,110.358,110.588,109.919,110.438
2017-08-02T00:00:00.000000000+0000,110.438,110.984,110.283,110.757
2017-08-03T00:00:00.000000000+0000,110.755,110.824,109.845,109.889
2017-08-04T00:00:00.000000000+0000,109.888,111.048,109.847,110.662
2017-08-05T00:00:00.000000000+0000,110.662,110.662,110.662,110.662
2017-08-06T00:00:00.000000000+0000,110.707,110.849,110.694,110.812
2017-08-07T00:00:00.000000000+0000,110.81,110.919,110.645,110.763
2017-08-08T00:00:00.000000000+0000,110.766,110.829,110.065,110.103
2017-08-09T00:00:00.000000000+0000,110.105,110.168,109.559,110.037
2017-08-10T00:00:00.000000000+0000,110.036,110.179,109.083,109.096
2017-08-11T00:00:00.000000000+0000,109.096,109.401,108.729,109.168
2017-08-12T00:00:00.000000000+0000,109.168,109.168,109.168,109.168
2017-08-13T00:00:00.000000000+0000,109.155,109.257,109.049,109.257
2017-08-14T00:00:00.000000000+0000,109.258,109.958,109.203,109.934
2017-08-15T00:00:00.000000000+0000,109.936,110.848,109.925,110.592
2017-08-16T00:00:00.000000000+0000,110.595,110.948,109.981,109.999
2017-08-17T00:00:00.000000000+0000,109.997,110.369,109.295,109.336
2017-08-18T00:00:00.000000000+0000,109.337,109.599,108.602,109.183
2017-08-19T00:00:00.000000000+0000,109.183,109.183,109.183,109.183
2017-08-20T00:00:00.000000000+0000,109.343,109.423,109.249,109.331
2017-08-21T00:00:00.000000000+0000,109.331,109.374,108.637,108.998
2017-08-22T00:00:00.000000000+0000,109.0,109.755,108.999,109.731
2017-08-23T00:00:00.000000000+0000,109.734,109.824,108.847,108.898
2017-08-24T00:00:00.000000000+0000,108.898,109.613,108.898,109.517
2017-08-25T00:00:00.000000000+0000,109.52,109.842,109.113,109.337
2017-08-26T00:00:00.000000000+0000,109.337,109.337,109.337,109.337
2017-08-27T00:00:00.000000000+0000,109.163,109.349,109.163,109.339
2017-08-28T00:00:00.000000000+0000,109.338,109.413,108.334,108.727
2017-08-29T00:00:00.000000000+0000,108.727,109.899,108.266,109.768
2017-08-30T00:00:00.000000000+0000,109.772,110.507,109.669,110.469
2017-08-31T00:00:00.000000000+0000,110.467,110.67,109.879,110.131
2017-09-01T00:00:00.000000000+0000,110.132,110.488,109.563,110.239
2017-09-02T00:00:00.000000000+0000,110.239,110.239,110.239,110.239
2017-09-03T00:00:00.000000000+0000,109.506,109.896,109.499,109.807
2017-09-04T00:00:00.000000000+0000,109.807,109.934,109.383,109.806
2017-09-05T00:00:00.000000000+0000,109.805,109.805,108.512,108.606
2017-09-06T00:00:00.000000000+0000,108.605,109.396,108.453,109.159
2017-09-07T00:00:00.000000000+0000,109.159,109.219,108.047,108.282
2017-09-08T00:00:00.000000000+0000,108.27,108.485,107.318,107.842
2017-09-09T00:00:00.000000000+0000,107.842,107.842,107.842,107.842
2017-09-10T00:00:00.000000000+0000,108.156,108.491,108.126,108.243
2017-09-11T00:00:00.000000000+0000,108.245,109.507,108.214,109.4
2017-09-12T00:00:00.000000000+0000,109.404,110.291,109.289,110.229
2017-09-13T00:00:00.000000000+0000,110.233,110.689,109.905,110.497
2017-09-14T00:00:00.000000000+0000,110.5,111.039,109.55,109.939
2017-09-15T00:00:00.000000000+0000,109.939,111.334,109.902,110.826
2017-09-16T00:00:00.000000000+0000,110.826,110.826,110.826,110.826
2017-09-17T00:00:00.000000000+0000,111.055,111.237,110.996,111.177
2017-09-18T00:00:00.000000000+0000,111.178,111.662,111.13,111.486
2017-09-19T00:00:00.000000000+0000,111.485,111.88,111.203,111.587
2017-09-20T00:00:00.000000000+0000,111.588,112.577,111.106,112.547
2017-09-21T00:00:00.000000000+0000,112.55,112.715,112.136,112.454
2017-09-22T00:00:00.000000000+0000,112.457,112.553,111.653,111.988
2017-09-23T00:00:00.000000000+0000,111.988,111.988,111.988,111.988
2017-09-24T00:00:00.000000000+0000,112.138,112.479,112.117,112.444
2017-09-25T00:00:00.000000000+0000,112.443,112.528,111.475,111.736
2017-09-26T00:00:00.000000000+0000,111.735,112.476,111.498,112.385
2017-09-27T00:00:00.000000000+0000,112.387,113.257,112.271,112.886
2017-09-28T00:00:00.000000000+0000,112.885,113.208,112.252,112.479
2017-09-29T00:00:00.000000000+0000,112.477,112.735,112.213,112.471
2017-09-30T00:00:00.000000000+0000,112.471,112.471,112.471,112.471
2017-10-01T00:00:00.000000000+0000,112.642,112.699,112.451,112.656
2017-10-02T00:00:00.000000000+0000,112.657,113.058,112.532,112.775
2017-10-03T00:00:00.000000000+0000,112.774,113.195,112.667,112.853
2017-10-04T00:00:00.000000000+0000,112.853,112.937,112.323,112.82
2017-10-05T00:00:00.000000000+0000,112.819,112.919,112.414,112.789
2017-10-06T00:00:00.000000000+0000,112.788,113.438,112.606,112.614
2017-10-07T00:00:00.000000000+0000,112.614,112.614,112.614,112.614
2017-10-08T00:00:00.000000000+0000,112.565,112.674,112.33,112.544
2017-10-09T00:00:00.000000000+0000,112.542,112.745,112.508,112.675
2017-10-10T00:00:00.000000000+0000,112.676,112.828,111.99,112.354
2017-10-11T00:00:00.000000000+0000,112.353,112.584,112.08,112.443
2017-10-12T00:00:00.000000000+0000,112.442,112.463,112.125,112.239
2017-10-13T00:00:00.000000000+0000,112.239,112.262,111.686,111.825
2017-10-14T00:00:00.000000000+0000,111.825,111.825,111.825,111.825
2017-10-15T00:00:00.000000000+0000,111.751,111.976,111.751,111.874
2017-10-16T00:00:00.000000000+0000,111.876,112.289,111.653,112.182
2017-10-17T00:00:00.000000000+0000,112.184,112.478,112.037,112.213
2017-10-18T00:00:00.000000000+0000,112.212,113.092,112.133,113.009
2017-10-19T00:00:00.000000000+0000,113.016,113.147,112.292,112.678
2017-10-20T00:00:00.000000000+0000,112.679,113.569,112.605,113.511
2017-10-21T00:00:00.000000000+0000,113.511,113.511,113.511,113.511
2017-10-22T00:00:00.000000000+0000,113.864,114.099,113.788,114.058
2017-10-23T00:00:00.000000000+0000,114.056,114.074,113.244,113.334
2017-10-24T00:00:00.000000000+0000,113.334,114.023,113.248,113.943
2017-10-25T00:00:00.000000000+0000,113.944,114.242,113.481,113.58
2017-10-26T00:00:00.000000000+0000,113.58,114.15,113.341,114.117
2017-10-27T00:00:00.000000000+0000,114.125,114.45,113.644,113.673
2017-10-28T00:00:00.000000000+0000,113.673,113.673,113.673,113.673
2017-10-29T00:00:00.000000000+0000,113.718,113.805,113.678,113.723
2017-10-30T00:00:00.000000000+0000,113.723,113.835,112.982,113.013
2017-10-31T00:00:00.000000000+0000,113.014,113.731,112.955,113.653
2017-11-01T00:00:00.000000000+0000,113.652,114.28,113.629,114.17
2017-11-02T00:00:00.000000000+0000,114.178,114.216,113.537,114.017
2017-11-03T00:00:00.000000000+0000,114.015,114.427,113.632,114.05
2017-11-04T00:00:00.000000000+0000,114.05,114.05,114.05,114.05
2017-11-05T00:00:00.000000000+0000,114.002,114.207,113.999,114.169
2017-11-06T00:00:00.000000000+0000,114.17,114.735,113.696,113.772
2017-11-07T00:00:00.000000000+0000,113.77,114.339,113.655,113.747
2017-11-08T00:00:00.000000000+0000,113.749,113.973,113.393,113.916
2017-11-09T00:00:00.000000000+0000,113.916,114.068,113.091,113.362
2017-11-10T00:00:00.000000000+0000,113.356,113.635,113.22,113.495
2017-11-11T00:00:00.000000000+0000,113.495,113.495,113.495,113.495
2017-11-12T00:00:00.000000000+0000,113.433,113.707,113.433,113.696
2017-11-13T00:00:00.000000000+0000,113.697,113.714,113.244,113.605
2017-11-14T00:00:00.000000000+0000,113.606,113.91,113.308,113.416
2017-11-15T00:00:00.000000000+0000,113.418,113.496,112.478,112.766
2017-11-16T00:00:00.000000000+0000,112.765,113.33,112.734,113.046
2017-11-17T00:00:00.000000000+0000,113.047,113.049,111.945,112.072
2017-11-18T00:00:00.000000000+0000,112.072,112.072,112.072,112.072
2017-11-19T00:00:00.000000000+0000,112.111,112.195,111.884,112.019
2017-11-20T00:00:00.000000000+0000,112.023,112.719,111.947,112.555
2017-11-21T00:00:00.000000000+0000,112.554,112.703,112.176,112.338
2017-11-22T00:00:00.000000000+0000,112.338,112.352,111.141,111.283
2017-11-23T00:00:00.000000000+0000,111.282,111.378,111.069,111.258
2017-11-24T00:00:00.000000000+0000,111.26,111.623,111.253,111.502
2017-11-25T00:00:00.000000000+0000,111.502,111.502,111.502,111.502
2017-11-26T00:00:00.000000000+0000,111.502,111.692,111.477,111.662
2017-11-27T00:00:00.000000000+0000,111.661,111.661,110.841,111.137
2017-11-28T00:00:00.000000000+0000,111.137,111.658,110.93,111.631
2017-11-29T00:00:00.000000000+0000,111.628,112.148,111.375,112.008
2017-11-30T00:00:00.000000000+0000,112.007,112.694,111.735,112.588
2017-12-01T00:00:00.000000000+0000,112.587,112.873,111.408,112.176
2017-12-02T00:00:00.000000000+0000,112.176,112.176,112.176,112.176
2017-12-03T00:00:00.000000000+0000,112.76,112.895,112.649,112.892
2017-12-04T00:00:00.000000000+0000,112.89,113.089,112.364,112.493
2017-12-05T00:00:00.000000000+0000,112.495,112.865,112.378,112.467
2017-12-06T00:00:00.000000000+0000,112.466,112.531,111.993,112.308
2017-12-07T00:00:00.000000000+0000,112.309,113.212,112.309,113.203
2017-12-08T00:00:00.000000000+0000,113.203,113.589,113.11,113.461
2017-12-09T00:00:00.000000000+0000,113.461,113.461,113.461,113.461
2017-12-10T00:00:00.000000000+0000,113.52,113.628,113.509,113.564
2017-12-11T00:00:00.000000000+0000,113.561,113.688,113.242,113.547
2017-12-12T00:00:00.000000000+0000,113.547,113.75,113.37,113.535
2017-12-13T00:00:00.000000000+0000,113.534,113.536,112.459,112.767
2017-12-14T00:00:00.000000000+0000,112.766,112.88,112.066,112.393
2017-12-15T00:00:00.000000000+0000,112.394,112.742,112.03,112.585
2017-12-16T00:00:00.000000000+0000,112.585,112.585,112.585,112.585
2017-12-17T00:00:00.000000000+0000,112.725,112.745,112.398,112.726
2017-12-18T00:00:00.000000000+0000,112.726,112.829,112.309,112.575
2017-12-19T00:00:00.000000000+0000,112.576,113.078,112.511,113.004
2017-12-20T00:00:00.000000000+0000,112.999,113.465,112.856,113.248
2017-12-21T00:00:00.000000000+0000,113.254,113.635,113.199,113.318
2017-12-22T00:00:00.000000000+0000,113.316,113.448,113.252,113.26
2017-12-23T00:00:00.000000000+0000,113.26,113.26,113.26,113.26
2017-12-24T00:00:00.000000000+0000,113.251,113.318,113.23,113.305
2017-12-25T00:00:00.000000000+0000,113.306,113.35,113.219,113.307
2017-12-26T00:00:00.000000000+0000,113.309,113.352,113.119,113.21
2017-12-27T00:00:00.000000000+0000,113.21,113.379,113.123,113.217
2017-12-28T00:00:00.000000000+0000,113.217,113.265,112.664,112.877
2017-12-29T00:00:00.000000000+0000,112.877,112.969,112.472,112.658
2018-01-01T00:00:00.000000000+0000,112.594,112.789,112.57,112.773
2018-01-02T00:00:00.000000000+0000,112.775,112.79,112.055,112.254
2018-01-03T00:00:00.000000000+0000,112.253,112.623,112.19,112.607
2018-01-04T00:00:00.000000000+0000,112.61,112.864,112.488,112.801
2018-01-05T00:00:00.000000000+0000,112.801,113.308,112.722,113.027
2018-01-06T00:00:00.000000000+0000,113.027,113.027,113.027,113.027
2018-01-07T00:00:00.000000000+0000,113.131,113.18,113.01,113.159
2018-01-08T00:00:00.000000000+0000,113.16,113.386,112.881,113.148
2018-01-09T00:00:00.000000000+0000,113.147,113.179,112.365,112.777
2018-01-10T00:00:00.000000000+0000,112.777,112.784,111.269,111.46
2018-01-11T00:00:00.000000000+0000,111.459,111.875,111.044,111.286
2018-01-12T00:00:00.000000000+0000,111.286,111.694,110.913,111.018
2018-01-13T00:00:00.000000000+0000,111.018,111.018,111.018,111.018
2018-01-14T00:00:00.000000000+0000,111.076,111.166,110.976,111.141
2018-01-15T00:00:00.000000000+0000,111.141,111.183,110.327,110.618
2018-01-16T00:00:00.000000000+0000,110.616,110.981,110.246,110.393
2018-01-17T00:00:00.000000000+0000,110.395,111.392,110.191,111.354
2018-01-18T00:00:00.000000000+0000,111.353,111.482,110.691,111.04
2018-01-19T00:00:00.000000000+0000,111.037,111.129,110.491,110.817
2018-01-20T00:00:00.000000000+0000,110.817,110.817,110.817,110.817
2018-01-21T00:00:00.000000000+0000,110.576,110.806,110.501,110.687
2018-01-22T00:00:00.000000000+0000,110.689,111.223,110.593,110.981
2018-01-23T00:00:00.000000000+0000,110.982,111.175,110.063,110.124
2018-01-24T00:00:00.000000000+0000,110.124,110.297,108.966,109.32
2018-01-25T00:00:00.000000000+0000,109.324,109.718,108.499,109.671
2018-01-26T00:00:00.000000000+0000,109.674,109.771,108.283,108.606
2018-01-27T00:00:00.000000000+0000,108.606,108.606,108.606,108.606
2018-01-28T00:00:00.000000000+0000,108.699,108.783,108.592,108.606
2018-01-29T00:00:00.000000000+0000,108.608,109.202,108.51,108.943
2018-01-30T00:00:00.000000000+0000,108.944,109.202,108.412,108.741
2018-01-31T00:00:00.000000000+0000,108.748,109.444,108.596,109.194
2018-02-01T00:00:00.000000000+0000,109.193,109.749,109.094,109.397
2018-02-02T00:00:00.000000000+0000,109.398,110.482,109.28,110.137
2018-02-03T00:00:00.000000000+0000,110.137,110.137,110.137,110.137
2018-02-04T00:00:00.000000000+0000,110.195,110.289,110.021,110.036
2018-02-05T00:00:00.000000000+0000,110.034,110.264,108.99,109.053
2018-02-06T00:00:00.000000000+0000,109.051,109.71,108.455,109.627
2018-02-07T00:00:00.000000000+0000,109.631,109.701,108.919,109.154
2018-02-08T00:00:00.000000000+0000,109.154,109.782,108.492,108.555
2018-02-09T00:00:00.000000000+0000,108.558,109.309,108.045,108.782
2018-02-10T00:00:00.000000000+0000,108.782,108.782,108.782,108.782
2018-02-11T00:00:00.000000000+0000,108.857,108.889,108.702,108.8
2018-02-12T00:00:00.000000000+0000,108.801,108.809,108.436,108.719
2018-02-13T00:00:00.000000000+0000,108.718,108.767,107.409,107.766
2018-02-14T00:00:00.000000000+0000,107.764,107.901,106.42,106.548
2018-02-15T00:00:00.000000000+0000,106.545,106.888,106.023,106.104
2018-02-16T00:00:00.000000000+0000,106.104,106.398,105.55,106.206
2018-02-17T00:00:00.000000000+0000,106.206,106.206,106.206,106.206
2018-02-18T00:00:00.000000000+0000,106.316,106.366,106.135,106.267
2018-02-19T00:00:00.000000000+0000,106.268,106.737,106.095,106.717
2018-02-20T00:00:00.000000000+0000,106.719,107.394,106.642,107.393
2018-02-21T00:00:00.000000000+0000,107.393,107.902,107.286,107.577
2018-02-22T00:00:00.000000000+0000,107.578,107.762,106.595,106.838
2018-02-23T00:00:00.000000000+0000,106.838,107.132,106.512,106.866
2018-02-24T00:00:00.000000000+0000,106.866,106.866,106.866,106.866
2018-02-25T00:00:00.000000000+0000,107.181,107.181,106.909,107.076
2018-02-26T00:00:00.000000000+0000,107.075,107.088,106.375,107.069
2018-02-27T00:00:00.000000000+0000,107.069,107.674,106.785,107.427
2018-02-28T00:00:00.000000000+0000,107.429,107.526,106.565,106.634
2018-03-01T00:00:00.000000000+0000,106.635,107.202,106.074,106.17
2018-03-02T00:00:00.000000000+0000,106.17,106.293,105.25,105.718
2018-03-03T00:00:00.000000000+0000,105.718,105.718,105.718,105.718
2018-03-04T00:00:00.000000000+0000,105.48,105.675,105.435,105.563
2018-03-05T00:00:00.000000000+0000,105.564,106.279,105.349,106.256
2018-03-06T00:00:00.000000000+0000,106.257,106.461,105.454,105.578
2018-03-07T00:00:00.000000000+0000,105.579,106.225,105.505,106.181
2018-03-08T00:00:00.000000000+0000,106.179,106.438,105.891,106.42
2018-03-09T00:00:00.000000000+0000,106.415,107.049,106.35,106.806
2018-03-10T00:00:00.000000000+0000,106.806,106.806,106.806,106.806
2018-03-11T00:00:00.000000000+0000,106.68,106.97,106.613,106.901
2018-03-12T00:00:00.000000000+0000,106.901,106.972,106.26,106.288
2018-03-13T00:00:00.000000000+0000,106.294,107.291,106.252,106.527
2018-03-14T00:00:00.000000000+0000,106.534,106.748,106.065,106.162
2018-03-15T00:00:00.000000000+0000,106.161,106.412,105.784,106.309
2018-03-16T00:00:00.000000000+0000,106.311,106.333,105.602,105.98
2018-03-17T00:00:00.000000000+0000,105.98,105.98,105.98,105.98
2018-03-18T00:00:00.000000000+0000,105.91,106.069,105.901,105.958
2018-03-19T00:00:00.000000000+0000,105.959,106.307,105.678,106.014
2018-03-20T00:00:00.000000000+0000,106.015,106.604,105.984,106.476
2018-03-21T00:00:00.000000000+0000,106.475,106.639,105.88,105.939
2018-03-22T00:00:00.000000000+0000,105.94,105.968,104.639,104.958
2018-03-23T00:00:00.000000000+0000,104.961,105.286,104.658,104.721
2018-03-24T00:00:00.000000000+0000,104.721,104.721,104.721,104.721
2018-03-25T00:00:00.000000000+0000,104.639,104.868,104.63,104.84
2018-03-26T00:00:00.000000000+0000,104.836,105.545,104.726,105.545
2018-03-27T00:00:00.000000000+0000,105.546,105.903,105.324,105.477
2018-03-28T00:00:00.000000000+0000,105.48,107.009,105.425,106.804
2018-03-29T00:00:00.000000000+0000,106.806,106.932,106.268,106.488
2018-03-30T00:00:00.000000000+0000,106.487,106.513,106.122,106.249
2018-03-31T00:00:00.000000000+0000,106.249,106.249,106.249,106.249
2018-04-01T00:00:00.000000000+0000,106.167,106.405,106.167,106.318
2018-04-02T00:00:00.000000000+0000,106.32,106.448,105.657,105.795
2018-04-03T00:00:00.000000000+0000,105.796,106.655,105.692,106.441
2018-04-04T00:00:00.000000000+0000,106.445,106.846,105.99,106.785
2018-04-05T00:00:00.000000000+0000,106.789,107.491,106.71,107.106
2018-04-06T00:00:00.000000000+0000,107.105,107.46,106.775,106.902
2018-04-07T00:00:00.000000000+0000,106.902,106.902,106.902,106.902
2018-04-08T00:00:00.000000000+0000,106.931,107.039,106.802,106.958
2018-04-09T00:00:00.000000000+0000,106.956,107.203,106.616,106.755
2018-04-10T00:00:00.000000000+0000,106.753,107.397,106.618,107.131
2018-04-11T00:00:00.000000000+0000,107.13,107.151,106.65,106.825
2018-04-12T00:00:00.000000000+0000,106.826,107.429,106.7,107.252
2018-04-13T00:00:00.000000000+0000,107.254,107.778,107.251,107.335
2018-04-14T00:00:00.000000000+0000,107.335,107.335,107.335,107.335
2018-04-15T00:00:00.000000000+0000,107.481,107.608,107.442,107.521
2018-04-16T00:00:00.000000000+0000,107.521,107.521,107.035,107.053
2018-04-17T00:00:00.000000000+0000,107.053,107.211,106.883,107.021
2018-04-18T00:00:00.000000000+0000,107.021,107.383,107.008,107.355
2018-04-19T00:00:00.000000000+0000,107.357,107.515,107.239,107.444
2018-04-20T00:00:00.000000000+0000,107.443,107.855,107.394,107.632
2018-04-21T00:00:00.000000000+0000,107.632,107.632,107.632,107.632
2018-04-22T00:00:00.000000000+0000,107.765,107.887,107.659,107.88
2018-04-23T00:00:00.000000000+0000,107.877,108.789,107.731,108.772
2018-04-24T00:00:00.000000000+0000,108.772,109.199,108.542,108.802
2018-04-25T00:00:00.000000000+0000,108.802,109.469,108.788,109.374
2018-04-26T00:00:00.000000000+0000,109.377,109.455,109.066,109.302
2018-04-27T00:00:00.000000000+0000,109.302,109.536,108.964,109.045
2018-04-28T00:00:00.000000000+0000,109.045,109.045,109.045,109.045
2018-04-29T00:00:00.000000000+0000,109.057,109.179,109.017,109.094
2018-04-30T00:00:00.000000000+0000,109.093,109.452,109.02,109.312
2018-05-01T00:00:00.000000000+0000,109.309,109.918,109.255,109.872
2018-05-02T00:00:00.000000000+0000,109.87,110.036,109.595,109.839
2018-05-03T00:00:00.000000000+0000,109.841,109.853,108.929,109.104
2018-05-04T00:00:00.000000000+0000,109.104,109.272,108.648,109.101
2018-05-05T00:00:00.000000000+0000,109.101,109.101,109.101,109.101
2018-05-06T00:00:00.000000000+0000,109.105,109.199,109.04,109.14
2018-05-07T00:00:00.000000000+0000,109.14,109.397,108.757,108.946
2018-05-08T00:00:00.000000000+0000,108.944,109.35,108.829,109.035
2018-05-09T00:00:00.000000000+0000,109.034,109.87,109.001,109.842
2018-05-10T00:00:00.000000000+0000,109.843,110.017,109.316,109.452
2018-05-11T00:00:00.000000000+0000,109.455,109.567,109.152,109.369
2018-05-12T00:00:00.000000000+0000,109.369,109.369,109.369,109.369
2018-05-13T00:00:00.000000000+0000,109.308,109.404,109.266,109.314
2018-05-14T00:00:00.000000000+0000,109.318,109.746,109.208,109.73
2018-05-15T00:00:00.000000000+0000,109.731,110.454,109.66,110.293
2018-05-16T00:00:00.000000000+0000,110.296,110.404,110.039,110.367
2018-05-17T00:00:00.000000000+0000,110.367,110.86,110.073,110.846
2018-05-18T00:00:00.000000000+0000,110.851,111.081,110.609,110.748
2018-05-19T00:00:00.000000000+0000,110.748,110.748,110.748,110.748
2018-05-20T00:00:00.000000000+0000,110.867,110.903,110.821,110.892
2018-05-21T00:00:00.000000000+0000,110.894,111.395,110.891,110.998
2018-05-22T00:00:00.000000000+0000,110.997,111.185,110.723,110.736
2018-05-23T00:00:00.000000000+0000,110.736,110.876,109.557,109.877
2018-05-24T00:00:00.000000000+0000,109.879,109.932,108.955,109.315
2018-05-25T00:00:00.000000000+0000,109.314,109.741,109.121,109.377
2018-05-26T00:00:00.000000000+0000,109.377,109.377,109.377,109.377
2018-05-27T00:00:00.000000000+0000,109.744,109.832,109.589,109.613
2018-05-28T00:00:00.000000000+0000,109.613,109.748,109.234,109.401
2018-05-29T00:00:00.000000000+0000,109.401,109.401,108.111,108.406
2018-05-30T00:00:00.000000000+0000,108.408,109.073,108.382,108.726
2018-05-31T00:00:00.000000000+0000,108.728,109.001,108.388,108.783
2018-06-01T00:00:00.000000000+0000,108.786,109.733,108.733,109.508
2018-06-02T00:00:00.000000000+0000,109.508,109.508,109.508,109.508
2018-06-03T00:00:00.000000000+0000,109.455,109.619,109.447,109.607
2018-06-04T00:00:00.000000000+0000,109.607,109.992,109.372,109.966
2018-06-05T00:00:00.000000000+0000,109.967,110.004,109.472,109.885
2018-06-06T00:00:00.000000000+0000,109.885,110.266,109.794,110.135
2018-06-07T00:00:00.000000000+0000,110.134,110.22,109.476,109.717
2018-06-08T00:00:00.000000000+0000,109.72,109.851,109.198,109.529
2018-06-09T00:00:00.000000000+0000,109.529,109.529,109.529,109.529
2018-06-10T00:00:00.000000000+0000,109.274,109.486,109.273,109.46
2018-06-11T00:00:00.000000000+0000,109.459,110.427,109.39,110.391
2018-06-12T00:00:00.000000000+0000,110.394,110.541,110.099,110.451
2018-06-13T00:00:00.000000000+0000,110.451,110.846,110.082,110.239
2018-06-14T00:00:00.000000000+0000,110.237,110.693,109.917,110.637
2018-06-15T00:00:00.000000000+0000,110.638,110.904,110.387,110.632
2018-06-16T00:00:00.000000000+0000,110.632,110.632,110.632,110.632
2018-06-17T00:00:00.000000000+0000,110.659,110.737,110.579,110.641
2018-06-18T00:00:00.000000000+0000,110.64,110.666,110.103,110.132
2018-06-19T00:00:00.000000000+0000,110.134,110.213,109.55,110.088
2018-06-20T00:00:00.000000000+0000,110.088,110.451,109.853,110.38
2018-06-21T00:00:00.000000000+0000,110.379,110.756,109.84,109.952
2018-06-22T00:00:00.000000000+0000,109.954,110.217,109.802,109.974
2018-06-23T00:00:00.000000000+0000,109.974,109.974,109.974,109.974
2018-06-24T00:00:00.000000000+0000,109.828,110.016,109.816,109.944
2018-06-25T00:00:00.000000000+0000,109.944,110.042,109.367,109.637
2018-06-26T00:00:00.000000000+0000,109.639,110.214,109.37,110.124
2018-06-27T00:00:00.000000000+0000,110.125,110.489,109.685,110.22
2018-06-28T00:00:00.000000000+0000,110.22,110.649,109.966,110.488
2018-06-29T00:00:00.000000000+0000,110.489,110.942,110.373,110.671
2018-06-30T00:00:00.000000000+0000,110.671,110.671,110.671,110.671
2018-07-01T00:00:00.000000000+0000,110.561,110.821,110.561,110.731
2018-07-02T00:00:00.000000000+0000,110.737,111.062,110.603,110.879
2018-07-03T00:00:00.000000000+0000,110.882,111.133,110.394,110.414
2018-07-04T00:00:00.000000000+0000,110.413,110.556,110.278,110.504
2018-07-05T00:00:00.000000000+0000,110.504,110.727,110.288,110.569
2018-07-06T00:00:00.000000000+0000,110.567,110.785,110.381,110.452
2018-07-07T00:00:00.000000000+0000,110.452,110.452,110.452,110.452
2018-07-08T00:00:00.000000000+0000,110.382,110.478,110.382,110.438
2018-07-09T00:00:00.000000000+0000,110.439,110.977,110.349,110.956
2018-07-10T00:00:00.000000000+0000,110.96,111.353,110.794,110.852
2018-07-11T00:00:00.000000000+0000,110.851,112.175,110.767,111.977
2018-07-12T00:00:00.000000000+0000,111.977,112.704,111.965,112.669
2018-07-13T00:00:00.000000000+0000,112.671,112.8,112.276,112.337
2018-07-14T00:00:00.000000000+0000,112.337,112.337,112.337,112.337
2018-07-15T00:00:00.000000000+0000,112.196,112.465,112.196,112.399
2018-07-16T00:00:00.000000000+0000,112.399,112.562,112.228,112.384
2018-07-17T00:00:00.000000000+0000,112.384,113.076,112.222,113.019
2018-07-18T00:00:00.000000000+0000,113.019,113.136,112.709,112.801
2018-07-19T00:00:00.000000000+0000,112.8,113.173,112.051,112.364
2018-07-20T00:00:00.000000000+0000,112.362,112.621,111.383,111.44
2018-07-21T00:00:00.000000000+0000,111.44,111.44,111.44,111.44
2018-07-22T00:00:00.000000000+0000,111.381,111.506,111.056,111.059
2018-07-23T00:00:00.000000000+0000,111.06,111.543,110.75,111.465
2018-07-24T00:00:00.000000000+0000,111.465,111.466,110.96,111.278
2018-07-25T00:00:00.000000000+0000,111.276,111.383,110.659,110.857
2018-07-26T00:00:00.000000000+0000,110.857,111.248,110.59,111.157
2018-07-27T00:00:00.000000000+0000,111.157,111.249,110.797,111.006
2018-07-28T00:00:00.000000000+0000,111.006,111.006,111.006,111.006
2018-07-29T00:00:00.000000000+0000,110.931,111.013,110.91,110.944
2018-07-30T00:00:00.000000000+0000,110.946,111.164,110.89,110.999
2018-07-31T00:00:00.000000000+0000,110.998,111.958,110.75,111.833
2018-08-01T00:00:00.000000000+0000,111.832,112.15,111.391,111.64
2018-08-02T00:00:00.000000000+0000,111.637,111.737,111.315,111.701
2018-08-03T00:00:00.000000000+0000,111.704,111.876,111.101,111.255
2018-08-04T00:00:00.000000000+0000,111.255,111.255,111.255,111.255
2018-08-05T00:00:00.000000000+0000,111.211,111.262,111.155,111.235
2018-08-06T00:00:00.000000000+0000,111.235,111.526,111.168,111.335
2018-08-07T00:00:00.000000000+0000,111.335,111.478,110.994,111.349
2018-08-08T00:00:00.000000000+0000,111.348,111.438,110.837,110.909
2018-08-09T00:00:00.000000000+0000,110.908,111.183,110.707,111.083
2018-08-10T00:00:00.000000000+0000,111.083,111.141,110.511,110.807
2018-08-11T00:00:00.000000000+0000,110.807,110.807,110.807,110.807
2018-08-12T00:00:00.000000000+0000,110.425,110.747,110.425,110.63
2018-08-13T00:00:00.000000000+0000,110.631,110.933,110.11,110.629
2018-08-14T00:00:00.000000000+0000,110.628,111.315,110.587,111.254
2018-08-15T00:00:00.000000000+0000,111.254,111.431,110.432,110.575
2018-08-16T00:00:00.000000000+0000,110.575,111.121,110.46,111.014
2018-08-17T00:00:00.000000000+0000,111.015,111.052,110.315,110.487
2018-08-18T00:00:00.000000000+0000,110.487,110.487,110.487,110.487
2018-08-19T00:00:00.000000000+0000,110.582,110.582,110.469,110.48
2018-08-20T00:00:00.000000000+0000,110.483,110.684,109.918,109.951
2018-08-21T00:00:00.000000000+0000,109.951,110.547,109.775,110.116
2018-08-22T00:00:00.000000000+0000,110.116,110.678,110.027,110.591
2018-08-23T00:00:00.000000000+0000,110.589,111.405,110.55,111.365
2018-08-24T00:00:00.000000000+0000,111.367,111.486,111.103,111.204
2018-08-25T00:00:00.000000000+0000,111.204,111.204,111.204,111.204
2018-08-26T00:00:00.000000000+0000,111.32,111.346,111.225,111.291
2018-08-27T00:00:00.000000000+0000,111.291,111.341,110.936,111.135
2018-08-28T00:00:00.000000000+0000,111.133,111.355,110.955,111.148
2018-08-29T00:00:00.000000000+0000,111.147,111.826,111.122,111.686
2018-08-30T00:00:00.000000000+0000,111.684,111.754,110.952,111.009
2018-08-31T00:00:00.000000000+0000,111.01,111.135,110.684,111.065
2018-09-01T00:00:00.000000000+0000,111.065,111.065,111.065,111.065
2018-09-02T00:00:00.000000000+0000,111.064,111.188,111.039,111.143
2018-09-03T00:00:00.000000000+0000,111.144,111.173,110.85,111.084
2018-09-04T00:00:00.000000000+0000,111.083,111.533,110.9,111.463
2018-09-05T00:00:00.000000000+0000,111.464,111.758,111.4,111.45
2018-09-06T00:00:00.000000000+0000,111.449,111.455,110.46,110.489
2018-09-07T00:00:00.000000000+0000,110.49,111.247,110.38,110.969
2018-09-08T00:00:00.000000000+0000,110.969,110.969,110.969,110.969
2018-09-09T00:00:00.000000000+0000,111.024,111.09,110.879,110.921
2018-09-10T00:00:00.000000000+0000,110.919,111.247,110.851,111.139
2018-09-11T00:00:00.000000000+0000,111.141,111.649,111.14,111.632
2018-09-12T00:00:00.000000000+0000,111.632,111.632,111.116,111.215
2018-09-13T00:00:00.000000000+0000,111.213,112.058,111.169,112.026
2018-09-14T00:00:00.000000000+0000,112.03,112.168,111.753,112.054
2018-09-15T00:00:00.000000000+0000,112.054,112.054,112.054,112.054
2018-09-16T00:00:00.000000000+0000,112.009,112.056,111.939,111.966
2018-09-17T00:00:00.000000000+0000,111.965,112.122,111.669,111.689
2018-09-18T00:00:00.000000000+0000,111.689,112.389,111.663,112.282
2018-09-19T00:00:00.000000000+0000,112.281,112.447,112.161,112.335
2018-09-20T00:00:00.000000000+0000,112.333,112.584,112.042,112.495
2018-09-21T00:00:00.000000000+0000,112.496,112.873,112.463,112.539
2018-09-22T00:00:00.000000000+0000,112.539,112.539,112.539,112.539
2018-09-23T00:00:00.000000000+0000,112.385,112.568,112.385,112.531
2018-09-24T00:00:00.000000000+0000,112.531,112.854,112.431,112.779
2018-09-25T00:00:00.000000000+0000,112.779,112.997,112.741,112.982
2018-09-26T00:00:00.000000000+0000,112.981,113.135,112.621,112.711
2018-09-27T00:00:00.000000000+0000,112.713,113.468,112.561,113.39
2018-09-28T00:00:00.000000000+0000,113.392,113.706,113.316,113.697
2018-09-29T00:00:00.000000000+0000,113.697,113.697,113.697,113.697
2018-09-30T00:00:00.000000000+0000,113.705,113.845,113.699,113.797
2018-10-01T00:00:00.000000000+0000,113.796,114.061,113.726,113.954
2018-10-02T00:00:00.000000000+0000,113.953,114.011,113.529,113.566
2018-10-03T00:00:00.000000000+0000,113.566,114.549,113.52,114.51
2018-10-04T00:00:00.000000000+0000,114.509,114.521,113.632,113.895
2018-10-05T00:00:00.000000000+0000,113.896,114.1,113.559,113.681
2018-10-06T00:00:00.000000000+0000,113.681,113.681,113.681,113.681
2018-10-07T00:00:00.000000000+0000,113.747,113.783,113.652,113.709
2018-10-08T00:00:00.000000000+0000,113.709,113.941,112.821,113.122
2018-10-09T00:00:00.000000000+0000,113.119,113.392,112.87,113.019
2018-10-10T00:00:00.000000000+0000,113.019,113.286,112.055,112.086
2018-10-11T00:00:00.000000000+0000,112.084,112.535,111.833,112.092
2018-10-12T00:00:00.000000000+0000,112.075,112.496,111.88,112.157
2018-10-13T00:00:00.000000000+0000,112.157,112.157,112.157,112.157
2018-10-14T00:00:00.000000000+0000,112.133,112.235,112.115,112.209
2018-10-15T00:00:00.000000000+0000,112.211,112.225,111.625,111.839
2018-10-16T00:00:00.000000000+0000,111.841,112.395,111.808,112.344
2018-10-17T00:00:00.000000000+0000,112.345,112.714,112.015,112.624
2018-10-18T00:00:00.000000000+0000,112.625,112.728,111.948,112.197
2018-10-19T00:00:00.000000000+0000,112.197,112.647,112.191,112.504
2018-10-20T00:00:00.000000000+0000,112.504,112.504,112.504,112.504
2018-10-21T00:00:00.000000000+0000,112.568,112.598,112.415,112.462
2018-10-22T00:00:00.000000000+0000,112.462,112.885,112.349,112.757
2018-10-23T00:00:00.000000000+0000,112.757,112.797,111.952,112.454
2018-10-24T00:00:00.000000000+0000,112.455,112.744,111.983,111.999
2018-10-25T00:00:00.000000000+0000,112.002,112.674,111.819,112.35
2018-10-26T00:00:00.000000000+0000,112.353,112.442,111.377,111.874
2018-10-27T00:00:00.000000000+0000,111.874,111.874,111.874,111.874
2018-10-28T00:00:00.000000000+0000,111.854,111.97,111.801,111.921
2018-10-29T00:00:00.000000000+0000,111.919,112.563,111.776,112.324
2018-10-30T00:00:00.000000000+0000,112.324,113.162,112.303,113.066
2018-10-31T00:00:00.000000000+0000,113.069,113.383,112.805,112.855
2018-11-01T00:00:00.000000000+0000,112.857,113.002,112.56,112.734
2018-11-02T00:00:00.000000000+0000,112.736,113.321,112.656,113.181
2018-11-03T00:00:00.000000000+0000,113.181,113.181,113.181,113.181
2018-11-04T00:00:00.000000000+0000,113.147,113.231,113.118,113.136
2018-11-05T00:00:00.000000000+0000,113.136,113.336,113.075,113.26
2018-11-06T00:00:00.000000000+0000,113.261,113.504,113.101,113.341
2018-11-07T00:00:00.000000000+0000,113.341,113.817,112.946,113.567
2018-11-08T00:00:00.000000000+0000,113.566,114.087,113.546,113.957
2018-11-09T00:00:00.000000000+0000,113.963,114.01,113.638,113.772
2018-11-10T00:00:00.000000000+0000,113.772,113.772,113.772,113.772
2018-11-11T00:00:00.000000000+0000,113.803,113.887,113.773,113.846
2018-11-12T00:00:00.000000000+0000,113.844,114.205,113.661,113.692
2018-11-13T00:00:00.000000000+0000,113.692,114.146,113.581,113.795
2018-11-14T00:00:00.000000000+0000,113.796,114.007,113.297,113.563
2018-11-15T00:00:00.000000000+0000,113.562,113.706,113.098,113.563
2018-11-16T00:00:00.000000000+0000,113.56,113.61,112.643,112.811
2018-11-17T00:00:00.000000000+0000,112.811,112.811,112.811,112.811
2018-11-18T00:00:00.000000000+0000,112.756,112.842,112.609,112.725
2018-11-19T00:00:00.000000000+0000,112.725,112.873,112.398,112.454
2018-11-20T00:00:00.000000000+0000,112.454,112.839,112.304,112.709
2018-11-21T00:00:00.000000000+0000,112.708,113.2,112.698,113.031
2018-11-22T00:00:00.000000000+0000,113.031,113.131,112.884,112.984
2018-11-23T00:00:00.000000000+0000,112.984,113.009,112.661,112.941
2018-11-24T00:00:00.000000000+0000,112.941,112.941,112.941,112.941
2018-11-25T00:00:00.000000000+0000,112.905,112.935,112.877,112.916
2018-11-26T00:00:00.000000000+0000,112.915,113.65,112.904,113.505
2018-11-27T00:00:00.000000000+0000,113.505,113.843,113.414,113.796
2018-11-28T00:00:00.000000000+0000,113.796,114.036,113.439,113.561
2018-11-29T00:00:00.000000000+0000,113.564,113.611,113.191,113.413
2018-11-30T00:00:00.000000000+0000,113.411,113.717,113.342,113.437
2018-12-01T00:00:00.000000000+0000,113.437,113.437,113.437,113.437
2018-12-02T00:00:00.000000000+0000,113.659,113.821,113.6,113.771
2018-12-03T00:00:00.000000000+0000,113.77,113.778,113.375,113.588
2018-12-04T00:00:00.000000000+0000,113.589,113.637,112.575,112.689
2018-12-05T00:00:00.000000000+0000,112.69,113.241,112.675,113.042
2018-12-06T00:00:00.000000000+0000,113.043,113.154,112.236,112.723
2018-12-07T00:00:00.000000000+0000,112.726,112.927,112.553,112.689
2018-12-08T00:00:00.000000000+0000,112.689,112.689,112.689,112.689
2018-12-09T00:00:00.000000000+0000,112.609,112.682,112.424,112.519
2018-12-10T00:00:00.000000000+0000,112.52,113.374,112.24,113.195
2018-12-11T00:00:00.000000000+0000,113.196,113.465,113.008,113.376
2018-12-12T00:00:00.000000000+0000,113.375,113.519,113.142,113.284
2018-12-13T00:00:00.000000000+0000,113.285,113.708,113.284,113.572
2018-12-14T00:00:00.000000000+0000,113.566,113.674,113.214,113.371
2018-12-15T00:00:00.000000000+0000,113.371,113.371,113.371,113.371
2018-12-16T00:00:00.000000000+0000,113.345,113.405,113.302,113.405
2018-12-17T00:00:00.000000000+0000,113.405,113.52,112.682,112.837
2018-12-18T00:00:00.000000000+0000,112.836,112.838,112.249,112.518
2018-12-19T00:00:00.000000000+0000,112.517,112.665,112.088,112.404
2018-12-20T00:00:00.000000000+0000,112.404,112.604,110.813,111.175
2018-12-21T00:00:00.000000000+0000,111.175,111.459,110.934,111.211
2018-12-22T00:00:00.000000000+0000,111.211,111.211,111.211,111.211
2018-12-23T00:00:00.000000000+0000,110.941,111.19,110.935,111.076
2018-12-24T00:00:00.000000000+0000,111.076,111.155,110.268,110.295
2018-12-25T00:00:00.000000000+0000,110.296,110.444,109.999,110.434
2018-12-26T00:00:00.000000000+0000,110.436,111.408,110.279,111.218
2018-12-27T00:00:00.000000000+0000,111.224,111.232,110.455,110.843
2018-12-28T00:00:00.000000000+0000,110.846,110.94,110.142,110.239
2018-12-29T00:00:00.000000000+0000,110.239,110.239,110.239,110.239
2018-12-30T00:00:00.000000000+0000,110.231,110.419,110.231,110.32
2018-12-31T00:00:00.000000000+0000,110.32,110.475,109.554,109.556
2019-01-01T00:00:00.000000000+0000,109.648,109.726,109.606,109.67
2019-01-02T00:00:00.000000000+0000,109.669,109.68,104.736,107.427
2019-01-03T00:00:00.000000000+0000,107.433,108.304,106.746,107.849
2019-01-04T00:00:00.000000000+0000,107.848,108.589,107.512,108.518
2019-01-05T00:00:00.000000000+0000,108.518,108.518,108.518,108.518
2019-01-06T00:00:00.000000000+0000,108.503,108.622,108.352,108.55
2019-01-07T00:00:00.000000000+0000,108.55,108.747,108.019,108.626
2019-01-08T00:00:00.000000000+0000,108.627,109.087,108.441,108.751
2019-01-09T00:00:00.000000000+0000,108.752,109.001,107.971,108.185
2019-01-10T00:00:00.000000000+0000,108.184,108.518,107.769,108.282
2019-01-11T00:00:00.000000000+0000,108.284,108.597,108.145,108.528
2019-01-12T00:00:00.000000000+0000,108.528,108.528,108.528,108.528
2019-01-13T00:00:00.000000000+0000,108.499,108.555,108.395,108.451
2019-01-14T00:00:00.000000000+0000,108.451,108.481,107.986,108.237
2019-01-15T00:00:00.000000000+0000,108.236,108.765,108.196,108.653
2019-01-16T00:00:00.000000000+0000,108.653,109.195,108.37,109.04
2019-01-17T00:00:00.000000000+0000,109.041,109.398,108.686,109.142
2019-01-18T00:00:00.000000000+0000,109.145,109.889,109.13,109.769
2019-01-19T00:00:00.000000000+0000,109.769,109.769,109.769,109.769
2019-01-20T00:00:00.000000000+0000,109.679,109.767,109.656,109.681
2019-01-21T00:00:00.000000000+0000,109.68,109.72,109.474,109.673
2019-01-22T00:00:00.000000000+0000,109.673,109.693,109.146,109.357
2019-01-23T00:00:00.000000000+0000,109.357,109.999,109.355,109.5
2019-01-24T00:00:00.000000000+0000,109.502,109.799,109.421,109.597
2019-01-25T00:00:00.000000000+0000,109.596,109.949,109.453,109.539
2019-01-26T00:00:00.000000000+0000,109.539,109.539,109.539,109.539
2019-01-27T00:00:00.000000000+0000,109.543,109.576,109.395,109.414
2019-01-28T00:00:00.000000000+0000,109.414,109.525,109.16,109.256
2019-01-29T00:00:00.000000000+0000,109.257,109.541,109.129,109.427
2019-01-30T00:00:00.000000000+0000,109.426,109.743,108.808,108.977
2019-01-31T00:00:00.000000000+0000,108.976,109.002,108.497,108.846
2019-02-01T00:00:00.000000000+0000,108.846,109.58,108.725,109.504
2019-02-02T00:00:00.000000000+0000,109.504,109.504,109.504,109.504
2019-02-03T00:00:00.000000000+0000,109.51,109.533,109.432,109.445
2019-02-04T00:00:00.000000000+0000,109.443,110.161,109.44,109.978
2019-02-05T00:00:00.000000000+0000,109.979,110.041,109.778,109.942
2019-02-06T00:00:00.000000000+0000,109.942,110.051,109.56,109.986
2019-02-07T00:00:00.000000000+0000,109.986,110.086,109.605,109.754
2019-02-08T00:00:00.000000000+0000,109.753,109.897,109.648,109.724
2019-02-09T00:00:00.000000000+0000,109.724,109.724,109.724,109.724
2019-02-10T00:00:00.000000000+0000,109.729,109.865,109.729,109.813
2019-02-11T00:00:00.000000000+0000,109.816,110.492,109.774,110.393
2019-02-12T00:00:00.000000000+0000,110.394,110.651,110.344,110.513
2019-02-13T00:00:00.000000000+0000,110.514,111.052,110.497,110.93
2019-02-14T00:00:00.000000000+0000,110.929,111.128,110.404,110.54
2019-02-15T00:00:00.000000000+0000,110.539,110.645,110.252,110.458
2019-02-16T00:00:00.000000000+0000,110.458,110.458,110.458,110.458
2019-02-17T00:00:00.000000000+0000,110.439,110.576,110.439,110.574
2019-02-18T00:00:00.000000000+0000,110.572,110.652,110.457,110.595
2019-02-19T00:00:00.000000000+0000,110.595,110.823,110.453,110.58
2019-02-20T00:00:00.000000000+0000,110.58,110.95,110.576,110.75
2019-02-21T00:00:00.000000000+0000,110.751,110.855,110.568,110.705
2019-02-22T00:00:00.000000000+0000,110.708,110.905,110.557,110.637
2019-02-23T00:00:00.000000000+0000,110.637,110.637,110.637,110.637
2019-02-24T00:00:00.000000000+0000,110.649,110.797,110.647,110.773
2019-02-25T00:00:00.000000000+0000,110.773,111.234,110.577,111.04
2019-02-26T00:00:00.000000000+0000,111.04,111.076,110.424,110.554
2019-02-27T00:00:00.000000000+0000,110.552,111.074,110.351,110.863
2019-02-28T00:00:00.000000000+0000,110.863,111.493,110.661,111.363
2019-03-01T00:00:00.000000000+0000,111.362,112.077,111.358,111.906
2019-03-02T00:00:00.000000000+0000,111.906,111.906,111.906,111.906
2019-03-03T00:00:00.000000000+0000,111.851,111.964,111.756,111.936
2019-03-04T00:00:00.000000000+0000,111.936,112.013,111.64,111.78
2019-03-05T00:00:00.000000000+0000,111.78,112.137,111.762,111.868
2019-03-06T00:00:00.000000000+0000,111.865,111.922,111.612,111.625
2019-03-07T00:00:00.000000000+0000,111.623,111.857,111.482,111.643
2019-03-08T00:00:00.000000000+0000,111.642,111.648,110.778,111.156
2019-03-09T00:00:00.000000000+0000,111.156,111.156,111.156,111.156
2019-03-10T00:00:00.000000000+0000,110.986,111.158,110.985,111.081
2019-03-11T00:00:00.000000000+0000,111.081,111.361,110.879,111.332
2019-03-12T00:00:00.000000000+0000,111.332,111.466,111.11,111.315
2019-03-13T00:00:00.000000000+0000,111.315,111.465,111.006,111.212
2019-03-14T00:00:00.000000000+0000,111.211,111.833,111.146,111.753
2019-03-15T00:00:00.000000000+0000,111.755,111.901,111.384,111.471
2019-03-16T00:00:00.000000000+0000,111.471,111.471,111.471,111.471
2019-03-17T00:00:00.000000000+0000,111.46,111.568,111.46,111.552
2019-03-18T00:00:00.000000000+0000,111.553,111.628,111.296,111.385
2019-03-19T00:00:00.000000000+0000,111.383,111.476,111.158,111.418
2019-03-20T00:00:00.000000000+0000,111.418,111.695,110.535,110.663
2019-03-21T00:00:00.000000000+0000,110.664,110.958,110.298,110.815
2019-03-22T00:00:00.000000000+0000,110.816,110.897,109.741,109.925
2019-03-23T00:00:00.000000000+0000,109.925,109.925,109.925,109.925
2019-03-24T00:00:00.000000000+0000,109.916,110.139,109.915,110.093
2019-03-25T00:00:00.000000000+0000,110.093,110.241,109.708,110.057
2019-03-26T00:00:00.000000000+0000,110.058,110.69,109.993,110.57
2019-03-27T00:00:00.000000000+0000,110.569,110.713,110.235,110.5
2019-03-28T00:00:00.000000000+0000,110.501,110.832,110.018,110.631
2019-03-29T00:00:00.000000000+0000,110.633,110.949,110.533,110.825
2019-03-30T00:00:00.000000000+0000,110.825,110.825,110.825,110.825
2019-03-31T00:00:00.000000000+0000,111.008,111.055,110.866,110.986
2019-04-01T00:00:00.000000000+0000,110.986,111.454,110.81,111.449
2019-04-02T00:00:00.000000000+0000,111.449,111.449,111.248,111.308
2019-04-03T00:00:00.000000000+0000,111.309,111.578,111.208,111.395
2019-04-04T00:00:00.000000000+0000,111.395,111.683,111.334,111.654
2019-04-05T00:00:00.000000000+0000,111.652,111.822,111.549,111.688
2019-04-06T00:00:00.000000000+0000,111.688,111.688,111.688,111.688
2019-04-07T00:00:00.000000000+0000,111.665,111.746,111.647,111.713
2019-04-08T00:00:00.000000000+0000,111.713,111.713,111.283,111.45
2019-04-09T00:00:00.000000000+0000,111.449,111.579,110.979,111.091
2019-04-10T00:00:00.000000000+0000,111.091,111.28,110.843,110.987
2019-04-11T00:00:00.000000000+0000,110.987,111.696,110.987,111.646
2019-04-12T00:00:00.000000000+0000,111.644,112.093,111.637,111.993
2019-04-13T00:00:00.000000000+0000,111.993,111.993,111.993,111.993
2019-04-14T00:00:00.000000000+0000,111.955,112.055,111.947,112.037
2019-04-15T00:00:00.000000000+0000,112.037,112.095,111.886,111.949
2019-04-16T00:00:00.000000000+0000,111.949,112.045,111.846,111.994
2019-04-17T00:00:00.000000000+0000,111.994,112.165,111.921,112.033
2019-04-18T00:00:00.000000000+0000,112.034,112.046,111.766,111.991
2019-04-19T00:00:00.000000000+0000,111.99,112.005,111.859,111.859
2019-04-20T00:00:00.000000000+0000,111.859,111.859,111.859,111.859
2019-04-21T00:00:00.000000000+0000,111.854,111.945,111.844,111.914
2019-04-22T00:00:00.000000000+0000,111.915,111.991,111.887,111.932
2019-04-23T00:00:00.000000000+0000,111.932,112.032,111.651,111.88
2019-04-24T00:00:00.000000000+0000,111.88,112.399,111.681,112.118
2019-04-25T00:00:00.000000000+0000,112.119,112.239,111.368,111.543
2019-04-26T00:00:00.000000000+0000,111.543,112.031,111.428,111.526
2019-04-27T00:00:00.000000000+0000,111.526,111.526,111.526,111.526
2019-04-28T00:00:00.000000000+0000,111.533,111.612,111.533,111.601
2019-04-29T00:00:00.000000000+0000,111.6,111.898,111.577,111.681
2019-04-30T00:00:00.000000000+0000,111.682,111.687,111.235,111.398
2019-05-01T00:00:00.000000000+0000,111.397,111.613,111.051,111.448
2019-05-02T00:00:00.000000000+0000,111.449,111.664,111.372,111.496
2019-05-03T00:00:00.000000000+0000,111.495,111.699,111.068,111.09
2019-05-04T00:00:00.000000000+0000,111.09,111.09,111.09,111.09
2019-05-05T00:00:00.000000000+0000,110.604,110.843,110.529,110.635
2019-05-06T00:00:00.000000000+0000,110.638,110.958,110.28,110.801
2019-05-07T00:00:00.000000000+0000,110.803,110.852,110.17,110.265
2019-05-08T00:00:00.000000000+0000,110.264,110.269,109.902,110.029
2019-05-09T00:00:00.000000000+0000,110.028,110.083,109.472,109.827
2019-05-10T00:00:00.000000000+0000,109.826,110.049,109.474,109.94
2019-05-11T00:00:00.000000000+0000,109.94,109.94,109.94,109.94
2019-05-12T00:00:00.000000000+0000,109.746,109.834,109.634,109.644
2019-05-13T00:00:00.000000000+0000,109.645,109.805,109.019,109.159
2019-05-14T00:00:00.000000000+0000,109.161,109.772,109.151,109.675
2019-05-15T00:00:00.000000000+0000,109.676,109.701,109.153,109.47
2019-05-16T00:00:00.000000000+0000,109.47,109.967,109.336,109.881
2019-05-17T00:00:00.000000000+0000,109.88,110.194,109.493,110.054
2019-05-18T00:00:00.000000000+0000,110.054,110.054,110.054,110.054
2019-05-19T00:00:00.000000000+0000,110.103,110.214,110.015,110.17
2019-05-20T00:00:00.000000000+0000,110.173,110.318,109.809,110.085
2019-05-21T00:00:00.000000000+0000,110.086,110.672,110.043,110.565
2019-05-22T00:00:00.000000000+0000,110.565,110.625,110.205,110.217
2019-05-23T00:00:00.000000000+0000,110.219,110.363,109.457,109.556
2019-05-24T00:00:00.000000000+0000,109.56,109.745,109.273,109.285
2019-05-25T00:00:00.000000000+0000,109.285,109.285,109.285,109.285
2019-05-26T00:00:00.000000000+0000,109.285,109.42,109.279,109.398
2019-05-27T00:00:00.000000000+0000,109.4,109.584,109.357,109.512
2019-05-28T00:00:00.000000000+0000,109.512,109.629,109.21,109.355
2019-05-29T00:00:00.000000000+0000,109.356,109.699,109.149,109.561
2019-05-30T00:00:00.000000000+0000,109.561,109.925,109.32,109.336
2019-05-31T00:00:00.000000000+0000,109.336,109.399,108.277,108.278
2019-06-01T00:00:00.000000000+0000,108.278,108.278,108.278,108.278
2019-06-02T00:00:00.000000000+0000,108.275,108.348,108.173,108.223
2019-06-03T00:00:00.000000000+0000,108.223,108.445,107.883,108.036
2019-06-04T00:00:00.000000000+0000,108.036,108.358,107.845,108.257
2019-06-05T00:00:00.000000000+0000,108.257,108.485,107.815,108.322
2019-06-06T00:00:00.000000000+0000,108.323,108.562,108.025,108.456
2019-06-07T00:00:00.000000000+0000,108.457,108.617,107.88,108.189
2019-06-08T00:00:00.000000000+0000,108.189,108.189,108.189,108.189
2019-06-09T00:00:00.000000000+0000,108.474,108.553,108.415,108.45
2019-06-10T00:00:00.000000000+0000,108.448,108.716,108.312,108.358
2019-06-11T00:00:00.000000000+0000,108.36,108.8,108.356,108.475
2019-06-12T00:00:00.000000000+0000,108.478,108.562,108.218,108.492
2019-06-13T00:00:00.000000000+0000,108.492,108.536,108.164,108.323
2019-06-14T00:00:00.000000000+0000,108.322,108.587,108.158,108.55
2019-06-15T00:00:00.000000000+0000,108.55,108.55,108.55,108.55
2019-06-16T00:00:00.000000000+0000,108.493,108.589,108.469,108.574
2019-06-17T00:00:00.000000000+0000,108.573,108.724,108.516,108.546
2019-06-18T00:00:00.000000000+0000,108.545,108.676,108.06,108.582
2019-06-19T00:00:00.000000000+0000,108.583,108.617,107.9,108.114
2019-06-20T00:00:00.000000000+0000,108.112,108.119,107.209,107.299
2019-06-21T00:00:00.000000000+0000,107.299,107.734,107.048,107.303
2019-06-22T00:00:00.000000000+0000,107.303,107.303,107.303,107.303
2019-06-23T00:00:00.000000000+0000,107.263,107.377,107.263,107.302
2019-06-24T00:00:00.000000000+0000,107.303,107.537,107.248,107.334
2019-06-25T00:00:00.000000000+0000,107.335,107.409,106.778,107.174
2019-06-26T00:00:00.000000000+0000,107.175,107.849,107.16,107.746
2019-06-27T00:00:00.000000000+0000,107.745,108.161,107.647,107.752
2019-06-28T00:00:00.000000000+0000,107.755,107.935,107.561,107.908
2019-06-29T00:00:00.000000000+0000,107.908,107.908,107.908,107.908
2019-06-30T00:00:00.000000000+0000,108.15,108.51,108.148,108.378
2019-07-01T00:00:00.000000000+0000,108.378,108.533,108.102,108.376
2019-07-02T00:00:00.000000000+0000,108.374,108.474,107.766,107.834
2019-07-03T00:00:00.000000000+0000,107.834,107.886,107.532,107.768
2019-07-04T00:00:00.000000000+0000,107.769,107.842,107.707,107.822
2019-07-05T00:00:00.000000000+0000,107.824,108.637,107.803,108.454
2019-07-06T00:00:00.000000000+0000,108.454,108.454,108.454,108.454
2019-07-07T00:00:00.000000000+0000,108.411,108.586,108.408,108.488
2019-07-08T00:00:00.000000000+0000,108.487,108.805,108.28,108.723
2019-07-09T00:00:00.000000000+0000,108.723,108.963,108.716,108.933
2019-07-10T00:00:00.000000000+0000,108.934,108.99,108.313,108.337
2019-07-11T00:00:00.000000000+0000,108.336,108.609,107.859,108.591
2019-07-12T00:00:00.000000000+0000,108.591,108.607,107.804,107.884
2019-07-13T00:00:00.000000000+0000,107.884,107.884,107.884,107.884
2019-07-14T00:00:00.000000000+0000,107.861,107.936,107.797,107.83
2019-07-15T00:00:00.000000000+0000,107.829,108.108,107.807,107.907
2019-07-16T00:00:00.000000000+0000,107.906,108.375,107.876,108.198
2019-07-17T00:00:00.000000000+0000,108.2,108.325,107.857,107.933
2019-07-18T00:00:00.000000000+0000,107.933,108.016,107.211,107.403
2019-07-19T00:00:00.000000000+0000,107.403,107.978,107.329,107.698
2019-07-20T00:00:00.000000000+0000,107.698,107.698,107.698,107.698
2019-07-21T00:00:00.000000000+0000,107.711,107.828,107.699,107.821
2019-07-22T00:00:00.000000000+0000,107.823,108.067,107.713,107.903
2019-07-23T00:00:00.000000000+0000,107.905,108.287,107.825,108.235
2019-07-24T00:00:00.000000000+0000,108.236,108.276,107.933,108.192
2019-07-25T00:00:00.000000000+0000,108.193,108.755,108.042,108.676
2019-07-26T00:00:00.000000000+0000,108.676,108.828,108.559,108.662
2019-07-27T00:00:00.000000000+0000,108.662,108.662,108.662,108.662
2019-07-28T00:00:00.000000000+0000,108.62,108.695,108.589,108.636
2019-07-29T00:00:00.000000000+0000,108.635,108.899,108.42,108.855
2019-07-30T00:00:00.000000000+0000,108.855,108.948,108.452,108.565
2019-07-31T00:00:00.000000000+0000,108.563,108.997,108.49,108.817
2019-08-01T00:00:00.000000000+0000,108.819,109.318,107.219,107.441
2019-08-02T00:00:00.000000000+0000,107.442,107.494,106.508,106.55
2019-08-03T00:00:00.000000000+0000,106.55,106.55,106.55,106.55
2019-08-04T00:00:00.000000000+0000,106.549,106.681,106.527,106.566
2019-08-05T00:00:00.000000000+0000,106.568,106.623,105.519,105.607
2019-08-06T00:00:00.000000000+0000,105.608,107.087,105.567,106.325
2019-08-07T00:00:00.000000000+0000,106.325,106.376,105.495,106.11
2019-08-08T00:00:00.000000000+0000,106.11,106.301,105.718,105.883
2019-08-09T00:00:00.000000000+0000,105.885,106.077,105.268,105.638
2019-08-10T00:00:00.000000000+0000,105.638,105.638,105.638,105.638
2019-08-11T00:00:00.000000000+0000,105.545,105.691,105.311,105.389
2019-08-12T00:00:00.000000000+0000,105.389,105.578,105.049,105.382
2019-08-13T00:00:00.000000000+0000,105.382,106.973,105.065,106.602
2019-08-14T00:00:00.000000000+0000,106.603,106.624,105.65,105.913
2019-08-15T00:00:00.000000000+0000,105.913,106.777,105.702,106.092
2019-08-16T00:00:00.000000000+0000,106.092,106.494,106.025,106.358
2019-08-17T00:00:00.000000000+0000,106.358,106.358,106.358,106.358
2019-08-18T00:00:00.000000000+0000,106.245,106.472,106.245,106.433
2019-08-19T00:00:00.000000000+0000,106.431,106.696,106.245,106.565
2019-08-20T00:00:00.000000000+0000,106.566,106.691,106.161,106.272
2019-08-21T00:00:00.000000000+0000,106.273,106.646,106.273,106.601
2019-08-22T00:00:00.000000000+0000,106.601,106.653,106.251,106.48
2019-08-23T00:00:00.000000000+0000,106.479,106.734,105.254,105.363
2019-08-24T00:00:00.000000000+0000,105.363,105.363,105.363,105.363
2019-08-25T00:00:00.000000000+0000,104.947,105.002,104.453,104.846
2019-08-26T00:00:00.000000000+0000,104.848,106.413,104.846,105.966
2019-08-27T00:00:00.000000000+0000,105.966,106.069,105.59,105.749
2019-08-28T00:00:00.000000000+0000,105.748,106.229,105.651,106.081
2019-08-29T00:00:00.000000000+0000,106.079,106.681,105.829,106.458
2019-08-30T00:00:00.000000000+0000,106.458,106.544,106.103,106.228
2019-08-31T00:00:00.000000000+0000,106.228,106.228,106.228,106.228
2019-09-01T00:00:00.000000000+0000,106.061,106.167,105.915,106.134
2019-09-02T00:00:00.000000000+0000,106.133,106.399,106.056,106.195
2019-09-03T00:00:00.000000000+0000,106.197,106.385,105.737,105.85
2019-09-04T00:00:00.000000000+0000,105.852,106.445,105.83,106.338
2019-09-05T00:00:00.000000000+0000,106.338,107.232,106.33,107.072
2019-09-06T00:00:00.000000000+0000,107.071,107.101,106.622,106.914
2019-09-07T00:00:00.000000000+0000,106.914,106.914,106.914,106.914
2019-09-08T00:00:00.000000000+0000,106.82,106.971,106.811,106.943
2019-09-09T00:00:00.000000000+0000,106.943,107.367,106.761,107.343
2019-09-10T00:00:00.000000000+0000,107.342,107.626,107.19,107.601
2019-09-11T00:00:00.000000000+0000,107.599,108.047,107.545,108.014
2019-09-12T00:00:00.000000000+0000,108.015,108.192,107.521,108.183
2019-09-13T00:00:00.000000000+0000,108.186,108.259,107.906,108.057
2019-09-14T00:00:00.000000000+0000,108.057,108.057,108.057,108.057
2019-09-15T00:00:00.000000000+0000,107.476,107.914,107.457,107.759
2019-09-16T00:00:00.000000000+0000,107.758,108.186,107.496,108.149
2019-09-17T00:00:00.000000000+0000,108.149,108.371,108.022,108.095
2019-09-18T00:00:00.000000000+0000,108.095,108.475,108.094,108.435
2019-09-19T00:00:00.000000000+0000,108.434,108.471,107.786,108.067
2019-09-20T00:00:00.000000000+0000,108.066,108.086,107.524,107.535
2019-09-21T00:00:00.000000000+0000,107.535,107.535,107.535,107.535
2019-09-22T00:00:00.000000000+0000,107.714,107.755,107.608,107.653
2019-09-23T00:00:00.000000000+0000,107.653,107.768,107.31,107.595
2019-09-24T00:00:00.000000000+0000,107.595,107.797,106.961,107.167
2019-09-25T00:00:00.000000000+0000,107.166,107.883,107.0,107.704
2019-09-26T00:00:00.000000000+0000,107.703,107.957,107.424,107.749
2019-09-27T00:00:00.000000000+0000,107.749,108.18,107.656,107.862
2019-09-28T00:00:00.000000000+0000,107.862,107.862,107.862,107.862
2019-09-29T00:00:00.000000000+0000,107.96,108.02,107.854,107.946
2019-09-30T00:00:00.000000000+0000,107.945,108.178,107.743,108.058
2019-10-01T00:00:00.000000000+0000,108.059,108.47,107.626,107.747
2019-10-02T00:00:00.000000000+0000,107.747,107.892,107.046,107.163
2019-10-03T00:00:00.000000000+0000,107.164,107.297,106.483,106.83
2019-10-04T00:00:00.000000000+0000,106.832,107.134,106.577,106.89
2019-10-05T00:00:00.000000000+0000,106.89,106.89,106.89,106.89
2019-10-06T00:00:00.000000000+0000,106.651,106.854,106.649,106.76
2019-10-07T00:00:00.000000000+0000,106.763,107.464,106.689,107.252
2019-10-08T00:00:00.000000000+0000,107.255,107.444,106.806,106.942
2019-10-09T00:00:00.000000000+0000,106.942,107.628,106.942,107.233
2019-10-10T00:00:00.000000000+0000,107.235,108.018,107.167,107.868
2019-10-11T00:00:00.000000000+0000,107.872,108.628,107.848,108.358
2019-10-12T00:00:00.000000000+0000,108.358,108.358,108.358,108.358
2019-10-13T00:00:00.000000000+0000,108.343,108.521,108.32,108.476
2019-10-14T00:00:00.000000000+0000,108.476,108.478,108.032,108.398
2019-10-15T00:00:00.000000000+0000,108.398,108.899,108.155,108.8
2019-10-16T00:00:00.000000000+0000,108.799,108.85,108.56,108.683
2019-10-17T00:00:00.000000000+0000,108.681,108.939,108.451,108.592
2019-10-18T00:00:00.000000000+0000,108.593,108.721,108.371,108.371
2019-10-19T00:00:00.000000000+0000,108.371,108.371,108.371,108.371
2019-10-20T00:00:00.000000000+0000,108.453,108.494,108.291,108.41
2019-10-21T00:00:00.000000000+0000,108.408,108.663,108.371,108.605
2019-10-22T00:00:00.000000000+0000,108.604,108.727,108.437,108.487
2019-10-23T00:00:00.000000000+0000,108.486,108.703,108.25,108.637
2019-10-24T00:00:00.000000000+0000,108.636,108.753,108.496,108.614
2019-10-25T00:00:00.000000000+0000,108.611,108.773,108.51,108.655
2019-10-26T00:00:00.000000000+0000,108.655,108.655,108.655,108.655
2019-10-27T00:00:00.000000000+0000,108.74,108.766,108.669,108.737
2019-10-28T00:00:00.000000000+0000,108.737,109.039,108.657,108.977
2019-10-29T00:00:00.000000000+0000,108.975,109.068,108.752,108.877
2019-10-30T00:00:00.000000000+0000,108.876,109.287,108.719,108.798
2019-10-31T00:00:00.000000000+0000,108.798,108.862,107.926,108.0
2019-11-01T00:00:00.000000000+0000,108.0,108.323,107.887,108.168
2019-11-02T00:00:00.000000000+0000,108.168,108.168,108.168,108.168
2019-11-03T00:00:00.000000000+0000,108.218,108.249,108.182,108.217
2019-11-04T00:00:00.000000000+0000,108.217,108.75,108.206,108.703
2019-11-05T00:00:00.000000000+0000,108.705,109.242,108.647,109.145
2019-11-06T00:00:00.000000000+0000,109.145,109.182,108.817,108.918
2019-11-07T00:00:00.000000000+0000,108.917,109.487,108.647,109.273
2019-11-08T00:00:00.000000000+0000,109.275,109.476,109.078,109.217
2019-11-09T00:00:00.000000000+0000,109.217,109.217,109.217,109.217
2019-11-10T00:00:00.000000000+0000,109.195,109.254,109.175,109.206
2019-11-11T00:00:00.000000000+0000,109.204,109.245,108.894,109.043
2019-11-12T00:00:00.000000000+0000,109.043,109.292,108.922,108.997
2019-11-13T00:00:00.000000000+0000,108.995,109.149,108.654,108.798
2019-11-14T00:00:00.000000000+0000,108.799,108.863,108.237,108.496
2019-11-15T00:00:00.000000000+0000,108.495,108.855,108.452,108.773
2019-11-16T00:00:00.000000000+0000,108.773,108.773,108.773,108.773
2019-11-17T00:00:00.000000000+0000,108.782,108.805,108.668,108.7
2019-11-18T00:00:00.000000000+0000,108.699,109.073,108.512,108.666
2019-11-19T00:00:00.000000000+0000,108.667,108.836,108.386,108.473
2019-11-20T00:00:00.000000000+0000,108.474,108.738,108.348,108.472
2019-11-21T00:00:00.000000000+0000,108.472,108.697,108.279,108.579
2019-11-22T00:00:00.000000000+0000,108.579,108.73,108.477,108.619
2019-11-23T00:00:00.000000000+0000,108.619,108.619,108.619,108.619
2019-11-24T00:00:00.000000000+0000,108.673,108.751,108.611,108.724
2019-11-25T00:00:00.000000000+0000,108.722,109.012,108.691,108.998
2019-11-26T00:00:00.000000000+0000,108.998,109.208,108.874,109.096
2019-11-27T00:00:00.000000000+0000,109.096,109.609,109.066,109.372
2019-11-28T00:00:00.000000000+0000,109.373,109.545,109.337,109.519
2019-11-29T00:00:00.000000000+0000,109.517,109.669,109.396,109.469
2019-11-30T00:00:00.000000000+0000,109.469,109.469,109.469,109.469
2019-12-01T00:00:00.000000000+0000,109.509,109.564,109.475,109.532
2019-12-02T00:00:00.000000000+0000,109.533,109.727,108.924,109.023
2019-12-03T00:00:00.000000000+0000,109.025,109.206,108.484,108.662
2019-12-04T00:00:00.000000000+0000,108.662,108.962,108.427,108.831
2019-12-05T00:00:00.000000000+0000,108.83,108.997,108.655,108.728
2019-12-06T00:00:00.000000000+0000,108.728,108.923,108.511,108.534
2019-12-07T00:00:00.000000000+0000,108.534,108.534,108.534,108.534
2019-12-08T00:00:00.000000000+0000,108.614,108.661,108.587,108.641
2019-12-09T00:00:00.000000000+0000,108.641,108.677,108.43,108.585
2019-12-10T00:00:00.000000000+0000,108.587,108.855,108.512,108.768
2019-12-11T00:00:00.000000000+0000,108.772,108.796,108.464,108.556
2019-12-12T00:00:00.000000000+0000,108.553,109.579,108.456,109.405
2019-12-13T00:00:00.000000000+0000,109.405,109.707,109.205,109.32
2019-12-14T00:00:00.000000000+0000,109.32,109.32,109.32,109.32
2019-12-15T00:00:00.000000000+0000,109.267,109.443,109.267,109.382
2019-12-16T00:00:00.000000000+0000,109.384,109.676,109.355,109.581
2019-12-17T00:00:00.000000000+0000,109.582,109.633,109.443,109.523
2019-12-18T00:00:00.000000000+0000,109.523,109.628,109.4,109.547
2019-12-19T00:00:00.000000000+0000,109.548,109.685,109.181,109.388
2019-12-20T00:00:00.000000000+0000,109.387,109.525,109.256,109.429
2019-12-21T00:00:00.000000000+0000,109.429,109.429,109.429,109.429
2019-12-22T00:00:00.000000000+0000,109.4,109.538,109.365,109.498
2019-12-23T00:00:00.000000000+0000,109.499,109.501,109.339,109.391
2019-12-24T00:00:00.000000000+0000,109.39,109.441,109.325,109.382
2019-12-25T00:00:00.000000000+0000,109.381,109.414,109.273,109.37
2019-12-26T00:00:00.000000000+0000,109.37,109.684,109.363,109.527
2019-12-27T00:00:00.000000000+0000,109.527,109.591,109.388,109.421
2019-12-28T00:00:00.000000000+0000,109.421,109.421,109.421,109.421
2019-12-29T00:00:00.000000000+0000,109.408,109.472,109.406,109.436
2019-12-30T00:00:00.000000000+0000,109.435,109.451,108.768,108.871
2019-12-31T00:00:00.000000000+0000,108.874,108.876,108.47,108.631
2020-01-01T00:00:00.000000000+0000,108.73,108.759,108.575,108.723
2020-01-02T00:00:00.000000000+0000,108.722,108.864,108.211,108.544
2020-01-03T00:00:00.000000000+0000,108.543,108.562,107.839,108.047
2020-01-04T00:00:00.000000000+0000,108.047,108.047,108.047,108.047
2020-01-05T00:00:00.000000000+0000,107.838,107.981,107.77,107.968
2020-01-06T00:00:00.000000000+0000,107.971,108.505,107.913,108.413
2020-01-07T00:00:00.000000000+0000,108.413,108.629,107.828,107.996
2020-01-08T00:00:00.000000000+0000,107.996,109.244,107.651,109.037
2020-01-09T00:00:00.000000000+0000,109.037,109.581,109.031,109.496
2020-01-10T00:00:00.000000000+0000,109.497,109.689,109.432,109.451
2020-01-11T00:00:00.000000000+0000,109.451,109.451,109.451,109.451
2020-01-12T00:00:00.000000000+0000,109.528,109.593,109.504,109.552
2020-01-13T00:00:00.000000000+0000,109.551,110.03,109.534,110.01
2020-01-14T00:00:00.000000000+0000,110.012,110.212,109.817,109.852
2020-01-15T00:00:00.000000000+0000,109.853,110.001,109.788,109.883
2020-01-16T00:00:00.000000000+0000,109.885,110.236,109.873,110.18
2020-01-17T00:00:00.000000000+0000,110.179,110.29,110.047,110.102
2020-01-18T00:00:00.000000000+0000,110.102,110.102,110.102,110.102
2020-01-19T00:00:00.000000000+0000,110.083,110.193,110.079,110.186
2020-01-20T00:00:00.000000000+0000,110.186,110.217,110.112,110.174
2020-01-21T00:00:00.000000000+0000,110.177,110.223,109.761,109.912
2020-01-22T00:00:00.000000000+0000,109.91,110.097,109.66,109.736
2020-01-23T00:00:00.000000000+0000,109.736,109.764,109.266,109.566
2020-01-24T00:00:00.000000000+0000,109.566,109.653,109.172,109.267
2020-01-25T00:00:00.000000000+0000,109.267,109.267,109.267,109.267
2020-01-26T00:00:00.000000000+0000,108.916,109.045,108.731,108.799
2020-01-27T00:00:00.000000000+0000,108.801,109.137,108.793,108.932
2020-01-28T00:00:00.000000000+0000,108.931,109.265,108.756,109.135
2020-01-29T00:00:00.000000000+0000,109.135,109.26,108.948,108.988
2020-01-30T00:00:00.000000000+0000,108.989,109.046,108.583,108.89
2020-01-31T00:00:00.000000000+0000,108.89,109.136,108.308,108.308
2020-02-01T00:00:00.000000000+0000,108.308,108.308,108.308,108.308
2020-02-02T00:00:00.000000000+0000,108.416,108.471,108.315,108.387
2020-02-03T00:00:00.000000000+0000,108.388,108.798,108.366,108.619
2020-02-04T00:00:00.000000000+0000,108.619,109.543,108.548,109.443
2020-02-05T00:00:00.000000000+0000,109.442,109.845,109.303,109.819
2020-02-06T00:00:00.000000000+0000,109.817,110.021,109.781,109.963
2020-02-07T00:00:00.000000000+0000,109.963,110.005,109.532,109.699
2020-02-08T00:00:00.000000000+0000,109.699,109.699,109.699,109.699
2020-02-09T00:00:00.000000000+0000,109.686,109.778,109.561,109.619
2020-02-10T00:00:00.000000000+0000,109.619,109.878,109.606,109.767
2020-02-11T00:00:00.000000000+0000,109.764,109.962,109.725,109.843
2020-02-12T00:00:00.000000000+0000,109.841,110.133,109.799,109.87
2020-02-13T00:00:00.000000000+0000,109.871,109.987,109.619,109.771
2020-02-14T00:00:00.000000000+0000,109.77,109.912,109.698,109.729
2020-02-15T00:00:00.000000000+0000,109.729,109.729,109.729,109.729
2020-02-16T00:00:00.000000000+0000,109.847,109.85,109.751,109.795
2020-02-17T00:00:00.000000000+0000,109.793,109.96,109.719,109.836
2020-02-18T00:00:00.000000000+0000,109.839,109.947,109.657,109.92
2020-02-19T00:00:00.000000000+0000,109.921,111.591,109.863,111.197
2020-02-20T00:00:00.000000000+0000,111.198,112.224,111.11,111.971
2020-02-21T00:00:00.000000000+0000,111.971,112.185,111.472,111.542
2020-02-22T00:00:00.000000000+0000,111.542,111.542,111.542,111.542
2020-02-23T00:00:00.000000000+0000,111.256,111.599,111.246,111.547
2020-02-24T00:00:00.000000000+0000,111.547,111.681,110.332,110.853
2020-02-25T00:00:00.000000000+0000,110.854,111.041,109.89,110.291
2020-02-26T00:00:00.000000000+0000,110.292,110.701,110.13,110.382
2020-02-27T00:00:00.000000000+0000,110.382,110.403,109.331,109.621
2020-02-28T00:00:00.000000000+0000,109.619,109.667,107.51,107.994
2020-02-29T00:00:00.000000000+0000,107.994,107.994,107.994,107.994
2020-03-01T00:00:00.000000000+0000,107.434,107.77,107.369,107.674
2020-03-02T00:00:00.000000000+0000,107.674,108.578,107.401,108.526
2020-03-03T00:00:00.000000000+0000,108.523,108.527,106.846,107.068
2020-03-04T00:00:00.000000000+0000,107.066,107.742,107.031,107.714
2020-03-05T00:00:00.000000000+0000,107.716,107.717,105.968,106.263
2020-03-06T00:00:00.000000000+0000,106.262,106.342,104.993,105.283
2020-03-07T00:00:00.000000000+0000,105.283,105.283,105.283,105.283
2020-03-08T00:00:00.000000000+0000,104.211,104.596,103.517,103.935
2020-03-09T00:00:00.000000000+0000,103.932,104.265,101.18,103.081
2020-03-10T00:00:00.000000000+0000,103.081,105.919,102.701,105.04
2020-03-11T00:00:00.000000000+0000,105.037,105.331,104.092,104.532
2020-03-12T00:00:00.000000000+0000,104.533,106.099,103.08,104.665
2020-03-13T00:00:00.000000000+0000,104.665,108.501,104.651,107.899
2020-03-14T00:00:00.000000000+0000,107.899,107.899,107.899,107.899
2020-03-15T00:00:00.000000000+0000,107.078,107.283,105.727,106.497
2020-03-16T00:00:00.000000000+0000,106.494,107.567,105.146,106.214
2020-03-17T00:00:00.000000000+0000,106.217,107.862,106.073,107.38
2020-03-18T00:00:00.000000000+0000,107.384,108.653,106.751,108.359
2020-03-19T00:00:00.000000000+0000,108.356,111.361,108.192,111.311
2020-03-20T00:00:00.000000000+0000,111.311,111.503,109.329,110.659
2020-03-21T00:00:00.000000000+0000,110.659,110.659,110.659,110.659
2020-03-22T00:00:00.000000000+0000,110.749,111.25,110.286,110.386
2020-03-23T00:00:00.000000000+0000,110.389,111.596,109.667,110.815
2020-03-24T00:00:00.000000000+0000,110.813,111.713,110.082,111.122
2020-03-25T00:00:00.000000000+0000,111.122,111.679,110.75,110.834
2020-03-26T00:00:00.000000000+0000,110.834,110.952,109.086,109.128
2020-03-27T00:00:00.000000000+0000,109.13,109.392,107.755,107.9
2020-03-28T00:00:00.000000000+0000,107.9,107.9,107.9,107.9
2020-03-29T00:00:00.000000000+0000,107.69,107.975,107.363,107.453
2020-03-30T00:00:00.000000000+0000,107.455,108.293,107.12,108.071
2020-03-31T00:00:00.000000000+0000,108.071,108.727,107.4,107.509
2020-04-01T00:00:00.000000000+0000,107.506,107.939,106.915,107.292
2020-04-02T00:00:00.000000000+0000,107.292,108.199,107.013,108.029
2020-04-03T00:00:00.000000000+0000,108.027,108.677,107.799,108.509
2020-04-04T00:00:00.000000000+0000,108.509,108.509,108.509,108.509
2020-04-05T00:00:00.000000000+0000,108.344,108.74,108.344,108.71
2020-04-06T00:00:00.000000000+0000,108.714,109.381,108.667,109.126
2020-04-07T00:00:00.000000000+0000,109.128,109.145,108.611,108.672
2020-04-08T00:00:00.000000000+0000,108.672,109.102,108.503,108.933
2020-04-09T00:00:00.000000000+0000,108.933,109.061,108.207,108.546
2020-04-10T00:00:00.000000000+0000,108.547,108.586,108.327,108.338
2020-04-11T00:00:00.000000000+0000,108.338,108.338,108.338,108.338
2020-04-12T00:00:00.000000000+0000,108.383,108.526,108.252,108.342
2020-04-13T00:00:00.000000000+0000,108.342,108.381,107.5,107.625
2020-04-14T00:00:00.000000000+0000,107.626,107.758,106.98,107.11
2020-04-15T00:00:00.000000000+0000,107.112,107.87,106.926,107.615
2020-04-16T00:00:00.000000000+0000,107.616,108.083,107.163,107.931
2020-04-17T00:00:00.000000000+0000,107.933,107.951,107.3,107.506
2020-04-18T00:00:00.000000000+0000,107.506,107.506,107.506,107.506
2020-04-19T00:00:00.000000000+0000,107.472,107.705,107.381,107.696
2020-04-20T00:00:00.000000000+0000,107.694,107.949,107.595,107.675
2020-04-21T00:00:00.000000000+0000,107.675,107.892,107.281,107.716
2020-04-22T00:00:00.000000000+0000,107.716,107.938,107.514,107.83
2020-04-23T00:00:00.000000000+0000,107.828,108.042,107.347,107.656
2020-04-24T00:00:00.000000000+0000,107.661,107.759,107.368,107.491
2020-04-25T00:00:00.000000000+0000,107.491,107.491,107.491,107.491
2020-04-26T00:00:00.000000000+0000,107.533,107.603,107.405,107.508
2020-04-27T00:00:00.000000000+0000,107.508,107.622,106.993,107.295
2020-04-28T00:00:00.000000000+0000,107.296,107.338,106.559,106.756
2020-04-29T00:00:00.000000000+0000,106.758,106.772,106.357,106.611
2020-04-30T00:00:00.000000000+0000,106.609,107.499,106.405,107.281
2020-05-01T00:00:00.000000000+0000,107.28,107.406,106.605,106.871
2020-05-02T00:00:00.000000000+0000,106.871,106.871,106.871,106.871
2020-05-03T00:00:00.000000000+0000,106.831,106.943,106.711,106.73
2020-05-04T00:00:00.000000000+0000,106.731,107.069,106.634,106.696
2020-05-05T00:00:00.000000000+0000,106.696,106.894,106.416,106.449
2020-05-06T00:00:00.000000000+0000,106.449,106.449,105.986,106.214
2020-05-07T00:00:00.000000000+0000,106.215,106.655,106.135,106.369
2020-05-08T00:00:00.000000000+0000,106.372,106.747,106.22,106.608
2020-05-09T00:00:00.000000000+0000,106.608,106.608,106.608,106.608
2020-05-10T00:00:00.000000000+0000,106.516,106.957,106.486,106.921
2020-05-11T00:00:00.000000000+0000,106.924,107.768,106.775,107.597
2020-05-12T00:00:00.000000000+0000,107.595,107.685,107.121,107.169
2020-05-13T00:00:00.000000000+0000,107.177,107.267,106.742,106.933
2020-05-14T00:00:00.000000000+0000,106.932,107.374,106.775,107.355
2020-05-15T00:00:00.000000000+0000,107.354,107.433,106.855,107.034
2020-05-16T00:00:00.000000000+0000,107.034,107.034,107.034,107.034
2020-05-17T00:00:00.000000000+0000,107.084,107.282,107.078,107.212
2020-05-18T00:00:00.000000000+0000,107.214,107.505,107.068,107.383
2020-05-19T00:00:00.000000000+0000,107.385,108.088,107.303,107.822
2020-05-20T00:00:00.000000000+0000,107.823,107.983,107.336,107.593
2020-05-21T00:00:00.000000000+0000,107.595,107.848,107.548,107.644
2020-05-22T00:00:00.000000000+0000,107.644,107.762,107.322,107.597
2020-05-23T00:00:00.000000000+0000,107.597,107.597,107.597,107.597
2020-05-24T00:00:00.000000000+0000,107.56,107.78,107.541,107.749
2020-05-25T00:00:00.000000000+0000,107.748,107.779,107.626,107.688
2020-05-26T00:00:00.000000000+0000,107.688,107.922,107.402,107.495
2020-05-27T00:00:00.000000000+0000,107.495,107.947,107.365,107.81
2020-05-28T00:00:00.000000000+0000,107.81,107.901,107.57,107.642
2020-05-29T00:00:00.000000000+0000,107.645,107.894,107.079,107.767
2020-05-30T00:00:00.000000000+0000,107.767,107.767,107.767,107.767
2020-05-31T00:00:00.000000000+0000,107.678,107.814,107.647,107.709
2020-06-01T00:00:00.000000000+0000,107.712,107.856,107.376,107.559
2020-06-02T00:00:00.000000000+0000,107.559,108.837,107.518,108.83
2020-06-03T00:00:00.000000000+0000,108.829,109.04,108.422,109.001
2020-06-04T00:00:00.000000000+0000,109.001,109.2,108.615,109.146
2020-06-05T00:00:00.000000000+0000,109.146,109.849,109.044,109.581
2020-06-06T00:00:00.000000000+0000,109.581,109.581,109.581,109.581
2020-06-07T00:00:00.000000000+0000,109.563,109.693,109.551,109.622
2020-06-08T00:00:00.000000000+0000,109.621,109.624,108.234,108.419
2020-06-09T00:00:00.000000000+0000,108.418,108.418,107.62,107.798
2020-06-10T00:00:00.000000000+0000,107.797,107.874,106.897,107.0
2020-06-11T00:00:00.000000000+0000,107.002,107.234,106.571,106.805
2020-06-12T00:00:00.000000000+0000,106.807,107.552,106.584,107.379
2020-06-13T00:00:00.000000000+0000,107.379,107.379,107.379,107.379
2020-06-14T00:00:00.000000000+0000,107.295,107.567,107.272,107.324
2020-06-15T00:00:00.000000000+0000,107.325,107.499,107.0,107.484
2020-06-16T00:00:00.000000000+0000,107.484,107.639,107.211,107.397
2020-06-17T00:00:00.000000000+0000,107.397,107.441,106.866,106.876
2020-06-18T00:00:00.000000000+0000,106.876,107.128,106.668,107.002
2020-06-19T00:00:00.000000000+0000,107.004,107.046,106.766,106.856
2020-06-20T00:00:00.000000000+0000,106.856,106.856,106.856,106.856
2020-06-21T00:00:00.000000000+0000,106.769,106.886,106.742,106.837
2020-06-22T00:00:00.000000000+0000,106.84,107.011,106.768,106.897
2020-06-23T00:00:00.000000000+0000,106.897,107.221,106.072,106.425
2020-06-24T00:00:00.000000000+0000,106.426,107.148,106.383,107.027
2020-06-25T00:00:00.000000000+0000,107.03,107.451,107.019,107.159
2020-06-26T00:00:00.000000000+0000,107.158,107.359,106.799,107.206
2020-06-27T00:00:00.000000000+0000,107.206,107.206,107.206,107.206
2020-06-28T00:00:00.000000000+0000,107.069,107.235,107.064,107.231
2020-06-29T00:00:00.000000000+0000,107.23,107.884,107.04,107.583
2020-06-30T00:00:00.000000000+0000,107.583,107.994,107.521,107.993
2020-07-01T00:00:00.000000000+0000,107.991,108.164,107.337,107.371
2020-07-02T00:00:00.000000000+0000,107.371,107.723,107.33,107.498
2020-07-03T00:00:00.000000000+0000,107.498,107.566,107.435,107.494
2020-07-04T00:00:00.000000000+0000,107.494,107.494,107.494,107.494
2020-07-05T00:00:00.000000000+0000,107.448,107.596,107.421,107.584
2020-07-06T00:00:00.000000000+0000,107.585,107.772,107.257,107.359
2020-07-07T00:00:00.000000000+0000,107.359,107.79,107.245,107.574
2020-07-08T00:00:00.000000000+0000,107.575,107.711,107.201,107.283
2020-07-09T00:00:00.000000000+0000,107.284,107.396,107.097,107.235
2020-07-10T00:00:00.000000000+0000,107.236,107.263,106.638,106.917
2020-07-11T00:00:00.000000000+0000,106.917,106.917,106.917,106.917
2020-07-12T00:00:00.000000000+0000,106.886,106.934,106.854,106.914
2020-07-13T00:00:00.000000000+0000,106.914,107.317,106.787,107.281
2020-07-14T00:00:00.000000000+0000,107.281,107.434,107.118,107.246
2020-07-15T00:00:00.000000000+0000,107.245,107.309,106.666,106.9
2020-07-16T00:00:00.000000000+0000,106.899,107.4,106.832,107.284
2020-07-17T00:00:00.000000000+0000,107.287,107.361,106.939,107.018
2020-07-18T00:00:00.000000000+0000,107.018,107.018,107.018,107.018
2020-07-19T00:00:00.000000000+0000,107.026,107.103,107.014,107.102
2020-07-20T00:00:00.000000000+0000,107.102,107.538,107.035,107.19
2020-07-21T00:00:00.000000000+0000,107.19,107.365,106.681,106.826
2020-07-22T00:00:00.000000000+0000,106.824,107.289,106.71,107.173
2020-07-23T00:00:00.000000000+0000,107.173,107.229,106.711,106.845
2020-07-24T00:00:00.000000000+0000,106.844,106.849,105.682,106.123
2020-07-25T00:00:00.000000000+0000,106.123,106.123,106.123,106.123
2020-07-26T00:00:00.000000000+0000,106.022,106.107,105.872,105.993
2020-07-27T00:00:00.000000000+0000,105.992,106.051,105.116,105.275
2020-07-28T00:00:00.000000000+0000,105.278,105.686,104.956,105.11
2020-07-29T00:00:00.000000000+0000,105.111,105.242,104.772,105.047
2020-07-30T00:00:00.000000000+0000,105.046,105.294,104.656,104.687
2020-07-31T00:00:00.000000000+0000,104.687,106.055,104.186,105.819
2020-08-01T00:00:00.000000000+0000,105.819,105.819,105.819,105.819
2020-08-02T00:00:00.000000000+0000,105.772,105.901,105.707,105.869
2020-08-03T00:00:00.000000000+0000,105.867,106.471,105.58,106.032
2020-08-04T00:00:00.000000000+0000,106.032,106.194,105.614,105.63
2020-08-05T00:00:00.000000000+0000,105.629,105.872,105.319,105.561
2020-08-06T00:00:00.000000000+0000,105.563,105.697,105.301,105.58
2020-08-07T00:00:00.000000000+0000,105.581,106.055,105.479,105.911
2020-08-08T00:00:00.000000000+0000,105.911,105.911,105.911,105.911
2020-08-09T00:00:00.000000000+0000,105.861,105.945,105.711,105.855
2020-08-10T00:00:00.000000000+0000,105.852,106.201,105.708,105.994
2020-08-11T00:00:00.000000000+0000,105.994,106.683,105.928,106.49
2020-08-12T00:00:00.000000000+0000,106.49,107.014,106.456,106.842
2020-08-13T00:00:00.000000000+0000,106.842,107.049,106.565,106.978
2020-08-14T00:00:00.000000000+0000,106.981,107.039,106.436,106.582
2020-08-15T00:00:00.000000000+0000,106.582,106.582,106.582,106.582
2020-08-16T00:00:00.000000000+0000,106.558,106.64,106.52,106.558
2020-08-17T00:00:00.000000000+0000,106.559,106.654,105.942,106.003
2020-08-18T00:00:00.000000000+0000,106.002,106.006,105.202,105.233
2020-08-19T00:00:00.000000000+0000,105.236,106.151,105.101,106.084
2020-08-20T00:00:00.000000000+0000,106.084,106.215,105.653,105.678
2020-08-21T00:00:00.000000000+0000,105.677,106.072,105.441,105.783
2020-08-22T00:00:00.000000000+0000,105.783,105.783,105.783,105.783
2020-08-23T00:00:00.000000000+0000,105.757,105.924,105.739,105.875
2020-08-24T00:00:00.000000000+0000,105.875,106.008,105.688,105.998
2020-08-25T00:00:00.000000000+0000,105.999,106.577,105.871,106.395
2020-08-26T00:00:00.000000000+0000,106.394,106.556,105.838,105.872
2020-08-27T00:00:00.000000000+0000,105.87,106.701,105.602,106.653
2020-08-28T00:00:00.000000000+0000,106.654,106.946,105.199,105.328
2020-08-29T00:00:00.000000000+0000,105.328,105.328,105.328,105.328
2020-08-30T00:00:00.000000000+0000,105.438,105.804,105.325,105.537
2020-08-31T00:00:00.000000000+0000,105.537,106.096,105.292,105.997
2020-09-01T00:00:00.000000000+0000,105.997,106.152,105.59,105.896
2020-09-02T00:00:00.000000000+0000,105.896,106.302,105.852,106.209
2020-09-03T00:00:00.000000000+0000,106.208,106.552,106.001,106.089
2020-09-04T00:00:00.000000000+0000,106.089,106.504,106.061,106.222
2020-09-05T00:00:00.000000000+0000,106.222,106.222,106.222,106.222
2020-09-06T00:00:00.000000000+0000,106.217,106.318,106.21,106.314
2020-09-07T00:00:00.000000000+0000,106.312,106.386,106.132,106.304
2020-09-08T00:00:00.000000000+0000,106.301,106.382,105.829,105.97
2020-09-09T00:00:00.000000000+0000,105.969,106.273,105.79,106.233
2020-09-10T00:00:00.000000000+0000,106.235,106.302,105.981,106.147
2020-09-11T00:00:00.000000000+0000,106.15,106.264,106.056,106.142
2020-09-12T00:00:00.000000000+0000,106.142,106.142,106.142,106.142
2020-09-13T00:00:00.000000000+0000,106.069,106.156,106.069,106.151
2020-09-14T00:00:00.000000000+0000,106.151,106.164,105.548,105.728
2020-09-15T00:00:00.000000000+0000,105.729,105.814,105.3,105.4
2020-09-16T00:00:00.000000000+0000,105.4,105.402,104.8,105.062
2020-09-17T00:00:00.000000000+0000,105.061,105.173,104.525,104.693
2020-09-18T00:00:00.000000000+0000,104.694,104.87,104.272,104.564
2020-09-19T00:00:00.000000000+0000,104.564,104.564,104.564,104.564
2020-09-20T00:00:00.000000000+0000,104.5,104.568,104.43,104.534
2020-09-21T00:00:00.000000000+0000,104.534,104.891,103.999,104.69
2020-09-22T00:00:00.000000000+0000,104.692,105.076,104.405,105.056
2020-09-23T00:00:00.000000000+0000,105.058,105.494,104.927,105.31
2020-09-24T00:00:00.000000000+0000,105.31,105.531,105.205,105.439
2020-09-25T00:00:00.000000000+0000,105.437,105.7,105.239,105.535
2020-09-26T00:00:00.000000000+0000,105.535,105.535,105.535,105.535
2020-09-27T00:00:00.000000000+0000,105.448,105.691,105.448,105.581
2020-09-28T00:00:00.000000000+0000,105.581,105.665,105.262,105.443
2020-09-29T00:00:00.000000000+0000,105.443,105.734,105.34,105.675
2020-09-30T00:00:00.000000000+0000,105.677,105.803,105.401,105.449
2020-10-01T00:00:00.000000000+0000,105.448,105.727,105.416,105.55
2020-10-02T00:00:00.000000000+0000,105.548,105.665,104.942,105.29
2020-10-03T00:00:00.000000000+0000,105.29,105.29,105.29,105.29
2020-10-04T00:00:00.000000000+0000,105.278,105.591,105.258,105.514
2020-10-05T00:00:00.000000000+0000,105.514,105.794,105.493,105.708
2020-10-06T00:00:00.000000000+0000,105.708,105.745,105.469,105.642
2020-10-07T00:00:00.000000000+0000,105.641,106.107,105.627,105.969
2020-10-08T00:00:00.000000000+0000,105.969,106.106,105.923,106.027
2020-10-09T00:00:00.000000000+0000,106.027,106.029,105.579,105.589
2020-10-10T00:00:00.000000000+0000,105.589,105.589,105.589,105.589
2020-10-11T00:00:00.000000000+0000,105.716,105.798,105.596,105.625
2020-10-12T00:00:00.000000000+0000,105.623,105.659,105.241,105.338
2020-10-13T00:00:00.000000000+0000,105.339,105.627,105.282,105.468
2020-10-14T00:00:00.000000000+0000,105.468,105.514,105.036,105.14
2020-10-15T00:00:00.000000000+0000,105.141,105.493,105.118,105.356
2020-10-16T00:00:00.000000000+0000,105.357,105.441,105.19,105.361
2020-10-17T00:00:00.000000000+0000,105.361,105.361,105.361,105.361
2020-10-18T00:00:00.000000000+0000,105.376,105.469,105.334,105.43
2020-10-19T00:00:00.000000000+0000,105.431,105.502,105.3,105.458
2020-10-20T00:00:00.000000000+0000,105.458,105.747,105.42,105.477
2020-10-21T00:00:00.000000000+0000,105.478,105.491,104.341,104.681
2020-10-22T00:00:00.000000000+0000,104.681,104.936,104.476,104.904
2020-10-23T00:00:00.000000000+0000,104.906,104.916,104.546,104.681
2020-10-24T00:00:00.000000000+0000,104.681,104.681,104.681,104.681
2020-10-25T00:00:00.000000000+0000,104.673,104.756,104.65,104.692
2020-10-26T00:00:00.000000000+0000,104.695,105.054,104.654,104.831
2020-10-27T00:00:00.000000000+0000,104.832,104.838,104.388,104.546
2020-10-28T00:00:00.000000000+0000,104.545,104.551,104.113,104.317
2020-10-29T00:00:00.000000000+0000,104.317,104.728,104.025,104.558
2020-10-30T00:00:00.000000000+0000,104.558,104.742,104.124,104.623
2020-10-31T00:00:00.000000000+0000,104.623,104.623,104.623,104.623
2020-11-01T00:00:00.000000000+0000,104.518,104.693,104.514,104.58
2020-11-02T00:00:00.000000000+0000,104.582,104.948,104.582,104.723
2020-11-03T00:00:00.000000000+0000,104.723,104.82,104.432,104.543
2020-11-04T00:00:00.000000000+0000,104.544,105.344,104.151,104.439
2020-11-05T00:00:00.000000000+0000,104.438,104.474,103.442,103.607
2020-11-06T00:00:00.000000000+0000,103.607,103.759,103.176,103.329
2020-11-07T00:00:00.000000000+0000,103.329,103.329,103.329,103.329
2020-11-08T00:00:00.000000000+0000,103.322,103.335,103.19,103.255
2020-11-09T00:00:00.000000000+0000,103.256,105.647,103.239,105.138
2020-11-10T00:00:00.000000000+0000,105.138,105.487,104.82,105.261
2020-11-11T00:00:00.000000000+0000,105.259,105.676,105.004,105.415
2020-11-12T00:00:00.000000000+0000,105.416,105.477,105.063,105.098
2020-11-13T00:00:00.000000000+0000,105.1,105.149,104.562,104.592
2020-11-14T00:00:00.000000000+0000,104.592,104.592,104.592,104.592
2020-11-15T00:00:00.000000000+0000,104.727,104.734,104.563,104.676
2020-11-16T00:00:00.000000000+0000,104.675,105.136,104.362,104.531
2020-11-17T00:00:00.000000000+0000,104.53,104.566,104.069,104.174
2020-11-18T00:00:00.000000000+0000,104.174,104.174,103.651,103.894
2020-11-19T00:00:00.000000000+0000,103.895,104.216,103.717,103.81
2020-11-20T00:00:00.000000000+0000,103.81,103.911,103.702,103.813
2020-11-21T00:00:00.000000000+0000,103.813,103.813,103.813,103.813
2020-11-22T00:00:00.000000000+0000,103.763,103.862,103.742,103.818
2020-11-23T00:00:00.000000000+0000,103.818,104.636,103.68,104.53
2020-11-24T00:00:00.000000000+0000,104.528,104.761,104.145,104.508
2020-11-25T00:00:00.000000000+0000,104.509,104.597,104.255,104.401
2020-11-26T00:00:00.000000000+0000,104.401,104.403,104.218,104.257
2020-11-27T00:00:00.000000000+0000,104.259,104.27,103.906,104.025
2020-11-28T00:00:00.000000000+0000,104.025,104.025,104.025,104.025
2020-11-29T00:00:00.000000000+0000,104.052,104.161,104.003,104.088
2020-11-30T00:00:00.000000000+0000,104.089,104.409,103.831,104.305
2020-12-01T00:00:00.000000000+0000,104.304,104.578,104.182,104.298
2020-12-02T00:00:00.000000000+0000,104.298,104.751,104.224,104.448
2020-12-03T00:00:00.000000000+0000,104.445,104.534,103.67,103.833
2020-12-04T00:00:00.000000000+0000,103.835,104.242,103.738,104.131
2020-12-05T00:00:00.000000000+0000,104.131,104.131,104.131,104.131
2020-12-06T00:00:00.000000000+0000,104.065,104.236,104.027,104.206
2020-12-07T00:00:00.000000000+0000,104.206,104.312,103.922,104.006
2020-12-08T00:00:00.000000000+0000,104.007,104.206,103.955,104.14
2020-12-09T00:00:00.000000000+0000,104.139,104.405,104.051,104.285
2020-12-10T00:00:00.000000000+0000,104.285,104.579,104.172,104.179
2020-12-11T00:00:00.000000000+0000,104.178,104.178,103.822,103.996
2020-12-12T00:00:00.000000000+0000,103.996,103.996,103.996,103.996
2020-12-13T00:00:00.000000000+0000,103.992,104.018,103.852,103.964
2020-12-14T00:00:00.000000000+0000,103.965,104.102,103.512,104.008
2020-12-15T00:00:00.000000000+0000,104.008,104.152,103.607,103.647
2020-12-16T00:00:00.000000000+0000,103.647,103.918,103.26,103.475
2020-12-17T00:00:00.000000000+0000,103.475,103.561,102.873,103.148
2020-12-18T00:00:00.000000000+0000,103.149,103.595,103.121,103.281
2020-12-19T00:00:00.000000000+0000,103.281,103.281,103.281,103.281
2020-12-20T00:00:00.000000000+0000,103.498,103.557,103.278,103.478
2020-12-21T00:00:00.000000000+0000,103.478,103.89,103.251,103.338
2020-12-22T00:00:00.000000000+0000,103.34,103.735,103.28,103.513
2020-12-23T00:00:00.000000000+0000,103.515,103.652,103.355,103.533
2020-12-24T00:00:00.000000000+0000,103.532,103.767,103.501,103.637
2020-12-25T00:00:00.000000000+0000,103.631,103.651,103.423,103.423
2020-12-26T00:00:00.000000000+0000,103.423,103.423,103.423,103.423
2020-12-27T00:00:00.000000000+0000,103.511,103.599,103.503,103.527
2020-12-28T00:00:00.000000000+0000,103.526,103.898,103.405,103.691
2020-12-29T00:00:00.000000000+0000,103.692,103.804,103.463,103.552
2020-12-30T00:00:00.000000000+0000,103.553,103.583,102.961,103.127
2020-12-31T00:00:00.000000000+0000,103.127,103.316,102.996,103.259
2021-01-01T00:00:00.000000000+0000,103.247,103.247,103.247,103.247
2021-01-02T00:00:00.000000000+0000,103.247,103.247,103.247,103.247
2021-01-03T00:00:00.000000000+0000,103.097,103.316,103.097,103.247
2021-01-04T00:00:00.000000000+0000,103.247,103.263,102.712,103.135
2021-01-05T00:00:00.000000000+0000,103.135,103.19,102.604,102.685
2021-01-06T00:00:00.000000000+0000,102.684,103.444,102.591,103.023
2021-01-07T00:00:00.000000000+0000,103.021,103.957,102.951,103.801
2021-01-08T00:00:00.000000000+0000,103.801,104.092,103.603,103.885
2021-01-09T00:00:00.000000000+0000,103.885,103.885,103.885,103.885
2021-01-10T00:00:00.000000000+0000,103.882,104.097,103.881,104.085
2021-01-11T00:00:00.000000000+0000,104.086,104.397,104.033,104.14
2021-01-12T00:00:00.000000000+0000,104.14,104.332,103.72,103.747
2021-01-13T00:00:00.000000000+0000,103.749,103.997,103.525,103.826
2021-01-14T00:00:00.000000000+0000,103.827,104.196,103.563,103.84
2021-01-15T00:00:00.000000000+0000,103.838,103.912,103.616,103.75
2021-01-16T00:00:00.000000000+0000,103.75,103.75,103.75,103.75
2021-01-17T00:00:00.000000000+0000,103.817,103.926,103.813,103.916
2021-01-18T00:00:00.000000000+0000,103.916,103.931,103.637,103.705
2021-01-19T00:00:00.000000000+0000,103.705,104.085,103.652,103.899
2021-01-20T00:00:00.000000000+0000,103.898,103.929,103.445,103.558
2021-01-21T00:00:00.000000000+0000,103.557,103.668,103.327,103.51
2021-01-22T00:00:00.000000000+0000,103.509,103.887,103.492,103.727
2021-01-23T00:00:00.000000000+0000,103.727,103.727,103.727,103.727
2021-01-24T00:00:00.000000000+0000,103.781,103.825,103.756,103.789
2021-01-25T00:00:00.000000000+0000,103.789,103.936,103.672,103.761
2021-01-26T00:00:00.000000000+0000,103.763,103.828,103.554,103.601
2021-01-27T00:00:00.000000000+0000,103.599,104.2,103.586,104.142
2021-01-28T00:00:00.000000000+0000,104.142,104.462,104.134,104.303
2021-01-29T00:00:00.000000000+0000,104.301,104.94,104.285,104.638
2021-01-30T00:00:00.000000000+0000,104.638,104.638,104.638,104.638
2021-01-31T00:00:00.000000000+0000,104.776,104.815,104.679,104.717
2021-02-01T00:00:00.000000000+0000,104.715,105.035,104.608,104.883
2021-02-02T00:00:00.000000000+0000,104.883,105.173,104.828,105.031
2021-02-03T00:00:00.000000000+0000,105.03,105.104,104.922,104.996
2021-02-04T00:00:00.000000000+0000,104.996,105.644,104.975,105.575
2021-02-05T00:00:00.000000000+0000,105.574,105.769,105.319,105.319
2021-02-06T00:00:00.000000000+0000,105.319,105.319,105.319,105.319
2021-02-07T00:00:00.000000000+0000,105.316,105.432,105.316,105.395
2021-02-08T00:00:00.000000000+0000,105.395,105.671,105.15,105.214
2021-02-09T00:00:00.000000000+0000,105.212,105.228,104.497,104.584
2021-02-10T00:00:00.000000000+0000,104.583,104.842,104.408,104.618
2021-02-11T00:00:00.000000000+0000,104.618,104.804,104.549,104.75
2021-02-12T00:00:00.000000000+0000,104.751,105.181,104.737,104.909
2021-02-13T00:00:00.000000000+0000,104.909,104.909,104.909,104.909
2021-02-14T00:00:00.000000000+0000,104.891,105.083,104.891,105.067
2021-02-15T00:00:00.000000000+0000,105.065,105.417,104.979,105.371
2021-02-16T00:00:00.000000000+0000,105.372,106.224,105.179,106.117
2021-02-17T00:00:00.000000000+0000,106.117,106.213,105.777,105.852
2021-02-18T00:00:00.000000000+0000,105.854,105.924,105.598,105.654
2021-02-19T00:00:00.000000000+0000,105.653,105.742,105.24,105.386
2021-02-20T00:00:00.000000000+0000,105.386,105.386,105.386,105.386
2021-02-21T00:00:00.000000000+0000,105.383,105.622,105.382,105.536
2021-02-22T00:00:00.000000000+0000,105.534,105.845,104.924,105.007
2021-02-23T00:00:00.000000000+0000,105.007,105.429,104.922,105.296
2021-02-24T00:00:00.000000000+0000,105.296,106.104,105.268,105.955
2021-02-25T00:00:00.000000000+0000,105.958,106.413,105.844,106.391
2021-02-26T00:00:00.000000000+0000,106.39,106.692,105.848,106.509
2021-02-27T00:00:00.000000000+0000,106.509,106.509,106.509,106.509
2021-02-28T00:00:00.000000000+0000,106.481,106.588,106.47,106.481
2021-03-01T00:00:00.000000000+0000,106.48,106.888,106.364,106.845
2021-03-02T00:00:00.000000000+0000,106.844,106.957,106.673,106.759
2021-03-03T00:00:00.000000000+0000,106.758,107.153,106.699,107.069
2021-03-04T00:00:00.000000000+0000,107.069,108.012,106.965,107.949
2021-03-05T00:00:00.000000000+0000,107.949,108.644,107.819,108.329
2021-03-06T00:00:00.000000000+0000,108.329,108.329,108.329,108.329
2021-03-07T00:00:00.000000000+0000,108.313,108.475,108.308,108.404
2021-03-08T00:00:00.000000000+0000,108.404,108.952,108.309,108.926
2021-03-09T00:00:00.000000000+0000,108.927,109.233,108.415,108.577
2021-03-10T00:00:00.000000000+0000,108.576,108.919,108.337,108.45
2021-03-11T00:00:00.000000000+0000,108.451,108.811,108.355,108.573
2021-03-12T00:00:00.000000000+0000,108.572,109.165,108.516,108.999
2021-03-13T00:00:00.000000000+0000,108.999,108.999,108.999,108.999
2021-03-14T00:00:00.000000000+0000,108.981,109.146,108.927,109.116
2021-03-15T00:00:00.000000000+0000,109.116,109.364,108.914,109.126
2021-03-16T00:00:00.000000000+0000,109.125,109.287,108.771,109.03
2021-03-17T00:00:00.000000000+0000,109.03,109.325,108.702,108.899
2021-03-18T00:00:00.000000000+0000,108.899,109.303,108.624,108.932
2021-03-19T00:00:00.000000000+0000,108.93,109.128,108.607,108.837
2021-03-20T00:00:00.000000000+0000,108.837,108.837,108.837,108.837
2021-03-21T00:00:00.000000000+0000,108.616,108.934,108.582,108.873
2021-03-22T00:00:00.000000000+0000,108.875,108.955,108.618,108.778
2021-03-23T00:00:00.000000000+0000,108.778,108.873,108.405,108.522
2021-03-24T00:00:00.000000000+0000,108.518,108.956,108.45,108.79
2021-03-25T00:00:00.000000000+0000,108.788,109.236,108.787,109.178
2021-03-26T00:00:00.000000000+0000,109.177,109.847,109.129,109.613
2021-03-27T00:00:00.000000000+0000,109.613,109.613,109.613,109.613
2021-03-28T00:00:00.000000000+0000,109.717,109.803,109.639,109.792
2021-03-29T00:00:00.000000000+0000,109.791,109.884,109.372,109.835
2021-03-30T00:00:00.000000000+0000,109.837,110.426,109.786,110.305
2021-03-31T00:00:00.000000000+0000,110.306,110.965,110.273,110.758
2021-04-01T00:00:00.000000000+0000,110.758,110.847,110.545,110.612
2021-04-02T00:00:00.000000000+0000,110.612,110.748,110.373,110.638
2021-04-03T00:00:00.000000000+0000,110.638,110.638,110.638,110.638
2021-04-04T00:00:00.000000000+0000,110.613,110.75,110.613,110.678
2021-04-05T00:00:00.000000000+0000,110.679,110.721,109.959,110.194
2021-04-06T00:00:00.000000000+0000,110.195,110.551,109.669,109.796
2021-04-07T00:00:00.000000000+0000,109.796,109.941,109.578,109.856
2021-04-08T00:00:00.000000000+0000,109.856,109.903,108.997,109.33
2021-04-09T00:00:00.000000000+0000,109.332,109.96,109.213,109.65
2021-04-10T00:00:00.000000000+0000,109.65,109.65,109.65,109.65
2021-04-11T00:00:00.000000000+0000,109.666,109.753,109.613,109.721
2021-04-12T00:00:00.000000000+0000,109.72,109.77,109.245,109.381
2021-04-13T00:00:00.000000000+0000,109.381,109.751,108.887,108.924
2021-04-14T00:00:00.000000000+0000,108.924,109.094,108.751,108.893
2021-04-15T00:00:00.000000000+0000,108.893,108.957,108.611,108.69
2021-04-16T00:00:00.000000000+0000,108.69,108.964,108.61,108.75
2021-04-17T00:00:00.000000000+0000,108.75,108.75,108.75,108.75
2021-04-18T00:00:00.000000000+0000,108.768,108.834,108.667,108.722
2021-04-19T00:00:00.000000000+0000,108.723,108.767,108.008,108.108
2021-04-20T00:00:00.000000000+0000,108.108,108.548,107.97,108.132
2021-04-21T00:00:00.000000000+0000,108.132,108.28,107.874,108.042
2021-04-22T00:00:00.000000000+0000,108.042,108.231,107.813,107.986
2021-04-23T00:00:00.000000000+0000,107.986,108.146,107.476,107.864
2021-04-24T00:00:00.000000000+0000,107.864,107.864,107.864,107.864
2021-04-25T00:00:00.000000000+0000,107.907,107.962,107.863,107.882
2021-04-26T00:00:00.000000000+0000,107.881,108.209,107.64,108.198
2021-04-27T00:00:00.000000000+0000,108.199,108.777,108.099,108.75
2021-04-28T00:00:00.000000000+0000,108.749,109.077,108.5,108.506
2021-04-29T00:00:00.000000000+0000,108.505,109.223,108.435,108.906
2021-04-30T00:00:00.000000000+0000,108.904,109.364,108.711,109.296
2021-05-01T00:00:00.000000000+0000,109.296,109.296,109.296,109.296
2021-05-02T00:00:00.000000000+0000,109.283,109.353,109.272,109.287
2021-05-03T00:00:00.000000000+0000,109.285,109.696,108.895,109.087
2021-05-04T00:00:00.000000000+0000,109.088,109.488,109.042,109.332
2021-05-05T00:00:00.000000000+0000,109.331,109.48,109.143,109.22
2021-05-06T00:00:00.000000000+0000,109.22,109.428,109.0,109.051
2021-05-07T00:00:00.000000000+0000,109.05,109.287,108.337,108.565
2021-05-08T00:00:00.000000000+0000,108.565,108.565,108.565,108.565
2021-05-09T00:00:00.000000000+0000,108.55,108.619,108.467,108.573
2021-05-10T00:00:00.000000000+0000,108.574,109.056,108.556,108.846
2021-05-11T00:00:00.000000000+0000,108.848,108.982,108.349,108.716
2021-05-12T00:00:00.000000000+0000,108.715,109.708,108.661,109.662
2021-05-13T00:00:00.000000000+0000,109.664,109.784,109.405,109.517
2021-05-14T00:00:00.000000000+0000,109.517,109.656,109.186,109.322
2021-05-15T00:00:00.000000000+0000,109.322,109.322,109.322,109.322
2021-05-16T00:00:00.000000000+0000,109.26,109.423,109.184,109.419
2021-05-17T00:00:00.000000000+0000,109.42,109.501,109.073,109.24
2021-05-18T00:00:00.000000000+0000,109.241,109.283,108.83,108.867
2021-05-19T00:00:00.000000000+0000,108.868,109.335,108.571,109.262
2021-05-20T00:00:00.000000000+0000,109.261,109.296,108.748,108.861
2021-05-21T00:00:00.000000000+0000,108.862,109.004,108.609,108.929
2021-05-22T00:00:00.000000000+0000,108.929,108.929,108.929,108.929
2021-05-23T00:00:00.000000000+0000,108.895,108.995,108.88,108.916
2021-05-24T00:00:00.000000000+0000,108.914,108.991,108.695,108.851
2021-05-25T00:00:00.000000000+0000,108.847,109.07,108.559,108.791
2021-05-26T00:00:00.000000000+0000,108.794,109.178,108.723,109.17
2021-05-27T00:00:00.000000000+0000,109.171,109.923,109.036,109.809
2021-05-28T00:00:00.000000000+0000,109.81,110.198,109.742,109.809
2021-05-29T00:00:00.000000000+0000,109.809,109.809,109.809,109.809
2021-05-30T00:00:00.000000000+0000,109.798,109.934,109.798,109.908
2021-05-31T00:00:00.000000000+0000,109.908,109.935,109.351,109.492
2021-06-01T00:00:00.000000000+0000,109.493,109.706,109.33,109.495
2021-06-02T00:00:00.000000000+0000,109.495,109.884,109.481,109.596
2021-06-03T00:00:00.000000000+0000,109.595,110.329,109.565,110.29
2021-06-04T00:00:00.000000000+0000,110.291,110.328,109.363,109.476
2021-06-05T00:00:00.000000000+0000,109.476,109.476,109.476,109.476
2021-06-06T00:00:00.000000000+0000,109.58,109.635,109.411,109.619
2021-06-07T00:00:00.000000000+0000,109.618,109.637,109.187,109.273
2021-06-08T00:00:00.000000000+0000,109.272,109.558,109.198,109.47
2021-06-09T00:00:00.000000000+0000,109.47,109.66,109.224,109.613
2021-06-10T00:00:00.000000000+0000,109.614,109.794,109.305,109.393
2021-06-11T00:00:00.000000000+0000,109.393,109.842,109.317,109.621
2021-06-12T00:00:00.000000000+0000,109.621,109.621,109.621,109.621
2021-06-13T00:00:00.000000000+0000,109.601,109.734,109.601,109.714
2021-06-14T00:00:00.000000000+0000,109.715,110.098,109.611,110.042
2021-06-15T00:00:00.000000000+0000,110.043,110.166,109.986,110.082
2021-06-16T00:00:00.000000000+0000,110.081,110.8,109.803,110.77
2021-06-17T00:00:00.000000000+0000,110.772,110.822,110.166,110.325
2021-06-18T00:00:00.000000000+0000,110.324,110.482,109.941,110.137
2021-06-19T00:00:00.000000000+0000,110.137,110.137,110.137,110.137
2021-06-20T00:00:00.000000000+0000,110.147,110.284,110.147,110.203
2021-06-21T00:00:00.000000000+0000,110.204,110.38,109.714,110.377
2021-06-22T00:00:00.000000000+0000,110.378,110.791,110.211,110.653
2021-06-23T00:00:00.000000000+0000,110.653,111.105,110.645,111.012
2021-06-24T00:00:00.000000000+0000,111.013,111.114,110.689,110.919
2021-06-25T00:00:00.000000000+0000,110.92,110.983,110.48,110.74
2021-06-26T00:00:00.000000000+0000,110.74,110.74,110.74,110.74
2021-06-27T00:00:00.000000000+0000,110.729,110.858,110.729,110.81
2021-06-28T00:00:00.000000000+0000,110.81,110.976,110.496,110.605
2021-06-29T00:00:00.000000000+0000,110.605,110.759,110.431,110.534
2021-06-30T00:00:00.000000000+0000,110.535,111.137,110.419,111.13
2021-07-01T00:00:00.000000000+0000,111.131,111.639,111.026,111.571
2021-07-02T00:00:00.000000000+0000,111.571,111.657,110.95,111.01
2021-07-03T00:00:00.000000000+0000,111.01,111.01,111.01,111.01
2021-07-04T00:00:00.000000000+0000,110.9,111.157,110.9,111.14
2021-07-05T00:00:00.000000000+0000,111.141,111.189,110.796,110.916
2021-07-06T00:00:00.000000000+0000,110.917,110.929,110.521,110.601
2021-07-07T00:00:00.000000000+0000,110.601,110.816,110.394,110.635
2021-07-08T00:00:00.000000000+0000,110.634,110.648,109.533,109.801
2021-07-09T00:00:00.000000000+0000,109.802,110.257,109.761,110.094
2021-07-10T00:00:00.000000000+0000,110.094,110.094,110.094,110.094
2021-07-11T00:00:00.000000000+0000,110.115,110.246,110.101,110.216
2021-07-12T00:00:00.000000000+0000,110.217,110.403,109.976,110.328
2021-07-13T00:00:00.000000000+0000,110.329,110.646,110.197,110.597
2021-07-14T00:00:00.000000000+0000,110.597,110.698,109.927,109.996
2021-07-15T00:00:00.000000000+0000,109.996,110.088,109.713,109.78
2021-07-16T00:00:00.000000000+0000,109.777,110.341,109.731,110.066
2021-07-17T00:00:00.000000000+0000,110.066,110.066,110.066,110.066
2021-07-18T00:00:00.000000000+0000,110.026,110.097,109.849,109.876
2021-07-19T00:00:00.000000000+0000,109.876,110.033,109.063,109.528
2021-07-20T00:00:00.000000000+0000,109.528,109.956,109.328,109.919
2021-07-21T00:00:00.000000000+0000,109.917,110.387,109.8,110.248
2021-07-22T00:00:00.000000000+0000,110.248,110.357,110.013,110.141
2021-07-23T00:00:00.000000000+0000,110.141,110.592,110.112,110.508
2021-07-24T00:00:00.000000000+0000,110.508,110.508,110.508,110.508
2021-07-25T00:00:00.000000000+0000,110.466,110.568,110.463,110.546
2021-07-26T00:00:00.000000000+0000,110.543,110.583,110.116,110.306
2021-07-27T00:00:00.000000000+0000,110.307,110.329,109.583,109.806
2021-07-28T00:00:00.000000000+0000,109.807,110.288,109.743,109.891
2021-07-29T00:00:00.000000000+0000,109.89,109.911,109.401,109.41
2021-07-30T00:00:00.000000000+0000,109.41,109.826,109.36,109.672
2021-07-31T00:00:00.000000000+0000,109.672,109.672,109.672,109.672
2021-08-01T00:00:00.000000000+0000,109.669,109.77,109.55,109.714
2021-08-02T00:00:00.000000000+0000,109.712,109.745,109.186,109.27
2021-08-03T00:00:00.000000000+0000,109.271,109.333,108.875,108.991
2021-08-04T00:00:00.000000000+0000,108.989,109.673,108.721,109.534
2021-08-05T00:00:00.000000000+0000,109.534,109.789,109.403,109.751
2021-08-06T00:00:00.000000000+0000,109.753,110.356,109.698,110.199
2021-08-07T00:00:00.000000000+0000,110.199,110.199,110.199,110.199
2021-08-08T00:00:00.000000000+0000,110.296,110.306,110.188,110.262
2021-08-09T00:00:00.000000000+0000,110.263,110.352,110.026,110.321
2021-08-10T00:00:00.000000000+0000,110.322,110.601,110.301,110.598
2021-08-11T00:00:00.000000000+0000,110.598,110.801,110.307,110.376
2021-08-12T00:00:00.000000000+0000,110.374,110.546,110.315,110.401
2021-08-13T00:00:00.000000000+0000,110.402,110.458,109.544,109.562
2021-08-14T00:00:00.000000000+0000,109.562,109.562,109.562,109.562
2021-08-15T00:00:00.000000000+0000,109.599,109.751,109.553,109.627
2021-08-16T00:00:00.000000000+0000,109.627,109.627,109.113,109.3
2021-08-17T00:00:00.000000000+0000,109.299,109.654,109.116,109.538
2021-08-18T00:00:00.000000000+0000,109.537,110.064,109.478,109.84
2021-08-19T00:00:00.000000000+0000,109.84,110.228,109.483,109.769
2021-08-20T00:00:00.000000000+0000,109.769,109.885,109.569,109.7
2021-08-21T00:00:00.000000000+0000,109.7,109.7,109.7,109.7
2021-08-22T00:00:00.000000000+0000,109.73,109.881,109.659,109.84
2021-08-23T00:00:00.000000000+0000,109.841,110.146,109.649,109.676
2021-08-24T00:00:00.000000000+0000,109.676,109.881,109.412,109.73
2021-08-25T00:00:00.000000000+0000,109.727,110.124,109.684,109.978
2021-08-26T00:00:00.000000000+0000,109.978,110.229,109.926,110.048
2021-08-27T00:00:00.000000000+0000,110.048,110.267,109.762,109.762
2021-08-28T00:00:00.000000000+0000,109.762,109.762,109.762,109.762
2021-08-29T00:00:00.000000000+0000,109.848,109.876,109.77,109.863
2021-08-30T00:00:00.000000000+0000,109.862,109.982,109.702,109.945
2021-08-31T00:00:00.000000000+0000,109.946,110.079,109.585,110.056
2021-09-01T00:00:00.000000000+0000,110.056,110.419,109.88,110.093
2021-09-02T00:00:00.000000000+0000,110.092,110.122,109.913,109.946
2021-09-03T00:00:00.000000000+0000,109.946,110.072,109.59,109.677
2021-09-04T00:00:00.000000000+0000,109.677,109.677,109.677,109.677
2021-09-05T00:00:00.000000000+0000,109.689,109.786,109.655,109.78
2021-09-06T00:00:00.000000000+0000,109.779,109.946,109.746,109.824
2021-09-07T00:00:00.000000000+0000,109.823,110.323,109.685,110.297
2021-09-08T00:00:00.000000000+0000,110.297,110.446,110.141,110.22
2021-09-09T00:00:00.000000000+0000,110.22,110.272,109.62,109.772
2021-09-10T00:00:00.000000000+0000,109.771,109.991,109.695,109.892
2021-09-11T00:00:00.000000000+0000,109.892,109.892,109.892,109.892
2021-09-12T00:00:00.000000000+0000,109.873,109.928,109.8,109.916
2021-09-13T00:00:00.000000000+0000,109.916,110.158,109.888,109.995
2021-09-14T00:00:00.000000000+0000,109.995,110.161,109.526,109.715
2021-09-15T00:00:00.000000000+0000,109.714,109.743,109.112,109.383
2021-09-16T00:00:00.000000000+0000,109.382,109.827,109.212,109.697
2021-09-17T00:00:00.000000000+0000,109.697,110.08,109.667,109.896
2021-09-18T00:00:00.000000000+0000,109.896,109.896,109.896,109.896
2021-09-19T00:00:00.000000000+0000,109.887,109.999,109.876,109.979
2021-09-20T00:00:00.000000000+0000,109.978,110.036,109.321,109.436
2021-09-21T00:00:00.000000000+0000,109.435,109.705,109.133,109.152
2021-09-22T00:00:00.000000000+0000,109.152,109.9,109.119,109.823
2021-09-23T00:00:00.000000000+0000,109.822,110.348,109.755,110.328
2021-09-24T00:00:00.000000000+0000,110.328,110.794,110.311,110.686
2021-09-25T00:00:00.000000000+0000,110.686,110.686,110.686,110.686
2021-09-26T00:00:00.000000000+0000,110.626,110.797,110.619,110.766
2021-09-27T00:00:00.000000000+0000,110.766,111.064,110.533,110.963
2021-09-28T00:00:00.000000000+0000,110.963,111.638,110.934,111.528
2021-09-29T00:00:00.000000000+0000,111.526,112.048,111.204,111.936
2021-09-30T00:00:00.000000000+0000,111.936,112.078,111.238,111.464
2021-10-01T00:00:00.000000000+0000,111.463,111.487,110.905,110.997
2021-10-02T00:00:00.000000000+0000,110.997,110.997,110.997,110.997
2021-10-03T00:00:00.000000000+0000,110.893,111.026,110.891,110.949
2021-10-04T00:00:00.000000000+0000,110.949,111.301,110.821,110.969
2021-10-05T00:00:00.000000000+0000,110.968,111.562,110.869,111.486
2021-10-06T00:00:00.000000000+0000,111.485,111.787,111.199,111.406
2021-10-07T00:00:00.000000000+0000,111.404,111.675,111.228,111.661
2021-10-08T00:00:00.000000000+0000,111.661,112.252,111.51,112.215
2021-10-09T00:00:00.000000000+0000,112.215,112.215,112.215,112.215
2021-10-10T00:00:00.000000000+0000,112.098,112.326,112.098,112.274
2021-10-11T00:00:00.000000000+0000,112.273,113.413,112.174,113.39
2021-10-12T00:00:00.000000000+0000,113.387,113.786,113.0,113.537
2021-10-13T00:00:00.000000000+0000,113.537,113.804,113.21,113.307
2021-10-14T00:00:00.000000000+0000,113.307,113.886,113.276,113.832
2021-10-15T00:00:00.000000000+0000,113.831,114.462,113.81,114.228
2021-10-16T00:00:00.000000000+0000,114.228,114.228,114.228,114.228
2021-10-17T00:00:00.000000000+0000,114.213,114.362,114.147,114.332
2021-10-18T00:00:00.000000000+0000,114.331,114.451,114.014,114.288
2021-10-19T00:00:00.000000000+0000,114.286,114.58,113.878,114.545
2021-10-20T00:00:00.000000000+0000,114.544,114.7,114.079,114.387
2021-10-21T00:00:00.000000000+0000,114.386,114.407,113.648,113.849
2021-10-22T00:00:00.000000000+0000,113.846,114.206,113.413,113.486
2021-10-23T00:00:00.000000000+0000,113.486,113.486,113.486,113.486
2021-10-24T00:00:00.000000000+0000,113.551,113.692,113.46,113.668
2021-10-25T00:00:00.000000000+0000,113.669,113.922,113.513,113.763
2021-10-26T00:00:00.000000000+0000,113.763,114.312,113.718,114.183
2021-10-27T00:00:00.000000000+0000,114.183,114.22,113.387,113.771
2021-10-28T00:00:00.000000000+0000,113.77,113.866,113.255,113.614
2021-10-29T00:00:00.000000000+0000,113.617,114.095,113.392,113.965
2021-10-30T00:00:00.000000000+0000,113.965,113.965,113.965,113.965
2021-10-31T00:00:00.000000000+0000,114.048,114.255,114.046,114.236
2021-11-01T00:00:00.000000000+0000,114.236,114.442,113.938,114.09
2021-11-02T00:00:00.000000000+0000,114.089,114.132,113.461,113.965
2021-11-03T00:00:00.000000000+0000,113.964,114.217,113.72,114.068
2021-11-04T00:00:00.000000000+0000,114.068,114.277,113.506,113.834
2021-11-05T00:00:00.000000000+0000,113.833,114.029,113.299,113.317
2021-11-06T00:00:00.000000000+0000,113.317,113.317,113.317,113.317
2021-11-07T00:00:00.000000000+0000,113.347,113.527,113.347,113.476
2021-11-08T00:00:00.000000000+0000,113.474,113.665,113.079,113.255
2021-11-09T00:00:00.000000000+0000,113.254,113.26,112.723,112.913
2021-11-10T00:00:00.000000000+0000,112.914,114.015,112.774,113.906
2021-11-11T00:00:00.000000000+0000,113.905,114.155,113.805,114.044
2021-11-12T00:00:00.000000000+0000,114.042,114.3,113.76,113.846
2021-11-13T00:00:00.000000000+0000,113.846,113.846,113.846,113.846
2021-11-14T00:00:00.000000000+0000,113.919,114.045,113.909,113.983
2021-11-15T00:00:00.000000000+0000,113.981,114.214,113.751,114.131
2021-11-16T00:00:00.000000000+0000,114.129,114.969,114.101,114.904
2021-11-17T00:00:00.000000000+0000,114.903,114.947,113.931,114.189
2021-11-18T00:00:00.000000000+0000,114.19,114.485,113.876,114.284
2021-11-19T00:00:00.000000000+0000,114.282,114.538,113.585,113.948
2021-11-20T00:00:00.000000000+0000,113.948,113.948,113.948,113.948
2021-11-21T00:00:00.000000000+0000,113.924,114.142,113.924,114.14
2021-11-22T00:00:00.000000000+0000,114.142,114.96,114.02,114.789
2021-11-23T00:00:00.000000000+0000,114.788,115.218,114.481,115.142
2021-11-24T00:00:00.000000000+0000,115.141,115.522,114.825,115.408
2021-11-25T00:00:00.000000000+0000,115.407,115.446,115.029,115.074
2021-11-26T00:00:00.000000000+0000,115.074,115.113,113.052,113.254
2021-11-27T00:00:00.000000000+0000,113.254,113.254,113.254,113.254
2021-11-28T00:00:00.000000000+0000,113.676,113.87,113.318,113.721
2021-11-29T00:00:00.000000000+0000,113.719,113.955,112.988,113.804
2021-11-30T00:00:00.000000000+0000,113.804,113.89,112.53,113.3
2021-12-01T00:00:00.000000000+0000,113.3,113.626,112.621,112.882
2021-12-02T00:00:00.000000000+0000,112.879,113.33,112.705,113.022
2021-12-03T00:00:00.000000000+0000,113.021,113.611,112.558,112.711
2021-12-04T00:00:00.000000000+0000,112.711,112.711,112.711,112.711
2021-12-05T00:00:00.000000000+0000,112.841,113.079,112.824,113.042
2021-12-06T00:00:00.000000000+0000,113.044,113.553,112.848,113.466
2021-12-07T00:00:00.000000000+0000,113.468,113.778,113.398,113.527
2021-12-08T00:00:00.000000000+0000,113.527,113.954,113.31,113.682
2021-12-09T00:00:00.000000000+0000,113.684,113.81,113.271,113.438
2021-12-10T00:00:00.000000000+0000,113.439,113.791,113.22,113.374
2021-12-11T00:00:00.000000000+0000,113.374,113.374,113.374,113.374
2021-12-12T00:00:00.000000000+0000,113.267,113.516,113.247,113.51
2021-12-13T00:00:00.000000000+0000,113.513,113.724,113.37,113.577
2021-12-14T00:00:00.000000000+0000,113.578,113.757,113.427,113.738
2021-12-15T00:00:00.000000000+0000,113.739,114.272,113.627,114.143
2021-12-16T00:00:00.000000000+0000,114.142,114.247,113.559,113.664
2021-12-17T00:00:00.000000000+0000,113.664,113.857,113.138,113.672
2021-12-18T00:00:00.000000000+0000,113.672,113.672,113.672,113.672
2021-12-19T00:00:00.000000000+0000,113.56,113.714,113.51,113.516
2021-12-20T00:00:00.000000000+0000,113.516,113.731,113.325,113.664
2021-12-21T00:00:00.000000000+0000,113.664,114.219,113.552,113.991
2021-12-22T00:00:00.000000000+0000,113.993,114.369,113.993,114.126
2021-12-23T00:00:00.000000000+0000,114.126,114.474,114.105,114.461
2021-12-24T00:00:00.000000000+0000,114.461,114.512,114.274,114.274
2021-12-25T00:00:00.000000000+0000,114.274,114.274,114.274,114.274
2021-12-26T00:00:00.000000000+0000,114.32,114.419,114.308,114.34
2021-12-27T00:00:00.000000000+0000,114.34,114.914,114.319,114.791
2021-12-28T00:00:00.000000000+0000,114.791,114.949,114.704,114.768
2021-12-29T00:00:00.000000000+0000,114.767,115.037,114.666,114.947
2021-12-30T00:00:00.000000000+0000,114.949,115.206,114.944,115.065
2021-12-31T00:00:00.000000000+0000,115.063,115.196,115.004,115.091
2022-01-01T00:00:00.000000000+0000,115.142,115.142,115.142,115.142
2022-01-02T00:00:00.000000000+0000,115.039,115.154,115.007,115.142
2022-01-03T00:00:00.000000000+0000,115.14,115.366,114.946,115.33
2022-01-04T00:00:00.000000000+0000,115.33,116.352,115.289,116.172
2022-01-05T00:00:00.000000000+0000,116.174,116.241,115.619,116.124
2022-01-06T00:00:00.000000000+0000,116.124,116.183,115.624,115.864
2022-01-07T00:00:00.000000000+0000,115.864,116.046,115.507,115.529
2022-01-08T00:00:00.000000000+0000,115.529,115.529,115.529,115.529
2022-01-09T00:00:00.000000000+0000,115.569,115.666,115.553,115.62
2022-01-10T00:00:00.000000000+0000,115.621,115.849,115.041,115.277
2022-01-11T00:00:00.000000000+0000,115.279,115.679,115.124,115.333
2022-01-12T00:00:00.000000000+0000,115.332,115.471,114.379,114.672
2022-01-13T00:00:00.000000000+0000,114.675,114.699,113.998,114.114
2022-01-14T00:00:00.000000000+0000,114.116,114.265,113.48,114.187
2022-01-15T00:00:00.000000000+0000,114.187,114.187,114.187,114.187
2022-01-16T00:00:00.000000000+0000,114.12,114.339,114.119,114.308
2022-01-17T00:00:00.000000000+0000,114.309,114.649,114.274,114.573
2022-01-18T00:00:00.000000000+0000,114.572,115.056,114.448,114.556
2022-01-19T00:00:00.000000000+0000,114.555,114.787,114.205,114.347
2022-01-20T00:00:00.000000000+0000,114.347,114.546,113.858,113.992
2022-01-21T00:00:00.000000000+0000,113.99,114.032,113.603,113.656
2022-01-22T00:00:00.000000000+0000,113.656,113.656,113.656,113.656
2022-01-23T00:00:00.000000000+0000,113.639,113.801,113.629,113.787
2022-01-24T00:00:00.000000000+0000,113.787,114.095,113.466,114.013
2022-01-25T00:00:00.000000000+0000,114.012,114.155,113.667,113.892
2022-01-26T00:00:00.000000000+0000,113.895,114.742,113.776,114.721
2022-01-27T00:00:00.000000000+0000,114.719,115.489,114.474,115.35
2022-01-28T00:00:00.000000000+0000,115.35,115.685,115.121,115.181
2022-01-29T00:00:00.000000000+0000,115.181,115.181,115.181,115.181
2022-01-30T00:00:00.000000000+0000,115.258,115.374,115.24,115.262
2022-01-31T00:00:00.000000000+0000,115.261,115.59,114.923,115.12
2022-02-01T00:00:00.000000000+0000,115.119,115.191,114.566,114.733
2022-02-02T00:00:00.000000000+0000,114.733,114.802,114.15,114.379
2022-02-03T00:00:00.000000000+0000,114.378,114.986,114.325,114.957
2022-02-04T00:00:00.000000000+0000,114.956,115.428,114.773,115.154
2022-02-05T00:00:00.000000000+0000,115.154,115.154,115.154,115.154
2022-02-06T00:00:00.000000000+0000,115.238,115.322,115.198,115.225
2022-02-07T00:00:00.000000000+0000,115.225,115.376,114.913,115.063
2022-02-08T00:00:00.000000000+0000,115.063,115.679,115.059,115.535
2022-02-09T00:00:00.000000000+0000,115.533,115.601,115.32,115.598
2022-02-10T00:00:00.000000000+0000,115.598,116.337,115.481,116.051
2022-02-11T00:00:00.000000000+0000,116.052,116.174,115.009,115.411
2022-02-12T00:00:00.000000000+0000,115.411,115.411,115.411,115.411
2022-02-13T00:00:00.000000000+0000,115.318,115.592,115.315,115.584
2022-02-14T00:00:00.000000000+0000,115.583,115.746,115.01,115.538
2022-02-15T00:00:00.000000000+0000,115.539,115.873,115.257,115.639
2022-02-16T00:00:00.000000000+0000,115.64,115.789,115.336,115.39
2022-02-17T00:00:00.000000000+0000,115.391,115.536,114.796,114.861
2022-02-18T00:00:00.000000000+0000,114.859,115.296,114.787,114.991
2022-02-19T00:00:00.000000000+0000,114.991,114.991,114.991,114.991
2022-02-20T00:00:00.000000000+0000,115.022,115.057,114.869,114.963
2022-02-21T00:00:00.000000000+0000,114.961,115.123,114.498,114.608
2022-02-22T00:00:00.000000000+0000,114.608,115.242,114.519,115.099
2022-02-23T00:00:00.000000000+0000,115.097,115.199,114.873,114.898
2022-02-24T00:00:00.000000000+0000,114.895,115.694,114.406,115.549
2022-02-25T00:00:00.000000000+0000,115.548,115.759,115.145,115.501
2022-02-26T00:00:00.000000000+0000,115.501,115.501,115.501,115.501
2022-02-27T00:00:00.000000000+0000,115.148,115.765,115.148,115.588
2022-02-28T00:00:00.000000000+0000,115.587,115.69,114.86,115.085
2022-03-01T00:00:00.000000000+0000,115.086,115.289,114.698,114.84
2022-03-02T00:00:00.000000000+0000,114.838,115.686,114.791,115.515
2022-03-03T00:00:00.000000000+0000,115.515,115.806,115.383,115.48
2022-03-04T00:00:00.000000000+0000,115.484,115.556,114.649,114.789
2022-03-05T00:00:00.000000000+0000,114.789,114.789,114.789,114.789
2022-03-06T00:00:00.000000000+0000,114.895,114.958,114.82,114.952
2022-03-07T00:00:00.000000000+0000,114.952,115.471,114.831,115.365
2022-03-08T00:00:00.000000000+0000,115.365,115.789,115.322,115.724
2022-03-09T00:00:00.000000000+0000,115.723,115.947,115.554,115.908
2022-03-10T00:00:00.000000000+0000,115.906,116.222,115.812,116.18
2022-03-11T00:00:00.000000000+0000,116.18,117.355,116.144,117.224
2022-03-12T00:00:00.000000000+0000,117.224,117.224,117.224,117.224
2022-03-13T00:00:00.000000000+0000,117.317,117.602,117.309,117.531
2022-03-14T00:00:00.000000000+0000,117.529,118.299,117.456,118.218
2022-03-15T00:00:00.000000000+0000,118.219,118.449,117.695,118.312
2022-03-16T00:00:00.000000000+0000,118.312,119.122,118.173,118.869
2022-03-17T00:00:00.000000000+0000,118.868,119.024,118.365,118.486
2022-03-18T00:00:00.000000000+0000,118.487,119.399,118.469,119.116
2022-03-19T00:00:00.000000000+0000,119.116,119.116,119.116,119.116
2022-03-20T00:00:00.000000000+0000,119.099,119.306,118.979,119.263
2022-03-21T00:00:00.000000000+0000,119.263,119.625,119.103,119.592
2022-03-22T00:00:00.000000000+0000,119.591,121.411,119.58,121.338
2022-03-23T00:00:00.000000000+0000,121.338,121.344,120.591,121.119
2022-03-24T00:00:00.000000000+0000,121.121,122.433,120.95,122.35
2022-03-25T00:00:00.000000000+0000,122.349,122.357,121.178,121.999
2022-03-26T00:00:00.000000000+0000,121.999,121.999,121.999,121.999
2022-03-27T00:00:00.000000000+0000,121.999,122.363,121.983,122.27
2022-03-28T00:00:00.000000000+0000,122.268,125.097,122.141,123.602
2022-03-29T00:00:00.000000000+0000,123.601,124.301,121.978,123.126
2022-03-30T00:00:00.000000000+0000,123.125,123.125,121.309,122.019
2022-03-31T00:00:00.000000000+0000,122.022,122.453,121.281,121.743
2022-04-01T00:00:00.000000000+0000,121.743,123.033,121.742,122.477
2022-04-02T00:00:00.000000000+0000,122.477,122.477,122.477,122.477
2022-04-03T00:00:00.000000000+0000,122.569,122.729,122.492,122.634
2022-04-04T00:00:00.000000000+0000,122.632,122.958,122.262,122.798
2022-04-05T00:00:00.000000000+0000,122.796,123.712,122.37,123.657
2022-04-06T00:00:00.000000000+0000,123.656,124.05,123.452,123.724
2022-04-07T00:00:00.000000000+0000,123.724,124.229,123.469,124.095
2022-04-08T00:00:00.000000000+0000,124.096,124.676,123.663,124.279
2022-04-09T00:00:00.000000000+0000,124.279,124.279,124.279,124.279
2022-04-10T00:00:00.000000000+0000,124.009,124.427,124.008,124.399
2022-04-11T00:00:00.000000000+0000,124.395,125.77,124.283,125.482
2022-04-12T00:00:00.000000000+0000,125.482,125.758,124.762,125.428
2022-04-13T00:00:00.000000000+0000,125.429,126.313,125.347,125.361
2022-04-14T00:00:00.000000000+0000,125.364,126.208,125.081,126.171
2022-04-15T00:00:00.000000000+0000,126.173,126.681,126.056,126.352
2022-04-16T00:00:00.000000000+0000,126.352,126.352,126.352,126.352
2022-04-17T00:00:00.000000000+0000,126.334,126.73,126.334,126.611
2022-04-18T00:00:00.000000000+0000,126.61,127.222,126.239,127.142
2022-04-19T00:00:00.000000000+0000,127.143,129.405,126.986,129.328
2022-04-20T00:00:00.000000000+0000,129.328,129.404,127.457,127.979
2022-04-21T00:00:00.000000000+0000,127.978,128.705,127.801,128.436
2022-04-22T00:00:00.000000000+0000,128.439,129.107,127.734,128.449
2022-04-23T00:00:00.000000000+0000,128.449,128.449,128.449,128.449
2022-04-24T00:00:00.000000000+0000,128.426,128.852,128.395,128.606
2022-04-25T00:00:00.000000000+0000,128.605,128.867,127.52,127.772
2022-04-26T00:00:00.000000000+0000,127.779,128.201,126.941,127.264
2022-04-27T00:00:00.000000000+0000,127.262,128.591,127.243,128.439
2022-04-28T00:00:00.000000000+0000,128.446,131.251,128.349,130.784
2022-04-29T00:00:00.000000000+0000,130.782,130.821,129.314,129.824
2022-04-30T00:00:00.000000000+0000,129.824,129.824,129.824,129.824
2022-05-01T00:00:00.000000000+0000,129.723,130.298,129.723,129.998
2022-05-02T00:00:00.000000000+0000,129.997,130.476,129.61,130.101
2022-05-03T00:00:00.000000000+0000,130.101,130.288,129.698,130.123
2022-05-04T00:00:00.000000000+0000,130.123,130.379,128.619,129.231
2022-05-05T00:00:00.000000000+0000,129.234,130.557,128.751,130.32
2022-05-06T00:00:00.000000000+0000,130.321,130.807,130.142,130.502
2022-05-07T00:00:00.000000000+0000,130.502,130.502,130.502,130.502
2022-05-08T00:00:00.000000000+0000,130.494,130.787,130.45,130.737
2022-05-09T00:00:00.000000000+0000,130.737,131.345,130.111,130.379
2022-05-10T00:00:00.000000000+0000,130.376,130.551,129.793,130.366
2022-05-11T00:00:00.000000000+0000,130.366,130.811,129.444,129.844
2022-05-12T00:00:00.000000000+0000,129.844,129.907,127.517,128.602
2022-05-13T00:00:00.000000000+0000,128.602,129.452,128.345,129.182
2022-05-14T00:00:00.000000000+0000,129.182,129.182,129.182,129.182
2022-05-15T00:00:00.000000000+0000,129.19,129.499,129.181,129.407
2022-05-16T00:00:00.000000000+0000,129.407,129.639,128.698,128.948
2022-05-17T00:00:00.000000000+0000,128.948,129.78,128.826,129.422
2022-05-18T00:00:00.000000000+0000,129.422,129.461,127.907,127.928
2022-05-19T00:00:00.000000000+0000,127.929,128.942,127.024,127.849
2022-05-20T00:00:00.000000000+0000,127.851,128.297,127.527,127.772
2022-05-21T00:00:00.000000000+0000,127.772,127.772,127.772,127.772
2022-05-22T00:00:00.000000000+0000,127.891,128.057,127.769,127.89
2022-05-23T00:00:00.000000000+0000,127.89,127.954,127.15,127.817
2022-05-24T00:00:00.000000000+0000,127.816,128.083,126.359,126.734
2022-05-25T00:00:00.000000000+0000,126.732,127.494,126.651,127.15
2022-05-26T00:00:00.000000000+0000,127.15,127.58,126.55,127.103
2022-05-27T00:00:00.000000000+0000,127.103,127.255,126.676,127.087
2022-05-28T00:00:00.000000000+0000,127.087,127.087,127.087,127.087
2022-05-29T00:00:00.000000000+0000,127.0,127.343,127.0,127.271
2022-05-30T00:00:00.000000000+0000,127.268,127.874,126.858,127.779
2022-05-31T00:00:00.000000000+0000,127.779,128.888,127.634,128.737
2022-06-01T00:00:00.000000000+0000,128.737,130.238,128.734,130.124
2022-06-02T00:00:00.000000000+0000,130.125,130.218,129.51,129.936
2022-06-03T00:00:00.000000000+0000,129.934,130.98,129.682,130.781
2022-06-04T00:00:00.000000000+0000,130.781,130.781,130.781,130.781
2022-06-05T00:00:00.000000000+0000,130.892,130.996,130.705,130.72
2022-06-06T00:00:00.000000000+0000,130.72,132.301,130.429,132.173
2022-06-07T00:00:00.000000000+0000,132.173,132.997,132.09,132.821
2022-06-08T00:00:00.000000000+0000,132.82,134.53,132.717,134.456
2022-06-09T00:00:00.000000000+0000,134.454,134.555,133.182,134.39
2022-06-10T00:00:00.000000000+0000,134.391,134.48,133.362,134.384
2022-06-11T00:00:00.000000000+0000,134.384,134.384,134.384,134.384
2022-06-12T00:00:00.000000000+0000,134.298,134.85,134.296,134.787
2022-06-13T00:00:00.000000000+0000,134.786,135.196,133.59,134.236
2022-06-14T00:00:00.000000000+0000,134.235,135.586,133.869,135.274
2022-06-15T00:00:00.000000000+0000,135.274,135.304,133.506,134.046
2022-06-16T00:00:00.000000000+0000,134.045,134.675,131.492,132.415
2022-06-17T00:00:00.000000000+0000,132.414,135.421,132.174,134.878
2022-06-18T00:00:00.000000000+0000,134.878,134.878,134.878,134.878
2022-06-19T00:00:00.000000000+0000,134.907,135.381,134.902,135.297
2022-06-20T00:00:00.000000000+0000,135.297,135.44,134.531,135.097
2022-06-21T00:00:00.000000000+0000,135.102,136.708,134.92,136.314
2022-06-22T00:00:00.000000000+0000,136.313,136.625,135.68,135.989
2022-06-23T00:00:00.000000000+0000,135.99,136.197,134.263,134.818
2022-06-24T00:00:00.000000000+0000,134.817,135.398,134.348,135.162
2022-06-25T00:00:00.000000000+0000,135.162,135.162,135.162,135.162
2022-06-26T00:00:00.000000000+0000,134.974,135.216,134.963,135.055
2022-06-27T00:00:00.000000000+0000,135.055,135.55,134.518,135.437
2022-06-28T00:00:00.000000000+0000,135.435,136.382,135.108,136.043
2022-06-29T00:00:00.000000000+0000,136.043,137.002,135.772,136.621
2022-06-30T00:00:00.000000000+0000,136.62,136.806,135.55,135.797
2022-07-01T00:00:00.000000000+0000,135.796,135.985,134.74,135.214
2022-07-02T00:00:00.000000000+0000,135.214,135.214,135.214,135.214
2022-07-03T00:00:00.000000000+0000,135.288,135.314,134.989,135.001
2022-07-04T00:00:00.000000000+0000,134.999,135.973,134.78,135.863
2022-07-05T00:00:00.000000000+0000,135.862,136.359,135.421,135.538
2022-07-06T00:00:00.000000000+0000,135.54,136.128,134.949,135.951
2022-07-07T00:00:00.000000000+0000,135.95,136.219,135.548,135.918
2022-07-08T00:00:00.000000000+0000,135.918,136.565,135.327,136.02
2022-07-09T00:00:00.000000000+0000,136.02,136.02,136.02,136.02
2022-07-10T00:00:00.000000000+0000,135.953,136.354,135.871,136.294
2022-07-11T00:00:00.000000000+0000,136.294,137.752,136.225,137.413
2022-07-12T00:00:00.000000000+0000,137.412,137.532,136.47,136.732
2022-07-13T00:00:00.000000000+0000,136.734,137.867,136.69,137.63
2022-07-14T00:00:00.000000000+0000,137.629,139.387,137.588,138.975
2022-07-15T00:00:00.000000000+0000,138.973,139.087,138.385,138.453
2022-07-16T00:00:00.000000000+0000,138.453,138.453,138.453,138.453
2022-07-17T00:00:00.000000000+0000,138.499,138.568,138.274,138.294
2022-07-18T00:00:00.000000000+0000,138.293,138.455,137.889,138.256
2022-07-19T00:00:00.000000000+0000,138.256,138.391,137.38,138.186
2022-07-20T00:00:00.000000000+0000,138.184,138.471,137.899,138.416
2022-07-21T00:00:00.000000000+0000,138.417,138.875,137.02,137.078
2022-07-22T00:00:00.000000000+0000,137.078,137.953,135.565,135.999
2022-07-23T00:00:00.000000000+0000,135.999,135.999,135.999,135.999
2022-07-24T00:00:00.000000000+0000,136.119,136.416,136.03,136.34
2022-07-25T00:00:00.000000000+0000,136.341,136.788,135.887,136.408
2022-07-26T00:00:00.000000000+0000,136.409,136.988,136.276,136.961
2022-07-27T00:00:00.000000000+0000,136.959,137.462,136.078,136.113
2022-07-28T00:00:00.000000000+0000,136.115,136.417,134.199,134.401
2022-07-29T00:00:00.000000000+0000,134.399,134.674,132.503,133.209
2022-07-30T00:00:00.000000000+0000,133.209,133.209,133.209,133.209
2022-07-31T00:00:00.000000000+0000,133.199,133.562,133.194,133.368
2022-08-01T00:00:00.000000000+0000,133.367,133.409,131.372,131.4
2022-08-02T00:00:00.000000000+0000,131.402,133.601,130.392,133.34
2022-08-03T00:00:00.000000000+0000,133.341,134.546,132.281,133.926
2022-08-04T00:00:00.000000000+0000,133.925,134.422,132.518,132.617
2022-08-05T00:00:00.000000000+0000,132.617,135.499,132.565,134.953
2022-08-06T00:00:00.000000000+0000,134.953,134.953,134.953,134.953
2022-08-07T00:00:00.000000000+0000,135.015,135.308,134.892,135.059
2022-08-08T00:00:00.000000000+0000,135.059,135.58,134.353,134.835
2022-08-09T00:00:00.000000000+0000,134.834,135.199,134.664,135.192
2022-08-10T00:00:00.000000000+0000,135.206,135.3,132.025,132.81
2022-08-11T00:00:00.000000000+0000,132.809,133.308,131.731,133.005
2022-08-12T00:00:00.000000000+0000,133.007,133.892,132.898,133.388
2022-08-13T00:00:00.000000000+0000,133.388,133.388,133.388,133.388
2022-08-14T00:00:00.000000000+0000,133.319,133.594,133.216,133.313
2022-08-15T00:00:00.000000000+0000,133.313,133.538,132.552,133.132
2022-08-16T00:00:00.000000000+0000,133.132,134.682,132.948,134.28
2022-08-17T00:00:00.000000000+0000,134.279,135.497,133.903,134.953
2022-08-18T00:00:00.000000000+0000,134.954,135.9,134.646,135.803
2022-08-19T00:00:00.000000000+0000,135.804,137.228,135.803,136.878
2022-08-20T00:00:00.000000000+0000,136.878,136.878,136.878,136.878
2022-08-21T00:00:00.000000000+0000,136.809,137.076,136.809,137.021
2022-08-22T00:00:00.000000000+0000,137.02,137.647,136.697,137.575
2022-08-23T00:00:00.000000000+0000,137.577,137.705,135.804,136.739
2022-08-24T00:00:00.000000000+0000,136.739,137.241,136.171,137.094
2022-08-25T00:00:00.000000000+0000,137.096,137.196,136.317,136.56
2022-08-26T00:00:00.000000000+0000,136.562,137.755,136.193,137.752
2022-08-27T00:00:00.000000000+0000,137.752,137.752,137.752,137.752
2022-08-28T00:00:00.000000000+0000,137.641,138.208,137.558,138.161
2022-08-29T00:00:00.000000000+0000,138.16,138.999,138.083,138.641
2022-08-30T00:00:00.000000000+0000,138.643,139.076,138.05,138.758
2022-08-31T00:00:00.000000000+0000,138.758,139.444,138.268,139.329
2022-09-01T00:00:00.000000000+0000,139.33,140.27,139.061,140.084
2022-09-02T00:00:00.000000000+0000,140.084,140.798,139.866,140.144
2022-09-03T00:00:00.000000000+0000,140.144,140.144,140.144,140.144
2022-09-04T00:00:00.000000000+0000,140.099,140.55,140.089,140.537
2022-09-05T00:00:00.000000000+0000,140.536,140.659,140.115,140.429
2022-09-06T00:00:00.000000000+0000,140.431,143.589,140.245,143.158
2022-09-07T00:00:00.000000000+0000,143.158,144.989,142.926,144.088
2022-09-08T00:00:00.000000000+0000,144.09,144.555,143.314,143.874
2022-09-09T00:00:00.000000000+0000,143.872,143.957,141.499,142.564
2022-09-10T00:00:00.000000000+0000,142.564,142.564,142.564,142.564
2022-09-11T00:00:00.000000000+0000,142.087,142.755,142.085,142.561
2022-09-12T00:00:00.000000000+0000,142.561,143.493,142.158,142.58
2022-09-13T00:00:00.000000000+0000,142.579,144.955,141.607,144.453
2022-09-14T00:00:00.000000000+0000,144.452,144.849,142.55,142.917
2022-09-15T00:00:00.000000000+0000,142.919,143.799,142.904,143.337
2022-09-16T00:00:00.000000000+0000,143.333,143.689,142.825,142.873
2022-09-17T00:00:00.000000000+0000,142.873,142.873,142.873,142.873
2022-09-18T00:00:00.000000000+0000,142.876,143.121,142.639,142.754
2022-09-19T00:00:00.000000000+0000,142.755,143.643,142.679,143.178
2022-09-20T00:00:00.000000000+0000,143.178,143.92,142.93,143.58
2022-09-21T00:00:00.000000000+0000,143.581,144.7,143.34,144.24
2022-09-22T00:00:00.000000000+0000,144.24,145.901,140.346,142.268
2022-09-23T00:00:00.000000000+0000,142.267,143.457,141.759,143.296
2022-09-24T00:00:00.000000000+0000,143.296,143.296,143.296,143.296
2022-09-25T00:00:00.000000000+0000,143.703,143.703,143.184,143.52
2022-09-26T00:00:00.000000000+0000,143.518,144.784,143.417,144.465
2022-09-27T00:00:00.000000000+0000,144.472,144.902,144.055,144.705
2022-09-28T00:00:00.000000000+0000,144.704,144.848,143.906,144.41
2022-09-29T00:00:00.000000000+0000,144.412,144.81,144.201,144.419
2022-09-30T00:00:00.000000000+0000,144.419,144.808,144.2,144.698
2022-10-01T00:00:00.000000000+0000,144.698,144.698,144.698,144.698
2022-10-02T00:00:00.000000000+0000,144.613,144.886,144.613,144.801
2022-10-03T00:00:00.000000000+0000,144.805,145.318,144.152,144.522
2022-10-04T00:00:00.000000000+0000,144.522,144.931,143.769,143.852
2022-10-05T00:00:00.000000000+0000,143.852,144.843,143.521,144.436
2022-10-06T00:00:00.000000000+0000,144.433,145.14,144.381,145.042
2022-10-07T00:00:00.000000000+0000,145.044,145.439,144.55,145.218
2022-10-08T00:00:00.000000000+0000,145.218,145.218,145.218,145.218
2022-10-09T00:00:00.000000000+0000,145.309,145.487,145.286,145.461
2022-10-10T00:00:00.000000000+0000,145.461,145.801,145.232,145.668
2022-10-11T00:00:00.000000000+0000,145.668,145.947,145.424,145.888
2022-10-12T00:00:00.000000000+0000,145.887,146.968,145.813,146.773
2022-10-13T00:00:00.000000000+0000,146.774,147.672,146.443,147.306
2022-10-14T00:00:00.000000000+0000,147.308,148.86,147.086,148.725
2022-10-15T00:00:00.000000000+0000,148.725,148.725,148.725,148.725
2022-10-16T00:00:00.000000000+0000,148.544,148.716,148.413,148.635
2022-10-17T00:00:00.000000000+0000,148.635,149.089,148.425,148.971
2022-10-18T00:00:00.000000000+0000,148.97,149.288,148.135,149.211
2022-10-19T00:00:00.000000000+0000,149.211,149.904,149.098,149.825
2022-10-20T00:00:00.000000000+0000,149.824,150.285,149.551,150.172
2022-10-21T00:00:00.000000000+0000,150.172,151.941,146.182,147.569
2022-10-22T00:00:00.000000000+0000,147.569,147.569,147.569,147.569
2022-10-23T00:00:00.000000000+0000,147.63,149.705,145.394,147.615
2022-10-24T00:00:00.000000000+0000,147.615,149.456,147.361,148.887
2022-10-25T00:00:00.000000000+0000,148.884,149.058,147.512,147.978
2022-10-26T00:00:00.000000000+0000,147.977,148.41,146.078,146.084
2022-10-27T00:00:00.000000000+0000,146.082,146.936,145.105,146.277
2022-10-28T00:00:00.000000000+0000,146.281,147.86,145.972,147.464
2022-10-29T00:00:00.000000000+0000,147.464,147.464,147.464,147.464
2022-10-30T00:00:00.000000000+0000,147.752,147.833,147.471,147.812
2022-10-31T00:00:00.000000000+0000,147.813,148.848,147.731,148.733
2022-11-01T00:00:00.000000000+0000,148.733,148.822,146.986,147.911
2022-11-02T00:00:00.000000000+0000,147.913,147.998,145.667,147.889
2022-11-03T00:00:00.000000000+0000,147.888,148.449,147.108,148.388
2022-11-04T00:00:00.000000000+0000,148.376,148.402,146.553,146.625
2022-11-05T00:00:00.000000000+0000,146.625,146.625,146.625,146.625
2022-11-06T00:00:00.000000000+0000,147.173,147.173,146.683,146.841
2022-11-07T00:00:00.000000000+0000,146.843,147.568,146.081,146.624
2022-11-08T00:00:00.000000000+0000,146.624,146.932,145.198,145.292
2022-11-09T00:00:00.000000000+0000,145.292,146.793,145.167,146.199
2022-11-10T00:00:00.000000000+0000,146.198,146.588,140.202,141.734
2022-11-11T00:00:00.000000000+0000,141.736,142.479,138.46,138.762
2022-11-12T00:00:00.000000000+0000,138.762,138.762,138.762,138.762
2022-11-13T00:00:00.000000000+0000,139.099,139.907,139.024,139.607
2022-11-14T00:00:00.000000000+0000,139.609,140.793,138.794,140.093
2022-11-15T00:00:00.000000000+0000,140.092,140.624,137.671,138.96
2022-11-16T00:00:00.000000000+0000,138.955,140.288,138.862,139.324
2022-11-17T00:00:00.000000000+0000,139.326,140.736,138.874,140.42
2022-11-18T00:00:00.000000000+0000,140.422,140.498,139.631,140.341
2022-11-19T00:00:00.000000000+0000,140.341,140.341,140.341,140.341
2022-11-20T00:00:00.000000000+0000,140.267,140.405,140.157,140.26
2022-11-21T00:00:00.000000000+0000,140.261,142.251,140.189,142.089
2022-11-22T00:00:00.000000000+0000,142.087,142.24,141.082,141.159
2022-11-23T00:00:00.000000000+0000,141.159,141.61,139.162,139.246
2022-11-24T00:00:00.000000000+0000,139.242,139.491,138.049,138.602
2022-11-25T00:00:00.000000000+0000,138.602,139.594,138.369,139.072
2022-11-26T00:00:00.000000000+0000,139.072,139.072,139.072,139.072
2022-11-27T00:00:00.000000000+0000,139.199,139.418,139.008,139.373
2022-11-28T00:00:00.000000000+0000,139.374,139.375,137.497,138.72
2022-11-29T00:00:00.000000000+0000,138.719,139.35,137.864,138.749
2022-11-30T00:00:00.000000000+0000,138.749,139.892,137.259,137.355
2022-12-01T00:00:00.000000000+0000,137.355,137.538,135.033,135.149
2022-12-02T00:00:00.000000000+0000,135.148,135.981,133.618,134.271
2022-12-03T00:00:00.000000000+0000,134.271,134.271,134.271,134.271
2022-12-04T00:00:00.000000000+0000,134.479,134.593,134.247,134.475
2022-12-05T00:00:00.000000000+0000,134.479,136.859,134.127,136.581
2022-12-06T00:00:00.000000000+0000,136.576,137.426,135.96,136.886
2022-12-07T00:00:00.000000000+0000,136.883,137.854,136.215,136.38
2022-12-08T00:00:00.000000000+0000,136.378,137.243,136.27,136.638
2022-12-09T00:00:00.000000000+0000,136.635,136.909,135.602,136.543
2022-12-10T00:00:00.000000000+0000,136.543,136.543,136.543,136.543
2022-12-11T00:00:00.000000000+0000,136.464,136.832,136.419,136.714
2022-12-12T00:00:00.000000000+0000,136.715,137.848,136.617,137.51
2022-12-13T00:00:00.000000000+0000,137.511,137.969,134.65,135.573
2022-12-14T00:00:00.000000000+0000,135.573,135.987,134.509,135.363
2022-12-15T00:00:00.000000000+0000,135.363,138.171,135.281,137.747
2022-12-16T00:00:00.000000000+0000,137.746,137.786,136.293,136.669
2022-12-17T00:00:00.000000000+0000,136.669,136.669,136.669,136.669
2022-12-18T00:00:00.000000000+0000,135.813,136.604,135.813,136.568
2022-12-19T00:00:00.000000000+0000,136.568,137.159,135.749,136.972
2022-12-20T00:00:00.000000000+0000,136.971,137.472,130.566,131.888
2022-12-21T00:00:00.000000000+0000,131.89,132.526,131.491,132.393
2022-12-22T00:00:00.000000000+0000,132.394,132.721,131.641,132.373
2022-12-23T00:00:00.000000000+0000,132.373,133.136,132.291,132.872
2022-12-24T00:00:00.000000000+0000,132.872,132.872,132.872,132.872
2022-12-25T00:00:00.000000000+0000,132.703,132.819,132.646,132.754
2022-12-26T00:00:00.000000000+0000,132.754,133.19,132.305,132.763
2022-12-27T00:00:00.000000000+0000,132.762,133.592,132.632,133.486
2022-12-28T00:00:00.000000000+0000,133.487,134.498,133.397,134.028
2022-12-29T00:00:00.000000000+0000,134.028,134.195,132.864,132.917
2022-12-30T00:00:00.000000000+0000,132.918,132.957,130.776,131.072
2023-01-01T00:00:00.000000000+0000,130.925,130.962,130.716,130.87
2023-01-02T00:00:00.000000000+0000,130.886,131.403,130.535,130.79
2023-01-03T00:00:00.000000000+0000,130.789,131.466,129.507,131.293
2023-01-04T00:00:00.000000000+0000,131.296,132.715,129.923,132.249
2023-01-05T00:00:00.000000000+0000,132.243,134.053,131.681,133.318
2023-01-06T00:00:00.000000000+0000,133.318,134.773,131.993,132.03
2023-01-07T00:00:00.000000000+0000,132.03,132.03,132.03,132.03
2023-01-08T00:00:00.000000000+0000,131.899,132.285,131.786,131.802
2023-01-09T00:00:00.000000000+0000,131.805,132.653,131.304,131.729
2023-01-10T00:00:00.000000000+0000,131.731,132.477,131.38,132.102
2023-01-11T00:00:00.000000000+0000,132.103,132.871,131.776,131.898
2023-01-12T00:00:00.000000000+0000,131.896,132.034,128.859,129.174
2023-01-13T00:00:00.000000000+0000,129.172,129.346,127.454,127.853
2023-01-14T00:00:00.000000000+0000,127.853,127.853,127.853,127.853
2023-01-15T00:00:00.000000000+0000,127.749,128.148,127.704,128.05
2023-01-16T00:00:00.000000000+0000,128.05,128.863,127.218,128.337
2023-01-17T00:00:00.000000000+0000,128.337,129.155,127.986,128.283
2023-01-18T00:00:00.000000000+0000,128.288,131.572,127.561,128.552
2023-01-19T00:00:00.000000000+0000,128.552,128.816,127.757,128.371
2023-01-20T00:00:00.000000000+0000,128.371,130.611,128.34,129.464
2023-01-21T00:00:00.000000000+0000,129.464,129.464,129.464,129.464
2023-01-22T00:00:00.000000000+0000,129.459,129.654,129.309,129.39
2023-01-23T00:00:00.000000000+0000,129.389,130.885,129.038,130.594
2023-01-24T00:00:00.000000000+0000,130.593,131.116,129.723,130.21
2023-01-25T00:00:00.000000000+0000,130.214,130.581,129.224,129.256
2023-01-26T00:00:00.000000000+0000,129.257,130.618,129.02,129.803
2023-01-27T00:00:00.000000000+0000,129.804,130.265,129.496,129.801
2023-01-28T00:00:00.000000000+0000,129.801,129.801,129.801,129.801
2023-01-29T00:00:00.000000000+0000,129.685,129.89,129.616,129.834
2023-01-30T00:00:00.000000000+0000,129.835,130.567,129.2,130.482
2023-01-31T00:00:00.000000000+0000,130.48,130.504,129.743,130.111
2023-02-01T00:00:00.000000000+0000,130.109,130.408,128.418,128.603
2023-02-02T00:00:00.000000000+0000,128.603,129.133,128.08,128.763
2023-02-03T00:00:00.000000000+0000,128.763,131.202,128.327,131.156
2023-02-04T00:00:00.000000000+0000,131.156,131.156,131.156,131.156
2023-02-05T00:00:00.000000000+0000,132.471,132.476,131.508,132.057
2023-02-06T00:00:00.000000000+0000,132.06,132.9,131.579,132.624
2023-02-07T00:00:00.000000000+0000,132.623,132.623,130.472,131.055
2023-02-08T00:00:00.000000000+0000,131.054,131.537,130.591,131.388
2023-02-09T00:00:00.000000000+0000,131.388,131.824,130.339,131.515
2023-02-10T00:00:00.000000000+0000,131.513,131.885,129.801,131.347
2023-02-11T00:00:00.000000000+0000,131.347,131.347,131.347,131.347
2023-02-12T00:00:00.000000000+0000,131.238,131.648,131.207,131.551
2023-02-13T00:00:00.000000000+0000,131.549,132.907,131.444,132.333
2023-02-14T00:00:00.000000000+0000,132.335,133.314,131.499,132.99
2023-02-15T00:00:00.000000000+0000,132.989,134.357,132.542,133.904
2023-02-16T00:00:00.000000000+0000,133.905,134.461,133.602,134.074
2023-02-17T00:00:00.000000000+0000,134.074,135.116,134.052,134.092
2023-02-18T00:00:00.000000000+0000,134.092,134.092,134.092,134.092
2023-02-19T00:00:00.000000000+0000,134.198,134.331,134.196,134.31
2023-02-20T00:00:00.000000000+0000,134.31,134.538,133.92,134.334
2023-02-21T00:00:00.000000000+0000,134.334,135.227,134.148,134.994
2023-02-22T00:00:00.000000000+0000,134.989,135.061,134.363,134.932
2023-02-23T00:00:00.000000000+0000,134.932,135.364,134.274,134.622
2023-02-24T00:00:00.000000000+0000,134.623,136.519,134.054,136.402
2023-02-25T00:00:00.000000000+0000,136.402,136.402,136.402,136.402
2023-02-26T00:00:00.000000000+0000,136.414,136.496,136.237,136.423
2023-02-27T00:00:00.000000000+0000,136.423,136.554,135.914,136.32
2023-02-28T00:00:00.000000000+0000,136.321,136.917,135.734,136.344
2023-03-01T00:00:00.000000000+0000,136.344,136.468,135.255,136.189
2023-03-02T00:00:00.000000000+0000,136.19,137.1,136.049,136.718
2023-03-03T00:00:00.000000000+0000,136.716,136.768,135.744,135.831
2023-03-04T00:00:00.000000000+0000,135.831,135.831,135.831,135.831
2023-03-05T00:00:00.000000000+0000,135.971,136.038,135.848,136.02
2023-03-06T00:00:00.000000000+0000,136.016,136.19,135.364,135.995
2023-03-07T00:00:00.000000000+0000,135.995,137.438,135.537,137.387
2023-03-08T00:00:00.000000000+0000,137.392,137.91,136.477,137.223
2023-03-09T00:00:00.000000000+0000,137.223,137.254,135.94,136.365
2023-03-10T00:00:00.000000000+0000,136.365,136.992,134.111,134.962
2023-03-11T00:00:00.000000000+0000,134.962,134.962,134.962,134.962
2023-03-12T00:00:00.000000000+0000,134.542,135.047,133.525,134.96
2023-03-13T00:00:00.000000000+0000,134.968,134.968,132.282,133.083
2023-03-14T00:00:00.000000000+0000,133.083,134.901,133.025,134.433
2023-03-15T00:00:00.000000000+0000,134.435,135.112,132.212,132.899
2023-03-16T00:00:00.000000000+0000,132.899,133.824,131.715,133.362
2023-03-17T00:00:00.000000000+0000,133.362,133.581,131.554,131.803
2023-03-18T00:00:00.000000000+0000,131.803,131.803,131.803,131.803
2023-03-19T00:00:00.000000000+0000,131.792,132.36,131.641,132.275
2023-03-20T00:00:00.000000000+0000,132.274,132.647,130.538,131.396
2023-03-21T00:00:00.000000000+0000,131.397,132.631,131.029,132.401
2023-03-22T00:00:00.000000000+0000,132.401,133.0,131.001,131.184
2023-03-23T00:00:00.000000000+0000,131.185,131.66,130.317,130.864
2023-03-24T00:00:00.000000000+0000,130.867,130.939,129.638,130.697
2023-03-25T00:00:00.000000000+0000,130.697,130.697,130.697,130.697
2023-03-26T00:00:00.000000000+0000,130.539,130.962,130.459,130.846
2023-03-27T00:00:00.000000000+0000,130.849,131.76,130.496,131.238
2023-03-28T00:00:00.000000000+0000,131.235,131.293,130.405,131.047
2023-03-29T00:00:00.000000000+0000,131.047,132.889,130.923,132.549
2023-03-30T00:00:00.000000000+0000,132.546,133.268,132.2,133.196
2023-03-31T00:00:00.000000000+0000,133.197,133.592,132.619,132.797
2023-04-01T00:00:00.000000000+0000,132.797,132.797,132.797,132.797
2023-04-02T00:00:00.000000000+0000,133.368,133.388,133.057,133.352
2023-04-03T00:00:00.000000000+0000,133.35,133.755,132.169,132.32
2023-04-04T00:00:00.000000000+0000,132.322,133.167,131.37,131.432
2023-04-05T00:00:00.000000000+0000,131.431,131.842,130.611,130.937
2023-04-06T00:00:00.000000000+0000,130.937,131.921,130.774,131.673
2023-04-07T00:00:00.000000000+0000,131.672,132.373,131.524,132.137
2023-04-08T00:00:00.000000000+0000,132.137,132.137,132.137,132.137
2023-04-09T00:00:00.000000000+0000,132.087,132.164,131.829,132.1
2023-04-10T00:00:00.000000000+0000,132.099,133.87,131.993,133.469
2023-04-11T00:00:00.000000000+0000,133.469,133.805,132.971,133.599
2023-04-12T00:00:00.000000000+0000,133.599,134.043,132.73,133.086
2023-04-13T00:00:00.000000000+0000,133.086,133.39,132.016,132.486
2023-04-14T00:00:00.000000000+0000,132.486,133.835,132.168,133.748
2023-04-15T00:00:00.000000000+0000,133.748,133.748,133.748,133.748
2023-04-16T00:00:00.000000000+0000,133.803,133.992,133.747,133.987
2023-04-17T00:00:00.000000000+0000,133.986,134.571,133.709,134.454
2023-04-18T00:00:00.000000000+0000,134.454,134.703,133.86,134.041
2023-04-19T00:00:00.000000000+0000,134.041,135.133,133.951,134.714
2023-04-20T00:00:00.000000000+0000,134.712,134.972,133.952,133.997
2023-04-21T00:00:00.000000000+0000,133.997,134.491,133.548,134.069
2023-04-22T00:00:00.000000000+0000,134.069,134.069,134.069,134.069
2023-04-23T00:00:00.000000000+0000,133.942,134.118,133.935,133.963
2023-04-24T00:00:00.000000000+0000,133.964,134.729,133.888,134.086
2023-04-25T00:00:00.000000000+0000,134.086,134.479,133.366,133.707
2023-04-26T00:00:00.000000000+0000,133.707,133.94,133.013,133.461
2023-04-27T00:00:00.000000000+0000,133.462,134.197,133.204,133.802
2023-04-28T00:00:00.000000000+0000,133.804,136.56,133.335,136.243
2023-04-29T00:00:00.000000000+0000,136.243,136.243,136.243,136.243
2023-04-30T00:00:00.000000000+0000,136.105,136.434,136.105,136.405
2023-05-01T00:00:00.000000000+0000,136.404,137.576,136.254,137.522
2023-05-02T00:00:00.000000000+0000,137.521,137.772,136.315,136.469
2023-05-03T00:00:00.000000000+0000,136.468,136.572,134.387,134.551
2023-05-04T00:00:00.000000000+0000,134.549,134.877,133.498,134.161
2023-05-05T00:00:00.000000000+0000,134.161,135.121,133.882,134.782
2023-05-06T00:00:00.000000000+0000,134.782,134.782,134.782,134.782
2023-05-07T00:00:00.000000000+0000,134.794,135.296,134.794,135.193
2023-05-08T00:00:00.000000000+0000,135.192,135.225,134.64,135.086
2023-05-09T00:00:00.000000000+0000,135.084,135.357,134.721,135.291
2023-05-10T00:00:00.000000000+0000,135.292,135.469,134.016,134.101
2023-05-11T00:00:00.000000000+0000,134.101,134.842,133.743,134.491
2023-05-12T00:00:00.000000000+0000,134.491,135.752,134.401,135.626
2023-05-13T00:00:00.000000000+0000,135.626,135.626,135.626,135.626
2023-05-14T00:00:00.000000000+0000,135.646,135.896,135.64,135.824
2023-05-15T00:00:00.000000000+0000,135.823,136.324,135.708,136.031
2023-05-16T00:00:00.000000000+0000,136.031,136.682,135.673,136.425
2023-05-17T00:00:00.000000000+0000,136.425,137.712,136.303,137.603
2023-05-18T00:00:00.000000000+0000,137.602,138.745,137.285,138.624
2023-05-19T00:00:00.000000000+0000,138.624,138.663,137.423,137.847
2023-05-20T00:00:00.000000000+0000,137.847,137.847,137.847,137.847
2023-05-21T00:00:00.000000000+0000,137.963,138.002,137.573,137.693
2023-05-22T00:00:00.000000000+0000,137.693,138.797,137.492,138.663
2023-05-23T00:00:00.000000000+0000,138.663,138.909,138.24,138.611
2023-05-24T00:00:00.000000000+0000,138.611,139.477,138.231,139.292
2023-05-25T00:00:00.000000000+0000,139.294,140.228,139.183,140.022
2023-05-26T00:00:00.000000000+0000,140.023,140.724,139.492,140.573
2023-05-27T00:00:00.000000000+0000,140.573,140.573,140.573,140.573
2023-05-28T00:00:00.000000000+0000,140.568,140.89,140.509,140.883
2023-05-29T00:00:00.000000000+0000,140.883,140.917,140.112,140.47
2023-05-30T00:00:00.000000000+0000,140.471,140.932,139.57,139.793
2023-05-31T00:00:00.000000000+0000,139.793,140.391,138.956,139.137
2023-06-01T00:00:00.000000000+0000,139.135,139.947,138.43,138.741
2023-06-02T00:00:00.000000000+0000,138.741,140.07,138.603,139.911
2023-06-03T00:00:00.000000000+0000,139.911,139.911,139.911,139.911
2023-06-04T00:00:00.000000000+0000,139.947,140.244,139.942,140.211
2023-06-05T00:00:00.000000000+0000,140.213,140.453,139.248,139.415
2023-06-06T00:00:00.000000000+0000,139.414,139.992,139.095,139.522
2023-06-07T00:00:00.000000000+0000,139.524,140.245,139.022,139.913
2023-06-08T00:00:00.000000000+0000,139.913,140.094,138.757,138.883
2023-06-09T00:00:00.000000000+0000,138.887,139.723,138.862,139.341
2023-06-10T00:00:00.000000000+0000,139.341,139.341,139.341,139.341
2023-06-11T00:00:00.000000000+0000,139.271,139.484,139.241,139.372
2023-06-12T00:00:00.000000000+0000,139.372,139.765,139.062,139.456
2023-06-13T00:00:00.000000000+0000,139.458,140.306,139.01,140.149
2023-06-14T00:00:00.000000000+0000,140.147,140.201,139.281,139.968
2023-06-15T00:00:00.000000000+0000,139.968,141.503,139.94,140.265
2023-06-16T00:00:00.000000000+0000,140.265,141.911,139.85,141.795
2023-06-17T00:00:00.000000000+0000,141.795,141.795,141.795,141.795
2023-06-18T00:00:00.000000000+0000,141.675,141.954,141.673,141.862
2023-06-19T00:00:00.000000000+0000,141.861,142.001,141.441,141.898
2023-06-20T00:00:00.000000000+0000,141.905,142.252,141.212,141.339
2023-06-21T00:00:00.000000000+0000,141.335,142.368,141.332,141.686
2023-06-22T00:00:00.000000000+0000,141.684,143.225,141.609,143.029
2023-06-23T00:00:00.000000000+0000,143.028,143.871,142.685,143.647
2023-06-24T00:00:00.000000000+0000,143.647,143.647,143.647,143.647
2023-06-25T00:00:00.000000000+0000,143.506,143.718,143.453,143.539
2023-06-26T00:00:00.000000000+0000,143.538,143.711,142.935,143.46
2023-06-27T00:00:00.000000000+0000,143.462,144.174,143.281,143.876
2023-06-28T00:00:00.000000000+0000,143.873,144.615,143.728,144.389
2023-06-29T00:00:00.000000000+0000,144.388,144.897,144.133,144.792
2023-06-30T00:00:00.000000000+0000,144.792,145.067,144.2,144.223
2023-07-01T00:00:00.000000000+0000,144.223,144.223,144.223,144.223
2023-07-02T00:00:00.000000000+0000,144.22,144.405,144.22,144.395
2023-07-03T00:00:00.000000000+0000,144.394,144.912,143.984,144.597
2023-07-04T00:00:00.000000000+0000,144.597,144.675,144.205,144.405
2023-07-05T00:00:00.000000000+0000,144.406,144.734,144.077,144.498
2023-07-06T00:00:00.000000000+0000,144.5,144.651,143.552,143.974
2023-07-07T00:00:00.000000000+0000,143.974,144.196,142.069,142.083
2023-07-08T00:00:00.000000000+0000,142.083,142.083,142.083,142.083
2023-07-09T00:00:00.000000000+0000,142.091,142.298,142.064,142.21
2023-07-10T00:00:00.000000000+0000,142.21,143.005,141.213,141.306
2023-07-11T00:00:00.000000000+0000,141.307,141.459,140.07,140.12
2023-07-12T00:00:00.000000000+0000,140.12,140.162,138.156,138.324
2023-07-13T00:00:00.000000000+0000,138.324,138.953,137.889,138.067
2023-07-14T00:00:00.000000000+0000,138.061,139.156,137.237,138.743
2023-07-15T00:00:00.000000000+0000,138.743,138.743,138.743,138.743
2023-07-16T00:00:00.000000000+0000,138.599,138.83,138.549,138.686
2023-07-17T00:00:00.000000000+0000,138.685,139.405,137.996,138.722
2023-07-18T00:00:00.000000000+0000,138.719,139.19,137.679,139.021
2023-07-19T00:00:00.000000000+0000,139.021,139.992,138.848,139.607
2023-07-20T00:00:00.000000000+0000,139.605,140.497,139.107,139.849
2023-07-21T00:00:00.000000000+0000,139.843,141.952,139.747,141.742
2023-07-22T00:00:00.000000000+0000,141.742,141.742,141.742,141.742
2023-07-23T00:00:00.000000000+0000,141.554,141.781,141.519,141.752
2023-07-24T00:00:00.000000000+0000,141.751,141.811,140.739,141.54
2023-07-25T00:00:00.000000000+0000,141.541,141.735,140.836,140.911
2023-07-26T00:00:00.000000000+0000,140.911,141.184,139.923,140.368
2023-07-27T00:00:00.000000000+0000,140.368,141.32,138.7,138.869
2023-07-28T00:00:00.000000000+0000,138.869,141.179,138.061,141.134
2023-07-29T00:00:00.000000000+0000,141.134,141.134,141.134,141.134
2023-07-30T00:00:00.000000000+0000,140.921,141.147,140.749,140.755
2023-07-31T00:00:00.000000000+0000,140.753,142.689,140.689,142.324
2023-08-01T00:00:00.000000000+0000,142.324,143.543,142.254,142.96
2023-08-02T00:00:00.000000000+0000,142.96,143.475,142.23,143.354
2023-08-03T00:00:00.000000000+0000,143.35,143.888,142.062,142.603
2023-08-04T00:00:00.000000000+0000,142.602,142.903,141.549,141.697
2023-08-05T00:00:00.000000000+0000,141.697,141.697,141.697,141.697
2023-08-06T00:00:00.000000000+0000,141.666,141.941,141.649,141.871
2023-08-07T00:00:00.000000000+0000,141.871,142.583,141.511,142.537
2023-08-08T00:00:00.000000000+0000,142.536,143.492,142.527,143.259
2023-08-09T00:00:00.000000000+0000,143.259,143.758,142.998,143.718
2023-08-10T00:00:00.000000000+0000,143.718,144.87,143.281,144.852
2023-08-11T00:00:00.000000000+0000,144.851,144.999,144.417,144.876
2023-08-12T00:00:00.000000000+0000,144.876,144.876,144.876,144.876
2023-08-13T00:00:00.000000000+0000,144.805,144.99,144.805,144.853
2023-08-14T00:00:00.000000000+0000,144.853,145.577,144.65,145.435
2023-08-15T00:00:00.000000000+0000,145.433,145.864,145.103,145.62
2023-08-16T00:00:00.000000000+0000,145.617,146.405,145.306,146.332
2023-08-17T00:00:00.000000000+0000,146.333,146.559,145.574,145.71
2023-08-18T00:00:00.000000000+0000,145.708,145.793,144.927,145.328
2023-08-19T00:00:00.000000000+0000,145.328,145.328,145.328,145.328
2023-08-20T00:00:00.000000000+0000,145.259,145.486,145.259,145.324
2023-08-21T00:00:00.000000000+0000,145.323,146.402,145.142,146.246
2023-08-22T00:00:00.000000000+0000,146.248,146.397,145.494,145.775
2023-08-23T00:00:00.000000000+0000,145.776,145.813,144.538,144.679
2023-08-24T00:00:00.000000000+0000,144.679,146.074,144.614,146.049
2023-08-25T00:00:00.000000000+0000,146.051,146.634,145.719,146.389
2023-08-26T00:00:00.000000000+0000,146.389,146.389,146.389,146.389
2023-08-27T00:00:00.000000000+0000,146.394,146.613,146.391,146.546
2023-08-28T00:00:00.000000000+0000,146.547,146.742,146.271,146.462
2023-08-29T00:00:00.000000000+0000,146.46,147.374,145.667,145.982
2023-08-30T00:00:00.000000000+0000,145.981,146.535,145.558,146.086
2023-08-31T00:00:00.000000000+0000,146.087,146.227,145.348,145.486
2023-09-01T00:00:00.000000000+0000,145.485,146.292,144.441,146.162
2023-09-02T00:00:00.000000000+0000,146.162,146.162,146.162,146.162
2023-09-03T00:00:00.000000000+0000,146.17,146.247,146.022,146.066
2023-09-04T00:00:00.000000000+0000,146.065,146.553,146.035,146.538
2023-09-05T00:00:00.000000000+0000,146.538,147.801,146.486,147.457
2023-09-06T00:00:00.000000000+0000,147.456,147.816,147.016,147.713
2023-09-07T00:00:00.000000000+0000,147.713,147.872,147.042,147.334
2023-09-08T00:00:00.000000000+0000,147.334,147.87,146.584,147.798
2023-09-09T00:00:00.000000000+0000,147.798,147.798,147.798,147.798
2023-09-10T00:00:00.000000000+0000,146.981,147.271,146.664,147.127
2023-09-11T00:00:00.000000000+0000,147.128,147.144,145.9,146.671
2023-09-12T00:00:00.000000000+0000,146.672,147.233,146.436,147.159
2023-09-13T00:00:00.000000000+0000,147.158,147.745,147.097,147.331
2023-09-14T00:00:00.000000000+0000,147.329,147.564,147.016,147.46
2023-09-15T00:00:00.000000000+0000,147.46,147.95,147.336,147.819
2023-09-16T00:00:00.000000000+0000,147.819,147.819,147.819,147.819
2023-09-17T00:00:00.000000000+0000,147.674,147.877,147.664,147.863
2023-09-18T00:00:00.000000000+0000,147.864,147.873,147.533,147.613
2023-09-19T00:00:00.000000000+0000,147.613,147.92,147.503,147.758
2023-09-20T00:00:00.000000000+0000,147.757,148.356,147.472,148.319
2023-09-21T00:00:00.000000000+0000,148.318,148.457,147.319,147.645
2023-09-22T00:00:00.000000000+0000,147.646,148.418,147.506,148.341
2023-09-23T00:00:00.000000000+0000,148.341,148.341,148.341,148.341
2023-09-24T00:00:00.000000000+0000,148.207,148.444,148.207,148.432
2023-09-25T00:00:00.000000000+0000,148.433,148.961,148.284,148.821
2023-09-26T00:00:00.000000000+0000,148.822,149.185,148.701,149.052
2023-09-27T00:00:00.000000000+0000,149.059,149.708,148.86,149.494
2023-09-28T00:00:00.000000000+0000,149.494,149.559,149.143,149.334
2023-09-29T00:00:00.000000000+0000,149.33,149.5,148.525,149.334
2023-09-30T00:00:00.000000000+0000,149.334,149.334,149.334,149.334
2023-10-01T00:00:00.000000000+0000,149.606,149.631,149.429,149.528
2023-10-02T00:00:00.000000000+0000,149.528,149.876,149.454,149.861
2023-10-03T00:00:00.000000000+0000,149.86,150.159,147.277,149.176
2023-10-04T00:00:00.000000000+0000,149.178,149.317,148.733,148.98
2023-10-05T00:00:00.000000000+0000,148.983,149.116,148.257,148.47
2023-10-06T00:00:00.000000000+0000,148.469,149.535,148.463,149.268
2023-10-07T00:00:00.000000000+0000,149.268,149.268,149.268,149.268
2023-10-08T00:00:00.000000000+0000,149.062,149.239,148.986,149.151
2023-10-09T00:00:00.000000000+0000,149.146,149.223,148.291,148.333
2023-10-10T00:00:00.000000000+0000,148.332,149.097,148.161,148.626
2023-10-11T00:00:00.000000000+0000,148.625,149.323,148.422,149.035
2023-10-12T00:00:00.000000000+0000,149.034,149.827,148.952,149.784
2023-10-13T00:00:00.000000000+0000,149.786,149.827,149.451,149.506
2023-10-14T00:00:00.000000000+0000,149.506,149.506,149.506,149.506
2023-10-15T00:00:00.000000000+0000,149.341,149.631,149.337,149.56
2023-10-16T00:00:00.000000000+0000,149.558,149.764,149.373,149.58
2023-10-17T00:00:00.000000000+0000,149.579,149.85,148.739,149.76
2023-10-18T00:00:00.000000000+0000,149.76,149.936,149.481,149.77
2023-10-19T00:00:00.000000000+0000,149.767,149.959,149.663,149.804
2023-10-20T00:00:00.000000000+0000,149.805,149.992,149.639,149.803
2023-10-21T00:00:00.000000000+0000,149.803,149.803,149.803,149.803
2023-10-22T00:00:00.000000000+0000,149.839,149.892,149.72,149.884
2023-10-23T00:00:00.000000000+0000,149.884,149.989,149.554,149.774
2023-10-24T00:00:00.000000000+0000,149.773,149.929,149.32,149.855
2023-10-25T00:00:00.000000000+0000,149.856,150.315,149.793,150.095
2023-10-26T00:00:00.000000000+0000,150.094,150.776,149.83,150.363
2023-10-27T00:00:00.000000000+0000,150.364,150.411,149.459,149.599
2023-10-28T00:00:00.000000000+0000,149.599,149.599,149.599,149.599
2023-10-29T00:00:00.000000000+0000,149.47,149.767,149.47,149.734
2023-10-30T00:00:00.000000000+0000,149.734,149.853,148.804,149.096
2023-10-31T00:00:00.000000000+0000,149.096,151.716,149.09,151.32
2023-11-01T00:00:00.000000000+0000,151.319,151.443,150.565,150.573
2023-11-02T00:00:00.000000000+0000,150.573,150.59,149.843,150.494
2023-11-03T00:00:00.000000000+0000,150.493,150.497,149.181,149.318
2023-11-04T00:00:00.000000000+0000,149.318,149.318,149.318,149.318
2023-11-05T00:00:00.000000000+0000,149.319,149.479,149.311,149.454
2023-11-06T00:00:00.000000000+0000,149.453,150.08,149.375,149.985
2023-11-07T00:00:00.000000000+0000,149.985,150.691,149.96,150.396
2023-11-08T00:00:00.000000000+0000,150.396,151.056,150.349,150.852
2023-11-09T00:00:00.000000000+0000,150.851,151.386,150.768,151.346
2023-11-10T00:00:00.000000000+0000,151.345,151.6,151.22,151.472
2023-11-11T00:00:00.000000000+0000,151.472,151.472,151.472,151.472
2023-11-12T00:00:00.000000000+0000,151.42,151.508,151.418,151.462
2023-11-13T00:00:00.000000000+0000,151.461,151.907,151.202,151.649
2023-11-14T00:00:00.000000000+0000,151.648,151.782,150.154,150.484
2023-11-15T00:00:00.000000000+0000,150.483,151.42,150.047,151.208
2023-11-16T00:00:00.000000000+0000,151.209,151.429,150.285,150.704
2023-11-17T00:00:00.000000000+0000,150.704,150.774,149.196,149.506
2023-11-18T00:00:00.000000000+0000,149.506,149.506,149.506,149.506
2023-11-19T00:00:00.000000000+0000,149.575,149.962,149.442,149.96
2023-11-20T00:00:00.000000000+0000,149.959,149.988,148.1,148.383
2023-11-21T00:00:00.000000000+0000,148.383,148.594,147.149,148.147
2023-11-22T00:00:00.000000000+0000,148.146,149.747,148.029,149.461
2023-11-23T00:00:00.000000000+0000,149.46,149.691,148.887,149.64
2023-11-24T00:00:00.000000000+0000,149.638,149.711,149.196,149.386
2023-11-25T00:00:00.000000000+0000,149.386,149.386,149.386,149.386
2023-11-26T00:00:00.000000000+0000,149.391,149.587,149.391,149.58
2023-11-27T00:00:00.000000000+0000,149.579,149.674,148.361,148.414
2023-11-28T00:00:00.000000000+0000,148.415,148.829,147.016,147.065
2023-11-29T00:00:00.000000000+0000,147.063,147.902,146.67,147.056
2023-11-30T00:00:00.000000000+0000,147.057,148.52,146.865,147.999
2023-12-01T00:00:00.000000000+0000,147.996,148.345,146.659,146.772
2023-12-02T00:00:00.000000000+0000,146.772,146.772,146.772,146.772
2023-12-03T00:00:00.000000000+0000,146.667,146.769,146.228,146.362
2023-12-04T00:00:00.000000000+0000,146.361,147.451,146.223,147.302
2023-12-05T00:00:00.000000000+0000,147.302,147.388,146.558,147.184
2023-12-06T00:00:00.000000000+0000,147.186,147.497,146.893,147.18
2023-12-07T00:00:00.000000000+0000,147.179,147.185,141.615,144.238
2023-12-08T00:00:00.000000000+0000,144.237,145.214,142.497,144.902
2023-12-09T00:00:00.000000000+0000,144.902,144.902,144.902,144.902
2023-12-10T00:00:00.000000000+0000,144.889,145.066,144.808,144.988
2023-12-11T00:00:00.000000000+0000,144.987,146.588,144.866,146.049
2023-12-12T00:00:00.000000000+0000,146.049,146.123,144.731,145.297
2023-12-13T00:00:00.000000000+0000,145.296,145.993,142.084,142.787
2023-12-14T00:00:00.000000000+0000,142.787,142.908,140.956,142.279
2023-12-15T00:00:00.000000000+0000,142.277,142.464,141.428,142.141
2023-12-16T00:00:00.000000000+0000,142.141,142.141,142.141,142.141
2023-12-17T00:00:00.000000000+0000,142.038,142.37,142.024,142.328
2023-12-18T00:00:00.000000000+0000,142.328,143.156,142.071,142.691
2023-12-19T00:00:00.000000000+0000,142.686,144.954,142.244,143.919
2023-12-20T00:00:00.000000000+0000,143.925,144.095,143.26,143.525
2023-12-21T00:00:00.000000000+0000,143.525,143.567,142.011,142.07
2023-12-22T00:00:00.000000000+0000,142.069,142.662,141.864,142.412
2023-12-23T00:00:00.000000000+0000,142.412,142.412,142.412,142.412
2023-12-24T00:00:00.000000000+0000,142.26,142.417,142.26,142.407
2023-12-25T00:00:00.000000000+0000,142.408,142.479,142.101,142.24
2023-12-26T00:00:00.000000000+0000,142.239,142.633,142.09,142.487
2023-12-27T00:00:00.000000000+0000,142.487,142.848,141.379,141.44
2023-12-28T00:00:00.000000000+0000,141.439,141.666,140.248,141.437
2023-12-29T00:00:00.000000000+0000,141.436,141.912,140.797,140.975
2024-01-01T00:00:00.000000000+0000,140.843,141.128,140.811,141.11
2024-01-02T00:00:00.000000000+0000,141.11,142.216,141.096,142.173
2024-01-03T00:00:00.000000000+0000,142.174,143.731,141.858,142.995
2024-01-04T00:00:00.000000000+0000,142.995,144.85,142.853,144.772
2024-01-05T00:00:00.000000000+0000,144.772,145.976,143.806,144.603
2024-01-06T00:00:00.000000000+0000,144.603,144.603,144.603,144.603
2024-01-07T00:00:00.000000000+0000,144.453,144.917,144.382,144.721
2024-01-08T00:00:00.000000000+0000,144.721,144.797,143.661,144.224
2024-01-09T00:00:00.000000000+0000,144.223,144.623,143.419,144.431
2024-01-10T00:00:00.000000000+0000,144.431,145.828,144.416,145.723
2024-01-11T00:00:00.000000000+0000,145.724,146.414,144.938,145.1
2024-01-12T00:00:00.000000000+0000,145.1,145.566,144.354,144.904
2024-01-13T00:00:00.000000000+0000,144.904,144.904,144.904,144.904
2024-01-14T00:00:00.000000000+0000,144.78,145.171,144.78,145.148
2024-01-15T00:00:00.000000000+0000,145.149,145.941,144.933,145.79
2024-01-16T00:00:00.000000000+0000,145.79,147.31,145.583,147.242
2024-01-17T00:00:00.000000000+0000,147.242,148.524,147.097,148.134
2024-01-18T00:00:00.000000000+0000,148.134,148.299,147.654,148.122
2024-01-19T00:00:00.000000000+0000,148.122,148.802,147.838,148.04
2024-01-20T00:00:00.000000000+0000,148.04,148.04,148.04,148.04
2024-01-21T00:00:00.000000000+0000,148.207,148.259,148.001,148.123
2024-01-22T00:00:00.000000000+0000,148.124,148.302,147.615,148.145
2024-01-23T00:00:00.000000000+0000,148.144,148.694,146.975,148.248
2024-01-24T00:00:00.000000000+0000,148.235,148.26,146.648,147.586
2024-01-25T00:00:00.000000000+0000,147.585,147.936,147.081,147.721
2024-01-26T00:00:00.000000000+0000,147.721,148.209,147.393,148.149
2024-01-27T00:00:00.000000000+0000,148.149,148.149,148.149,148.149
2024-01-28T00:00:00.000000000+0000,148.087,148.185,148.023,148.18
2024-01-29T00:00:00.000000000+0000,148.178,148.333,147.25,147.485
2024-01-30T00:00:00.000000000+0000,147.486,147.926,147.096,147.332
2024-01-31T00:00:00.000000000+0000,147.333,147.898,146.007,147.006
2024-02-01T00:00:00.000000000+0000,147.005,147.114,145.896,146.459
2024-02-02T00:00:00.000000000+0000,146.46,148.583,146.24,148.308
2024-02-03T00:00:00.000000000+0000,148.308,148.308,148.308,148.308
2024-02-04T00:00:00.000000000+0000,148.381,148.673,148.33,148.512
2024-02-05T00:00:00.000000000+0000,148.512,148.892,148.266,148.664
2024-02-06T00:00:00.000000000+0000,148.663,148.787,147.74,147.818
2024-02-07T00:00:00.000000000+0000,147.82,148.257,147.618,148.085
2024-02-08T00:00:00.000000000+0000,148.086,149.477,147.93,149.261
2024-02-09T00:00:00.000000000+0000,149.262,149.575,149.005,149.256
2024-02-10T00:00:00.000000000+0000,149.256,149.256,149.256,149.256
2024-02-11T00:00:00.000000000+0000,149.213,149.314,149.078,149.179
2024-02-12T00:00:00.000000000+0000,149.179,149.478,148.926,149.404
2024-02-13T00:00:00.000000000+0000,149.404,150.883,149.224,150.723
2024-02-14T00:00:00.000000000+0000,150.722,150.775,150.343,150.556
2024-02-15T00:00:00.000000000+0000,150.555,150.555,149.523,149.959
2024-02-16T00:00:00.000000000+0000,149.958,150.645,149.923,150.181
2024-02-17T00:00:00.000000000+0000,150.181,150.181,150.181,150.181
2024-02-18T00:00:00.000000000+0000,150.078,150.195,150.032,150.148
2024-02-19T00:00:00.000000000+0000,150.147,150.301,149.871,150.271
2024-02-20T00:00:00.000000000+0000,150.27,150.437,149.683,149.964
2024-02-21T00:00:00.000000000+0000,149.966,150.391,149.851,150.339
2024-02-22T00:00:00.000000000+0000,150.338,150.688,150.015,150.473
2024-02-23T00:00:00.000000000+0000,150.473,150.767,150.292,150.473
2024-02-24T00:00:00.000000000+0000,150.473,150.473,150.473,150.473
2024-02-25T00:00:00.000000000+0000,150.46,150.562,150.336,150.5
2024-02-26T00:00:00.000000000+0000,150.501,150.837,150.292,150.572
2024-02-27T00:00:00.000000000+0000,150.57,150.609,150.073,150.513
2024-02-28T00:00:00.000000000+0000,150.516,150.842,150.373,150.658
2024-02-29T00:00:00.000000000+0000,150.656,150.656,149.208,150.068
2024-03-01T00:00:00.000000000+0000,150.07,150.72,150.05,150.064
2024-03-02T00:00:00.000000000+0000,150.064,150.064,150.064,150.064
2024-03-03T00:00:00.000000000+0000,149.944,150.153,149.944,150.13
2024-03-04T00:00:00.000000000+0000,150.129,150.568,149.837,150.453
2024-03-05T00:00:00.000000000+0000,150.457,150.545,149.701,150.049
2024-03-06T00:00:00.000000000+0000,150.05,150.084,149.094,149.261
2024-03-07T00:00:00.000000000+0000,149.259,149.259,147.582,147.864
2024-03-08T00:00:00.000000000+0000,147.862,148.117,146.481,147.03
2024-03-09T00:00:00.000000000+0000,147.03,147.03,147.03,147.03
2024-03-10T00:00:00.000000000+0000,146.915,147.126,146.706,146.795
2024-03-11T00:00:00.000000000+0000,146.796,147.144,146.483,146.735
2024-03-12T00:00:00.000000000+0000,146.737,148.161,146.619,147.62
2024-03-13T00:00:00.000000000+0000,147.62,148.045,147.232,147.589
2024-03-14T00:00:00.000000000+0000,147.588,148.355,147.43,148.303
2024-03-15T00:00:00.000000000+0000,148.302,149.163,148.03,148.982
2024-03-16T00:00:00.000000000+0000,148.982,148.982,148.982,148.982
2024-03-17T00:00:00.000000000+0000,148.944,149.088,148.935,148.955
2024-03-18T00:00:00.000000000+0000,148.955,149.328,148.907,149.154
2024-03-19T00:00:00.000000000+0000,149.153,151.065,149.001,151.023
2024-03-20T00:00:00.000000000+0000,151.021,151.816,150.678,150.738
2024-03-21T00:00:00.000000000+0000,150.737,151.752,150.263,151.633
2024-03-22T00:00:00.000000000+0000,151.629,151.862,151.003,151.431
2024-03-23T00:00:00.000000000+0000,151.431,151.431,151.431,151.431
2024-03-24T00:00:00.000000000+0000,151.305,151.435,151.084,151.312
2024-03-25T00:00:00.000000000+0000,151.311,151.544,151.052,151.379
2024-03-26T00:00:00.000000000+0000,151.377,151.602,151.206,151.52
2024-03-27T00:00:00.000000000+0000,151.521,151.97,151.025,151.293
2024-03-28T00:00:00.000000000+0000,151.292,151.544,151.149,151.443
2024-03-29T00:00:00.000000000+0000,151.442,151.496,151.167,151.307
2024-03-30T00:00:00.000000000+0000,151.307,151.307,151.307,151.307
2024-03-31T00:00:00.000000000+0000,151.246,151.428,151.219,151.401
2024-04-01T00:00:00.000000000+0000,151.401,151.771,151.248,151.594
2024-04-02T00:00:00.000000000+0000,151.594,151.801,151.461,151.545
2024-04-03T00:00:00.000000000+0000,151.545,151.953,151.439,151.581
2024-04-04T00:00:00.000000000+0000,151.581,151.77,151.119,151.293
2024-04-05T00:00:00.000000000+0000,151.292,151.75,150.81,151.617
2024-04-06T00:00:00.000000000+0000,151.617,151.617,151.617,151.617
2024-04-07T00:00:00.000000000+0000,151.569,151.729,151.54,151.68
2024-04-08T00:00:00.000000000+0000,151.679,151.941,151.67,151.832
2024-04-09T00:00:00.000000000+0000,151.833,151.935,151.568,151.776
2024-04-10T00:00:00.000000000+0000,151.777,153.238,151.68,152.951
2024-04-11T00:00:00.000000000+0000,152.951,153.318,152.759,153.194
2024-04-12T00:00:00.000000000+0000,153.195,153.383,152.59,153.24
2024-04-13T00:00:00.000000000+0000,153.24,153.24,153.24,153.24
2024-04-14T00:00:00.000000000+0000,153.034,153.32,152.966,153.308
2024-04-15T00:00:00.000000000+0000,153.305,154.445,153.279,154.213
2024-04-16T00:00:00.000000000+0000,154.216,154.784,153.898,154.699
2024-04-17T00:00:00.000000000+0000,154.698,154.733,154.157,154.339
2024-04-18T00:00:00.000000000+0000,154.338,154.679,153.956,154.613
2024-04-19T00:00:00.000000000+0000,154.614,154.672,153.586,154.562
2024-04-20T00:00:00.000000000+0000,154.562,154.562,154.562,154.562
2024-04-21T00:00:00.000000000+0000,154.547,154.69,154.387,154.633
2024-04-22T00:00:00.000000000+0000,154.637,154.848,154.584,154.813
2024-04-23T00:00:00.000000000+0000,154.813,154.875,154.55,154.748
2024-04-24T00:00:00.000000000+0000,154.747,155.372,154.739,155.268
2024-04-25T00:00:00.000000000+0000,155.268,155.747,155.243,155.621
2024-04-26T00:00:00.000000000+0000,155.621,158.439,154.965,158.291
2024-04-27T00:00:00.000000000+0000,158.291,158.291,158.291,158.291
2024-04-28T00:00:00.000000000+0000,157.806,158.431,157.703,158.2
2024-04-29T00:00:00.000000000+0000,158.201,160.203,154.523,156.332
2024-04-30T00:00:00.000000000+0000,156.325,157.842,156.166,157.747
2024-05-01T00:00:00.000000000+0000,157.747,157.985,152.989,155.727
2024-05-02T00:00:00.000000000+0000,155.726,156.283,152.876,153.134
2024-05-03T00:00:00.000000000+0000,153.132,153.446,151.857,153.008
2024-05-04T00:00:00.000000000+0000,153.008,153.008,153.008,153.008
2024-05-05T00:00:00.000000000+0000,152.886,153.703,152.764,153.655
2024-05-06T00:00:00.000000000+0000,153.658,154.281,153.318,154.239
2024-05-07T00:00:00.000000000+0000,154.239,154.84,153.87,154.771
2024-05-08T00:00:00.000000000+0000,154.771,155.683,154.688,155.376
2024-05-09T00:00:00.000000000+0000,155.375,155.951,155.152,155.394
2024-05-10T00:00:00.000000000+0000,155.396,155.903,155.358,155.761
2024-05-11T00:00:00.000000000+0000,155.761,155.761,155.761,155.761
2024-05-12T00:00:00.000000000+0000,155.629,155.833,155.629,155.83
2024-05-13T00:00:00.000000000+0000,155.83,156.247,155.502,156.228
2024-05-14T00:00:00.000000000+0000,156.228,156.783,156.223,156.521
2024-05-15T00:00:00.000000000+0000,156.521,156.56,154.151,154.3
2024-05-16T00:00:00.000000000+0000,154.301,155.532,153.598,155.399
2024-05-17T00:00:00.000000000+0000,155.397,155.977,155.247,155.603
2024-05-18T00:00:00.000000000+0000,155.603,155.603,155.603,155.603
2024-05-19T00:00:00.000000000+0000,155.534,155.819,155.525,155.763
2024-05-20T00:00:00.000000000+0000,155.763,156.402,155.493,156.401
2024-05-21T00:00:00.000000000+0000,156.4,156.545,155.841,156.271
2024-05-22T00:00:00.000000000+0000,156.271,156.84,156.139,156.732
2024-05-23T00:00:00.000000000+0000,156.733,157.194,156.528,156.991
2024-05-24T00:00:00.000000000+0000,156.991,157.145,156.82,156.943
2024-05-25T00:00:00.000000000+0000,156.943,156.943,156.943,156.943
2024-05-26T00:00:00.000000000+0000,156.806,156.944,156.787,156.866
2024-05-27T00:00:00.000000000+0000,156.867,156.956,156.661,156.836
2024-05-28T00:00:00.000000000+0000,156.838,157.286,156.579,157.271
2024-05-29T00:00:00.000000000+0000,157.272,157.707,156.894,157.626
2024-05-30T00:00:00.000000000+0000,157.624,157.625,156.37,156.992
2024-05-31T00:00:00.000000000+0000,156.991,157.364,156.557,157.279
2024-06-01T00:00:00.000000000+0000,157.279,157.279,157.279,157.279
2024-06-02T00:00:00.000000000+0000,157.124,157.338,157.11,157.182
2024-06-03T00:00:00.000000000+0000,157.182,157.47,155.948,156.089
2024-06-04T00:00:00.000000000+0000,156.091,156.484,154.548,155.116
2024-06-05T00:00:00.000000000+0000,155.113,156.485,155.094,155.913
2024-06-06T00:00:00.000000000+0000,155.912,156.445,155.354,155.678
2024-06-07T00:00:00.000000000+0000,155.676,157.076,155.119,156.7
2024-06-08T00:00:00.000000000+0000,156.7,156.7,156.7,156.7
2024-06-09T00:00:00.000000000+0000,156.717,156.94,156.564,156.822
2024-06-10T00:00:00.000000000+0000,156.821,157.193,156.719,157.044
2024-06-11T00:00:00.000000000+0000,157.042,157.402,156.803,157.112
2024-06-12T00:00:00.000000000+0000,157.111,157.37,155.716,156.801
2024-06-13T00:00:00.000000000+0000,156.8,157.311,156.579,157.122
2024-06-14T00:00:00.000000000+0000,157.123,158.255,156.795,157.36
2024-06-15T00:00:00.000000000+0000,157.36,157.36,157.36,157.36
2024-06-16T00:00:00.000000000+0000,157.253,157.662,157.235,157.556
2024-06-17T00:00:00.000000000+0000,157.56,157.959,157.155,157.695
2024-06-18T00:00:00.000000000+0000,157.695,158.229,157.515,157.864
2024-06-19T00:00:00.000000000+0000,157.87,158.131,157.602,157.956
2024-06-20T00:00:00.000000000+0000,157.955,158.95,157.954,158.935
2024-06-21T00:00:00.000000000+0000,158.936,159.835,158.669,159.765
2024-06-22T00:00:00.000000000+0000,159.765,159.765,159.765,159.765
2024-06-23T00:00:00.000000000+0000,159.751,159.905,159.596,159.897
2024-06-24T00:00:00.000000000+0000,159.897,159.927,158.74,159.697
2024-06-25T00:00:00.000000000+0000,159.7,159.756,159.186,159.699
2024-06-26T00:00:00.000000000+0000,159.7,160.865,159.663,160.627
2024-06-27T00:00:00.000000000+0000,160.627,160.822,160.28,160.703
2024-06-28T00:00:00.000000000+0000,160.704,161.282,160.261,160.802
2024-06-29T00:00:00.000000000+0000,160.802,160.802,160.802,160.802
2024-06-30T00:00:00.000000000+0000,160.811,160.941,160.683,160.922
2024-07-01T00:00:00.000000000+0000,160.922,161.728,160.737,161.513
2024-07-02T00:00:00.000000000+0000,161.513,161.742,161.266,161.488
2024-07-03T00:00:00.000000000+0000,161.489,161.949,160.768,161.586
2024-07-04T00:00:00.000000000+0000,161.585,161.601,160.946,161.36
2024-07-05T00:00:00.000000000+0000,161.361,161.394,160.33,160.719
2024-07-06T00:00:00.000000000+0000,160.719,160.719,160.719,160.719
2024-07-07T00:00:00.000000000+0000,160.721,160.819,160.575,160.638
2024-07-08T00:00:00.000000000+0000,160.637,161.117,160.26,160.859
2024-07-09T00:00:00.000000000+0000,160.859,161.515,160.739,161.33
2024-07-10T00:00:00.000000000+0000,161.329,161.804,161.301,161.592
2024-07-11T00:00:00.000000000+0000,161.594,161.758,157.409,158.273
2024-07-12T00:00:00.000000000+0000,158.275,159.384,157.359,157.7
2024-07-13T00:00:00.000000000+0000,157.7,157.7,157.7,157.7
2024-07-14T00:00:00.000000000+0000,158.068,158.419,157.979,158.287
2024-07-15T00:00:00.000000000+0000,158.286,158.365,157.163,158.15
2024-07-16T00:00:00.000000000+0000,158.15,158.854,158.104,158.36
2024-07-17T00:00:00.000000000+0000,158.361,158.624,155.37,155.675
2024-07-18T00:00:00.000000000+0000,155.675,157.397,155.457,157.176
2024-07-19T00:00:00.000000000+0000,157.176,157.862,156.952,157.475
2024-07-20T00:00:00.000000000+0000,157.475,157.475,157.475,157.475
2024-07-21T00:00:00.000000000+0000,157.329,157.499,157.155,157.424
2024-07-22T00:00:00.000000000+0000,157.423,157.61,156.284,156.903
2024-07-23T00:00:00.000000000+0000,156.901,156.927,155.528,155.76
2024-07-24T00:00:00.000000000+0000,155.761,155.99,153.105,153.916
2024-07-25T00:00:00.000000000+0000,153.914,154.318,151.941,153.7
2024-07-26T00:00:00.000000000+0000,153.699,154.737,153.096,153.718
2024-07-27T00:00:00.000000000+0000,153.718,153.718,153.718,153.718
2024-07-28T00:00:00.000000000+0000,153.652,154.212,153.475,154.143
2024-07-29T00:00:00.000000000+0000,154.149,154.351,153.014,153.835
2024-07-30T00:00:00.000000000+0000,153.833,155.213,152.417,152.658
2024-07-31T00:00:00.000000000+0000,152.658,153.894,149.606,149.786
2024-08-01T00:00:00.000000000+0000,149.786,150.89,148.508,149.208
2024-08-02T00:00:00.000000000+0000,149.205,149.772,146.417,146.498
2024-08-03T00:00:00.000000000+0000,146.498,146.498,146.498,146.498
2024-08-04T00:00:00.000000000+0000,146.441,146.563,145.279,145.589
2024-08-05T00:00:00.000000000+0000,145.589,145.94,141.676,145.794
2024-08-06T00:00:00.000000000+0000,145.8,146.365,144.045,144.738
2024-08-07T00:00:00.000000000+0000,144.743,147.897,144.543,146.283
2024-08-08T00:00:00.000000000+0000,146.297,147.813,145.426,147.694
2024-08-09T00:00:00.000000000+0000,147.694,147.768,146.267,146.634
2024-08-10T00:00:00.000000000+0000,146.634,146.634,146.634,146.634
2024-08-11T00:00:00.000000000+0000,146.484,147.128,146.468,147.072
2024-08-12T00:00:00.000000000+0000,147.071,148.222,146.698,147.022
2024-08-13T00:00:00.000000000+0000,147.023,147.945,146.596,146.943
2024-08-14T00:00:00.000000000+0000,146.944,147.578,146.068,147.272
2024-08-15T00:00:00.000000000+0000,147.273,149.396,147.053,149.227
2024-08-16T00:00:00.000000000+0000,149.227,149.268,147.569,147.587
2024-08-17T00:00:00.000000000+0000,147.587,147.587,147.587,147.587
2024-08-18T00:00:00.000000000+0000,147.555,148.051,147.484,147.963
2024-08-19T00:00:00.000000000+0000,147.962,148.0,145.182,146.709
2024-08-20T00:00:00.000000000+0000,146.711,147.345,144.943,145.322
2024-08-21T00:00:00.000000000+0000,145.322,146.889,144.45,145.123
2024-08-22T00:00:00.000000000+0000,145.122,146.525,144.939,146.208
2024-08-23T00:00:00.000000000+0000,146.208,146.481,144.047,144.352
2024-08-24T00:00:00.000000000+0000,144.352,144.352,144.352,144.352
2024-08-25T00:00:00.000000000+0000,144.227,144.34,143.558,143.919
2024-08-26T00:00:00.000000000+0000,143.92,144.652,143.444,144.504
2024-08-27T00:00:00.000000000+0000,144.504,145.175,143.679,143.965
2024-08-28T00:00:00.000000000+0000,143.964,145.036,143.908,144.435
2024-08-29T00:00:00.000000000+0000,144.435,145.553,144.269,144.891
2024-08-30T00:00:00.000000000+0000,144.89,146.246,144.653,146.113
2024-08-31T00:00:00.000000000+0000,146.113,146.113,146.113,146.113
2024-09-01T00:00:00.000000000+0000,145.971,146.597,145.931,146.4
2024-09-02T00:00:00.000000000+0000,146.401,147.172,145.773,146.748
2024-09-03T00:00:00.000000000+0000,146.751,147.207,145.089,145.363
2024-09-04T00:00:00.000000000+0000,145.365,145.552,143.183,143.335
2024-09-05T00:00:00.000000000+0000,143.334,144.228,142.847,143.385
2024-09-06T00:00:00.000000000+0000,143.386,144.041,141.762,142.251
2024-09-07T00:00:00.000000000+0000,142.251,142.251,142.251,142.251
2024-09-08T00:00:00.000000000+0000,142.172,142.525,141.948,142.487
2024-09-09T00:00:00.000000000+0000,142.487,143.795,142.414,143.181
2024-09-10T00:00:00.000000000+0000,143.18,143.708,142.192,142.229
2024-09-11T00:00:00.000000000+0000,142.231,142.674,140.707,142.635
2024-09-12T00:00:00.000000000+0000,142.637,143.044,141.426,141.509
2024-09-13T00:00:00.000000000+0000,141.509,141.557,140.281,140.78
2024-09-14T00:00:00.000000000+0000,140.78,140.78,140.78,140.78
2024-09-15T00:00:00.000000000+0000,140.704,140.898,140.451,140.844
2024-09-16T00:00:00.000000000+0000,140.845,141.24,139.576,140.796
2024-09-17T00:00:00.000000000+0000,140.795,142.464,140.32,142.006
2024-09-18T00:00:00.000000000+0000,142.008,142.751,140.435,142.699
2024-09-19T00:00:00.000000000+0000,142.698,143.944,142.039,142.862
2024-09-20T00:00:00.000000000+0000,142.86,144.495,141.736,143.808
2024-09-21T00:00:00.000000000+0000,143.808,143.808,143.808,143.808
2024-09-22T00:00:00.000000000+0000,143.754,144.089,143.669,144.079
2024-09-23T00:00:00.000000000+0000,144.086,144.459,143.162,143.633
2024-09-24T00:00:00.000000000+0000,143.632,144.679,142.887,142.946
2024-09-25T00:00:00.000000000+0000,142.945,144.841,142.906,144.714
2024-09-26T00:00:00.000000000+0000,144.714,145.212,144.109,145.082
2024-09-27T00:00:00.000000000+0000,145.081,146.491,142.066,142.15
2024-09-28T00:00:00.000000000+0000,142.15,142.15,142.15,142.15
2024-09-29T00:00:00.000000000+0000,142.129,142.952,142.094,142.786
2024-09-30T00:00:00.000000000+0000,142.786,143.915,141.642,143.714
2024-10-01T00:00:00.000000000+0000,143.714,144.529,142.969,143.723
2024-10-02T00:00:00.000000000+0000,143.724,146.91,143.53,146.575
2024-10-03T00:00:00.000000000+0000,146.577,147.239,146.301,146.842
2024-10-04T00:00:00.000000000+0000,146.841,149.004,145.918,148.631
2024-10-05T00:00:00.000000000+0000,148.631,148.631,148.631,148.631
2024-10-06T00:00:00.000000000+0000,148.653,149.125,148.653,148.794
2024-10-07T00:00:00.000000000+0000,148.792,148.792,147.57,148.127
2024-10-08T00:00:00.000000000+0000,148.129,148.382,147.343,148.141
2024-10-09T00:00:00.000000000+0000,148.141,149.365,148.01,149.16
2024-10-10T00:00:00.000000000+0000,149.152,149.565,148.226,148.707
2024-10-11T00:00:00.000000000+0000,148.712,149.282,148.401,149.091
2024-10-12T00:00:00.000000000+0000,149.091,149.091,149.091,149.091
2024-10-13T00:00:00.000000000+0000,149.029,149.391,148.987,149.305
2024-10-14T00:00:00.000000000+0000,149.306,149.981,149.14,149.715
2024-10-15T00:00:00.000000000+0000,149.722,149.758,148.848,149.088
2024-10-16T00:00:00.000000000+0000,149.089,149.805,148.861,149.562
2024-10-17T00:00:00.000000000+0000,149.563,150.321,149.24,150.101
2024-10-18T00:00:00.000000000+0000,150.103,150.155,149.363,149.503
2024-10-19T00:00:00.000000000+0000,149.503,149.503,149.503,149.503
2024-10-20T00:00:00.000000000+0000,149.439,149.641,149.412,149.602
2024-10-21T00:00:00.000000000+0000,149.603,150.884,149.086,150.62
2024-10-22T00:00:00.000000000+0000,150.62,151.194,150.494,151.153
2024-10-23T00:00:00.000000000+0000,151.152,153.185,151.135,152.769
2024-10-24T00:00:00.000000000+0000,152.767,152.792,151.552,151.789
2024-10-25T00:00:00.000000000+0000,151.792,152.378,151.452,152.244
2024-10-26T00:00:00.000000000+0000,152.244,152.244,152.244,152.244
2024-10-27T00:00:00.000000000+0000,153.176,153.221,152.652,152.955
2024-10-28T00:00:00.000000000+0000,152.955,153.879,152.407,153.142
2024-10-29T00:00:00.000000000+0000,153.141,153.865,152.754,153.262
2024-10-30T00:00:00.000000000+0000,153.263,153.49,152.778,153.239
2024-10-31T00:00:00.000000000+0000,153.238,153.611,151.788,151.979
2024-11-01T00:00:00.000000000+0000,151.979,153.093,151.789,152.946
2024-11-02T00:00:00.000000000+0000,152.946,152.946,152.946,152.946
2024-11-03T00:00:00.000000000+0000,152.26,152.551,152.181,152.288
2024-11-04T00:00:00.000000000+0000,152.288,152.29,151.531,152.276
2024-11-05T00:00:00.000000000+0000,152.276,152.543,151.334,151.44
2024-11-06T00:00:00.000000000+0000,151.439,154.697,151.283,154.31
2024-11-07T00:00:00.000000000+0000,154.307,154.708,152.689,153.172
2024-11-08T00:00:00.000000000+0000,153.173,153.366,152.139,152.608
2024-11-09T00:00:00.000000000+0000,152.608,152.608,152.608,152.608
2024-11-10T00:00:00.000000000+0000,152.631,152.946,152.602,152.907
2024-11-11T00:00:00.000000000+0000,152.91,153.952,152.87,153.521
2024-11-12T00:00:00.000000000+0000,153.52,154.923,153.403,154.656
2024-11-13T00:00:00.000000000+0000,154.656,155.622,154.338,155.416
2024-11-14T00:00:00.000000000+0000,155.416,156.535,155.404,156.481
2024-11-15T00:00:00.000000000+0000,156.48,156.746,153.858,154.248
2024-11-16T00:00:00.000000000+0000,154.248,154.248,154.248,154.248
2024-11-17T00:00:00.000000000+0000,154.349,154.746,154.222,154.64
2024-11-18T00:00:00.000000000+0000,154.639,155.356,153.838,154.613
2024-11-19T00:00:00.000000000+0000,154.614,154.797,153.279,154.718
2024-11-20T00:00:00.000000000+0000,154.72,155.886,154.584,155.272
2024-11-21T00:00:00.000000000+0000,155.271,155.299,153.905,154.154
2024-11-22T00:00:00.000000000+0000,154.155,155.022,153.963,154.73
2024-11-23T00:00:00.000000000+0000,154.73,154.73,154.73,154.73
2024-11-24T00:00:00.000000000+0000,154.117,154.389,154.052,154.147
2024-11-25T00:00:00.000000000+0000,154.148,154.722,153.548,154.38
2024-11-26T00:00:00.000000000+0000,154.38,154.413,152.93,152.931
2024-11-27T00:00:00.000000000+0000,152.93,153.032,150.453,151.337
2024-11-28T00:00:00.000000000+0000,151.338,151.948,150.983,151.185
2024-11-29T00:00:00.000000000+0000,151.182,151.206,149.464,149.724
2024-11-30T00:00:00.000000000+0000,149.724,149.724,149.724,149.724
2024-12-01T00:00:00.000000000+0000,149.514,150.066,149.486,149.865
2024-12-02T00:00:00.000000000+0000,149.865,150.747,149.077,149.515
2024-12-03T00:00:00.000000000+0000,149.516,150.234,148.646,149.613
2024-12-04T00:00:00.000000000+0000,149.613,151.228,149.52,150.547
2024-12-05T00:00:00.000000000+0000,150.547,150.695,149.654,150.118
2024-12-06T00:00:00.000000000+0000,150.121,150.698,149.36,149.989
2024-12-07T00:00:00.000000000+0000,149.989,149.989,149.989,149.989
2024-12-08T00:00:00.000000000+0000,149.864,150.072,149.84,149.89
2024-12-09T00:00:00.000000000+0000,149.89,151.43,149.689,151.387
2024-12-10T00:00:00.000000000+0000,151.387,152.18,150.894,151.838
2024-12-11T00:00:00.000000000+0000,151.839,152.856,151.004,152.254
2024-12-12T00:00:00.000000000+0000,152.109,152.771,151.798,152.589
2024-12-13T00:00:00.000000000+0000,152.595,153.798,152.553,153.683
2024-12-14T00:00:00.000000000+0000,153.683,153.683,153.683,153.683
2024-12-15T00:00:00.000000000+0000,153.573,153.697,153.431,153.452
2024-12-16T00:00:00.000000000+0000,153.454,154.476,153.322,154.094
2024-12-17T00:00:00.000000000+0000,154.091,154.342,153.159,153.568
2024-12-18T00:00:00.000000000+0000,153.569,154.864,153.332,154.665
2024-12-19T00:00:00.000000000+0000,154.663,157.804,154.463,157.647
2024-12-20T00:00:00.000000000+0000,157.647,157.924,155.951,156.407
2024-12-21T00:00:00.000000000+0000,156.407,156.407,156.407,156.407
2024-12-22T00:00:00.000000000+0000,156.249,156.563,156.238,156.563
2024-12-23T00:00:00.000000000+0000,156.563,157.266,156.337,157.181
2024-12-24T00:00:00.000000000+0000,157.181,157.393,156.887,157.056
2024-12-25T00:00:00.000000000+0000,157.056,157.346,156.929,157.121
2024-12-26T00:00:00.000000000+0000,157.121,158.083,157.069,157.764
2024-12-27T00:00:00.000000000+0000,157.763,157.948,157.35,157.764
2024-12-28T00:00:00.000000000+0000,157.764,157.764,157.764,157.764
2024-12-29T00:00:00.000000000+0000,157.679,157.898,157.652,157.898
2024-12-30T00:00:00.000000000+0000,157.897,158.071,156.669,157.003
2024-12-31T00:00:00.000000000+0000,157.005,157.546,156.02,157.184
2025-01-01T00:00:00.000000000+0000,157.151,157.776,157.151,157.7
2025-01-02T00:00:00.000000000+0000,157.7,157.849,156.435,157.353
2025-01-03T00:00:00.000000000+0000,157.359,157.49,156.87,157.242
2025-01-04T00:00:00.000000000+0000,157.242,157.242,157.242,157.242
2025-01-05T00:00:00.000000000+0000,157.18,157.527,157.139,157.504
2025-01-06T00:00:00.000000000+0000,157.505,157.959,156.24,157.737
2025-01-07T00:00:00.000000000+0000,157.737,158.423,157.362,158.223
2025-01-08T00:00:00.000000000+0000,158.22,158.55,157.898,158.188
2025-01-09T00:00:00.000000000+0000,158.186,158.324,157.574,158.041
2025-01-10T00:00:00.000000000+0000,158.04,158.877,157.222,157.657
2025-01-11T00:00:00.000000000+0000,157.657,157.657,157.657,157.657
2025-01-12T00:00:00.000000000+0000,157.596,157.93,157.596,157.909
2025-01-13T00:00:00.000000000+0000,157.909,157.964,156.91,157.305
2025-01-14T00:00:00.000000000+0000,157.309,158.195,157.032,158.045
2025-01-15T00:00:00.000000000+0000,158.053,158.082,155.935,156.219
2025-01-16T00:00:00.000000000+0000,156.218,156.528,155.086,155.201
2025-01-17T00:00:00.000000000+0000,155.363,156.372,154.977,156.241
2025-01-18T00:00:00.000000000+0000,156.241,156.241,156.241,156.241
2025-01-19T00:00:00.000000000+0000,156.187,156.58,156.154,156.306
2025-01-20T00:00:00.000000000+0000,156.313,156.46,155.159,155.271
2025-01-21T00:00:00.000000000+0000,155.272,156.232,154.772,155.74
2025-01-22T00:00:00.000000000+0000,155.74,156.706,155.35,156.431
2025-01-23T00:00:00.000000000+0000,156.431,156.751,155.742,155.991
2025-01-24T00:00:00.000000000+0000,156.133,156.575,154.837,155.92
2025-01-25T00:00:00.000000000+0000,155.92,155.92,155.92,155.92
2025-01-26T00:00:00.000000000+0000,155.675,155.831,155.569,155.72
2025-01-27T00:00:00.000000000+0000,155.719,156.244,153.71,154.914
2025-01-28T00:00:00.000000000+0000,154.912,155.976,154.793,155.56
2025-01-29T00:00:00.000000000+0000,155.563,155.787,154.937,155.176
2025-01-30T00:00:00.000000000+0000,155.174,155.203,153.788,154.086
2025-01-31T00:00:00.000000000+0000,154.088,155.217,153.91,155.182
2025-02-01T00:00:00.000000000+0000,155.182,155.182,155.182,155.182
2025-02-02T00:00:00.000000000+0000,154.771,155.43,154.755,155.344
2025-02-03T00:00:00.000000000+0000,155.358,155.882,154.004,155.268
2025-02-04T00:00:00.000000000+0000,155.263,155.521,154.03,154.348
2025-02-05T00:00:00.000000000+0000,154.132,154.355,152.109,152.65
2025-02-06T00:00:00.000000000+0000,152.648,152.897,151.152,151.166
2025-02-07T00:00:00.000000000+0000,151.167,152.421,150.927,151.377
2025-02-08T00:00:00.000000000+0000,151.377,151.377,151.377,151.377
2025-02-09T00:00:00.000000000+0000,151.198,151.88,151.156,151.872
2025-02-10T00:00:00.000000000+0000,151.875,152.536,151.567,151.788
2025-02-11T00:00:00.000000000+0000,151.786,152.767,151.647,152.765
2025-02-12T00:00:00.000000000+0000,152.765,154.801,152.726,154.232
2025-02-13T00:00:00.000000000+0000,154.23,154.664,152.688,152.985
2025-02-14T00:00:00.000000000+0000,152.996,153.097,152.023,152.254
2025-02-15T00:00:00.000000000+0000,152.254,152.254,152.254,152.254
2025-02-16T00:00:00.000000000+0000,152.2,152.391,151.965,152.006
2025-02-17T00:00:00.000000000+0000,152.004,152.113,151.23,151.436
2025-02-18T00:00:00.000000000+0000,151.435,152.219,151.413,151.92
2025-02-19T00:00:00.000000000+0000,151.92,152.306,151.119,151.382
2025-02-20T00:00:00.000000000+0000,151.218,151.232,149.274,149.478
2025-02-21T00:00:00.000000000+0000,149.478,150.732,148.922,149.262
2025-02-22T00:00:00.000000000+0000,149.262,149.262,149.262,149.262
2025-02-23T00:00:00.000000000+0000,149.175,149.403,149.09,149.399
2025-02-24T00:00:00.000000000+0000,149.401,149.91,148.841,149.908
2025-02-25T00:00:00.000000000+0000,149.909,150.298,148.562,149.049
2025-02-26T00:00:00.000000000+0000,149.047,149.884,148.618,148.876
2025-02-27T00:00:00.000000000+0000,148.877,150.161,148.781,149.756
2025-02-28T00:00:00.000000000+0000,150.086,150.987,149.098,150.545
2025-03-01T00:00:00.000000000+0000,150.545,150.545,150.545,150.545
2025-03-02T00:00:00.000000000+0000,150.644,151.019,150.632,150.806
2025-03-03T00:00:00.000000000+0000,150.807,151.301,149.097,149.306
2025-03-04T00:00:00.000000000+0000,149.317,149.97,148.096,149.827
2025-03-05T00:00:00.000000000+0000,149.824,150.182,148.392,148.882
2025-03-06T00:00:00.000000000+0000,148.88,149.331,147.308,148.145
2025-03-07T00:00:00.000000000+0000,148.146,148.198,146.944,148.018
2025-03-08T00:00:00.000000000+0000,148.018,148.018,148.018,148.018
2025-03-09T00:00:00.000000000+0000,147.908,147.946,147.386,147.585
2025-03-10T00:00:00.000000000+0000,147.584,147.79,146.628,147.076
2025-03-11T00:00:00.000000000+0000,147.076,148.118,146.538,148.049
2025-03-12T00:00:00.000000000+0000,148.048,149.194,147.844,148.29
2025-03-13T00:00:00.000000000+0000,148.294,148.37,147.411,147.936
2025-03-14T00:00:00.000000000+0000,147.922,149.02,147.846,148.606
2025-03-15T00:00:00.000000000+0000,148.606,148.606,148.606,148.606
2025-03-16T00:00:00.000000000+0000,148.753,148.839,148.46,148.602
2025-03-17T00:00:00.000000000+0000,148.605,149.396,148.26,149.395
2025-03-18T00:00:00.000000000+0000,149.394,149.934,149.094,149.438
2025-03-19T00:00:00.000000000+0000,149.439,150.146,148.456,148.456
2025-03-20T00:00:00.000000000+0000,148.456,148.959,148.178,148.619
2025-03-21T00:00:00.000000000+0000,148.621,149.66,148.587,149.269
2025-03-22T00:00:00.000000000+0000,149.269,149.269,149.269,149.269
2025-03-23T00:00:00.000000000+0000,149.329,149.688,149.329,149.66
2025-03-24T00:00:00.000000000+0000,149.664,150.859,149.454,150.777
2025-03-25T00:00:00.000000000+0000,150.784,150.942,149.546,149.941
2025-03-26T00:00:00.000000000+0000,149.939,150.743,149.838,150.472
2025-03-27T00:00:00.000000000+0000,150.47,151.156,150.058,150.85
2025-03-28T00:00:00.000000000+0000,150.849,151.208,149.682,149.818
2025-03-29T00:00:00.000000000+0000,149.818,149.818,149.818,149.818
2025-03-30T00:00:00.000000000+0000,149.721,149.796,149.302,149.617
2025-03-31T00:00:00.000000000+0000,149.617,150.264,148.698,149.946
2025-04-01T00:00:00.000000000+0000,149.946,149.99,148.97,149.75
2025-04-02T00:00:00.000000000+0000,149.749,150.484,147.683,147.878
2025-04-03T00:00:00.000000000+0000,147.876,148.335,145.183,146.253
2025-04-04T00:00:00.000000000+0000,146.252,147.429,144.55,146.95
2025-04-05T00:00:00.000000000+0000,146.95,146.95,146.95,146.95
2025-04-06T00:00:00.000000000+0000,145.475,145.684,144.813,145.434
2025-04-07T00:00:00.000000000+0000,145.429,148.147,145.069,147.79
2025-04-08T00:00:00.000000000+0000,147.789,147.963,145.598,145.849
2025-04-09T00:00:00.000000000+0000,145.848,148.277,143.992,147.4
2025-04-10T00:00:00.000000000+0000,147.402,147.46,143.712,143.749
2025-04-11T00:00:00.000000000+0000,143.754,144.199,142.06,143.436
2025-04-12T00:00:00.000000000+0000,143.436,143.436,143.436,143.436
2025-04-13T00:00:00.000000000+0000,143.876,144.06,143.503,143.691
2025-04-14T00:00:00.000000000+0000,143.692,144.08,142.227,143.215
2025-04-15T00:00:00.000000000+0000,143.214,143.592,142.596,143.157
2025-04-16T00:00:00.000000000+0000,143.157,143.17,141.611,141.925
2025-04-17T00:00:00.000000000+0000,141.927,143.087,141.845,142.372
2025-04-18T00:00:00.000000000+0000,142.351,142.442,142.091,142.096
2025-04-19T00:00:00.000000000+0000,142.096,142.096,142.096,142.096
2025-04-20T00:00:00.000000000+0000,142.065,142.129,141.496,141.588
2025-04-21T00:00:00.000000000+0000,141.589,141.589,140.467,140.871
2025-04-22T00:00:00.000000000+0000,140.872,143.218,139.885,142.701
2025-04-23T00:00:00.000000000+0000,142.701,143.571,141.527,143.194
2025-04-24T00:00:00.000000000+0000,143.192,143.338,142.276,142.851
2025-04-25T00:00:00.000000000+0000,142.853,144.029,142.817,143.623
2025-04-26T00:00:00.000000000+0000,143.623,143.623,143.623,143.623
2025-04-27T00:00:00.000000000+0000,143.539,143.877,143.449,143.85
2025-04-28T00:00:00.000000000+0000,143.851,143.893,141.938,142.179
2025-04-29T00:00:00.000000000+0000,142.18,142.756,141.968,142.259
2025-04-30T00:00:00.000000000+0000,142.259,143.188,142.17,143.019
2025-05-01T00:00:00.000000000+0000,143.018,145.734,142.878,145.404
2025-05-02T00:00:00.000000000+0000,145.406,145.924,143.727,144.905
2025-05-03T00:00:00.000000000+0000,144.905,144.905,144.905,144.905
2025-05-04T00:00:00.000000000+0000,144.662,144.989,144.509,144.648
2025-05-05T00:00:00.000000000+0000,144.649,144.797,143.539,143.702
2025-05-06T00:00:00.000000000+0000,143.702,144.275,142.353,143.087
2025-05-07T00:00:00.000000000+0000,143.089,143.997,142.745,143.861
2025-05-08T00:00:00.000000000+0000,143.86,146.176,143.443,145.95
2025-05-09T00:00:00.000000000+0000,145.948,146.185,144.823,145.299
2025-05-10T00:00:00.000000000+0000,145.299,145.299,145.299,145.299
2025-05-11T00:00:00.000000000+0000,146.213,146.233,145.698,145.838
2025-05-12T00:00:00.000000000+0000,145.836,148.651,145.715,148.256
2025-05-13T00:00:00.000000000+0000,148.257,148.272,147.299,147.521
2025-05-14T00:00:00.000000000+0000,147.521,147.67,145.601,146.635
2025-05-15T00:00:00.000000000+0000,146.636,146.749,145.409,145.569
2025-05-16T00:00:00.000000000+0000,145.571,146.097,144.92,145.581
2025-05-17T00:00:00.000000000+0000,145.581,145.581,145.581,145.581
2025-05-18T00:00:00.000000000+0000,145.284,145.447,145.003,145.234
2025-05-19T00:00:00.000000000+0000,145.236,145.342,144.66,144.975
2025-05-20T00:00:00.000000000+0000,144.976,145.512,144.089,144.318
2025-05-21T00:00:00.000000000+0000,144.319,144.398,143.282,143.693
2025-05-22T00:00:00.000000000+0000,143.691,144.328,142.802,143.857
2025-05-23T00:00:00.000000000+0000,143.859,144.013,142.422,142.538
2025-05-24T00:00:00.000000000+0000,142.538,142.538,142.538,142.538
2025-05-25T00:00:00.000000000+0000,142.441,143.08,142.409,142.822
2025-05-26T00:00:00.000000000+0000,142.821,143.032,142.225,142.628
2025-05-27T00:00:00.000000000+0000,142.627,144.46,142.112,144.133
2025-05-28T00:00:00.000000000+0000,144.133,146.023,143.851,145.717
2025-05-29T00:00:00.000000000+0000,145.724,146.285,143.741,143.751
2025-05-30T00:00:00.000000000+0000,143.751,144.442,143.437,144.006
2025-05-31T00:00:00.000000000+0000,144.006,144.006,144.006,144.006
2025-06-01T00:00:00.000000000+0000,143.795,143.986,143.716,143.792
2025-06-02T00:00:00.000000000+0000,143.798,143.798,142.378,142.425
2025-06-03T00:00:00.000000000+0000,142.425,144.107,142.423,143.818
2025-06-04T00:00:00.000000000+0000,143.818,144.392,142.53,142.724
2025-06-05T00:00:00.000000000+0000,142.724,143.975,142.569,143.553
2025-06-06T00:00:00.000000000+0000,143.554,145.086,143.527,144.816
2025-06-07T00:00:00.000000000+0000,144.816,144.816,144.816,144.816
2025-06-08T00:00:00.000000000+0000,144.807,144.809,144.6,144.692
2025-06-09T00:00:00.000000000+0000,144.69,144.947,143.974,144.563
2025-06-10T00:00:00.000000000+0000,144.564,145.287,144.402,144.84
2025-06-11T00:00:00.000000000+0000,144.836,145.463,144.116,144.181
2025-06-12T00:00:00.000000000+0000,144.18,144.344,143.074,143.094
2025-06-13T00:00:00.000000000+0000,143.094,144.481,142.79,144.038
2025-06-14T00:00:00.000000000+0000,144.038,144.038,144.038,144.038
2025-06-15T00:00:00.000000000+0000,143.946,144.749,143.86,144.568
2025-06-16T00:00:00.000000000+0000,144.568,144.875,143.651,144.682
2025-06-17T00:00:00.000000000+0000,144.682,145.432,144.383,145.382
2025-06-18T00:00:00.000000000+0000,145.384,145.44,144.327,144.953
2025-06-19T00:00:00.000000000+0000,144.953,145.77,144.734,145.232
2025-06-20T00:00:00.000000000+0000,145.228,146.214,145.12,146.054
2025-06-21T00:00:00.000000000+0000,146.054,146.054,146.054,146.054
2025-06-22T00:00:00.000000000+0000,146.671,146.671,146.207,146.211
2025-06-23T00:00:00.000000000+0000,146.21,148.025,145.696,145.92
2025-06-24T00:00:00.000000000+0000,145.92,145.937,144.512,144.933
2025-06-25T00:00:00.000000000+0000,144.934,145.949,144.606,144.912
2025-06-26T00:00:00.000000000+0000,144.911,144.965,143.75,144.673
2025-06-27T00:00:00.000000000+0000,144.666,144.945,144.176,144.614
2025-06-28T00:00:00.000000000+0000,144.614,144.614,144.614,144.614
2025-06-29T00:00:00.000000000+0000,144.3,144.663,144.298,144.503
2025-06-30T00:00:00.000000000+0000,144.5,144.762,143.774,143.805
2025-07-01T00:00:00.000000000+0000,143.806,143.933,142.679,143.371
2025-07-02T00:00:00.000000000+0000,143.372,144.244,143.319,143.519
2025-07-03T00:00:00.000000000+0000,143.519,145.232,143.443,144.707
2025-07-04T00:00:00.000000000+0000,144.707,144.79,144.181,144.417
2025-07-05T00:00:00.000000000+0000,144.417,144.417,144.417,144.417
2025-07-06T00:00:00.000000000+0000,144.376,144.632,144.314,144.487
2025-07-07T00:00:00.000000000+0000,144.487,146.239,144.223,145.879
2025-07-08T00:00:00.000000000+0000,145.878,146.976,145.83,146.868
2025-07-09T00:00:00.000000000+0000,146.866,147.182,146.07,146.105
2025-07-10T00:00:00.000000000+0000,146.103,146.786,145.753,146.278
2025-07-11T00:00:00.000000000+0000,146.276,147.52,146.245,147.379
2025-07-12T00:00:00.000000000+0000,147.379,147.379,147.379,147.379
2025-07-13T00:00:00.000000000+0000,147.135,147.568,147.135,147.293
2025-07-14T00:00:00.000000000+0000,147.292,147.887,146.849,147.783
2025-07-15T00:00:00.000000000+0000,147.782,149.019,147.552,148.778
2025-07-16T00:00:00.000000000+0000,148.781,149.184,146.908,147.994
2025-07-17T00:00:00.000000000+0000,147.995,149.087,147.982,148.443
2025-07-18T00:00:00.000000000+0000,148.443,148.882,148.185,148.749
2025-07-19T00:00:00.000000000+0000,148.749,148.749,148.749,148.749
2025-07-20T00:00:00.000000000+0000,147.902,148.662,147.894,148.453
2025-07-21T00:00:00.000000000+0000,148.453,148.559,147.084,147.398
2025-07-22T00:00:00.000000000+0000,147.399,147.947,146.245,146.761
2025-07-23T00:00:00.000000000+0000,146.755,147.215,146.107,146.346
2025-07-24T00:00:00.000000000+0000,146.35,147.231,145.853,147.007
2025-07-25T00:00:00.000000000+0000,147.009,147.939,146.808,147.612
2025-07-26T00:00:00.000000000+0000,147.612,147.612,147.612,147.612
2025-07-27T00:00:00.000000000+0000,147.694,147.875,147.617,147.782
2025-07-28T00:00:00.000000000+0000,147.781,148.636,147.518,148.457
2025-07-29T00:00:00.000000000+0000,148.459,148.806,148.156,148.424
2025-07-30T00:00:00.000000000+0000,148.426,149.532,147.802,149.327
2025-07-31T00:00:00.000000000+0000,149.223,150.878,148.585,150.81
2025-08-01T00:00:00.000000000+0000,150.807,150.916,147.29,147.375
2025-08-02T00:00:00.000000000+0000,147.375,147.375,147.375,147.375
2025-08-03T00:00:00.000000000+0000,147.24,147.383,147.056,147.345
2025-08-04T00:00:00.000000000+0000,147.347,148.087,146.693,146.791
2025-08-05T00:00:00.000000000+0000,146.789,147.834,146.617,147.526
2025-08-06T00:00:00.000000000+0000,147.524,147.885,146.974,147.197
2025-08-07T00:00:00.000000000+0000,147.192,147.711,146.691,146.801
2025-08-08T00:00:00.000000000+0000,146.797,147.901,146.718,147.667
2025-08-09T00:00:00.000000000+0000,147.667,147.667,147.667,147.667
2025-08-10T00:00:00.000000000+0000,147.47,147.787,147.466,147.655
2025-08-11T00:00:00.000000000+0000,147.654,148.25,147.349,148.149
2025-08-12T00:00:00.000000000+0000,148.155,148.517,147.577,147.774
2025-08-13T00:00:00.000000000+0000,147.767,148.168,147.087,147.121
2025-08-14T00:00:00.000000000+0000,147.119,147.962,146.213,147.682
2025-08-15T00:00:00.000000000+0000,147.683,147.726,146.736,147.177
2025-08-16T00:00:00.000000000+0000,147.177,147.177,147.177,147.177
2025-08-17T00:00:00.000000000+0000,147.152,147.383,147.08,147.232
2025-08-18T00:00:00.000000000+0000,147.229,147.984,147.118,147.918
2025-08-19T00:00:00.000000000+0000,147.918,148.112,147.446,147.739
2025-08-20T00:00:00.000000000+0000,147.742,147.813,146.87,147.3
2025-08-21T00:00:00.000000000+0000,147.301,148.454,147.254,148.384
2025-08-22T00:00:00.000000000+0000,148.385,148.777,146.572,146.875
2025-08-23T00:00:00.000000000+0000,146.875,146.875,146.875,146.875
2025-08-24T00:00:00.000000000+0000,146.829,147.3,146.758,147.265
2025-08-25T00:00:00.000000000+0000,147.265,147.936,147.097,147.815
2025-08-26T00:00:00.000000000+0000,147.81,147.907,146.984,147.474
2025-08-27T00:00:00.000000000+0000,147.475,148.183,147.203,147.336
2025-08-28T00:00:00.000000000+0000,147.335,147.489,146.66,146.831
2025-08-29T00:00:00.000000000+0000,146.831,147.408,146.763,146.992
2025-08-30T00:00:00.000000000+0000,146.992,146.992,146.992,146.992
2025-08-31T00:00:00.000000000+0000,147.04,147.187,146.921,147.12
2025-09-01T00:00:00.000000000+0000,147.121,147.378,146.785,147.092
2025-09-02T00:00:00.000000000+0000,147.094,148.939,147.089,148.583
2025-09-03T00:00:00.000000000+0000,148.582,149.136,147.88,147.973
2025-09-04T00:00:00.000000000+0000,147.973,148.777,147.789,148.422
2025-09-05T00:00:00.000000000+0000,148.419,148.438,146.816,147.392
2025-09-06T00:00:00.000000000+0000,147.392,147.392,147.392,147.392
2025-09-07T00:00:00.000000000+0000,148.088,148.47,147.913,148.315
2025-09-08T00:00:00.000000000+0000,148.315,148.576,147.213,147.373
2025-09-09T00:00:00.000000000+0000,147.374,147.469,146.309,147.393
2025-09-10T00:00:00.000000000+0000,147.391,147.647,147.084,147.351
2025-09-11T00:00:00.000000000+0000,147.355,148.179,146.985,147.229
2025-09-12T00:00:00.000000000+0000,147.226,148.072,147.166,147.645
2025-09-13T00:00:00.000000000+0000,147.645,147.645,147.645,147.645
2025-09-14T00:00:00.000000000+0000,147.403,147.776,147.367,147.675
2025-09-15T00:00:00.000000000+0000,147.677,147.689,147.232,147.401
2025-09-16T00:00:00.000000000+0000,147.406,147.538,146.277,146.412
2025-09-17T00:00:00.000000000+0000,146.411,147.048,145.481,146.883
2025-09-18T00:00:00.000000000+0000,146.88,148.267,146.845,147.963
2025-09-19T00:00:00.000000000+0000,147.966,148.281,147.197,147.892
2025-09-20T00:00:00.000000000+0000,147.892,147.892,147.892,147.892
2025-09-21T00:00:00.000000000+0000,147.867,148.11,147.851,148.099
2025-09-22T00:00:00.000000000+0000,148.105,148.376,147.65,147.73
2025-09-23T00:00:00.000000000+0000,147.731,147.926,147.459,147.602
2025-09-24T00:00:00.000000000+0000,147.601,148.915,147.517,148.779
2025-09-25T00:00:00.000000000+0000,148.783,149.955,148.558,149.875
2025-09-26T00:00:00.000000000+0000,149.874,149.951,149.404,149.489
2025-09-27T00:00:00.000000000+0000,149.489,149.489,149.489,149.489
2025-09-28T00:00:00.000000000+0000,149.399,149.513,149.339,149.412
2025-09-29T00:00:00.000000000+0000,149.412,149.421,148.439,148.617
2025-09-30T00:00:00.000000000+0000,148.619,148.845,147.649,148.025
2025-10-01T00:00:00.000000000+0000,148.024,148.226,146.587,147.108
2025-10-02T00:00:00.000000000+0000,147.108,147.514,146.599,147.156
2025-10-03T00:00:00.000000000+0000,147.155,147.814,147.067,147.399
2025-10-04T00:00:00.000000000+0000,147.399,147.399,147.399,147.399
2025-10-05T00:00:00.000000000+0000,149.491,149.657,149.044,149.583
2025-10-06T00:00:00.000000000+0000,149.58,150.475,149.447,150.363
2025-10-07T00:00:00.000000000+0000,150.36,152.093,150.247,152.056
2025-10-08T00:00:00.000000000+0000,152.057,152.998,152.056,152.708
2025-10-09T00:00:00.000000000+0000,152.714,153.272,152.108,153.026
2025-10-10T00:00:00.000000000+0000,153.024,153.163,151.119,151.119
2025-10-11T00:00:00.000000000+0000,151.119,151.119,151.119,151.119
2025-10-12T00:00:00.000000000+0000,151.822,152.275,151.74,152.065
2025-10-13T00:00:00.000000000+0000,152.069,152.46,151.721,152.457
2025-10-14T00:00:00.000000000+0000,152.458,152.612,151.604,151.702
2025-10-15T00:00:00.000000000+0000,151.705,151.83,150.75,150.987
2025-10-16T00:00:00.000000000+0000,150.994,151.397,150.05,150.148
2025-10-17T00:00:00.000000000+0000,150.148,150.636,149.378,150.583
2025-10-18T00:00:00.000000000+0000,150.583,150.583,150.583,150.583
2025-10-19T00:00:00.000000000+0000,150.353,150.965,150.324,150.917
2025-10-20T00:00:00.000000000+0000,150.917,151.2,150.273,150.82
2025-10-21T00:00:00.000000000+0000,150.821,152.174,150.469,151.878
2025-10-22T00:00:00.000000000+0000,151.877,152.045,151.487,151.986
2025-10-23T00:00:00.000000000+0000,151.986,152.797,151.971,152.609
2025-10-24T00:00:00.000000000+0000,152.609,153.061,152.251,152.81
2025-10-25T00:00:00.000000000+0000,152.81,152.81,152.81,152.81
2025-10-26T00:00:00.000000000+0000,152.805,153.177,152.79,153.07
2025-10-27T00:00:00.000000000+0000,153.078,153.255,152.565,152.696
2025-10-28T00:00:00.000000000+0000,152.699,152.735,151.723,151.736
2025-10-29T00:00:00.000000000+0000,151.737,153.059,151.537,152.725
2025-10-30T00:00:00.000000000+0000,152.727,154.444,152.162,153.906
2025-10-31T00:00:00.000000000+0000,153.906,154.412,153.652,153.936
2025-11-01T00:00:00.000000000+0000,153.936,153.936,153.936,153.936
2025-11-02T00:00:00.000000000+0000,153.939,154.25,153.939,154.199
2025-11-03T00:00:00.000000000+0000,154.201,154.296,153.899,154.208
2025-11-04T00:00:00.000000000+0000,154.211,154.482,153.314,153.548
2025-11-05T00:00:00.000000000+0000,153.549,154.356,152.957,154.088
2025-11-06T00:00:00.000000000+0000,154.089,154.14,152.817,152.954
2025-11-07T00:00:00.000000000+0000,152.953,153.595,152.856,153.378
2025-11-08T00:00:00.000000000+0000,153.378,153.378,153.378,153.378
2025-11-09T00:00:00.000000000+0000,153.687,153.865,153.541,153.826
2025-11-10T00:00:00.000000000+0000,153.828,154.249,153.402,154.15
2025-11-11T00:00:00.000000000+0000,154.151,154.492,153.667,154.081
2025-11-12T00:00:00.000000000+0000,154.084,155.044,154.049,154.708
2025-11-13T00:00:00.000000000+0000,154.709,155.015,154.126,154.631
2025-11-14T00:00:00.000000000+0000,154.634,154.763,153.615,154.508
2025-11-15T00:00:00.000000000+0000,154.508,154.508,154.508,154.508
2025-11-16T00:00:00.000000000+0000,154.453,154.636,154.442,154.592
2025-11-17T00:00:00.000000000+0000,154.592,155.301,154.415,155.278
2025-11-18T00:00:00.000000000+0000,155.278,155.732,154.815,155.532
2025-11-19T00:00:00.000000000+0000,155.527,157.183,155.212,156.997
2025-11-20T00:00:00.000000000+0000,156.998,157.892,156.879,157.386
2025-11-21T00:00:00.000000000+0000,157.384,157.541,156.2,156.378
2025-11-22T00:00:00.000000000+0000,156.378,156.378,156.378,156.378
2025-11-23T00:00:00.000000000+0000,156.27,156.707,156.27,156.687
2025-11-24T00:00:00.000000000+0000,156.686,157.186,156.499,156.908
2025-11-25T00:00:00.000000000+0000,156.904,156.983,155.801,156.198
2025-11-26T00:00:00.000000000+0000,156.198,156.734,155.651,156.22
2025-11-27T00:00:00.000000000+0000,156.219,156.404,155.72,156.289
2025-11-28T00:00:00.000000000+0000,156.291,156.582,155.981,156.137
2025-11-29T00:00:00.000000000+0000,156.137,156.137,156.137,156.137
2025-11-30T00:00:00.000000000+0000,156.055,156.151,155.905,155.909
2025-12-01T00:00:00.000000000+0000,155.907,155.991,154.662,155.561
2025-12-02T00:00:00.000000000+0000,155.56,156.18,155.46,155.764
2025-12-03T00:00:00.000000000+0000,155.764,155.812,155.009,155.112
2025-12-04T00:00:00.000000000+0000,155.114,155.541,154.507,155.133
2025-12-05T00:00:00.000000000+0000,155.132,155.492,154.343,155.298
2025-12-06T00:00:00.000000000+0000,155.298,155.298,155.298,155.298
2025-12-07T00:00:00.000000000+0000,155.159,155.381,155.149,155.313
2025-12-08T00:00:00.000000000+0000,155.31,155.983,154.9,155.845
2025-12-09T00:00:00.000000000+0000,155.846,156.953,155.744,156.805
2025-12-10T00:00:00.000000000+0000,156.805,156.936,155.626,155.751
2025-12-11T00:00:00.000000000+0000,155.749,156.163,154.948,155.505
2025-12-12T00:00:00.000000000+0000,155.502,156.127,155.459,155.8
2025-12-13T00:00:00.000000000+0000,155.8,155.8,155.8,155.8
2025-12-14T00:00:00.000000000+0000,155.816,155.909,155.749,155.867
2025-12-15T00:00:00.000000000+0000,155.869,155.986,154.835,155.034
2025-12-16T00:00:00.000000000+0000,155.034,155.12,154.393,154.772
2025-12-17T00:00:00.000000000+0000,154.771,155.749,154.512,155.489
2025-12-18T00:00:00.000000000+0000,155.488,155.974,155.282,155.575
2025-12-19T00:00:00.000000000+0000,155.579,157.778,155.556,157.737
2025-12-20T00:00:00.000000000+0000,157.737,157.737,157.737,157.737
2025-12-21T00:00:00.000000000+0000,157.659,157.703,157.318,157.623
2025-12-22T00:00:00.000000000+0000,157.623,157.659,156.706,156.92
2025-12-23T00:00:00.000000000+0000,156.92,156.927,155.651,156.169
2025-12-24T00:00:00.000000000+0000,156.169,156.279,155.552,155.884
2025-12-25T00:00:00.000000000+0000,155.88,156.129,155.464,156.102
2025-12-26T00:00:00.000000000+0000,156.103,156.732,155.987,156.561
2025-12-27T00:00:00.000000000+0000,156.561,156.561,156.561,156.561
2025-12-28T00:00:00.000000000+0000,156.389,156.549,156.389,156.484
2025-12-29T00:00:00.000000000+0000,156.485,156.51,155.915,155.99
2025-12-30T00:00:00.000000000+0000,155.994,156.564,155.742,156.4
2025-12-31T00:00:00.000000000+0000,156.394,156.994,156.329,156.658
2026-01-01T00:00:00.000000000+0000,156.501,156.879,156.497,156.722
2026-01-02T00:00:00.000000000+0000,156.72,156.999,156.517,156.84
2026-01-03T00:00:00.000000000+0000,156.84,156.84,156.84,156.84
2026-01-04T00:00:00.000000000+0000,156.699,157.015,156.699,156.998
2026-01-05T00:00:00.000000000+0000,156.998,157.296,156.116,156.614
2026-01-06T00:00:00.000000000+0000,156.615,156.797,156.163,156.666
2026-01-07T00:00:00.000000000+0000,156.663,156.806,156.295,156.697
2026-01-08T00:00:00.000000000+0000,156.694,157.07,156.457,156.866
2026-01-09T00:00:00.000000000+0000,156.868,158.185,156.867,157.859
2026-01-10T00:00:00.000000000+0000,157.859,157.859,157.859,157.859
2026-01-11T00:00:00.000000000+0000,158.063,158.181,157.983,158.138
2026-01-12T00:00:00.000000000+0000,158.137,158.203,157.515,157.976
2026-01-13T00:00:00.000000000+0000,157.977,159.202,157.963,159.196
2026-01-14T00:00:00.000000000+0000,159.196,159.452,158.102,158.421
2026-01-15T00:00:00.000000000+0000,158.424,158.878,158.226,158.589
2026-01-16T00:00:00.000000000+0000,158.591,158.702,157.82,158.137
2026-01-17T00:00:00.000000000+0000,158.137,158.137,158.137,158.137
2026-01-18T00:00:00.000000000+0000,157.89,157.971,157.498,157.55
2026-01-19T00:00:00.000000000+0000,157.554,158.226,157.42,158.165
2026-01-20T00:00:00.000000000+0000,158.164,158.602,157.465,158.152
2026-01-21T00:00:00.000000000+0000,158.153,158.533,157.745,158.458
2026-01-22T00:00:00.000000000+0000,158.46,158.892,158.178,158.487
2026-01-23T00:00:00.000000000+0000,158.488,159.226,155.601,155.611
2026-01-24T00:00:00.000000000+0000,155.611,155.611,155.611,155.611
2026-01-25T00:00:00.000000000+0000,154.612,155.275,154.213,155.147
2026-01-26T00:00:00.000000000+0000,155.149,155.344,153.305,154.387
2026-01-27T00:00:00.000000000+0000,154.386,154.877,152.094,152.495
2026-01-28T00:00:00.000000000+0000,152.49,154.047,152.278,153.081
2026-01-29T00:00:00.000000000+0000,153.084,153.536,152.682,153.141
2026-01-30T00:00:00.000000000+0000,153.142,154.794,153.082,154.756
2026-01-31T00:00:00.000000000+0000,154.756,154.756,154.756,154.756
2026-02-01T00:00:00.000000000+0000,154.878,155.514,154.836,155.226
2026-02-02T00:00:00.000000000+0000,155.225,155.787,154.548,155.472
2026-02-03T00:00:00.000000000+0000,155.472,156.083,155.3,155.804
2026-02-04T00:00:00.000000000+0000,155.806,156.946,155.806,156.906
2026-02-05T00:00:00.000000000+0000,156.905,157.335,156.528,156.805
2026-02-06T00:00:00.000000000+0000,156.804,157.271,156.51,157.196
2026-02-07T00:00:00.000000000+0000,157.196,157.196,157.196,157.196
2026-02-08T00:00:00.000000000+0000,157.522,157.66,156.774,157.247
2026-02-09T00:00:00.000000000+0000,157.251,157.292,155.522,156.126
2026-02-10T00:00:00.000000000+0000,156.127,156.294,154.054,154.5
2026-02-11T00:00:00.000000000+0000,154.498,154.651,152.552,153.266
2026-02-12T00:00:00.000000000+0000,153.268,153.758,152.268,152.791
2026-02-13T00:00:00.000000000+0000,152.788,153.662,152.595,152.625
2026-02-14T00:00:00.000000000+0000,152.625,152.625,152.625,152.625
2026-02-15T00:00:00.000000000+0000,152.569,152.859,152.562,152.8
2026-02-16T00:00:00.000000000+0000,152.798,153.757,152.767,153.556
2026-02-17T00:00:00.000000000+0000,153.55,153.923,152.697,153.13
2026-02-18T00:00:00.000000000+0000,153.13,154.869,153.069,154.684
2026-02-19T00:00:00.000000000+0000,154.687,155.341,154.542,155.195
2026-02-20T00:00:00.000000000+0000,155.196,155.643,154.712,154.988
2026-02-21T00:00:00.000000000+0000,154.988,154.988,154.988,154.988
2026-02-22T00:00:00.000000000+0000,154.849,154.951,154.316,154.341
2026-02-23T00:00:00.000000000+0000,154.342,155.043,153.996,154.66
2026-02-24T00:00:00.000000000+0000,154.66,156.281,154.623,155.91
2026-02-25T00:00:00.000000000+0000,155.91,156.824,155.344,156.169
2026-02-26T00:00:00.000000000+0000,156.168,156.43,155.702,155.857
2026-02-27T00:00:00.000000000+0000,155.857,156.231,155.535,156.017
2026-02-28T00:00:00.000000000+0000,156.017,156.017,156.017,156.017
2026-03-01T00:00:00.000000000+0000,155.948,156.66,155.948,156.631
2026-03-02T00:00:00.000000000+0000,156.633,157.751,156.158,157.268
2026-03-03T00:00:00.000000000+0000,157.27,157.969,157.15,157.763
2026-03-04T00:00:00.000000000+0000,157.764,157.861,156.855,156.976
2026-03-05T00:00:00.000000000+0000,156.977,157.847,156.447,157.566
2026-03-06T00:00:00.000000000+0000,157.564,158.088,157.37,157.707
2026-03-07T00:00:00.000000000+0000,157.707,157.707,157.707,157.707
2026-03-08T00:00:00.000000000+0000,158.04,158.475,158.04,158.4
2026-03-09T00:00:00.000000000+0000,158.399,158.898,157.608,157.875
2026-03-10T00:00:00.000000000+0000,157.876,158.184,157.272,158.104
2026-03-11T00:00:00.000000000+0000,158.106,159.131,157.86,159.084
2026-03-12T00:00:00.000000000+0000,159.085,159.429,158.567,159.24
2026-03-13T00:00:00.000000000+0000,159.236,159.749,159.007,159.721
2026-03-14T00:00:00.000000000+0000,159.721,159.721,159.721,159.721
2026-03-15T00:00:00.000000000+0000,159.528,159.746,159.498,159.559
2026-03-16T00:00:00.000000000+0000,159.56,159.639,158.849,159.132
2026-03-17T00:00:00.000000000+0000,159.133,159.494,158.72,158.909
2026-03-18T00:00:00.000000000+0000,158.908,159.899,158.566,159.812
2026-03-19T00:00:00.000000000+0000,159.816,159.847,157.506,157.93
2026-03-20T00:00:00.000000000+0000,157.93,159.386,157.747,159.216
2026-03-21T00:00:00.000000000+0000,159.216,159.216,159.216,159.216
2026-03-22T00:00:00.000000000+0000,159.254,159.469,159.065,159.148
2026-03-23T00:00:00.000000000+0000,159.148,159.655,158.019,158.481
2026-03-24T00:00:00.000000000+0000,158.482,159.187,158.367,158.705
2026-03-25T00:00:00.000000000+0000,158.703,159.499,158.573,159.387
2026-03-26T00:00:00.000000000+0000,159.39,159.845,159.281,159.722
2026-03-27T00:00:00.000000000+0000,159.723,160.414,159.453,160.221
2026-03-28T00:00:00.000000000+0000,160.221,160.221,160.221,160.221
2026-03-29T00:00:00.000000000+0000,160.155,160.46,160.084,160.234
2026-03-30T00:00:00.000000000+0000,160.232,160.25,159.326,159.844
2026-03-31T00:00:00.000000000+0000,159.844,159.97,158.56,158.586
2026-04-01T00:00:00.000000000+0000,158.585,159.01,158.271,158.712
2026-04-02T00:00:00.000000000+0000,158.712,159.743,158.581,159.491
2026-04-03T00:00:00.000000000+0000,159.493,159.823,159.428,159.555
2026-04-04T00:00:00.000000000+0000,159.555,159.555,159.555,159.555
2026-04-05T00:00:00.000000000+0000,159.594,159.828,159.427,159.779
2026-04-06T00:00:00.000000000+0000,159.78,159.802,159.304,159.693
2026-04-07T00:00:00.000000000+0000,159.694,160.029,158.598,158.715
2026-04-08T00:00:00.000000000+0000,158.717,158.795,157.884,158.651
2026-04-09T00:00:00.000000000+0000,158.651,159.296,158.618,159.092
2026-04-10T00:00:00.000000000+0000,159.093,159.373,158.899,159.245
2026-04-11T00:00:00.000000000+0000,159.245,159.245,159.245,159.245
2026-04-12T00:00:00.000000000+0000,159.654,159.85,159.499,159.678
2026-04-13T00:00:00.000000000+0000,159.679,159.86,159.205,159.218
2026-04-14T00:00:00.000000000+0000,159.22,159.335,158.601,158.801
2026-04-15T00:00:00.000000000+0000,158.802,159.15,158.644,158.815
2026-04-16T00:00:00.000000000+0000,158.815,159.305,158.262,159.202
2026-04-17T00:00:00.000000000+0000,159.209,159.528,157.59,158.584
2026-04-18T00:00:00.000000000+0000,158.584,158.584,158.584,158.584
2026-04-19T00:00:00.000000000+0000,158.765,159.199,158.754,159.152
2026-04-20T00:00:00.000000000+0000,159.153,159.201,158.548,158.849
2026-04-21T00:00:00.000000000+0000,158.848,159.637,158.792,159.379
2026-04-22T00:00:00.000000000+0000,159.381,159.571,159.101,159.486
2026-04-23T00:00:00.000000000+0000,159.486,159.842,159.296,159.753
2026-04-24T00:00:00.000000000+0000,159.754,159.84,159.308,159.333
2026-04-25T00:00:00.000000000+0000,159.333,159.333,159.333,159.333
2026-04-26T00:00:00.000000000+0000,159.549,159.594,159.474,159.582
2026-04-27T00:00:00.000000000+0000,159.583,159.583,159.094,159.365
2026-04-28T00:00:00.000000000+0000,159.365,159.787,158.96,159.557
2026-04-29T00:00:00.000000000+0000,159.557,160.474,159.516,160.199
2026-04-30T00:00:00.000000000+0000,160.198,160.723,155.554,156.989
2026-05-01T00:00:00.000000000+0000,156.988,157.326,155.486,157.033
2026-05-02T00:00:00.000000000+0000,157.033,157.033,157.033,157.033
2026-05-03T00:00:00.000000000+0000,156.708,156.926,156.672,156.898
2026-05-04T00:00:00.000000000+0000,156.9,157.301,155.698,157.214
2026-05-05T00:00:00.000000000+0000,157.214,157.93,157.08,157.675
2026-05-06T00:00:00.000000000+0000,157.673,157.89,155.029,156.52
2026-05-07T00:00:00.000000000+0000,156.522,156.954,156.019,156.848
2026-05-08T00:00:00.000000000+0000,156.857,156.99,156.432,156.621
2026-05-09T00:00:00.000000000+0000,156.621,156.621,156.621,156.621
2026-05-10T00:00:00.000000000+0000,156.501,156.958,156.485,156.863
2026-05-11T00:00:00.000000000+0000,156.864,157.272,156.832,157.238
2026-05-12T00:00:00.000000000+0000,157.238,157.763,156.726,157.67
2026-05-13T00:00:00.000000000+0000,157.673,157.923,157.562,157.856
2026-05-14T00:00:00.000000000+0000,157.858,158.438,157.307,158.38
2026-05-15T00:00:00.000000000+0000,158.381,158.842,158.291,158.731
2026-05-16T00:00:00.000000000+0000,158.731,158.731,158.731,158.731
2026-05-17T00:00:00.000000000+0000,158.564,158.881,158.508,158.851
2026-05-18T00:00:00.000000000+0000,158.849,159.081,158.611,158.868
2026-05-19T00:00:00.000000000+0000,158.869,159.251,158.65,159.043
2026-05-20T00:00:00.000000000+0000,159.043,159.166,158.586,158.886
2026-05-21T00:00:00.000000000+0000,158.887,159.35,158.808,159.025
2026-05-22T00:00:00.000000000+0000,159.026,159.232,158.989,159.155
2026-05-23T00:00:00.000000000+0000,159.155,159.155,159.155,159.155
2026-05-24T00:00:00.000000000+0000,158.786,158.961,158.769,158.954
2026-05-25T00:00:00.000000000+0000,158.954,159.039,158.756,158.955
2026-05-26T00:00:00.000000000+0000,158.952,159.379,158.91,159.25
2026-05-27T00:00:00.000000000+0000,159.251,159.578,159.175,159.569
2026-05-28T00:00:00.000000000+0000,159.572,159.651,159.113,159.272
2026-05-29T00:00:00.000000000+0000,159.27,159.377,159.095,159.249
2026-05-30T00:00:00.000000000+0000,159.249,159.249,159.249,159.249
2026-05-31T00:00:00.000000000+0000,159.344,159.431,159.297,159.359
2026-06-01T00:00:00.000000000+0000,159.36,159.762,159.36,159.645
2026-06-02T00:00:00.000000000+0000,159.644,159.996,159.635,159.98
2026-06-03T00:00:00.000000000+0000,159.982,160.091,159.365,159.948
2026-06-04T00:00:00.000000000+0000,159.947,160.041,159.598,159.995
2026-06-05T00:00:00.000000000+0000,159.993,160.342,159.726,160.28
2026-06-06T00:00:00.000000000+0000,160.28,160.28,160.28,160.28
2026-06-07T00:00:00.000000000+0000,160.211,160.354,160.163,160.335
2026-06-08T00:00:00.000000000+0000,160.337,160.392,159.849,160.18
2026-06-09T00:00:00.000000000+0000,160.183,160.443,160.052,160.389
2026-06-10T00:00:00.000000000+0000,160.392,160.571,160.236,160.532
2026-06-11T00:00:00.000000000+0000,160.53,160.594,159.563,160.135
2026-06-12T00:00:00.000000000+0000,160.138,160.376,159.951,160.201
2026-06-13T00:00:00.000000000+0000,160.201,160.201,160.201,160.201
2026-06-14T00:00:00.000000000+0000,160.112,160.144,159.734,159.959
2026-06-15T00:00:00.000000000+0000,159.958,160.395,159.882,160.244
2026-06-16T00:00:00.000000000+0000,160.244,160.48,160.048,160.425
2026-06-17T00:00:00.000000000+0000,160.422,160.795,160.116,160.606
2026-06-18T00:00:00.000000000+0000,160.604,161.807,160.475,161.296
2026-06-19T00:00:00.000000000+0000,161.298,161.456,160.986,161.255
2026-06-20T00:00:00.000000000+0000,161.255,161.255,161.255,161.255
2026-06-21T00:00:00.000000000+0000,161.225,161.514,161.21,161.439
2026-06-22T00:00:00.000000000+0000,161.439,161.926,161.071,161.576
2026-06-23T00:00:00.000000000+0000,161.575,161.739,161.27,161.6
2026-06-24T00:00:00.000000000+0000,161.599,161.84,161.53,161.769
2026-06-25T00:00:00.000000000+0000,161.767,161.948,161.555,161.804
2026-06-26T00:00:00.000000000+0000,161.803,161.847,161.531,161.692
2026-06-27T00:00:00.000000000+0000,161.692,161.692,161.692,161.692
2026-06-28T00:00:00.000000000+0000,161.676,161.874,161.675,161.794
2026-06-29T00:00:00.000000000+0000,161.794,161.982,161.718,161.924
2026-06-30T00:00:00.000000000+0000,161.923,162.67,161.923,162.634
2026-07-01T00:00:00.000000000+0000,162.633,162.84,162.296,162.546
2026-07-02T00:00:00.000000000+0000,162.546,162.597,160.63,161.455
2026-07-03T00:00:00.000000000+0000,161.456,161.521,160.479,161.347
2026-07-04T00:00:00.000000000+0000,161.347,161.347,161.347,161.347
2026-07-05T00:00:00.000000000+0000,161.271,161.505,161.26,161.458
2026-07-06T00:00:00.000000000+0000,161.458,162.425,161.456,162.094
2026-07-07T00:00:00.000000000+0000,162.094,162.366,161.659,162.363
2026-07-08T00:00:00.000000000+0000,162.363,162.708,162.074,162.54
2026-07-09T00:00:00.000000000+0000,162.541,162.573,162.247,162.366
2026-07-10T00:00:00.000000000+0000,162.367,162.422,161.281,161.659
2026-07-11T00:00:00.000000000+0000,161.659,161.659,161.659,161.659
2026-07-12T00:00:00.000000000+0000,161.677,162.066,161.645,161.885
2026-07-13T00:00:00.000000000+0000,161.885,162.484,161.837,162.421
2026-07-14T00:00:00.000000000+0000,162.42,162.468,161.601,162.193
2026-07-15T00:00:00.000000000+0000,162.193,162.421,161.893,162.074
2026-07-16T00:00:00.000000000+0000,162.074,162.545,161.981,162.381
2026-07-17T00:00:00.000000000+0000,162.379,162.519,162.12,162.341
2026-07-18T00:00:00.000000000+0000,162.341,162.341,162.341,162.341
2026-07-19T00:00:00.000000000+0000,162.415,162.591,162.299,162.519
2026-07-20T00:00:00.000000000+0000,162.517,162.597,162.195,162.485
2026-07-21T00:00:00.000000000+0000,162.489,163.239,162.43,163.188
2026-07-22T00:00:00.000000000+0000,163.187,163.205,162.674,163.086
2026-07-23T00:00:00.000000000+0000,163.088,163.989,162.994,163.84
2026-07-24T00:00:00.000000000+0000,163.843,163.936,163.643,163.793
2026-07-25T00:00:00.000000000+0000,163.793,163.793,163.793,163.793
2026-07-26T00:00:00.000000000+0000,163.5,163.708,163.497,163.62
2026-07-27T00:00:00.000000000+0000,163.621,163.796,163.329,163.776
2026-07-28T00:00:00.000000000+0000,163.777,163.948,163.644,163.867
2026-07-29T00:00:00.000000000+0000,163.866,163.905,163.23,163.307
2026-07-30T00:00:00.000000000+0000,163.307,163.738,157.963,160.186
2026-07-31T00:00:00.000000000+0000,160.184,160.88,157.2,157.391
2026-08-01T00:00:00.000000000+0000,157.391,157.391,157.391,157.391
2026-08-02T00:00:00.000000000+0000,157.148,157.873,156.996,157.584
2026-08-03T00:00:00.000000000+0000,157.584,157.883,155.225,157.539
2026-08-04T00:00:00.000000000+0000,157.54,157.957,157.213,157.705
2026-08-05T00:00:00.000000000+0000,157.705,157.874,157.305,157.61
2026-08-06T00:00:00.000000000+0000,157.608,158.553,157.589,158.423
2026-08-07T00:00:00.000000000+0000,158.423,158.573,156.669,157.761
2026-08-08T00:00:00.000000000+0000,157.761,157.761,157.761,157.761
2026-08-09T00:00:00.000000000+0000,157.682,157.949,157.524,157.907
2026-08-10T00:00:00.000000000+0000,157.907,159.363,157.839,159.157
2026-08-11T00:00:00.000000000+0000,159.158,159.389,158.924,159.273
2026-08-12T00:00:00.000000000+0000,159.274,159.544,158.575,159.334
2026-08-13T00:00:00.000000000+0000,159.335,159.565,159.022,159.432
2026-08-14T00:00:00.000000000+0000,159.433,159.503,158.601,159.305
2026-08-15T00:00:00.000000000+0000,159.305,159.305,159.305,159.305
2026-08-16T00:00:00.000000000+0000,159.253,159.398,159.138,159.225
2026-08-17T00:00:00.000000000+0000,159.224,159.596,158.846,159.331
2026-08-18T00:00:00.000000000+0000,159.33,159.778,159.309,159.555
2026-08-19T00:00:00.000000000+0000,159.555,159.555,158.026,158.26
2026-08-20T00:00:00.000000000+0000,158.26,159.182,158.162,158.895
2026-08-21T00:00:00.000000000+0000,158.895,159.132,158.354,158.94
2026-08-22T00:00:00.000000000+0000,158.94,158.94,158.94,158.94
2026-08-23T00:00:00.000000000+0000,158.976,159.0,158.438,158.876
2026-08-24T00:00:00.000000000+0000,158.876,159.281,158.703,159.134
2026-08-25T00:00:00.000000000+0000,159.134,159.489,159.083,159.214
2026-08-26T00:00:00.000000000+0000,159.215,159.444,158.879,159.252
2026-08-27T00:00:00.000000000+0000,159.251,159.526,159.114,159.314
2026-08-28T00:00:00.000000000+0000,159.314,160.203,159.296,160.009
2026-08-29T00:00:00.000000000+0000,160.009,160.009,160.009,160.009
2026-08-30T00:00:00.000000000+0000,159.969,160.199,159.953,160.116
2026-08-31T00:00:00.000000000+0000,160.116,160.117,159.472,159.747
2026-09-01T00:00:00.000000000+0000,159.749,160.273,159.634,160.2
